task_id,category,strategy,rephrasing_id,run_id,model_name,prompt_text,raw_output,parsed_answer,is_correct,timestamp
unfair_tos_1,interpretation,irac,1,0,Qwen/Qwen2.5-32B-Instruct,"Analyze this using the IRAC method, addressing each part in order: (1) Issue; (2) Rule; (3) Application; (4) Conclusion.
Labels: Arbitration, Choice of law, Content removal, Limitation of liability, Other, Unilateral change, Unilateral termination
Context: last updated : 19 september 2017 
Question: Does this Terms of Service clause fall into an unfair category?
End your response with a line in exactly this format: Final Answer: <your answer>","To analyze whether a specific Terms of Service clause falls into an unfair category using the IRAC method, we need to first establish the clause in question. Since the clause itself isn't provided, I'll construct a hypothetical scenario based on common elements found in such clauses, focusing on the labels provided: Arbitration, Choice of law, Content removal, Limitation of liability, Unilateral change, and Unilateral termination.

### Issue:
The issue is whether a specific clause within a Terms of Service (TOS) that includes provisions for arbitration, choice of law, content removal, limitation of liability, unilateral changes, and unilateral termination is considered unfair to users.

### Rule:
In assessing fairness of TOS clauses, various jurisdictions may apply different rules. Generally, under consumer protection laws, clauses that significantly disadvantage one party over the other can be deemed unfair. For instance, the European Union's Consumer Rights Directive aims to protect consumers from unfair contractual terms, while in the United States, state consumer protection statutes often provide guidelines for what constitutes an unfair or deceptive act or practice.

### Application:
Let's examine each component of the clause:

- **Arbitration**: If the clause mandates arbitration without allowing class action suits, it could be seen as unfairly limiting access to justice since it may prevent users from collectively challenging the company’s practices.
  
- **Choice of Law**: Specifying a jurisdiction that is unfavorable to the majority of users might be seen as unfair if it disproportionately benefits the service provider.
  
- **Content Removal**: If the clause allows the service provider to remove user-generated content without providing a clear and fair process for appeal, it could be unfair as it gives disproportionate power to the provider.
  
- **Limitation of Liability**: A clause that completely absolves the service provider of liability for any damages caused to users could be viewed as excessively unfair, especially if it shields the provider from gross negligence or intentional misconduct.
  
- **Unilateral Change**: Allowing the provider to modify the TOS unilaterally without providing sufficient notice could be seen as unfair, as it can change the terms drastically without user consent.
  
- **Unilateral Termination**: If the provider has broad discretion to terminate a user’s account without a valid reason, it could also be seen as unfair.

### Conclusion:
Based on the analysis, the fairness of these clauses depends heavily on their exact wording and the context in which they operate. However, many of these provisions have the potential to significantly disadvantage users, potentially making them unfair under consumer protection laws. For a definitive determination, a",,False,2026-08-23T21:18:14.099053+00:00
unfair_tos_1,interpretation,cleo,1,0,Qwen/Qwen2.5-32B-Instruct,"Analyze this using the CLEO method, addressing each part in order: (1) Claim; (2) Law; (3) Evaluation; (4) Outcome.
Labels: Arbitration, Choice of law, Content removal, Limitation of liability, Other, Unilateral change, Unilateral termination
Context: last updated : 19 september 2017 
Question: Does this Terms of Service clause fall into an unfair category?
End your response with a line in exactly this format: Final Answer: <your answer>","To analyze whether the given Terms of Service clause falls into an unfair category using the CLEO method, we need to break down each component:

(1) **Claim**: The claim here is that the clause in question might be considered unfair based on its contents and context. This could imply that the clause imposes undue burden or disadvantage on one party over another.

(2) **Law**: Depending on the jurisdiction, laws regarding fair contractual practices can vary widely. In many jurisdictions, including those influenced by consumer protection laws, terms of service that are overly restrictive or that significantly favor one party over another can be deemed unfair. Specifically, for online services, clauses related to arbitration, choice of law, content removal, limitation of liability, unilateral changes, and unilateral termination are often scrutinized for fairness.

- **Arbitration**: Clauses requiring disputes to be settled through binding arbitration can be seen as unfair if they limit access to courts or impose costs that disproportionately affect one party.
- **Choice of Law**: Specifying a jurisdiction that is geographically inconvenient or known to have laws more favorable to one party can be viewed as unfair.
- **Content Removal**: Policies allowing a service provider to unilaterally remove content without adequate explanation can be considered unfair if they lead to censorship or violate user rights.
- **Limitation of Liability**: Excessively broad limitations of liability can be seen as unfair if they protect the service provider from liability even in cases of gross negligence or willful misconduct.
- **Unilateral Change**: Allowing a service provider to unilaterally change terms of service without notice can be seen as unfair, particularly if changes significantly alter users' rights or obligations.
- **Unilateral Termination**: Clauses allowing unilateral termination by the service provider without cause can be considered unfair if they do not provide users with any recourse or reasonable notice.

(3) **Evaluation**: To evaluate the fairness of the clause, one must look at specific wording and implications:
- If the clause includes mandatory arbitration without allowing for class actions and in a location unfavorable to users, it may be unfair.
- If the choice of law clause favors a jurisdiction known for being business-friendly and potentially less protective of consumers, this could also be seen as unfair.
- Content removal policies that lack transparency or fairness in their application can be problematic.
- Limitation of liability clauses that absolve the company of all forms of liability except for gross negligence could be seen as overly protective.
- Unilateral changes to the terms without notice or with insufficient time for users to opt-out or take action",,False,2026-08-23T21:29:58.622134+00:00
unfair_tos_1,interpretation,cleo,1,1,Qwen/Qwen2.5-32B-Instruct,"Analyze this using the CLEO method, addressing each part in order: (1) Claim; (2) Law; (3) Evaluation; (4) Outcome.
Labels: Arbitration, Choice of law, Content removal, Limitation of liability, Other, Unilateral change, Unilateral termination
Context: last updated : 19 september 2017 
Question: Does this Terms of Service clause fall into an unfair category?
End your response with a line in exactly this format: Final Answer: <your answer>","To apply the CLEO method to analyze whether the given Terms of Service clause falls into an unfair category, we need to break down the analysis according to the labels provided and the context given. However, it's important to note that without the specific text of the Terms of Service clause, the analysis will be based on general principles associated with the labels.

### 1. Claim:
The claim here is that the Terms of Service clause may contain unfair terms as defined by consumer protection laws or international standards. This claim would typically be made by a consumer or a regulatory body questioning the fairness of the clause.

### 2. Law:
- **Arbitration**: Laws vary widely regarding the enforceability of arbitration clauses, especially if they prevent consumers from joining class-action lawsuits.
- **Choice of Law**: The clause might specify that disputes are governed by the law of a particular jurisdiction, which could favor the company over the consumer.
- **Content Removal**: If the clause allows for unilateral content removal without any explanation or appeal process, it can be seen as unfair.
- **Limitation of Liability**: Clauses that limit the company's liability to an extent that it absolves them of responsibility for significant breaches or damages can be considered unfair.
- **Other**: Could include other unfair practices not covered by the above categories.
- **Unilateral Change**: If the company has the right to modify the contract unilaterally, this can be seen as unfair.
- **Unilateral Termination**: The ability of the company to terminate the agreement without reasonable cause could also be deemed unfair.

### 3. Evaluation:
- **Arbitration**: If the clause mandates arbitration but restricts certain rights (like class action), it would likely be seen as unfair.
- **Choice of Law**: If the choice of law significantly disadvantages the consumer, it would be unfair.
- **Content Removal**: Lack of transparency and an appeal process makes such clauses unfair.
- **Limitation of Liability**: If the limitation is overly broad, it could be deemed unfair.
- **Other**: Depends on the specifics of the clause but generally, any term that overly benefits the company at the expense of the consumer would be unfair.
- **Unilateral Change**: Consumers have the right to know and agree to changes in terms, so a clause that allows unilateral changes without notice would be unfair.
- **Unilateral Termination**: Without justification, this would typically be seen as unfair.

### 4. Outcome:
Given the potential issues identified in the evaluation phase, the clause in question appears to",,False,2026-08-23T21:30:32.617613+00:00
unfair_tos_1,interpretation,treacc,1,0,Qwen/Qwen2.5-32B-Instruct,"Analyze this using the TREACC method, addressing each part in order: (1) Topic; (2) Rule; (3) Explanation; (4) Analysis; (5) Counterarguments; (6) Conclusion.
Labels: Arbitration, Choice of law, Content removal, Limitation of liability, Other, Unilateral change, Unilateral termination
Context: last updated : 19 september 2017 
Question: Does this Terms of Service clause fall into an unfair category?
End your response with a line in exactly this format: Final Answer: <your answer>","To analyze whether the Terms of Service (TOS) clause in question falls into an unfair category using the TREACC method, we will follow these steps: identify the topic, rule, explanation, analysis, counterarguments, and finally reach a conclusion.

(1) **Topic**: The main focus here is on assessing the fairness of a specific clause in the Terms of Service, which is crucial for understanding user rights and obligations in online agreements.

(2) **Rule**: Generally, terms that significantly limit consumer rights or disproportionately favor the service provider can be considered unfair. Specific areas to look at include arbitration clauses, choice of law provisions, content removal policies, limitation of liability clauses, unilateral changes or terminations, and any other terms that might impose undue restrictions or responsibilities on users without fair compensation or opportunity for negotiation.

(3) **Explanation**: The fairness of TOS clauses often depends on how they balance the interests of both the user and the service provider. Clauses that are too one-sided, such as those allowing the service provider to unilaterally change terms or terminate services without cause, or those that overly restrict user behavior without clear justification, are typically viewed more critically.

(4) **Analysis**: Without the specific text of the TOS clause, a detailed analysis is challenging. However, based on common issues:
- **Arbitration**: If the clause mandates arbitration without providing options for class actions, it could be seen as unfair.
- **Choice of Law**: Mandating jurisdiction far from where the user resides might be considered unfair if it imposes significant costs or inconvenience on the user.
- **Content Removal**: Policies that allow arbitrary removal of content without due process may be viewed unfavorably.
- **Limitation of Liability**: Excessive limitations that protect the service provider from almost all forms of liability could be seen as unfair.
- **Unilateral Change/Termination**: Clauses allowing the service provider to change terms or terminate services unilaterally without reasonable notice or cause might also be considered unfair.

(5) **Counterarguments**: Service providers might argue that certain restrictive clauses are necessary for operational efficiency, protection against legal risks, or to maintain the integrity of their service. They could also claim that such clauses are standard practice in the industry and that users have the option not to use the service if they disagree with the terms.

(6) **Conclusion**: To definitively conclude whether the clause is unfair would require examining the specific language used and its context within the broader agreement. However, based on general principles, if the clause heavily favors the",,False,2026-08-23T21:34:10.279970+00:00
unfair_tos_1,interpretation,treacc,1,1,Qwen/Qwen2.5-32B-Instruct,"Analyze this using the TREACC method, addressing each part in order: (1) Topic; (2) Rule; (3) Explanation; (4) Analysis; (5) Counterarguments; (6) Conclusion.
Labels: Arbitration, Choice of law, Content removal, Limitation of liability, Other, Unilateral change, Unilateral termination
Context: last updated : 19 september 2017 
Question: Does this Terms of Service clause fall into an unfair category?
End your response with a line in exactly this format: Final Answer: <your answer>","To analyze whether the given Terms of Service clause falls into an unfair category using the TREACC method, let's break it down according to the six steps specified.

(1) **Topic:** The topic here is related to the fairness assessment of a Terms of Service clause that might include elements such as arbitration, choice of law, content removal policies, limitation of liability, unilateral changes or termination rights, among others.

(2) **Rule:** The rule or standard we will use for this analysis is generally based on consumer protection laws and regulations that aim to ensure fairness and transparency in terms and conditions, particularly those that could be deemed oppressive or overly one-sided in favor of the service provider.

(3) **Explanation:** A clause in a Terms of Service can be considered unfair if it excessively benefits the service provider at the expense of the user, imposes unreasonable restrictions, or limits the rights of users without providing adequate compensation or justification. Common examples of potentially unfair clauses include those allowing unilateral modification or termination of the agreement, imposing strict limitations on liability, or enforcing arbitration that disproportionately favors the company.

(4) **Analysis:** Without the specific text of the Terms of Service clause, a detailed analysis is challenging. However, based on the labels provided (arbitration, choice of law, content removal, limitation of liability, unilateral change, unilateral termination), we can infer potential issues:
   - **Arbitration:** If the clause mandates binding arbitration, it could limit the user’s ability to seek resolution through traditional courts.
   - **Choice of Law:** Specifying a jurisdiction that might not be favorable to users can also be seen as unfair, especially if it significantly increases the cost or complexity of seeking redress.
   - **Content Removal:** If the clause allows for arbitrary removal of user content without clear guidelines or appeal mechanisms, it could be viewed as unfair.
   - **Limitation of Liability:** Extreme limitations on liability where the service provider avoids responsibility for significant damages or breaches of contract may be unfair.
   - **Unilateral Changes/Termination:** Allowing the service provider to unilaterally modify terms or terminate agreements without reasonable notice or compensation can be seen as unfair.

(5) **Counterarguments:** While these clauses might seem unfair, there are counterarguments. For instance, arbitration can be faster and less expensive than going to court. Clear and concise terms can protect both parties from misunderstandings. Moreover, companies often need some flexibility to adapt to changing circumstances or business needs, which might justify some level of unilateral action.

(6) **Conclusion",,False,2026-08-23T21:34:44.345073+00:00
unfair_tos_1,interpretation,treacc,1,2,Qwen/Qwen2.5-32B-Instruct,"Analyze this using the TREACC method, addressing each part in order: (1) Topic; (2) Rule; (3) Explanation; (4) Analysis; (5) Counterarguments; (6) Conclusion.
Labels: Arbitration, Choice of law, Content removal, Limitation of liability, Other, Unilateral change, Unilateral termination
Context: last updated : 19 september 2017 
Question: Does this Terms of Service clause fall into an unfair category?
End your response with a line in exactly this format: Final Answer: <your answer>","To analyze whether the Terms of Service clause falls into an unfair category using the TREACC method, let's break down the process step-by-step as per the given labels:

### Topic:
The topic here is the evaluation of a Terms of Service clause to determine if it is unfair, specifically focusing on aspects like arbitration, choice of law, content removal, limitation of liability, unilateral change, and unilateral termination.

### Rule:
There isn't a specific legal rule provided for this analysis. However, generally, terms of service clauses that are considered unfair often violate principles of fairness, transparency, or consumer protection laws. These can include biases towards the service provider, lack of user rights, or overly broad limitations on liability.

### Explanation:
In the context of evaluating a Terms of Service clause, we would typically look at how the clause affects the balance of power between the service provider and the user. Clauses that disproportionately favor the service provider can be seen as unfair. The TREACC method will help us dissect these aspects systematically.

### Analysis:
- **Arbitration**: If the clause mandates arbitration without allowing for class actions, it could limit users' ability to seek collective redress, which might be seen as unfair.
- **Choice of Law**: Specifying a jurisdiction far from where the user resides, especially if it has less favorable consumer protection laws, can also be seen as unfair.
- **Content Removal**: If the clause allows the service provider to remove content unilaterally without specifying criteria or providing due process, it could be unfair.
- **Limitation of Liability**: Extremely broad limitations of liability that protect the service provider from nearly any form of responsibility can be considered unfair.
- **Other**: Any clause that seems vague or overly broad could be problematic.
- **Unilateral Change**: Allowing the service provider to change the terms unilaterally, without notice, could be seen as unfair.
- **Unilateral Termination**: Giving the service provider the right to terminate the agreement without cause can also be viewed unfavorably.

### Counterarguments:
- It can be argued that having clear and defined clauses is necessary for the operational viability of online services.
- Some jurisdictions have specific laws that govern what constitutes an unfair term, so compliance with local laws might justify certain provisions.
- Transparency about terms can mitigate concerns about fairness, assuming users are fully informed before agreeing.

### Conclusion:
Without the exact text of the clause, a definitive assessment cannot be made. However, based on the general principles outlined, if the clause heavily favors the service provider in terms of arbitration,",,False,2026-08-23T21:35:18.377138+00:00
unfair_tos_1,interpretation,ireac,1,0,Qwen/Qwen2.5-32B-Instruct,"Analyze this using the IREAC method, addressing each part in order: (1) Issue; (2) Rule; (3) Explanation; (4) Application; (5) Conclusion.
Labels: Arbitration, Choice of law, Content removal, Limitation of liability, Other, Unilateral change, Unilateral termination
Context: last updated : 19 september 2017 
Question: Does this Terms of Service clause fall into an unfair category?
End your response with a line in exactly this format: Final Answer: <your answer>","To analyze whether the Terms of Service clause falls into an unfair category using the IREAC method, we need to follow the five steps you've outlined. However, it's important to note that without the specific content of the clause, this analysis will be general and hypothetical, based on common issues found in Terms of Service clauses, particularly focusing on the labels provided.

(1) **Issue**: The issue at hand is to determine whether a particular clause within the Terms of Service can be considered unfair, especially given the labels mentioned such as arbitration, choice of law, limitation of liability, unilateral change, and unilateral termination. These elements often raise concerns about consumer rights and fairness.

(2) **Rule**: To evaluate the fairness of these clauses, we refer to principles of contract law and consumer protection laws, which vary by jurisdiction but generally aim to ensure that contracts are not oppressive or unreasonably favorable to one party over another. Rules might include the requirement for clear and conspicuous disclosure of terms, prohibition against unconscionable terms, and limitations on how companies can modify agreements post-contract.

(3) **Explanation**: Each label can be problematic under certain conditions:
   - **Arbitration** clauses can restrict access to traditional court systems and may favor businesses by imposing higher costs on consumers.
   - **Choice of law** provisions can force disputes to be governed by laws less favorable to the consumer, potentially limiting their rights.
   - **Content removal** policies might be seen as overly broad if they give a company excessive control over user-generated content without proper justification.
   - **Limitation of liability** clauses can unfairly shield a company from liability for its actions, even when those actions cause significant harm to users.
   - **Unilateral change** and **unilateral termination** clauses allow companies to modify terms or terminate service without consent from the other party, which can be exploitative and unfair if used arbitrarily.

(4) **Application**: Applying these rules to the hypothetical clause, if any of these elements are present and are drafted in a way that significantly disadvantages the consumer (e.g., no notice required for changes, high costs for arbitration, no recourse for removal of content), then the clause could indeed be considered unfair. This would involve a detailed review of the specific wording and context of the clause to see if it meets the standards set by relevant laws and regulations.

(5) **Conclusion**: Without the exact text of the clause, a definitive conclusion cannot be drawn. However, based on common practices and legal standards, a clause incorporating any",,False,2026-08-23T21:38:36.063143+00:00
unfair_tos_1,interpretation,ireac,1,1,Qwen/Qwen2.5-32B-Instruct,"Analyze this using the IREAC method, addressing each part in order: (1) Issue; (2) Rule; (3) Explanation; (4) Application; (5) Conclusion.
Labels: Arbitration, Choice of law, Content removal, Limitation of liability, Other, Unilateral change, Unilateral termination
Context: last updated : 19 september 2017 
Question: Does this Terms of Service clause fall into an unfair category?
End your response with a line in exactly this format: Final Answer: <your answer>","To analyze the provided question using the IREAC method, we need to clarify the specific Terms of Service (TOS) clause being discussed. However, since no specific clause is provided, we will conduct the analysis based on the labels and context given.

(1) **Issue**: The issue at hand is whether a particular TOS clause falls into the category of being unfair, specifically considering aspects such as arbitration, choice of law, content removal, limitation of liability, unilateral change, and unilateral termination.

(2) **Rule**: The assessment of fairness in TOS clauses often relies on consumer protection laws, which vary by jurisdiction but generally aim to protect consumers from unfair practices. Key rules include those related to transparency, balance of power, and enforceability of contract terms.

(3) **Explanation**: Each label can be analyzed within the framework of these rules:
   - **Arbitration**: Clauses that require disputes to be resolved through arbitration rather than court can be seen as fair if they offer a neutral, cost-effective dispute resolution mechanism. However, if they restrict the right to seek remedies or limit the scope of what can be arbitrated, they may be deemed unfair.
   - **Choice of Law**: Specifying a particular jurisdiction's laws can be fair if it does not disproportionately favor one party over another and does not impose unreasonable burdens on users.
   - **Content Removal**: Policies regarding content removal must be clear and should not unreasonably restrict the ability of users to share or retain their content.
   - **Limitation of Liability**: Limiting a company’s liability to certain caps or excluding certain types of damages can be fair if it reflects a reasonable allocation of risk. Excessive limitations may be considered unfair.
   - **Other**: Any other terms should be evaluated for their clarity and reasonableness.
   - **Unilateral Change**: Clauses allowing a service provider to unilaterally modify TOS without user consent can be unfair if they introduce significant changes that could negatively impact users without providing an adequate opt-out or notice period.
   - **Unilateral Termination**: Allowing a service provider to terminate services unilaterally for any reason can be seen as unfair unless there is a clear justification and process for appeal.

(4) **Application**: Without a specific clause, we apply the general principles to hypothetical scenarios. For example, if a TOS allows the service provider to unilaterally terminate services without cause and also limits liability to an extent that precludes recovery for significant losses, it would likely be considered unfair under many",,False,2026-08-23T21:39:10.085127+00:00
unfair_tos_1,interpretation,ireac,1,2,Qwen/Qwen2.5-32B-Instruct,"Analyze this using the IREAC method, addressing each part in order: (1) Issue; (2) Rule; (3) Explanation; (4) Application; (5) Conclusion.
Labels: Arbitration, Choice of law, Content removal, Limitation of liability, Other, Unilateral change, Unilateral termination
Context: last updated : 19 september 2017 
Question: Does this Terms of Service clause fall into an unfair category?
End your response with a line in exactly this format: Final Answer: <your answer>","To analyze whether a specific clause from a Terms of Service falls into an ""unfair"" category using the IREAC method, we need to closely follow the outlined structure while addressing each component in sequence.

### Issue:
The issue at hand is determining if the clause in question from the Terms of Service is considered unfair based on the provided labels: Arbitration, Choice of law, Content removal, Limitation of liability, Other, Unilateral change, and Unilateral termination. This involves examining the content of the clause and its implications under these categories.

### Rule:
The rule we will refer to includes both statutory and common law principles that define what constitutes an unfair contract term. Generally, terms can be deemed unfair if they create a significant imbalance in the parties' rights and obligations, cause detriment to one party, or are not transparently expressed.

### Explanation:
In the context of the provided labels:
- **Arbitration**: If the clause mandates arbitration without allowing for judicial review, it might be seen as limiting access to justice.
- **Choice of law**: If the clause specifies a jurisdiction that significantly disadvantages one party, especially if it's unrelated to the contract's performance location, it could be viewed unfavorably.
- **Content removal**: If the clause allows for unilateral content removal without reasonable justification or notice, it could be seen as excessively restrictive.
- **Limitation of liability**: Excessive limitations on liability that absolve the provider of all responsibility for their actions can be considered unfair.
- **Unilateral change**: If the clause allows the service provider to unilaterally modify the agreement without consent, it can be seen as exploitative.
- **Unilateral termination**: If the clause allows for unilateral termination without just cause, it could also be deemed unfair.

### Application:
Without the specific text of the clause, we apply the above rules to each label:
- If the clause includes mandatory arbitration without allowing for judicial review, it may fall under ""unfair"" due to potential limitations on access to justice.
- If there’s a choice of law clause favoring a distant jurisdiction for no apparent reason, it could be deemed unfair.
- A broad right to remove user content without providing grounds or notice could also be seen as unfair.
- Limitations of liability that are excessively broad, especially those that negate any form of accountability for gross negligence or intentional misconduct, would certainly be considered unfair.
- The ability to unilaterally alter the terms of service without consent, particularly in a way that retroactively affects the agreement, could be seen as highly unfair",,False,2026-08-23T21:39:44.134594+00:00
unfair_tos_5,interpretation,ireac,1,1,Qwen/Qwen2.5-32B-Instruct,"Analyze this using the IREAC method, addressing each part in order: (1) Issue; (2) Rule; (3) Explanation; (4) Application; (5) Conclusion.
Labels: Arbitration, Choice of law, Content removal, Limitation of liability, Other, Unilateral change, Unilateral termination
Context: the types and extent of advertising by duolingo on the service are subject to change . 
Question: Does this Terms of Service clause fall into an unfair category?
End your response with a line in exactly this format: Final Answer: <your answer>","### Issue:
The issue at hand is whether the clause allowing Duolingo to unilaterally change the types and extent of advertising on its service constitutes an unfair practice under consumer protection laws or contractual fairness standards.

### Rule:
To address this issue, we consider the principles of fairness in contract formation and enforcement, particularly focusing on the concept of ""unconscionability."" Unconscionability refers to a situation where a contract or clause is so one-sided that it is against equity and good conscience for it to be enforced. This can be analyzed both procedurally (how the clause was agreed upon) and substantively (the fairness of the clause's content).

### Explanation:
The clause in question gives Duolingo broad discretion to modify the advertising on its service without seeking user consent or providing notice beyond what is specified in the Terms of Service. While this flexibility may be necessary for business operations, it could be seen as potentially problematic if it results in significant changes that substantially alter the user experience without prior notice.

In terms of procedural unconscionability, there might be issues if the clause was not prominently displayed or easily understandable to users at the time of agreement, especially if agreeing to the terms is required to use the service. Substantive unconscionability could arise if the changes to advertising result in a drastic alteration of the service's functionality or user experience, disproportionately benefiting the company while imposing undue burdens on the users.

### Application:
When applying these rules to the specific clause in Duolingo’s Terms of Service, the key considerations include:
- **Transparency**: Was the clause clearly communicated to users before they agreed to the terms?
- **Impact on Users**: Do the potential changes in advertising significantly affect the user experience?
- **Fairness**: Is there a balance between Duolingo's need to adapt to market conditions and the users' right to a stable and predictable service?

Given that Duolingo likely needs some flexibility to adjust its business model and marketing strategies, the clause itself does not inherently suggest unconscionability. However, the application of this clause must be monitored to ensure it doesn't lead to unfair outcomes for users.

### Conclusion:
The clause permitting Duolingo to change the types and extent of advertising on its service does not categorically fall into an unfair category. It is a standard provision found in many online service agreements that allows companies to adapt their services based on evolving business needs. The fairness and enforceability of such a clause depend heavily on how it is applied in practice and the transparency with which any",,False,2026-08-24T07:38:02.448581+00:00
unfair_tos_9,interpretation,ireac,0,1,Qwen/Qwen2.5-32B-Instruct,"Work through the following steps before answering: (1) Issue; (2) Rule; (3) Explanation; (4) Application; (5) Conclusion.
Labels: Arbitration, Choice of law, Content removal, Limitation of liability, Other, Unilateral change, Unilateral termination
Context: if you opt out of the agreement to arbitrate , all other parts of the agreement and its legal disputes section will continue to apply to you . 
Question: Does this Terms of Service clause fall into an unfair category?
End your response with a line in exactly this format: Final Answer: <your answer>","### Step-by-Step Analysis

#### 1. Issue
The issue revolves around whether a clause in a Terms of Service agreement that retains the validity of all other parts of the agreement, except for the arbitration provision, if a user opts out of arbitration, is considered unfair.

#### 2. Rule
In assessing the fairness of such clauses, it's important to consider consumer protection laws and regulations that vary by jurisdiction. Typically, these laws aim to ensure that contractual terms are clear, not misleading, and do not impose unreasonable burdens on consumers. Specific rules often focus on transparency, the right to opt-out, and the balance of rights between the parties.

#### 3. Explanation
This particular clause allows users to opt out of arbitration while maintaining the enforceability of other provisions. This can be seen as a balanced approach because it respects the user's choice regarding dispute resolution while preserving the contract's integrity. However, the fairness of this clause also depends on the content of the other provisions that remain in effect. For instance, if those provisions include terms that heavily favor one party over the other, such as unilateral change or termination clauses, then the clause might be deemed unfair.

#### 4. Application
Let’s break down the application based on the provided labels:
- **Arbitration**: The clause explicitly deals with arbitration, allowing users to opt out of it.
- **Choice of law**: Not directly addressed, but indirectly related through the enforcement of other parts of the agreement.
- **Content removal**: Not applicable here.
- **Limitation of liability**: Potentially relevant depending on what other parts of the agreement are retained.
- **Other**: Could potentially relate to any additional terms that could be unfair.
- **Unilateral change**: If the retained provisions include clauses allowing for unilateral changes, this could impact fairness.
- **Unilateral termination**: Similar to unilateral change, if the retained provisions include such clauses, fairness could be compromised.

Given the information provided, the primary concern is whether opting out of arbitration leaves the user bound by terms that could be disadvantageous. The clause itself is fair in allowing opt-out from arbitration; however, the fairness of the overall agreement hinges on the nature of the remaining clauses.

#### 5. Conclusion
The fairness of this clause cannot be definitively determined without examining the specific terms retained in the agreement after arbitration opt-out. If the retained provisions include highly imbalanced terms like unilateral changes or terminations that heavily favor the service provider, then the clause could be deemed unfair. Otherwise, the clause itself, which",,False,2026-08-24T16:50:45.940591+00:00
unfair_tos_11,interpretation,treacc,1,0,Qwen/Qwen2.5-32B-Instruct,"Analyze this using the TREACC method, addressing each part in order: (1) Topic; (2) Rule; (3) Explanation; (4) Analysis; (5) Counterarguments; (6) Conclusion.
Labels: Arbitration, Choice of law, Content removal, Limitation of liability, Other, Unilateral change, Unilateral termination
Context: this contract ( including additional terms that may be provided by us when you engage with a feature of the services ) is the only agreement between us regarding the services and supersedes all prior agreements for the services . 
Question: Does this Terms of Service clause fall into an unfair category?
End your response with a line in exactly this format: Final Answer: <your answer>","### 1. Topic:
The topic concerns a specific clause within a Terms of Service (ToS) document that asserts the current ToS, along with any additional terms provided during service engagement, constitute the complete and exclusive agreement between the parties involved.

### 2. Rule:
In evaluating whether a contractual clause falls into an unfair category, one must consider several factors such as transparency, fairness, balance of power between the parties, and whether it imposes obligations that are overly burdensome or unreasonable to one party. Additionally, legal standards vary by jurisdiction, but generally, clauses that are deemed unconscionable, ambiguous, or unreasonably favor one party over the other are scrutinized closely.

### 3. Explanation:
The clause in question states that the current ToS, including any additional terms introduced subsequently, form the entire agreement and supersede all prior agreements. This can be seen as a typical integration clause, which is common in contracts to prevent disputes about what constitutes the final agreement between the parties. However, its fairness can be questioned if it allows one party (usually the provider) to unilaterally modify the terms without providing adequate notice or consent from the other party.

### 4. Analysis:
- **Unilateral Change:** The clause allows the service provider to introduce additional terms at any time, potentially changing the nature of the service agreement significantly without requiring explicit agreement from the user.
- **Content Removal:** While not directly stated, unilateral changes could involve modifications that affect content removal policies.
- **Limitation of Liability:** If new terms include limitations on the service provider's liability, users might face new risks without having agreed to them initially.
- **Other:** The broadness of ""additional terms"" means that any aspect of the service could potentially be altered unilaterally.

### 5. Counterarguments:
- **Transparency and Fairness:** A counterargument might be that the clause provides clarity by ensuring there is no ambiguity about the terms that apply to the service. Users are presumed to know and accept these terms before engaging with the service.
- **Practical Necessity:** Providers often need flexibility to adapt to new conditions or improve their services, which may require updating terms.
- **User Consent:** Some argue that by continuing to use the service after updates, users implicitly agree to the changes, thus making the process fairer.

### 6. Conclusion:
While the clause serves to clarify and integrate all terms under one document, its potential to allow significant unilateral changes without explicit user consent raises concerns about fairness and transparency. Without",,False,2026-08-24T21:53:45.280326+00:00
unfair_tos_12,interpretation,ireac,1,0,Qwen/Qwen2.5-32B-Instruct,"Analyze this using the IREAC method, addressing each part in order: (1) Issue; (2) Rule; (3) Explanation; (4) Application; (5) Conclusion.
Labels: Arbitration, Choice of law, Content removal, Limitation of liability, Other, Unilateral change, Unilateral termination
Context: if you reside in one of those countries , the laws of your home country may apply to those disputes . 
Question: Does this Terms of Service clause fall into an unfair category?
End your response with a line in exactly this format: Final Answer: <your answer>","### Issue
The issue at hand is whether the clause stating that ""if you reside in one of those countries, the laws of your home country may apply to those disputes"" within a Terms of Service (ToS) document can be categorized as unfair, particularly when examined in light of various legal and ethical standards concerning fairness, transparency, and user rights.

### Rule
In evaluating the fairness of such a clause, we must consider several legal principles including but not limited to:
- **Choice of Law:** The principle that a contract can specify which jurisdiction's laws will govern it.
- **Fairness and Transparency:** Under consumer protection laws, terms and conditions must be fair and transparent to the consumer.
- **Limitations on Liability:** Rules around how companies can limit their liability and what constitutes a reasonable limitation.
- **Unilateral Changes and Termination:** Principles regarding the unilateral right of service providers to modify terms or terminate services.

### Explanation
The clause under examination touches upon the choice of law provision, allowing the application of the user's home country’s laws to disputes. This provision itself is generally permissible and is often seen as a way to respect users' local legal frameworks. However, the fairness of this clause can depend on the broader context and the overall structure of the ToS.

1. **Choice of Law**: While it is common for agreements to include choice-of-law clauses, the wording ""may apply"" introduces ambiguity. It's important that such clauses clearly delineate which laws will apply to avoid confusion and potential disputes over interpretation.

2. **Fairness and Transparency**: For the clause to be considered fair, it must be clear and easily understood by users. If the clause is buried in complex legal jargon or hidden among many other provisions, it might fail the transparency test.

3. **Limitations on Liability**: The clause does not directly address limitations on liability. However, if coupled with other clauses that heavily limit the company's liability under all circumstances, it could be seen as unfair.

4. **Unilateral Changes and Termination**: The clause itself does not pertain to unilateral changes or termination. However, if the ToS allows for unilateral modifications or terminations without adequate notice or justification, this could affect the overall fairness evaluation.

### Application
Applying these rules to the clause in question, we need to assess whether the clause is clear enough for users to understand and whether it respects the principles of fairness and transparency. The use of ""may apply"" introduces some uncertainty and could be interpreted differently by different parties, potentially leading to",,False,2026-08-25T00:18:08.494432+00:00
unfair_tos_13,interpretation,ireac,0,1,Qwen/Qwen2.5-32B-Instruct,"Work through the following steps before answering: (1) Issue; (2) Rule; (3) Explanation; (4) Application; (5) Conclusion.
Labels: Arbitration, Choice of law, Content removal, Limitation of liability, Other, Unilateral change, Unilateral termination
Context: export , re-export , import , or transfer the application except as authorized by united states law , the export control laws of your jurisdiction , and any other applicable laws ; or 
Question: Does this Terms of Service clause fall into an unfair category?
End your response with a line in exactly this format: Final Answer: <your answer>","### Step 1: Issue

The issue at hand is to determine whether a specific clause within a Terms of Service document falls into an ""unfair"" category based on its content and implications. The clause in question pertains to the conditions under which users may export, re-export, import, or transfer an application, stipulating that these actions must be authorized by U.S. law, export control laws of the user's jurisdiction, and any other applicable laws.

### Step 2: Rule

To evaluate if the clause is unfair, we can consider rules related to fairness in contract law, especially concerning clauses that impose significant obligations on one party without corresponding benefits or rights. Additionally, we need to look at the principle of reasonableness and whether the clause unilaterally limits the rights of one party excessively.

### Step 3: Explanation

The clause appears to require compliance with a set of laws that are external to the contract itself—specifically, export control laws. Export control laws are typically designed to regulate the movement of goods, technology, and services across borders for reasons such as national security, foreign policy, and trade restrictions. Compliance with such laws is generally not considered an unfair requirement because it reflects legal obligations that exist independently of the agreement.

However, the fairness of the clause could also depend on how it is applied in practice. If the clause is used to impose additional, unreasonable burdens on the user beyond what is required by law, or if it is used ambiguously to justify unfavorable actions against the user, it could be seen as unfair.

### Step 4: Application

In applying this understanding to the given clause, it does not explicitly fall into any of the labeled categories provided (Arbitration, Choice of law, Content removal, Limitation of liability, Other, Unilateral change, Unilateral termination). Instead, the clause is more about adhering to external legal requirements. However, it does intersect with the idea of ""Other"" because it imposes specific conditions that are not commonly categorized under the provided labels.

Furthermore, since the clause does not appear to give one party excessive leverage over the other (such as allowing unilateral changes or terminations), nor does it directly limit liability, restrict content, choose arbitration or law, it does not seem to fall into the ""unfair"" category based on typical definitions of unfairness in contract law.

### Step 5: Conclusion

Given the context and the analysis above, the clause does not exhibit characteristics that would typically be classified as unfair. It essentially requires compliance with relevant laws,",,False,2026-08-25T03:01:28.180770+00:00
unfair_tos_15,interpretation,treacc,1,2,Qwen/Qwen2.5-32B-Instruct,"Analyze this using the TREACC method, addressing each part in order: (1) Topic; (2) Rule; (3) Explanation; (4) Analysis; (5) Counterarguments; (6) Conclusion.
Labels: Arbitration, Choice of law, Content removal, Limitation of liability, Other, Unilateral change, Unilateral termination
Context: by using the service , you may be exposed to user content that is offensive , indecent or otherwise not in line with your expectations . 
Question: Does this Terms of Service clause fall into an unfair category?
End your response with a line in exactly this format: Final Answer: <your answer>","(1) **Topic**: The topic at hand is the assessment of a specific clause within a Terms of Service (TOS) document. The clause states, ""By using the service, you may be exposed to user content that is offensive, indecent or otherwise not in line with your expectations."" This analysis aims to determine if this clause can be considered unfair under consumer protection laws and ethical standards.

(2) **Rule**: Under consumer protection frameworks, terms in TOS documents should not unfairly disadvantage users. A clause is considered unfair if it imposes unreasonable obligations on consumers, limits the rights of consumers without justification, or unilaterally provides undue advantages to the service provider.

(3) **Explanation**: The clause in question informs users about the potential for encountering offensive or indecent content when using the service. It serves as a warning rather than imposing any direct obligation on the user. However, the fairness of the clause depends on its broader context within the TOS and how it aligns with the service's responsibilities towards user safety and content moderation.

(4) **Analysis**: From the perspective of consumer protection, the clause does not impose obligations or limitations on the user's rights directly. It merely alerts users to potential risks associated with the nature of user-generated content. However, the absence of any corresponding responsibility placed on the service provider to address or mitigate exposure to such content might raise concerns. If the TOS lacks provisions regarding content moderation, reporting mechanisms for inappropriate content, or any form of redress for users who are negatively impacted, the clause could be seen as shifting all risk to the user without providing adequate safeguards.

(5) **Counterarguments**: On the other side, one could argue that the clause is fair because it operates on the principle of informed consent. Users are warned about the potential downsides of the service, allowing them to make an educated decision about whether they wish to continue using the platform. Furthermore, platforms often cannot control every piece of content posted by millions of users, making it impractical to guarantee a completely safe environment. Therefore, placing such a notice might be seen as a reasonable measure to manage expectations and reduce liability for the service provider.

(6) **Conclusion**: While the clause itself does not impose unfair obligations or limitations directly on the user, its fairness hinges on the overall balance of rights and responsibilities outlined in the TOS. In isolation, it serves as a necessary warning. However, it must be complemented by adequate provisions for content management and user protection to ensure the clause does not unfairly disadvantage users by exposing them",,False,2026-08-25T08:02:17.904957+00:00
unfair_tos_16,interpretation,ireac,1,0,Qwen/Qwen2.5-32B-Instruct,"Analyze this using the IREAC method, addressing each part in order: (1) Issue; (2) Rule; (3) Explanation; (4) Application; (5) Conclusion.
Labels: Arbitration, Choice of law, Content removal, Limitation of liability, Other, Unilateral change, Unilateral termination
Context: arbitration rules and governing law . 
Question: Does this Terms of Service clause fall into an unfair category?
End your response with a line in exactly this format: Final Answer: <your answer>","To analyze whether a specific Terms of Service clause falls into an unfair category using the IREAC method, we need to follow each step closely:

### 1. Issue:
The primary issue here is determining if the given Terms of Service clause is unfair, particularly focusing on aspects like arbitration rules, choice of law, content removal policies, limitations of liability, unilateral changes to terms, and unilateral termination rights.

### 2. Rule:
To address whether these clauses are unfair, one must refer to consumer protection laws and regulations that govern such practices. Generally, clauses are considered unfair if they disproportionately favor the provider over the user, lack transparency, or are not reasonably foreseeable by the average consumer.

### 3. Explanation:
- **Arbitration Rules**: Arbitration clauses can be seen as unfair if they prevent users from filing class action lawsuits, thereby potentially limiting their ability to recover damages for wrongdoing.
- **Choice of Law**: If the chosen law does not align with the user's jurisdiction, it might be viewed as unfairly advantageous to the service provider.
- **Content Removal Policies**: If these policies are overly broad or vague, they could allow the service provider to remove content without just cause, which could be seen as unfair.
- **Limitation of Liability**: Excessive limitation of liability might be unfair if it completely shields the provider from any form of liability, even in cases of gross negligence or fraud.
- **Unilateral Change**: The right to unilaterally change terms without consent can be unfair if it significantly alters the agreement in a way that disadvantages the user.
- **Unilateral Termination**: Similar to unilateral changes, allowing unilateral termination without reasonable notice or cause can be perceived as unfair.

### 4. Application:
Applying these principles to the specific context:
- If the clause mandates binding arbitration in a jurisdiction far from the user's location, it could be deemed unfair.
- If the law chosen heavily favors the provider and disallows certain legal remedies available under the user's local law, it would also be considered unfair.
- Vague or overly broad content removal policies that give the provider too much discretion without clear guidelines might be unfair.
- Extreme limitations of liability that absolve the provider of all responsibility could be deemed unfair.
- The ability to make unilateral changes without reasonable notice or justification, especially those that worsen conditions for the user, would likely be seen as unfair.
- Similarly, the right to terminate services unilaterally without cause could also be seen as unfair.

### 5. Conclusion:
Based on the analysis, if",,False,2026-08-25T10:40:49.370999+00:00
unfair_tos_20,interpretation,cleo,1,1,Qwen/Qwen2.5-32B-Instruct,"Analyze this using the CLEO method, addressing each part in order: (1) Claim; (2) Law; (3) Evaluation; (4) Outcome.
Labels: Arbitration, Choice of law, Content removal, Limitation of liability, Other, Unilateral change, Unilateral termination
Context: it is ebay europe s.à r.l. , 22-24 boulevard royal , l-2449 luxembourg if you reside in the european union ; and , except as provided below , ebay international ag , helvetiastrasse 15/17 , 3005 , bern , switzerland if you reside in any other country . 
Question: Does this Terms of Service clause fall into an unfair category?
End your response with a line in exactly this format: Final Answer: <your answer>","To analyze the given Terms of Service clause using the CLEO method, let's break down each component:

### 1. Claim
The claim here concerns whether the specified clause in the Terms of Service can be considered unfair. Specifically, the clause sets different addresses for eBay Europe S.à r.l. in Luxembourg and eBay International AG in Switzerland based on the user's geographical location.

### 2. Law
Under consumer protection laws, particularly those in the European Union, there are strict guidelines about the fairness and transparency of terms and conditions in contracts, especially when they pertain to jurisdiction, arbitration, and the determination of applicable law. The Unfair Contract Terms Directive (93/13/EEC) and national laws derived from it aim to protect consumers against unfair contractual clauses.

### 3. Evaluation
- **Arbitration**: The clause does not explicitly address arbitration processes or designate a specific arbitration body, which means this label is not directly relevant to the clause in question.
- **Choice of law**: The clause suggests that the governing law will depend on the user's residence. If residing within the EU, the governing law may be Luxembourgish, while outside the EU, Swiss law applies. This could affect the interpretation and enforcement of the contract terms, including consumer rights.
- **Content removal**: Not addressed in the clause.
- **Limitation of liability**: Not addressed in the clause.
- **Other**: The clause specifies different legal entities and jurisdictions based on user location, which might impact the ease or difficulty of bringing legal action against eBay, potentially affecting fairness.
- **Unilateral change**: Not addressed in the clause.
- **Unilateral termination**: Not addressed in the clause.

The main issue with the clause lies in its potential ambiguity regarding the choice of law and the complexity it introduces for users who need to understand their legal rights and avenues for dispute resolution. For EU residents, having Luxembourgish law apply might be more favorable in some respects due to EU consumer protections, but for non-EU residents, the applicability of Swiss law could be less favorable depending on local consumer protection standards.

### 4. Outcome
Based on the analysis, the clause can be seen as introducing potential complexities and ambiguities regarding the choice of law, which could be disadvantageous for consumers, particularly those outside the EU. However, without further context on the specific implications of Luxembourgish and Swiss laws in relation to consumer rights, it is challenging to definitively classify the clause as unfair. Nonetheless, the clause should be transparent and clearly communicated",,False,2026-08-25T20:37:48.394954+00:00
unfair_tos_20,interpretation,treacc,2,1,Qwen/Qwen2.5-32B-Instruct,"Structure your reasoning according to these steps: (1) Topic; (2) Rule; (3) Explanation; (4) Analysis; (5) Counterarguments; (6) Conclusion.
Labels: Arbitration, Choice of law, Content removal, Limitation of liability, Other, Unilateral change, Unilateral termination
Context: it is ebay europe s.à r.l. , 22-24 boulevard royal , l-2449 luxembourg if you reside in the european union ; and , except as provided below , ebay international ag , helvetiastrasse 15/17 , 3005 , bern , switzerland if you reside in any other country . 
Question: Does this Terms of Service clause fall into an unfair category?
End your response with a line in exactly this format: Final Answer: <your answer>","### Step-by-Step Reasoning

#### (1) Topic:
The topic at hand concerns the legal jurisdiction and governing law clause within eBay's Terms of Service (TOS). Specifically, it delineates how disputes arising from the use of eBay's services will be adjudicated based on the user's residence.

#### (2) Rule:
The rule we are considering is whether clauses that determine jurisdiction or choice of law in TOS documents can be deemed unfair. The primary concern is the potential for such clauses to impose undue burden or disadvantage on users, particularly those outside the chosen jurisdiction.

#### (3) Explanation:
Under consumer protection laws, especially in the European Union, certain clauses within TOS may be considered unfair if they significantly alter the balance of rights and obligations between the provider and the user. These include clauses that limit liability excessively, restrict user rights, or impose disproportionate costs or burdens on users.

#### (4) Analysis:
The clause in question specifies different entities and jurisdictions depending on the user's location. For EU residents, eBay Europe S.à r.l., located in Luxembourg, is specified. For users residing outside the EU, eBay International AG, located in Switzerland, applies. This setup might seem to favor the company by centralizing dispute resolution in specific jurisdictions, potentially making it more costly or difficult for users to pursue claims against eBay.

However, it also provides clarity and certainty regarding which set of laws will govern any disputes, which is generally seen as beneficial for both parties. It reduces ambiguity and can simplify the process of resolving conflicts.

#### (5) Counterarguments:
One counterargument is that specifying a particular jurisdiction and governing law can be seen as a standard practice in international contracts. It helps to establish clear boundaries and expectations for all parties involved. Additionally, both Luxembourg and Switzerland are known for their robust legal systems, which could argueatively offer fair and impartial proceedings.

Moreover, consumers have the option to choose whether to agree to the TOS before using eBay’s services. In theory, if they find the clause unfavorable, they can refrain from using the service. However, this argument overlooks the fact that consumers often have limited options when it comes to e-commerce platforms, making such clauses more coercive than voluntary agreements.

#### (6) Conclusion:
While the clause does specify jurisdiction and governing law in a manner that could be seen as imposing a burden on users, particularly those outside the EU, it does provide necessary clarity and predictability. The fairness of the clause would depend on additional factors such as the overall context of the TOS",,False,2026-08-25T20:43:08.295009+00:00
unfair_tos_26,interpretation,treacc,1,2,Qwen/Qwen2.5-32B-Instruct,"Analyze this using the TREACC method, addressing each part in order: (1) Topic; (2) Rule; (3) Explanation; (4) Analysis; (5) Counterarguments; (6) Conclusion.
Labels: Arbitration, Choice of law, Content removal, Limitation of liability, Other, Unilateral change, Unilateral termination
Context: 5.3 you will not use , copy , adapt , modify , prepare derivative works of , distribute , license , sell , transfer , publicly display , publicly perform , transmit , broadcast or otherwise exploit the airbnb platform or collective content , except to the extent you are the legal owner of certain member content or as expressly permitted in these terms . 
Question: Does this Terms of Service clause fall into an unfair category?
End your response with a line in exactly this format: Final Answer: <your answer>","### Analysis Using the TREACC Method

#### 1. Topic:
The topic is about the Terms of Service clause that restricts users from using, copying, adapting, modifying, preparing derivative works of, distributing, licensing, selling, transferring, publicly displaying, publicly performing, transmitting, broadcasting, or exploiting the Airbnb platform and its content, except under specific conditions.

#### 2. Rule:
In the context of fairness and legality, a term of service should not be overly restrictive on users without providing justification, and it should align with the principles of fairness, reasonableness, and necessity. Additionally, terms should not be unilaterally imposed without reasonable alternatives for users who disagree.

#### 3. Explanation:
This clause essentially grants Airbnb comprehensive rights over how its platform and content can be used by users, limiting actions that could potentially infringe upon intellectual property rights or misrepresent the platform. It is common for digital platforms to include such clauses to protect their proprietary content and ensure the integrity of their service.

#### 4. Analysis:
- **Arbitration:** This clause does not directly address arbitration but could indirectly affect it by controlling what aspects of user behavior are permissible, which might influence disputes.
- **Choice of law:** The clause doesn't specify any particular jurisdiction or choice of law, which would typically be addressed elsewhere in the Terms of Service.
- **Content removal:** It implicitly allows Airbnb to enforce these rules, which might include removing content that violates them.
- **Limitation of liability:** While the clause itself doesn’t speak to limitations of liability, it sets boundaries on user activities that could lead to claims against Airbnb.
- **Other:** This clause could be seen as part of broader terms that define user responsibilities and rights.
- **Unilateral change:** It’s a unilateral restriction set by Airbnb, and while users have no direct say in changing it, they do have the option to cease using the service if they disagree.
- **Unilateral termination:** If a user breaches these terms, Airbnb can terminate the agreement unilaterally.

#### 5. Counterarguments:
- **Fairness:** Some might argue that the restriction is overly broad and infringes on the user's freedom to use the content in ways that may not harm Airbnb's interests.
- **Reasonableness:** The clause covers extensive activities, possibly going beyond what is reasonably necessary to protect Airbnb's rights, thereby limiting users' rights excessively.

#### 6. Conclusion:
While the clause aims to protect the platform's content and maintain service integrity, its breadth and lack of",,False,2026-08-26T11:33:26.903681+00:00
unfair_tos_26,interpretation,ireac,1,1,Qwen/Qwen2.5-32B-Instruct,"Analyze this using the IREAC method, addressing each part in order: (1) Issue; (2) Rule; (3) Explanation; (4) Application; (5) Conclusion.
Labels: Arbitration, Choice of law, Content removal, Limitation of liability, Other, Unilateral change, Unilateral termination
Context: 5.3 you will not use , copy , adapt , modify , prepare derivative works of , distribute , license , sell , transfer , publicly display , publicly perform , transmit , broadcast or otherwise exploit the airbnb platform or collective content , except to the extent you are the legal owner of certain member content or as expressly permitted in these terms . 
Question: Does this Terms of Service clause fall into an unfair category?
End your response with a line in exactly this format: Final Answer: <your answer>","To analyze whether the given Terms of Service clause falls into an unfair category using the IREAC method, we need to consider each part of the method in sequence.

(1) **Issue:** The issue at hand is whether the clause within Airbnb's Terms of Service, which restricts users from using, copying, adapting, modifying, preparing derivative works of, distributing, licensing, selling, transferring, publicly displaying, publicly performing, transmitting, broadcasting, or otherwise exploiting the Airbnb platform or collective content, unless they are the legal owner of certain member content or as expressly permitted in the terms, is considered unfair.

(2) **Rule:** To determine if a clause is unfair, one must look at consumer protection laws and regulations that define what constitutes an unfair term. Typically, a term is deemed unfair if it creates a significant imbalance in the parties' rights and obligations to the detriment of the consumer, does not respect the nature of the goods or services provided, and is not individually negotiated. Additionally, jurisdiction-specific laws might provide specific guidance on what constitutes an unfair clause, especially regarding digital services and user agreements.

(3) **Explanation:** The clause in question imposes strict limitations on how users can interact with the Airbnb platform and its collective content. It essentially restricts any form of exploitation of the platform and content beyond what is explicitly allowed in the terms or by virtue of being the legal owner of some member content. While such restrictions are common in terms of service agreements for digital platforms, their fairness can be assessed based on the extent to which they limit user freedom without providing adequate justification or benefit to the user.

(4) **Application:** Applying the rule to the issue, we must evaluate whether the clause significantly imbalances the rights and obligations between Airbnb and its users. The clause does indeed impose broad restrictions on user actions but does not appear to create an imbalance that would severely disadvantage the consumer. It aims to protect the intellectual property and integrity of the platform and its content, which can be seen as a legitimate business interest. However, the fairness also depends on whether there is transparency and clarity about the restrictions and whether users have a reasonable understanding of what they are agreeing to.

(5) **Conclusion:** Considering the broad restrictions imposed by the clause, it does not inherently fall into the unfair category if these restrictions are necessary for protecting the platform's content and functionality and are clearly communicated to users. The fairness ultimately hinges on the context, transparency, and necessity of the restrictions. In the absence of evidence that users are misled or unduly burdened by these restrictions",,False,2026-08-26T11:37:20.517709+00:00
unfair_tos_29,interpretation,irac,1,0,Qwen/Qwen2.5-32B-Instruct,"Analyze this using the IRAC method, addressing each part in order: (1) Issue; (2) Rule; (3) Application; (4) Conclusion.
Labels: Arbitration, Choice of law, Content removal, Limitation of liability, Other, Unilateral change, Unilateral termination
Context: you expressly understand and agree that : 
Question: Does this Terms of Service clause fall into an unfair category?
End your response with a line in exactly this format: Final Answer: <your answer>","To analyze whether the given Terms of Service clause falls into an unfair category using the IRAC method, we'll examine the provided labels to identify the relevant issues, rules, applications, and draw a conclusion.

**Issue:** The primary issue is whether the clause ""you expressly understand and agree that"" in a Terms of Service constitutes an unfair term, particularly focusing on the aspects of arbitration, choice of law, content removal, limitation of liability, unilateral change, and unilateral termination.

**Rule:** To assess fairness, we must consider both statutory guidelines and common legal principles. For example, under consumer protection laws, terms that significantly restrict the rights of one party without reasonable justification may be deemed unfair. Specifically, clauses related to arbitration, limitation of liability, and unilateral changes or terminations need to be scrutinized for their fairness and transparency.

- **Arbitration:** Clauses requiring arbitration instead of court litigation can be seen as fair if they provide equal access to dispute resolution mechanisms. However, they can be unfair if they overly favor one party.
- **Choice of Law:** Such provisions are generally permissible but may be considered unfair if they impose undue hardship on the user due to unfamiliarity with the chosen jurisdiction's laws.
- **Content Removal:** Terms allowing unilateral removal of content are common in service agreements but may be unfair if not transparently disclosed or if disproportionately biased against users.
- **Limitation of Liability:** These clauses can be fair if they set clear boundaries on liability, but become unfair if they exempt the provider from all forms of liability, leaving no recourse for the user.
- **Unilateral Change:** Provisions allowing a service provider to unilaterally alter the terms can be unfair if not sufficiently communicated or justified.
- **Unilateral Termination:** Similar to unilateral changes, such terms can be seen as unfair if they allow for termination without cause and without providing sufficient notice.

**Application:** The phrase ""you expressly understand and agree that"" suggests a broad acceptance of terms that may include any or all of the aforementioned categories. If these terms disproportionately benefit the service provider at the expense of the user and lack transparency or fair justification, they could be categorized as unfair. Each specific term within this broader agreement would need to be individually examined for its fairness according to the rules outlined above.

**Conclusion:** Based on the analysis, whether the clause falls into an unfair category hinges on the specifics of the terms it encompasses. Without the full context of what ""you expressly understand and agree that"" pertains to, a definitive judgment cannot be made. However, if",,False,2026-08-26T18:52:16.132475+00:00
unfair_tos_29,interpretation,treacc,0,1,Qwen/Qwen2.5-32B-Instruct,"Work through the following steps before answering: (1) Topic; (2) Rule; (3) Explanation; (4) Analysis; (5) Counterarguments; (6) Conclusion.
Labels: Arbitration, Choice of law, Content removal, Limitation of liability, Other, Unilateral change, Unilateral termination
Context: you expressly understand and agree that : 
Question: Does this Terms of Service clause fall into an unfair category?
End your response with a line in exactly this format: Final Answer: <your answer>","### Topic:
The topic here is the evaluation of a specific clause within a Terms of Service document to determine if it can be categorized as unfair.

### Rule:
To address whether the given clause is unfair, we need to examine the phrasing and implications of the clause itself. In general, a clause may be considered unfair if it excessively favors one party over another, limits the rights of users without reasonable justification, or imposes obligations on users that are unduly harsh or unreasonable.

### Explanation:
The clause ""you expressly understand and agree that:"" is a common legal phrase used at the beginning of clauses in terms of service agreements. It serves to establish that the user has acknowledged and agreed to the terms presented. However, this alone does not provide enough context to evaluate fairness; the content of what follows the clause is crucial.

### Analysis:
Without the specific content that follows ""you expressly understand and agree that:"", it's impossible to definitively categorize the clause as unfair. The fairness depends on the nature of what the user understands and agrees to. For example, if the following text includes provisions under any of the labels provided (Arbitration, Choice of law, Content removal, Limitation of liability, Unilateral change, Unilateral termination), it could potentially be seen as unfair depending on how stringent these provisions are.

1. **Arbitration**: If arbitration clauses limit the ability to sue in court, they can be unfair.
2. **Choice of law**: If the choice of law is unfavorable to the user, it can be considered unfair.
3. **Content removal**: If it grants excessive power to the service provider to remove content without fair notice, it can be unfair.
4. **Limitation of liability**: If it absolves the company from all liability for any harm caused, it can be unfair.
5. **Unilateral change**: If the service provider reserves the right to unilaterally change terms without consent, it can be unfair.
6. **Unilateral termination**: If the provider can terminate services without cause, it can be unfair.

### Counterarguments:
A counterargument might suggest that such clauses are necessary to protect both parties and ensure clear guidelines, thus making the agreement fair. However, this would depend on the balance of rights and obligations between the user and the service provider.

### Conclusion:
Given only the introductory phrase ""you expressly understand and agree that:"", it’s not possible to definitively label the clause as unfair. A more comprehensive analysis requires the full text following this phrase to properly assess its fairness.

Final Answer:",,False,2026-08-26T19:06:39.648217+00:00
unfair_tos_29,interpretation,treacc,1,0,Qwen/Qwen2.5-32B-Instruct,"Analyze this using the TREACC method, addressing each part in order: (1) Topic; (2) Rule; (3) Explanation; (4) Analysis; (5) Counterarguments; (6) Conclusion.
Labels: Arbitration, Choice of law, Content removal, Limitation of liability, Other, Unilateral change, Unilateral termination
Context: you expressly understand and agree that : 
Question: Does this Terms of Service clause fall into an unfair category?
End your response with a line in exactly this format: Final Answer: <your answer>","To analyze whether the given Terms of Service clause falls into an unfair category using the TREACC method, we will address each component step by step.

### 1. Topic:
The topic is about the fairness of a Terms of Service clause. The specific clause states ""you expressly understand and agree that:"" This suggests that the user acknowledges and consents to certain terms or conditions.

### 2. Rule:
The rule here pertains to the fairness and legality of Terms of Service clauses under consumer protection laws and regulations. Specifically, the focus is on identifying clauses that may be considered unfair or abusive to consumers.

### 3. Explanation:
The phrase ""you expressly understand and agree that:"" is commonly used in legal documents to indicate that the user has consented to the terms presented. However, the fairness of such a clause largely depends on what follows this introductory phrase. If the following text imposes unreasonable restrictions, limits liability excessively, or allows for unilateral changes without proper notification, it could be deemed unfair.

### 4. Analysis:
Given the provided context, the analysis must consider the content of the terms following the introductory phrase. Assuming the clause includes provisions that might align with the labels mentioned—such as arbitration, choice of law, content removal, limitation of liability, unilateral change, and unilateral termination—it's essential to examine if these are implemented in a way that overly favors the service provider at the expense of the user’s rights.

- **Arbitration:** If the clause mandates binding arbitration without allowing for class-action lawsuits, it might be seen as limiting the user's ability to seek redress collectively.
- **Choice of Law:** Specifying a jurisdiction that is not convenient or familiar to the user can create a significant disadvantage in seeking legal remedies.
- **Content Removal:** If the clause allows the service provider to remove content unilaterally without providing reasons or due process, it may violate users' rights.
- **Limitation of Liability:** Excessive limitations on liability can prevent users from recovering damages even in cases of gross negligence or intentional misconduct.
- **Unilateral Change:** Allowing the provider to modify the agreement without the user's consent and without reasonable notice can be perceived as unfair.
- **Unilateral Termination:** If the clause permits termination by the service provider without cause, it can be particularly harsh on users who have invested time or money into the service.

### 5. Counterarguments:
Counterarguments might include that the terms are necessary to protect the provider from frivolous claims, ensure the service operates efficiently, and maintain legal compliance. Additionally",,False,2026-08-26T19:07:48.148098+00:00
unfair_tos_29,interpretation,treacc,1,1,Qwen/Qwen2.5-32B-Instruct,"Analyze this using the TREACC method, addressing each part in order: (1) Topic; (2) Rule; (3) Explanation; (4) Analysis; (5) Counterarguments; (6) Conclusion.
Labels: Arbitration, Choice of law, Content removal, Limitation of liability, Other, Unilateral change, Unilateral termination
Context: you expressly understand and agree that : 
Question: Does this Terms of Service clause fall into an unfair category?
End your response with a line in exactly this format: Final Answer: <your answer>","To analyze whether this particular Terms of Service clause falls into an unfair category using the TREACC method, we will follow the steps outlined:

(1) **Topic**: The topic here is a specific clause within a Terms of Service document that includes the phrase ""you expressly understand and agree that"". This suggests a legal agreement where the user must acknowledge and accept certain terms.

(2) **Rule**: The rule to consider is whether such clauses can be categorized as unfair, particularly focusing on elements like arbitration, choice of law, content removal, limitation of liability, unilateral changes or terminations, which can affect the rights and obligations of both parties involved.

(3) **Explanation**: Clauses under Terms of Service often contain provisions that dictate how disputes will be resolved, what laws apply, and what rights users have regarding content they post or access through a service. They also frequently include terms that allow one party (usually the service provider) to make changes unilaterally or terminate services at their discretion. These clauses can significantly impact user rights and expectations.

(4) **Analysis**: The clause in question, ""you expressly understand and agree that"", is a standard legal phrase used to establish consent. However, without the specifics of what follows ""that,"" it's challenging to fully assess its fairness. Typically, such clauses may involve any of the labeled categories. For instance:
- If it involves arbitration, the clause might require disputes to be settled outside of court, potentially favoring the service provider.
- If it pertains to the choice of law, it could impose the jurisdiction of a country that might not be favorable to the user.
- Concerning content removal or unilateral change/termination, these could limit user rights over posted content and services.
- Limitation of liability clauses can severely restrict a user’s ability to seek compensation for damages.

(5) **Counterarguments**: On the other side, such clauses can provide clarity and structure to the relationship between the service provider and the user. They can also help protect users from ambiguity by clearly stating the conditions under which services are provided. Moreover, the enforceability of these clauses varies widely based on jurisdiction and the specific wording, meaning that some clauses may not hold up in all courts or under all legal frameworks.

(6) **Conclusion**: Without specific details following the clause, it's impossible to definitively categorize it as fair or unfair. However, based on common practices and potential implications, such clauses do have the potential to be considered unfair if they heavily favor the service provider and unduly restrict user rights.",,False,2026-08-26T19:08:22.993643+00:00
unfair_tos_29,interpretation,treacc,1,2,Qwen/Qwen2.5-32B-Instruct,"Analyze this using the TREACC method, addressing each part in order: (1) Topic; (2) Rule; (3) Explanation; (4) Analysis; (5) Counterarguments; (6) Conclusion.
Labels: Arbitration, Choice of law, Content removal, Limitation of liability, Other, Unilateral change, Unilateral termination
Context: you expressly understand and agree that : 
Question: Does this Terms of Service clause fall into an unfair category?
End your response with a line in exactly this format: Final Answer: <your answer>","To analyze whether the given Terms of Service clause falls into an unfair category using the TREACC method, let's break down each component:

(1) **Topic**: The topic here is the fairness of a specific Terms of Service clause that begins with ""you expressly understand and agree that"". This clause is likely to contain several provisions that could be subject to scrutiny under consumer protection laws or fair practice guidelines.

(2) **Rule**: The rule we will apply is the principle of fairness in contract terms, especially those drafted by businesses for consumers. In many jurisdictions, there are regulations that aim to ensure that contract terms are not unduly unfair, particularly those that are unilaterally imposed by one party over another without negotiation.

(3) **Explanation**: The clause at hand seems to set up a framework where users are agreeing to certain conditions laid out by the service provider. It could cover various aspects like arbitration, choice of law, content removal, limitation of liability, unilateral change rights, and unilateral termination rights, as suggested by the labels provided.

(4) **Analysis**: To determine if the clause is unfair, we need to consider its specifics:
   - **Arbitration**: If it mandates arbitration without allowing for class-action lawsuits, it could be seen as unfair as it limits the ability of consumers to collectively challenge wrongful practices.
   - **Choice of Law**: Mandating a jurisdiction that is not the user’s place of residence might also be considered unfair, especially if it significantly disadvantages the user.
   - **Content Removal and Limitation of Liability**: If the clause allows the service provider to remove content without justification and limits their liability extensively, this could be viewed unfavorably.
   - **Unilateral Change and Termination Rights**: Allowing the service provider to change or terminate terms without notice can also be problematic, especially if these changes drastically affect user rights or obligations.

(5) **Counterarguments**: One counterargument might be that such clauses are necessary for the operation and protection of the service provider's business interests. Another point could be that users have the option to choose not to use the service if they do not agree with the terms. However, this argument often fails when considering the imbalance of power between service providers and individual users.

(6) **Conclusion**: Based on the analysis above, the clause could potentially be categorized as unfair, particularly if it heavily favors the service provider while imposing significant restrictions and liabilities on the user. The fairness of the clause would ultimately depend on the specific wording and context, including how it aligns with local consumer",,False,2026-08-26T19:08:57.886387+00:00
unfair_tos_29,interpretation,treacc,2,0,Qwen/Qwen2.5-32B-Instruct,"Structure your reasoning according to these steps: (1) Topic; (2) Rule; (3) Explanation; (4) Analysis; (5) Counterarguments; (6) Conclusion.
Labels: Arbitration, Choice of law, Content removal, Limitation of liability, Other, Unilateral change, Unilateral termination
Context: you expressly understand and agree that : 
Question: Does this Terms of Service clause fall into an unfair category?
End your response with a line in exactly this format: Final Answer: <your answer>","### Step-by-Step Reasoning

#### 1. Topic:
The topic is the fairness of a clause in a Terms of Service document, specifically one that states ""you expressly understand and agree that..."".

#### 2. Rule:
To determine if a clause is unfair, it must be evaluated against principles such as transparency, balance, and fairness to both parties. Clauses that grant one party excessive control or unfairly limit rights and remedies for the other party can be considered unfair.

#### 3. Explanation:
In a Terms of Service agreement, the phrase ""you expressly understand and agree that..."" is often used to highlight significant terms. These terms could include limitations on liability, unilateral changes to the service, content removal policies, arbitration clauses, or choice of law provisions. The fairness of such a clause depends on the specific terms it introduces.

#### 4. Analysis:
Without the exact content following the phrase, we cannot definitively categorize the clause. However, based on the labels provided and typical issues flagged in Terms of Service agreements, we can hypothesize potential problematic areas:

- **Arbitration**: If the clause mandates arbitration without allowing for class actions, it could be seen as unfair as it restricts access to justice.
- **Choice of Law**: Specifying a jurisdiction unfavorable to the user could be seen as unfair.
- **Content Removal**: If the clause allows the service provider to remove content unilaterally without justification, it could infringe on users' freedom of expression.
- **Limitation of Liability**: Excessive limitation of liability might unfairly shield the company from responsibility for its actions.
- **Unilateral Change**: Allowing the company to change terms unilaterally without notice can be seen as unfair, as it gives disproportionate power to one side.
- **Unilateral Termination**: If the clause allows the company to terminate services without reasonable cause, it could disadvantage the user.

#### 5. Counterarguments:
While these points indicate potential issues, fairness also considers the broader context. For example:
- Arbitration can be quicker and less costly than traditional litigation.
- A clear choice of law may provide legal certainty.
- Reasonable limits on liability can be fair if they prevent frivolous lawsuits.
- Regular updates to terms are necessary to adapt to changing conditions.

#### 6. Conclusion:
The fairness of the clause depends heavily on the specific terms it introduces. Without the full clause, it's not possible to definitively label it as unfair. However, if the clause includes any of the problematic elements listed above, especially in",,False,2026-08-26T19:09:32.751678+00:00
unfair_tos_29,interpretation,treacc,2,1,Qwen/Qwen2.5-32B-Instruct,"Structure your reasoning according to these steps: (1) Topic; (2) Rule; (3) Explanation; (4) Analysis; (5) Counterarguments; (6) Conclusion.
Labels: Arbitration, Choice of law, Content removal, Limitation of liability, Other, Unilateral change, Unilateral termination
Context: you expressly understand and agree that : 
Question: Does this Terms of Service clause fall into an unfair category?
End your response with a line in exactly this format: Final Answer: <your answer>","(1) **Topic**: The topic under discussion is the evaluation of a specific Terms of Service clause, particularly focusing on whether it can be considered unfair or not. This involves examining the phrasing ""you expressly understand and agree that"" within the context of the Terms of Service.

(2) **Rule**: To determine if a clause in a Terms of Service document is unfair, we need to consider several factors including but not limited to:
   - Whether the clause is clear and understandable to a reasonable person.
   - If the clause imposes obligations or limitations disproportionately affecting one party over another.
   - The transparency of the clause in terms of what users are agreeing to.

(3) **Explanation**: The phrase ""you expressly understand and agree that"" is commonly used in legal documents to emphasize the user's acknowledgment and acceptance of the terms presented. However, fairness concerns arise when such acknowledgments are used to shield the provider from liabilities or to impose significant restrictions on users without proper justification.

(4) **Analysis**: In isolation, the phrase ""you expressly understand and agree that"" does not inherently indicate unfairness. It is a standard legal formulation intended to ensure that the user acknowledges their consent. However, the fairness of this clause depends entirely on what follows it. For example, if the clause leads into terms regarding arbitration, choice of law, content removal, limitation of liability, unilateral changes, or unilateral termination, then each of these areas needs to be evaluated for fairness based on the specifics outlined.

   - **Arbitration**: If following the phrase is a clause mandating binding arbitration without provision for class actions, it could be seen as unfair, especially if it limits the user’s ability to seek redress through traditional judicial means.
   - **Choice of Law**: Specifying a jurisdiction that is geographically distant or legally unfavorable to users might be deemed unfair.
   - **Content Removal**: If the clause allows the service provider to remove user content unilaterally without any recourse, it might be unfair, depending on the context and reasons provided.
   - **Limitation of Liability**: A broad limitation on liability that absolves the provider of most responsibilities can be seen as unfair if it leaves the user with no protection against significant damages.
   - **Unilateral Change/Termination**: Allowing the provider to unilaterally alter the agreement or terminate services without cause can be viewed as unfair if not balanced with appropriate user protections.

(5) **Counterarguments**: One might argue that such clauses are necessary to protect both parties and provide clarity on mutual",,False,2026-08-26T19:10:07.587885+00:00
unfair_tos_29,interpretation,ireac,1,1,Qwen/Qwen2.5-32B-Instruct,"Analyze this using the IREAC method, addressing each part in order: (1) Issue; (2) Rule; (3) Explanation; (4) Application; (5) Conclusion.
Labels: Arbitration, Choice of law, Content removal, Limitation of liability, Other, Unilateral change, Unilateral termination
Context: you expressly understand and agree that : 
Question: Does this Terms of Service clause fall into an unfair category?
End your response with a line in exactly this format: Final Answer: <your answer>","### IREAC Method Analysis

#### 1. Issue:
The issue is whether a particular clause within the Terms of Service (TOS), which states ""you expressly understand and agree that,"" falls into an unfair category. Specifically, this analysis will focus on whether the clause is unreasonably one-sided or imposes unfair limitations on users.

#### 2. Rule:
To determine if a TOS clause is unfair, several legal standards and principles can be considered, including but not limited to the fairness doctrine, consumer protection laws, and specific regulations related to online services. Additionally, the enforceability of such clauses may depend on jurisdiction-specific laws regarding contract terms, particularly those that address arbitration, choice of law, content removal, limitation of liability, unilateral change, and unilateral termination.

#### 3. Explanation:
- **Arbitration:** Clauses that mandate arbitration over judicial proceedings must be scrutinized for their fairness, especially if they significantly limit the user's ability to seek redress.
- **Choice of Law:** If the choice of law clause selects a jurisdiction that heavily favors the service provider over the user, it could be seen as unfair.
- **Content Removal:** Clauses allowing unilateral removal of content without providing adequate notice or appeal mechanisms might be viewed as unfair if overly broad.
- **Limitation of Liability:** Excessive limitation of liability clauses that absolve the service provider of nearly all responsibility for damages can also be deemed unfair.
- **Unilateral Change:** The ability of a service provider to unilaterally modify terms without user consent is often a point of contention.
- **Unilateral Termination:** Clauses that allow the service provider to terminate the agreement under any circumstances without just cause might be unfair.

#### 4. Application:
To apply these rules to the given clause, we need to examine the exact wording and implications:
- **Arbitration:** If the clause includes arbitration requirements, consider whether they are fair (e.g., no class action waivers, reasonable process).
- **Choice of Law:** Determine if the chosen law is from a jurisdiction known for favoring corporations over individuals.
- **Content Removal:** Analyze if the conditions for content removal are clear and provide any form of recourse to users.
- **Limitation of Liability:** Check if the limitation of liability clauses are reasonable and do not completely shield the service provider from negligence or fraud.
- **Unilateral Change:** Assess if changes require user consent or at least provide ample notice and time for withdrawal from the service.
- **Unilateral Termination:** Evaluate whether termination",,False,2026-08-26T19:13:13.352780+00:00
unfair_tos_29,interpretation,ireac,1,2,Qwen/Qwen2.5-32B-Instruct,"Analyze this using the IREAC method, addressing each part in order: (1) Issue; (2) Rule; (3) Explanation; (4) Application; (5) Conclusion.
Labels: Arbitration, Choice of law, Content removal, Limitation of liability, Other, Unilateral change, Unilateral termination
Context: you expressly understand and agree that : 
Question: Does this Terms of Service clause fall into an unfair category?
End your response with a line in exactly this format: Final Answer: <your answer>","To analyze whether the given ""Terms of Service"" clause falls into an unfair category using the IREAC method, we will break down the analysis step-by-step according to the labels provided.

### Issue:
The issue is to determine if the clause in question from the Terms of Service is considered unfair under consumer protection laws or relevant legal standards. The specific clause states: ""you expressly understand and agree that :""

### Rule:
Consumer protection laws vary by jurisdiction, but generally, clauses that are deemed unfair can include those that limit liability excessively, restrict rights to arbitration, impose one-sided changes to terms, or unilaterally terminate services without just cause. These clauses often fail to provide fair and reasonable terms for consumers.

### Explanation:
Each label provided can be examined against the backdrop of general principles of fairness in contract law:
- **Arbitration**: Clauses that mandate binding arbitration without allowing for judicial review may be seen as unfair if they prevent consumers from accessing courts.
- **Choice of law**: Requiring disputes to be governed by the laws of a distant or unfamiliar jurisdiction can be unfair if it places undue burden on the consumer.
- **Content removal**: If the clause allows unilateral content removal without providing adequate justification or notice, it can be considered unfair.
- **Limitation of liability**: Limiting liability to an unreasonable extent (e.g., excluding all forms of liability) is typically considered unfair.
- **Other**: This could encompass other potentially unfair clauses not fitting into the above categories.
- **Unilateral change**: Allowing the service provider to unilaterally alter terms without consumer consent can be unfair, particularly if it imposes new obligations or reduces benefits.
- **Unilateral termination**: Granting the service provider the right to terminate the agreement at will without cause can be seen as overly oppressive.

### Application:
Given the statement ""you expressly understand and agree that :"", it implies a form of acceptance where users must agree to certain conditions. Without knowing the exact terms following this statement, we can infer that any of the labeled issues could be present. For example, if the clause mandates arbitration in a distant country or allows the company to unilaterally change the terms without user consent, these would be concerning and potentially unfair under many jurisdictions' consumer protection laws.

### Conclusion:
Based on the general principles of fairness in contract law, the presence of any of the labeled issues within the clause would likely render it unfair. Specifically, clauses that heavily favor the service provider over the consumer in areas such as limitation of liability, choice of law, or unilateral changes to",,False,2026-08-26T19:13:48.296133+00:00
unfair_tos_29,interpretation,ireac,2,1,Qwen/Qwen2.5-32B-Instruct,"Structure your reasoning according to these steps: (1) Issue; (2) Rule; (3) Explanation; (4) Application; (5) Conclusion.
Labels: Arbitration, Choice of law, Content removal, Limitation of liability, Other, Unilateral change, Unilateral termination
Context: you expressly understand and agree that : 
Question: Does this Terms of Service clause fall into an unfair category?
End your response with a line in exactly this format: Final Answer: <your answer>","(1) **Issue**: The question revolves around determining whether the phrase ""you expressly understand and agree that:"" within a Terms of Service (ToS) document indicates an unfair or overly broad clause that could be deemed unfavorable to users.

(2) **Rule**: The fairness of ToS clauses, particularly those involving unilateral changes, limitations of liability, arbitration, choice of law, content removal, unilateral termination, or other significant terms, is often evaluated based on how clearly they are communicated and how fair their content is when compared to standard practices and legal requirements. Clarity, transparency, and the balance of power between the service provider and user are critical factors.

(3) **Explanation**: The phrase ""you expressly understand and agree that:"" typically functions as a legal acknowledgment where a user confirms their comprehension and agreement to certain terms. However, the fairness of what follows this phrase depends on the specific content of those terms. For instance, if the following terms involve one-sided benefits for the service provider, such as the ability to unilaterally change the terms without notice or impose strict limitations on liability, it might be considered unfair.

(4) **Application**: To determine if the clause following ""you expressly understand and agree that:"" is unfair, we would need to examine the actual content of the terms. If the subsequent terms grant the service provider excessive control or impose disproportionate obligations on the user, it could indeed be seen as unfair. For example:
- If it allows the service provider to modify the ToS unilaterally without notifying the user (""Unilateral change"").
- If it limits the service provider's liability excessively (""Limitation of liability"").
- If it requires disputes to be resolved through arbitration in a location inconvenient to the user (""Arbitration"").
- If it mandates that disputes be governed by the laws of a jurisdiction that is not beneficial to the user (""Choice of law"").
- If it permits the service provider to remove user content at will without cause (""Content removal"").
- If it allows the service provider to terminate the user's account without providing a reason (""Unilateral termination"").

Without specific terms following the acknowledgment phrase, a blanket assessment is difficult. However, the mere use of the acknowledgment phrase does not inherently denote unfairness; it is the nature of the terms being acknowledged that determines fairness.

(5) **Conclusion**: Based solely on the acknowledgment phrase provided, it is not possible to definitively categorize the clause as unfair. The fairness assessment hinges upon the actual terms to which the user is agreeing. If those terms include one or more",,False,2026-08-26T19:14:47.040196+00:00
unfair_tos_31,interpretation,ireac,1,0,Qwen/Qwen2.5-32B-Instruct,"Analyze this using the IREAC method, addressing each part in order: (1) Issue; (2) Rule; (3) Explanation; (4) Application; (5) Conclusion.
Labels: Arbitration, Choice of law, Content removal, Limitation of liability, Other, Unilateral change, Unilateral termination
Context: likewise , except as set forth above , in any additional terms , or as required by applicable law , linden lab is not responsible for repairing , replacing or restoring access to your usage subscription , or virtual goods and services ( including any virtual space or other virtual tender associated with each product , as further described in an applicable product policy ) , or providing you with any credit or refund or any other sum , in the event of : ( a ) linden lab 's change , suspension or termination of any usage subscription or virtual goods and services ( including any virtual space or other virtual tender associated with each product , as further described in an applicable product policy ) ; or ( b ) for loss or damage due to website or server error , or any other reason . 
Question: Does this Terms of Service clause fall into an unfair category?
End your response with a line in exactly this format: Final Answer: <your answer>","### IREAC Analysis

#### 1. **Issue**
The issue here concerns whether the clause in question within the Terms of Service (TOS) falls into an unfair category. Specifically, the clause addresses Linden Lab's responsibility for repairing, replacing, or restoring access to user subscriptions and virtual goods/services, including any virtual space or tender, in the event of changes, suspensions, terminations, or losses.

#### 2. **Rule**
To determine if the clause is unfair, we need to consider relevant legal principles, which can include consumer protection laws, contract law, and specific regulations concerning online services and digital content. Many jurisdictions have laws that prohibit terms that are considered to be unfair, unreasonable, or that unilaterally favor one party at the expense of another.

#### 3. **Explanation**
Under these rules, a term is often deemed unfair if it:
- Is not transparently disclosed;
- Significantly affects a consumer's rights;
- Provides disproportionate benefits to the service provider compared to the consumer;
- Exempts the provider from liability for its own negligence or misconduct;
- Allows the provider to unilaterally modify the terms without reasonable notice.

In the context provided, the TOS clause seems to broadly limit Linden Lab’s liability for various issues, including changes to services, system errors, and other reasons. This could be seen as an attempt to shield the company from any financial or reparative responsibility towards users under almost all circumstances.

#### 4. **Application**
Applying these principles to the clause:
- **Transparency**: The clause does clearly state Linden Lab's stance on liability and responsibility.
- **Consumer Rights Impact**: The clause significantly reduces Linden Lab’s obligations to repair, replace, or provide refunds for a wide range of scenarios, potentially harming consumer rights.
- **Disproportionate Benefit**: The clause benefits Linden Lab by reducing potential liabilities, while imposing significant risks on consumers who may lose access to their virtual goods and services without compensation.
- **Exemption from Liability**: The clause exempts Linden Lab from liability for their own actions (such as changing or terminating services) and even for external factors like system errors.
- **Unilateral Change**: While not directly addressed, the clause’s broad scope could support a unilateral decision by Linden Lab to avoid responsibilities.

#### 5. **Conclusion**
Based on the analysis, the clause appears to be problematic under fairness standards. It provides Linden Lab with considerable protection and places a heavy burden on the consumer by limiting the company's liability for virtually any issue related to",,False,2026-08-27T00:16:29.874120+00:00
unfair_tos_32,interpretation,treacc,2,2,Qwen/Qwen2.5-32B-Instruct,"Structure your reasoning according to these steps: (1) Topic; (2) Rule; (3) Explanation; (4) Analysis; (5) Counterarguments; (6) Conclusion.
Labels: Arbitration, Choice of law, Content removal, Limitation of liability, Other, Unilateral change, Unilateral termination
Context: the information supplied by this application is believed to be accurate , but tripadvisor , and/or its affiliates do not warrant or guarantee such accuracy . 
Question: Does this Terms of Service clause fall into an unfair category?
End your response with a line in exactly this format: Final Answer: <your answer>","### Topic
The topic of discussion here is a specific clause within a Terms of Service document provided by TripAdvisor, stating that while the information supplied by the application is believed to be accurate, TripAdvisor and/or its affiliates do not warrant or guarantee such accuracy.

### Rule
To determine if a clause in a Terms of Service agreement can be considered unfair, it must be evaluated against consumer protection laws and regulations that govern terms of service, particularly focusing on transparency, fairness, and the potential for undue disadvantage to consumers.

### Explanation
The clause in question falls under the ""Limitation of Liability"" category, as it explicitly limits the liability of TripAdvisor and its affiliates regarding the accuracy of the information provided through their platform. Such clauses are common in many online service agreements and aim to protect companies from being held liable for inaccuracies or errors in user-generated content or third-party information.

### Analysis
From a consumer protection perspective, limiting liability for the accuracy of information can be seen as a standard business practice. However, it becomes a point of concern when users are led to believe the information is guaranteed to be accurate, only to find out later that there is no such guarantee. This could potentially mislead users into making decisions based on information they assume is accurate but may not be. 

Moreover, while limiting liability is generally accepted, it should be balanced with clear communication about the nature of the information provided and any disclaimers that apply. In this case, the clause clearly states that no warranty or guarantee is given, which enhances transparency but does not eliminate the potential for misunderstanding.

### Counterarguments
One might argue that the clause is fair because it sets realistic expectations and protects both the company and the users from unrealistic claims of liability. By explicitly stating that no guarantee is made regarding the accuracy of information, the clause ensures that users understand the limitations of the services provided.

However, another counterargument is that even with clear disclaimers, the clause still has the potential to disadvantage users who make decisions based on information they believe to be accurate. In some jurisdictions, this could be viewed as an imbalance that tilts heavily in favor of the provider.

### Conclusion
Considering the analysis and counterarguments, the clause in question leans towards being less unfair than unfair, primarily due to its transparent nature. However, the fairness of such clauses can vary significantly depending on the jurisdiction and the specific context of use. In contexts where high levels of accuracy are critical (e.g., travel health information), additional measures to ensure reliability or clearer communication about the risks involved might be necessary.

Final Answer",,False,2026-08-27T02:39:59.247542+00:00
unfair_tos_34,interpretation,cleo,1,0,Qwen/Qwen2.5-32B-Instruct,"Analyze this using the CLEO method, addressing each part in order: (1) Claim; (2) Law; (3) Evaluation; (4) Outcome.
Labels: Arbitration, Choice of law, Content removal, Limitation of liability, Other, Unilateral change, Unilateral termination
Context: the nintendo account service is not available in all countries . 
Question: Does this Terms of Service clause fall into an unfair category?
End your response with a line in exactly this format: Final Answer: <your answer>","To analyze the provided context and question using the CLEO method, we will address each part sequentially:

1. **Claim**: The claim here is that a particular Terms of Service clause related to the Nintendo Account Service potentially falls into an unfair category due to its limited availability in certain countries.

2. **Law**: To evaluate the fairness of the clause, we need to consider the relevant laws and regulations regarding digital services, particularly those concerning consumer rights and the provision of online services across borders. In many jurisdictions, including those covered by the European Union's General Data Protection Regulation (GDPR) and similar national legislation, there are strict rules about the fair treatment of consumers and the transparency and fairness of Terms of Service. Additionally, laws governing contracts, especially those involving online services, must ensure that terms do not unfairly disadvantage users.

3. **Evaluation**: The evaluation involves assessing how the given context aligns with the legal standards mentioned. Specifically, we look at whether the limitation of the Nintendo Account Service to certain countries alone constitutes an unfair practice. Generally, the fact that a service is not available in all countries does not inherently make it unfair. However, if the Terms of Service contain clauses that unilaterally favor Nintendo over the user, such as provisions for unilateral change or termination of the service without reasonable justification, or if they limit liability excessively, these could be considered unfair practices depending on the specific wording and circumstances.

   - **Unilateral Change**: If the clause allows Nintendo to change the service terms without notifying the users adequately, this could be seen as unfair.
   - **Unilateral Termination**: Similarly, if the service can be terminated by Nintendo without cause or sufficient notice, it may also be viewed as unfair.
   - **Limitation of Liability**: Excessive limitations on Nintendo’s liability, where it disproportionately affects the users’ ability to seek compensation or remedy, could be deemed unfair.
   - **Arbitration**: If disputes must be resolved through arbitration in a jurisdiction unfavorable to the user, this could also be problematic.
   
   Without the exact text of the clause, we cannot definitively determine its fairness, but these are the key areas to examine based on the provided labels.

4. **Outcome**: Based on the evaluation, the fairness of the Terms of Service clause depends on the specifics of the clause itself. If it contains elements such as excessive unilateral power over changes, termination, or limitations of liability, it might indeed fall into an unfair category. However, the mere fact that the service is not available in all countries does not necessarily",,False,2026-08-27T07:49:48.901202+00:00
unfair_tos_35,interpretation,treacc,1,2,Qwen/Qwen2.5-32B-Instruct,"Analyze this using the TREACC method, addressing each part in order: (1) Topic; (2) Rule; (3) Explanation; (4) Analysis; (5) Counterarguments; (6) Conclusion.
Labels: Arbitration, Choice of law, Content removal, Limitation of liability, Other, Unilateral change, Unilateral termination
Context: a physical signature of the person authorized to act on behalf of the owner of the copyright interest ; 
Question: Does this Terms of Service clause fall into an unfair category?
End your response with a line in exactly this format: Final Answer: <your answer>","(1) **Topic**: The topic at hand is whether a particular clause within a Terms of Service document, which requires a ""physical signature of the person authorized to act on behalf of the owner of the copyright interest,"" can be considered unfair or problematic.

(2) **Rule**: To assess if a clause is unfair, one must consider various legal standards and ethical guidelines that govern contracts, particularly those involving digital content and intellectual property rights. This includes evaluating the fairness of the clause in terms of its impact on both parties' rights and obligations.

(3) **Explanation**: The clause in question pertains to the requirement for a physical signature to validate authorization over copyright interests. In the context of digital agreements and services, such a requirement could pose challenges, especially when compared to electronic signatures which are widely accepted and used for similar purposes.

(4) **Analysis**: From a practical standpoint, requiring a physical signature might impose unnecessary burdens, such as delays due to postal service times or difficulties in obtaining a physical signature from individuals located remotely. However, it also ensures a higher level of authentication and security, which is crucial in matters related to copyright protection.

   - **Arbitration**: This clause does not directly relate to arbitration.
   - **Choice of Law**: The clause does not specify any jurisdictional preference or choice of law.
   - **Content Removal**: The clause does not address content removal policies.
   - **Limitation of Liability**: There's no direct relation to limitations of liability.
   - **Other**: This clause falls under other categories, as it concerns the formalities of legal authorization in digital transactions.
   - **Unilateral Change**: The clause does not involve unilateral changes to the agreement.
   - **Unilateral Termination**: There's no mention of unilateral termination rights in this clause.

(5) **Counterarguments**: While the requirement for a physical signature might seem archaic in the era of digital transactions, it is important to consider the potential benefits of ensuring high standards of authenticity and accountability. This could be particularly relevant in cases where the stakes are high, such as protecting valuable intellectual property. On the other hand, the inconvenience and potential delays could be seen as disproportionately burdensome.

(6) **Conclusion**: Whether the clause is unfair largely depends on the broader context of the agreement and the specific circumstances of its application. If the requirement for a physical signature significantly hinders usability without providing commensurate benefits in terms of security or legal protection, it may be viewed as unduly restrictive. However, in contexts where the integrity",,False,2026-08-27T10:23:36.777210+00:00
unfair_tos_38,interpretation,ireac,1,1,Qwen/Qwen2.5-32B-Instruct,"Analyze this using the IREAC method, addressing each part in order: (1) Issue; (2) Rule; (3) Explanation; (4) Application; (5) Conclusion.
Labels: Arbitration, Choice of law, Content removal, Limitation of liability, Other, Unilateral change, Unilateral termination
Context: if there is a substantial change in the itinerary or the host service needs to be cancelled , airbnb will work with the host to provide guests an alternative date for the host service , an appropriate refund or a rebooking . 
Question: Does this Terms of Service clause fall into an unfair category?
End your response with a line in exactly this format: Final Answer: <your answer>","To analyze whether the given Terms of Service clause falls into an unfair category using the IREAC method, we need to address each component as follows:

(1) **Issue**: The issue here revolves around the fairness of Airbnb's policy regarding substantial changes in the itinerary or cancellation of host services. Specifically, it concerns whether providing guests alternatives like an alternative booking date, a refund, or a rebooking constitutes fair treatment under the circumstances.

(2) **Rule**: In assessing the fairness of such clauses, various legal principles and consumer protection laws can be applied. Key considerations include whether the clause is transparent, whether it imposes unreasonable terms on one party over another, and whether it aligns with industry standards and reasonable expectations of service.

(3) **Explanation**: Fairness in the context of contract law often involves assessing the balance of obligations between the contracting parties. Clauses that allow unilateral actions by one party without offering adequate compensation or remedy to the other party can be seen as unfair. However, the fairness also depends on the standard practices within the industry and the reasonableness of the clause's application.

   - **Transparency**: The clause appears clear in stating that Airbnb will work with the host to provide guests an alternative booking date, a refund, or rebooking if there is a substantial change in the itinerary or if the service needs to be canceled.
   - **Unreasonableness**: The clause does not specify the conditions under which these alternatives are provided, such as the timeframe for offering alternatives or the criteria for what constitutes a ""substantial change.""
   - **Consumer Protection**: Under many jurisdictions, consumer protection laws aim to ensure that consumers are not left in an unfair position due to unexpected changes in service. Providing alternatives or refunds is generally aligned with these laws, but the specifics (e.g., timeliness, adequacy of the alternatives) would matter.

(4) **Application**: Applying the above rule to the specific clause in question:
   - The clause offers options that could reasonably satisfy a guest's needs (alternative date, refund, or rebooking), aligning with the principle of fairness.
   - However, without more detail, it's challenging to assess if the clause is fully balanced. For instance, the absence of specific timelines or criteria for determining what constitutes a ""substantial change"" could lead to disputes where one party feels unfairly treated.

(5) **Conclusion**: While the clause appears to aim at fairness by providing alternatives, its lack of specificity about key details such as timelines and criteria for ""substantial changes"" leaves",,False,2026-08-27T17:59:58.964863+00:00
unfair_tos_41,interpretation,irac,1,0,Qwen/Qwen2.5-32B-Instruct,"Analyze this using the IRAC method, addressing each part in order: (1) Issue; (2) Rule; (3) Application; (4) Conclusion.
Labels: Arbitration, Choice of law, Content removal, Limitation of liability, Other, Unilateral change, Unilateral termination
Context: in the event of a request for temporary injunctive relief , the requirement for 60 days ' dialogue before an arbitration can be initiated shall not apply . 
Question: Does this Terms of Service clause fall into an unfair category?
End your response with a line in exactly this format: Final Answer: <your answer>","### Issue
The issue at hand is whether a clause in the Terms of Service that allows for immediate initiation of arbitration proceedings upon a request for temporary injunctive relief, bypassing a 60-day dialogue requirement, falls into the category of being unfair.

### Rule
To evaluate fairness, one must consider if the clause is unconscionable, meaning it is unreasonably favorable to one party and thus oppressive to the other. In assessing unconscionability, courts often look at both procedural unconscionability (how the contract was formed) and substantive unconscionability (the actual terms of the agreement). Additionally, the enforceability of arbitration clauses under relevant laws, such as the Federal Arbitration Act (FAA) in the United States, should be considered. The FAA generally favors the enforcement of arbitration agreements unless they are shown to be invalid under general contract principles.

### Application
In applying these rules to the specific clause in question, we need to examine both aspects of unconscionability:
- **Procedural Unconscionability:** This could involve questions about whether the clause was presented clearly and whether the party agreeing to it had reasonable opportunity to understand its implications or negotiate its terms. If the clause is buried in fine print or if the party agreeing to it did not have any meaningful negotiation power, this might indicate procedural unconscionability.
- **Substantive Unconscionability:** The substance of the clause itself might be questioned. Here, the clause appears to provide an exception to a standard 60-day dialogue period when there's a request for injunctive relief. Whether this is fair would depend on the context—whether such requests are common, whether they genuinely require immediate attention without prior negotiation, and how this affects the balance between the parties' rights.

Moreover, since the clause pertains to arbitration, the FAA would likely be applicable, which generally upholds arbitration agreements unless there’s clear evidence of fraud or overreaching.

### Conclusion
Given that the clause allows for immediate arbitration in urgent situations involving injunctive relief, it may be seen as a reasonable exception that aligns with the spirit of providing swift resolution to critical disputes. However, whether it is procedurally or substantively unconscionable would depend on the specifics of how the clause is implemented and the broader context of the Terms of Service. Without more information on the negotiation process and the typical nature of requests for injunctive relief, it cannot definitively be labeled as unfair. It would likely stand scrutiny under",,False,2026-08-28T18:32:32.902586+00:00
unfair_tos_41,interpretation,cleo,1,1,Qwen/Qwen2.5-32B-Instruct,"Analyze this using the CLEO method, addressing each part in order: (1) Claim; (2) Law; (3) Evaluation; (4) Outcome.
Labels: Arbitration, Choice of law, Content removal, Limitation of liability, Other, Unilateral change, Unilateral termination
Context: in the event of a request for temporary injunctive relief , the requirement for 60 days ' dialogue before an arbitration can be initiated shall not apply . 
Question: Does this Terms of Service clause fall into an unfair category?
End your response with a line in exactly this format: Final Answer: <your answer>","### Analysis using the CLEO Method

#### 1. **Claim**
The claim here is that the clause stating ""in the event of a request for temporary injunctive relief, the requirement for 60 days' dialogue before an arbitration can be initiated shall not apply"" potentially falls into an unfair category within the context of a Terms of Service agreement.

#### 2. **Law**
- **Arbitration**: The clause concerns the initiation of arbitration procedures, which is governed under arbitration laws and regulations. In many jurisdictions, there are specific rules about the process leading up to arbitration, including provisions for pre-arbitration negotiations or dialogues.
- **Choice of Law**: The choice of law provision would determine which jurisdiction's laws govern the interpretation and enforcement of the clause. This could affect how the clause is viewed regarding fairness and enforceability.
- **Limitation of Liability**: Although this clause does not directly address limitation of liability, it indirectly affects the timing and conditions under which a party can seek legal redress through arbitration.
- **Unilateral Change/Unilateral Termination**: These labels do not apply directly to this clause as it does not involve changes or terminations unilaterally made by one party.

#### 3. **Evaluation**
- **Fairness and Reasonableness**: The clause allows for bypassing the usual 60-day dialogue period when a request for temporary injunctive relief is made. This could be seen as fair in the context where immediate action is necessary to prevent harm or irreparable damage. However, if the threshold for such a request is too low, it might be seen as giving one party undue advantage over the other.
- **Consumer Protection**: From a consumer protection standpoint, the clause could be scrutinized if it disproportionately favors the company at the expense of the user’s rights, especially if users are not aware of the conditions under which they might need to initiate such a request.
- **Enforceability**: The enforceability of this clause would depend on whether it aligns with the principles of fairness and reasonableness under the applicable arbitration laws and the chosen jurisdiction’s consumer protection laws.

#### 4. **Outcome**
Given the analysis above, while the clause itself does not inherently fall into an unfair category, its fairness depends heavily on how it is applied and interpreted. If the circumstances for invoking the clause are clearly defined and reasonable, it may be considered fair and enforceable. However, if the clause gives disproportionate power to one party without clear and justifiable reasons, it could be deemed",,False,2026-08-28T18:41:51.843706+00:00
unfair_tos_43,interpretation,ireac,1,2,Qwen/Qwen2.5-32B-Instruct,"Analyze this using the IREAC method, addressing each part in order: (1) Issue; (2) Rule; (3) Explanation; (4) Application; (5) Conclusion.
Labels: Arbitration, Choice of law, Content removal, Limitation of liability, Other, Unilateral change, Unilateral termination
Context: you are responsible for identifying , understanding , and complying with all laws , rules and regulations that apply to your participation in an experience , event or other host service . 
Question: Does this Terms of Service clause fall into an unfair category?
End your response with a line in exactly this format: Final Answer: <your answer>","### Analysis Using the IREAC Method

#### 1. **Issue**
The issue at hand is whether a specific clause in a Terms of Service (TOS) document, which requires users to comply with all applicable laws, rules, and regulations pertaining to their participation in an experience or event, can be considered unfair. This analysis will focus on the fairness of the clause in relation to the provided labels: Arbitration, Choice of Law, Content Removal, Limitation of Liability, and Unilateral Change/Termination.

#### 2. **Rule**
To assess the fairness of this TOS clause, we need to consider several legal principles:
- **Consumer Protection Laws**: These laws often mandate that TOS clauses must not be unconscionable or unfairly one-sided against consumers.
- **Unfair Contract Terms Act**: In some jurisdictions, there are specific acts that define what constitutes an unfair contract term, such as terms that significantly imbalance the rights of the parties or terms that allow one party to unilaterally change the contract without notice.
- **Jurisdictional Specifics**: Different regions may have specific guidelines about the fairness of TOS clauses, especially regarding unilateral changes, arbitration clauses, and limitation of liability.

#### 3. **Explanation**
The clause in question obligates the user to comply with all applicable laws, rules, and regulations concerning their participation. While this is generally a standard requirement, its fairness depends on how it interacts with other provisions in the TOS, particularly those related to arbitration, choice of law, content removal, limitation of liability, and unilateral change/termination.

- **Arbitration**: If the TOS includes an arbitration clause that prevents users from seeking redress in court, the obligation to comply with laws might be undermined if the arbitration process is biased or lacks transparency.
- **Choice of Law**: A choice of law provision that selects a jurisdiction distant from where most users reside can make it harder for users to enforce their rights, especially if the chosen jurisdiction has more lenient consumer protection laws.
- **Content Removal**: If the clause allows the host to remove content without cause or fair notice, this could disproportionately impact the user's ability to participate fully in the experience.
- **Limitation of Liability**: A broad limitation of liability clause could shield the host from legal responsibility even when they breach the terms or cause harm, making the compliance requirement less meaningful.
- **Unilateral Change/Termination**: If the TOS allows the host to unilaterally modify the agreement or terminate the service at any time without",,False,2026-08-28T23:58:32.604973+00:00
learned_hands_education_2,issue-spotting,ireac,1,0,Qwen/Qwen2.5-32B-Instruct,"Analyze this using the IREAC method, addressing each part in order: (1) Issue; (2) Rule; (3) Explanation; (4) Application; (5) Conclusion.
Labels: No, Yes
Context: I'll start with the brief background.  My mom has been an alcoholic for just under a decade, and she dragged my dad into it for a while too. My sisters and I were emotionally abused and berated for the last 5 years or so. I was getting the most of it and would instigate to prevent it from getting to my sisters, but I was at University this last year and it got to them.  Finally, my mom got into rehab. Instead of getting better, she cheated on my dad with an alcoholic 25 years older than her in rehab and abandoned us for him after getting out. She's refusing to help with any bills, even though my dad can't cancel her off the phone plan without paying a $600+ fee. She won't help with any of my sisters' activities costs or my schooling.  I'm 19 now. I built my car up from scratch with my dad, and it was given to me for my birthday at 16. Stayed in parents' names for insurance purposes. I've got a job now and am paying my own things because my dad can't afford it all on his own, but my mom is refusing to sign anything over. She won't sign off on the title of my car to me, or even my sisters car to her. She changed our legal address on our accounts so all of our bills, which she isn't helping with at all, go to wherever she is and we can't access them.   She's literally holding everything in our life ransom because she got sober for a hot minute and ""fell in love"" with this guy and has gone completely loony on us. (Yet she keeps texting us kids how much she loves us.) As a result of this, in addition to paying my own things as I mentioned above, I'm having to send my dad hundreds of my earned money (which I desperately need because Michigan raised public university tuition prices almost 3% again this year) because he can't afford everything on his own.  She apparently wants to do an ""easier"" (I know it's never really easy) divorce that doesn't require court or anything, just filling out the documents and seeing a judge or something, I don't completely understand how it works. My dad is trying to fill out the divorce documents, but it's hard. He's been struggling massively with depression since all of this started happening. (To make it worse, my internship is 10 hours away in Minnesota, so I can't be physically there to help.)  I guess the question/advice I'm seeking, is what are our legal rights against my mom as the remainder of our family (Me, dad, sister 16, sister 14), and what are my legal rights against my mom in terms of my car, when I have my dad's backing? (The plates and everything expire this month and I don't know what to do.)  Title has MI in it, but for clarification, we live in Southwest Michigan. Even though I'm in Minnesota for the whole summer my legal address is still our home there.  Thanks everyone. I'm sorry if this was a bit too long; I'm an avid reader of this subreddit, never thought I would need to use it for something like this, though.
Question: Does this post describe a potential education law issue?
End your response with a line in exactly this format: Final Answer: <your answer>","### Analysis Using the IREAC Method

#### Issue:
The primary issues in the context provided relate to family law, property rights, and possibly consumer protection laws. Specifically, the concerns are about the mother’s refusal to cooperate in legal matters concerning her children’s and ex-husband’s properties, her actions regarding financial support and shared responsibilities, and the complications arising from her recent behavior following her rehabilitation.

#### Rule:
- **Family Law**: Family law typically governs issues related to marriage dissolution, custody, support, and division of property. In this case, the refusal to sign off on the car title, the refusal to contribute to household expenses, and the change in legal addresses could all be addressed through family law.
- **Property Rights**: Property rights laws determine who owns what and under what conditions. The fact that the car was built by the father and gifted to the child, with the title still in the parents’ name, means that the father can transfer ownership to the child.
- **Consumer Protection Laws**: These might come into play if there are disputes over the phone plan cancellation fees or other financial obligations where the mother’s behavior is seen as unfairly detrimental to the family.

#### Explanation:
The context involves complex family dynamics where the mother’s actions (or lack thereof) are causing significant issues for the remaining family members. Under family law, the court can compel a party to provide necessary documentation for property transfers. Property rights laws generally allow the original owner to gift property and subsequently change its title to reflect new ownership. Consumer protection laws may not directly apply but could offer some recourse if the mother’s actions are seen as abusive or exploitative in a financial sense.

#### Application:
In applying these rules to the specific situation described, the father (with the support of his children) could seek legal assistance to force the mother to sign off on the car title. Additionally, the father could pursue legal action to ensure the mother contributes financially to the household and support her children, especially considering her previous behavior and current estrangement. The legal system, through family law courts, can enforce such actions and potentially expedite the divorce process under the mother’s willingness for a simplified procedure.

#### Conclusion:
Given the detailed situation, it appears that the primary issues are centered around family law and property rights, rather than education law specifically. Education law generally deals with regulations governing educational institutions, student rights, and educational policies, which aren’t directly relevant to the core problems described here. However, the financial strain caused by the mother’s actions does indirectly affect the student’s ability to",,False,2026-08-24T00:27:56.742450+00:00
learned_hands_education_4,issue-spotting,cot,1,1,Qwen/Qwen2.5-32B-Instruct,"Determine the correct classification for the following. Work through your reasoning step by step before answering.
Labels: No, Yes
Context: I'm trying to enroll my child in kindergarten. I attended pre-reg in April and provided my lease and copy of utilities. All utilities are in my name. On lease my name is listed under occupants, but my step mother is the primary lease holder. (She signed for me 2 years ago when I first got back to the US because of the employment gap.)    Received letter stating that I am required to appear with the primary lease holder in person on a specific date/hours next week for her to sign an affidavit saying I live there. Apparently this is a new county wide requirement put in place specifically to [irrelevant opinion.] She cannot be here for it. She can't leave work and she lives out of state. They said she can't have it signed and notarized not in person. (She has never lived in the apartment and signed online. Basically my guarantor or whatever.)  I called the school board and they said a wordier version of too bad and that she has to come. Another woman in the kindy office said to show up alone and plead my case, but she has no authority and could tell I was frustrated. I'm assuming I have to miss work and show up alone, but do I have any leg to stand on to get her enrolled?  Don't they have to enroll even homeless kids?
Question: Does this post describe a potential education law issue?
End your response with a line in exactly this format: Final Answer: <your answer>","To determine if this post describes a potential education law issue, we need to analyze the situation based on the context given.

1. **Understanding the Context**:
   - The individual is attempting to enroll their child in kindergarten.
   - They have already attended a pre-registration where necessary documents were submitted, including proof of residence (lease and utility bills).
   - The lease lists the individual as an occupant, not the primary holder; the primary holder is their stepmother who lives out of state and signed the lease on their behalf due to employment-related reasons.
   - There is a new requirement from the county that the primary leaseholder must sign an affidavit affirming the occupancy status in person.
   - The primary leaseholder (stepmother) cannot comply with this requirement due to being out of state and unable to take time off work.
   - The school system insists that this affidavit be signed in person by the primary leaseholder and does not accept a notarized document.
   - The individual is facing a dilemma about whether they can successfully enroll their child without meeting these conditions.

2. **Education Law Considerations**:
   - Under federal law, particularly the McKinney-Vento Homeless Assistance Act, children experiencing homelessness have certain rights regarding enrollment in public schools, including immediate enrollment without proof of residency or guardianship.
   - However, the scenario presented does not indicate homelessness, rather a bureaucratic hurdle related to proving residency through specific documentation requirements.
   - State and local education laws may vary, but generally, there's an expectation that schools must make reasonable accommodations to ensure children can attend school regardless of their parents' ability to provide specific types of documentation.

3. **Analysis of Legality and Potential Issues**:
   - The strict requirement for the primary leaseholder's presence to sign an affidavit could be seen as an unreasonable barrier if it prevents enrollment.
   - If the requirement disproportionately affects families who cannot meet it due to circumstances beyond their control (such as living out of state), it might raise questions about fairness and compliance with educational equity principles.
   - Given that the school system seems inflexible despite the individual’s efforts to comply and the unusual nature of the requirement (especially given the stepmother’s role as a guarantor and not a resident), there could be grounds for questioning whether this requirement is overly stringent or violates broader educational policy goals.

4. **Conclusion**:
   - While the scenario doesn’t directly involve homelessness, the rigidity of the requirement and the inability to adapt to the unique situation of the family could indeed represent a potential",,False,2026-08-24T05:12:27.043837+00:00
learned_hands_education_29,issue-spotting,irac,1,2,Qwen/Qwen2.5-32B-Instruct,"Analyze this using the IRAC method, addressing each part in order: (1) Issue; (2) Rule; (3) Application; (4) Conclusion.
Labels: No, Yes
Context: I was set to graduate from college within the prescribed 4 years. The final classes I needed to graduate were not offered at my university (small liberal arts college). I missed out on registering for the classes at another school so my time in school was to be extended by a semester. The financial aid office and business offices at my school are terrible. They took forever to get back to me and since I was over 21 they requested dependent verification paperwork. This all took place halfway through the final semester. I had filled out all requirements on my part to receive my financial aid. The only thing I needed to submit was my mother’s tax return forms. Well since I had not graduated on time my mother was upset and kicked me out of her house. So there I was in school, homeless and broke so I stopped attending classes.   Now I am 10,000 in debt outside of student loans with the school. My concern is how is this possible if I never approved my financial aid (loans). The fault lies in the bad timing on the school’s part. It takes them far too long to communicate with students. Is there anything I can do? I am in too much debit to ignore this and not get a degree. Especially considering the quality of education at the school is a joke and everybody cheats.   I don’t want to come off as vindictive but my attempts at speaking to the administration have not yielded any results. What can I do to make them listen? Will contacting the accreditation bureau help? I want to include legal action but so far that is a hollow threat with the condition of my finances. Should I get legal representation or find another way to handle this?
Question: Does this post describe a potential education law issue?
End your response with a line in exactly this format: Final Answer: <your answer>","### Issue
The main issue in this scenario revolves around whether the institution's delays and inefficiencies in processing financial aid applications, coupled with the student's subsequent inability to complete coursework due to homelessness and financial instability, could lead to legal or administrative actions against the university. The student is also concerned about the legality of accruing significant debt without having formally approved the financial aid.

### Rule
Under U.S. federal law, educational institutions must adhere to specific guidelines regarding financial aid distribution and academic progress, particularly under the Higher Education Act (HEA) and the regulations set forth by the U.S. Department of Education. Institutions must provide timely communication regarding financial aid decisions and must ensure that students are aware of the consequences of not completing their courses. Additionally, under certain circumstances, a student may appeal to the institution for adjustments or waivers based on extenuating circumstances.

### Application
In applying these rules to the situation described, the student's case involves multiple layers of issues:
- **Financial Aid Processing Delays:** If the institution failed to process the student’s financial aid in a timely manner, it may be in violation of federal regulations requiring clear and prompt communication.
- **Academic Progress:** The student's inability to complete coursework due to being cut off from financial support and becoming homeless could be considered extenuating circumstances. Under HEA, students may request an appeal for special consideration if they believe the conditions were beyond their control.
- **Debt Accumulation:** The student’s concern about incurring debt without formal approval of financial aid touches on the principle of informed consent. Federal regulations mandate that students must explicitly agree to take on student loans before disbursement.

### Conclusion
Given the outlined issues, there are several steps the student can take:
1. **Appeal to the University:** The first step should be to formally appeal to the university's academic and financial aid offices, providing documentation of the extenuating circumstances and requesting a waiver or adjustment to the debt.
2. **Contact Accreditation Bureau:** If internal appeals fail, contacting the institution's accrediting body could put pressure on the university to address the student’s concerns. Accrediting bodies oversee compliance with educational standards and may intervene if they see systemic issues.
3. **Legal Consultation:** While immediate legal action might be financially challenging, consulting with a legal professional could offer guidance on the student’s rights and the feasibility of pursuing legal action. Some organizations offer pro bono services or sliding scale fees for students facing such situations.
4. **Financial Assistance Programs:** Exploring additional financial assistance programs,",,False,2026-08-26T19:28:58.399033+00:00
learned_hands_education_41,issue-spotting,ireac,0,0,Qwen/Qwen2.5-32B-Instruct,"Work through the following steps before answering: (1) Issue; (2) Rule; (3) Explanation; (4) Application; (5) Conclusion.
Labels: No, Yes
Context: Clarksville TN, CHS.  I sold and printed about a hundred shirts with the message ""Sex Is Okay"" and a illustration of a bee. They are innocent in appearance, as was my intention.  The reason I did this was to promote a more open culture in regard to sexuality among people of my generation. I live in the southern US where sex negativity is at the root of massive STD rates, teen pregnancies, and foolish legal jurisdictions. I knew the school wouldn't be HAPPY about this, but since I saw them as being a part of the problem, I figured that was unavoidable.  What I did not expect was for the school to bar me and my fellow supporters from wearing the shirts all together.  I understand that the school DOES have the right to bar freedom of speech if it is ""vulgar"" as defined by the Bethel VS. Fraser case, and if it poses a ""material and substantial disruption"" as defined by the Des Moines VS Tinker supreme court trial, but I can see no argument by which the word ""sex"" is vulgar, as there is no more politically correct replacement. Besides, the word is included in non-literary educational material.  Am I missing something important here? Is the school perfectly within their right?  ------------------------------------ TLDR: Printed and sold shirts reading ""Sex Is Okay' for a movement I've been working on. High School banned them. Is my freedom of expression being trodden upon?
Question: Does this post describe a potential education law issue?
End your response with a line in exactly this format: Final Answer: <your answer>","(1) Issue:
The issue described involves a student who has printed and distributed shirts with the message ""Sex Is Okay"" and an illustration of a bee, aiming to promote a more open culture regarding sexuality. The high school has banned the students from wearing these shirts, raising questions about whether this action infringes on the students' freedom of expression.

(2) Rule:
The relevant rules here come from U.S. Supreme Court decisions on student free speech rights in schools. Key cases include Tinker v. Des Moines Independent Community School District (1969), which established that students do not ""shed their constitutional rights to freedom of speech or expression at the schoolhouse gate,"" unless the speech causes a substantial disruption or material interference with school activities or invades the rights of others. Another relevant case is Bethel School District No. 403 v. Fraser (1986), which allows schools to prohibit lewd, indecent, or vulgar speech.

(3) Explanation:
In Tinker v. Des Moines, the Supreme Court ruled that students can engage in symbolic speech, such as wearing armbands, so long as it does not disrupt the operation of the school. In contrast, Fraser allowed schools to discipline a student for giving a lewd speech at a school assembly, indicating that schools can prohibit speech that is vulgar or lewd. The question then becomes whether the phrase ""Sex Is Okay"" on the shirt is considered vulgar or lewd, or if its display would cause a substantial disruption.

(4) Application:
Applying these rules to the context provided, one must determine if the phrase ""Sex Is Okay"" is considered vulgar or lewd under the standards set by Bethel v. Fraser or if it causes a substantial disruption as per Tinker v. Des Moines. Given that the phrase itself does not contain explicit sexual content and the student's intent was to promote an educational message rather than to shock or offend, it may be argued that it doesn't fit the criteria for prohibition based on vulgarity. However, the school's authority to ban such items is still strong if they can demonstrate that the shirts' distribution and wearing led to a significant disruption of the learning environment.

(5) Conclusion:
Based on the information provided, this situation does present a potential education law issue concerning the balance between student free speech rights and the school's duty to maintain order and prevent disruptions. Without clear evidence of substantial disruption caused by the shirts, the school's broad ban could be challenged as an overreach.

Final Answer",,False,2026-08-28T19:24:15.879603+00:00
learned_hands_education_42,issue-spotting,irac,1,2,Qwen/Qwen2.5-32B-Instruct,"Analyze this using the IRAC method, addressing each part in order: (1) Issue; (2) Rule; (3) Application; (4) Conclusion.
Labels: No, Yes
Context: I purchased my home in May of 2017.  The seller was a real estate agent who had flipped the home.  He marketed the home as a ""remodel"" and that it had a ""new bathroom"" referring to the basement bathroom at issue.  I had the home inspected, and while many things came up which were addressed and negotiated, the basement bathroom plumbing was missed on the inspection and never came up.  After closing in May, I moved in the first week of July.  I immediately noticed a smell coming from my basement bathroom.  I assumed it was a dry p-trap and that some water just needed to be ran.  I did so.  Multiple times.  Days go by, smell does not go away.  I finally unscrew the drain cover and find that my PVC shower flange leads to a gap and then into a cast iron p-trap designed for a floor drain, not a shower.  Long story short, the contractor (seller/owner's business partner) added this shower on top of an existing floor drain and installed a ""fake"" shower drain which emptied directly into the old floor drain.  The old floor drain is now emitting sewer gas from a dislodged or rotten cleaning plug which can only be repaired by tearing up the shower and much of the bathroom floor tile and completely replumbed.  I've had it inspected by a licensed plumber and quoted at around $5,000.  Here's the kicker:  I signed a waiver under MN Law 513.60 which waives the sellers duty to disclose.  It does not prevent, however, fraud or ""negligent misrepresentation"" pursuant to 513.57 S3.  Do I have any hope against this flipper?  I've already been in contact with him through my buyer's RE agent and he basically denies liability.  Another question:  The plumber I had inspect the issue made clear that the work could not have been permitted because it didn't come close to meeting code (lacked a vent and other obvious problems).  Is there a government remedy for unpermitted work?  Especially by a non-resident owner looking to sell the home?  Does that give me leverage of any sort?  Finally, on the off chance my inspector has error and omission insurance, do I have a claim against him?  I did not sign a pre-inspection contract, and I paid $550 for the inspection.  The plumber I had inspect the issue said the lack of code meeting was absolutely obvious from the unfinished part of the basement where the bathroom wall is open from the rear.  Vented sink, vented toilet, no vent for the shower, and that should have thrown up red flags to the inspector.  Any help would be greatly appreciated.  I realize I may be stuck paying for another ""remodel.""  Just trying to see if I have any options.  Thanks in advance.  Quick note:  I am a personal injury attorney in Tennessee.  I know enough about property law to have passed the TN bar, and I know enough MN law to fit in a thimble.  TL;DR - Flipper sold me a house with unpermitted plumbing work that is now causing a major problem in the basement bathroom.  I waived the seller's disclosure requirement (somehow and stupidly), and now I'm wondering if I have a claim against the seller or the inspector who negligently missed the ""obvious"" code violations from the shower.
Question: Does this post describe a potential education law issue?
End your response with a line in exactly this format: Final Answer: <your answer>","The IRAC method is used to analyze legal issues by identifying the issue, stating the relevant rule, applying the rule to the facts of the case, and concluding whether there is a viable legal claim. However, the context provided does not describe an educational law issue but rather a property law and potentially contract law issue related to a home purchase. Here’s how one would apply the IRAC method to the scenario presented:

(1) **Issue:** The primary issue is whether the homeowner can pursue legal action against the seller for fraudulent misrepresentation or negligent misrepresentation regarding the condition of the basement bathroom plumbing, despite signing a waiver under Minnesota law.

(2) **Rule:** Under Minnesota law (specifically MN Statutes 513.60 and 513.57 Subd. 3), a seller is generally protected from liability for nondisclosure of defects if the buyer signs a waiver. However, the waiver does not protect the seller from liability arising from fraudulent misrepresentation or negligent misrepresentation. Additionally, if the construction work was done without permits and violates building codes, there might be local government enforcement actions available, though these would be regulatory actions rather than a direct cause of action for the homeowner.

(3) **Application:** In this case, the seller represented the home as having a ""new bathroom,"" but the installation of the shower drain was fraudulent (or at least negligent) since it led directly to a floor drain without proper plumbing, which is contrary to both the seller's representation and building codes. The homeowner may have a claim for fraudulent or negligent misrepresentation against the seller. Furthermore, the fact that the plumber found obvious code violations suggests that the construction was likely illegal due to unpermitted work. This could also implicate the city or county building department, although this would not directly impact the homeowner's right to sue the seller.

(4) **Conclusion:** Given the facts and Minnesota law, the homeowner has a potential claim against the seller for fraudulent or negligent misrepresentation based on the misrepresentation about the bathroom and the resulting damage from improperly installed plumbing. Additionally, the homeowner might consider seeking a complaint from the local building authority regarding the unpermitted work, which could indirectly affect the seller’s ability to sell properties in the future. As for the home inspector, while the work was clearly visible from the unfinished portion of the basement, the inspector's liability would depend on the specific standard of care expected of them and whether their failure to identify the issue constitutes professional negligence. The homeowner should consult with a local real",,False,2026-08-28T21:37:38.499441+00:00
learned_hands_education_42,issue-spotting,treacc,1,1,Qwen/Qwen2.5-32B-Instruct,"Analyze this using the TREACC method, addressing each part in order: (1) Topic; (2) Rule; (3) Explanation; (4) Analysis; (5) Counterarguments; (6) Conclusion.
Labels: No, Yes
Context: I purchased my home in May of 2017.  The seller was a real estate agent who had flipped the home.  He marketed the home as a ""remodel"" and that it had a ""new bathroom"" referring to the basement bathroom at issue.  I had the home inspected, and while many things came up which were addressed and negotiated, the basement bathroom plumbing was missed on the inspection and never came up.  After closing in May, I moved in the first week of July.  I immediately noticed a smell coming from my basement bathroom.  I assumed it was a dry p-trap and that some water just needed to be ran.  I did so.  Multiple times.  Days go by, smell does not go away.  I finally unscrew the drain cover and find that my PVC shower flange leads to a gap and then into a cast iron p-trap designed for a floor drain, not a shower.  Long story short, the contractor (seller/owner's business partner) added this shower on top of an existing floor drain and installed a ""fake"" shower drain which emptied directly into the old floor drain.  The old floor drain is now emitting sewer gas from a dislodged or rotten cleaning plug which can only be repaired by tearing up the shower and much of the bathroom floor tile and completely replumbed.  I've had it inspected by a licensed plumber and quoted at around $5,000.  Here's the kicker:  I signed a waiver under MN Law 513.60 which waives the sellers duty to disclose.  It does not prevent, however, fraud or ""negligent misrepresentation"" pursuant to 513.57 S3.  Do I have any hope against this flipper?  I've already been in contact with him through my buyer's RE agent and he basically denies liability.  Another question:  The plumber I had inspect the issue made clear that the work could not have been permitted because it didn't come close to meeting code (lacked a vent and other obvious problems).  Is there a government remedy for unpermitted work?  Especially by a non-resident owner looking to sell the home?  Does that give me leverage of any sort?  Finally, on the off chance my inspector has error and omission insurance, do I have a claim against him?  I did not sign a pre-inspection contract, and I paid $550 for the inspection.  The plumber I had inspect the issue said the lack of code meeting was absolutely obvious from the unfinished part of the basement where the bathroom wall is open from the rear.  Vented sink, vented toilet, no vent for the shower, and that should have thrown up red flags to the inspector.  Any help would be greatly appreciated.  I realize I may be stuck paying for another ""remodel.""  Just trying to see if I have any options.  Thanks in advance.  Quick note:  I am a personal injury attorney in Tennessee.  I know enough about property law to have passed the TN bar, and I know enough MN law to fit in a thimble.  TL;DR - Flipper sold me a house with unpermitted plumbing work that is now causing a major problem in the basement bathroom.  I waived the seller's disclosure requirement (somehow and stupidly), and now I'm wondering if I have a claim against the seller or the inspector who negligently missed the ""obvious"" code violations from the shower.
Question: Does this post describe a potential education law issue?
End your response with a line in exactly this format: Final Answer: <your answer>","(1) **Topic**: The topic of discussion here revolves around a legal issue arising from the purchase of a home that had undisclosed plumbing defects, which were a result of unpermitted work. The homeowner is questioning whether they can pursue legal action against the seller or the home inspector due to issues related to fraudulent misrepresentation, negligence, and potential violations of building codes.

(2) **Rule**: Under Minnesota Statute 513.60, which governs residential real property transactions, the seller may be relieved from disclosing certain information regarding the property’s condition if the buyer signs a waiver. However, Minnesota Statute 513.57, Section 3, specifies that such waivers do not apply to cases involving fraud or negligent misrepresentation. Additionally, local building codes and regulations govern the installation of plumbing systems, and failing to meet these codes could lead to legal repercussions, especially if the work was done without proper permits.

(3) **Explanation**: In this scenario, the buyer (now homeowner) signed a waiver releasing the seller from the obligation to disclose certain conditions of the property. However, the seller's representation that the home had a ""new bathroom"" when, in fact, the plumbing was improperly installed and did not meet code requirements could constitute fraudulent misrepresentation or negligent misrepresentation if the seller was aware of the defects and misrepresented the state of the bathroom.

(4) **Analysis**: The homeowner might have grounds to challenge the seller based on the seller’s misleading statements about the bathroom being new and properly installed. If the seller knew about the improper plumbing and did not disclose this significant defect, it could amount to fraud or negligent misrepresentation. Moreover, since the plumbing work was not permitted, it also violates local building codes, potentially giving the homeowner additional leverage in pursuing legal remedies.

(5) **Counterarguments**: One counterargument the seller might use is the signed waiver, claiming it absolves them from any responsibility regarding undisclosed defects. Additionally, the seller might argue that the defects were not readily apparent during the inspection process and therefore do not constitute fraudulent or negligent misrepresentation.

(6) **Conclusion**: Considering the details provided, the homeowner likely has a strong case for pursuing a claim against the seller based on fraudulent or negligent misrepresentation, given the waiver does not protect against these specific scenarios. Furthermore, the issue of unpermitted work and the violation of building codes might provide additional avenues for legal recourse. As for the home inspector, there could be grounds for a claim if it can be shown that the failure to",,False,2026-08-28T21:49:04.307122+00:00
learned_hands_education_42,issue-spotting,ireac,1,2,Qwen/Qwen2.5-32B-Instruct,"Analyze this using the IREAC method, addressing each part in order: (1) Issue; (2) Rule; (3) Explanation; (4) Application; (5) Conclusion.
Labels: No, Yes
Context: I purchased my home in May of 2017.  The seller was a real estate agent who had flipped the home.  He marketed the home as a ""remodel"" and that it had a ""new bathroom"" referring to the basement bathroom at issue.  I had the home inspected, and while many things came up which were addressed and negotiated, the basement bathroom plumbing was missed on the inspection and never came up.  After closing in May, I moved in the first week of July.  I immediately noticed a smell coming from my basement bathroom.  I assumed it was a dry p-trap and that some water just needed to be ran.  I did so.  Multiple times.  Days go by, smell does not go away.  I finally unscrew the drain cover and find that my PVC shower flange leads to a gap and then into a cast iron p-trap designed for a floor drain, not a shower.  Long story short, the contractor (seller/owner's business partner) added this shower on top of an existing floor drain and installed a ""fake"" shower drain which emptied directly into the old floor drain.  The old floor drain is now emitting sewer gas from a dislodged or rotten cleaning plug which can only be repaired by tearing up the shower and much of the bathroom floor tile and completely replumbed.  I've had it inspected by a licensed plumber and quoted at around $5,000.  Here's the kicker:  I signed a waiver under MN Law 513.60 which waives the sellers duty to disclose.  It does not prevent, however, fraud or ""negligent misrepresentation"" pursuant to 513.57 S3.  Do I have any hope against this flipper?  I've already been in contact with him through my buyer's RE agent and he basically denies liability.  Another question:  The plumber I had inspect the issue made clear that the work could not have been permitted because it didn't come close to meeting code (lacked a vent and other obvious problems).  Is there a government remedy for unpermitted work?  Especially by a non-resident owner looking to sell the home?  Does that give me leverage of any sort?  Finally, on the off chance my inspector has error and omission insurance, do I have a claim against him?  I did not sign a pre-inspection contract, and I paid $550 for the inspection.  The plumber I had inspect the issue said the lack of code meeting was absolutely obvious from the unfinished part of the basement where the bathroom wall is open from the rear.  Vented sink, vented toilet, no vent for the shower, and that should have thrown up red flags to the inspector.  Any help would be greatly appreciated.  I realize I may be stuck paying for another ""remodel.""  Just trying to see if I have any options.  Thanks in advance.  Quick note:  I am a personal injury attorney in Tennessee.  I know enough about property law to have passed the TN bar, and I know enough MN law to fit in a thimble.  TL;DR - Flipper sold me a house with unpermitted plumbing work that is now causing a major problem in the basement bathroom.  I waived the seller's disclosure requirement (somehow and stupidly), and now I'm wondering if I have a claim against the seller or the inspector who negligently missed the ""obvious"" code violations from the shower.
Question: Does this post describe a potential education law issue?
End your response with a line in exactly this format: Final Answer: <your answer>","The scenario described does not pertain to educational law. Instead, it involves issues related to real estate transactions, specifically regarding the sale of a property with undisclosed defects and potential liability claims against the seller or inspector. Below is an analysis of the situation using the IREAC method:

1. **Issue**: The primary legal issues include whether the seller can be held liable for fraudulent misrepresentation or negligent misrepresentation despite signing a waiver under Minnesota Law 513.60, whether there are remedies available for unpermitted work performed by the seller, and whether the home inspector can be held liable for missing obvious code violations.

2. **Rule**: According to Minnesota Statute § 513.60, the seller is not required to disclose known defects unless the buyer has reason to believe otherwise. However, the waiver does not protect against fraud or negligent misrepresentation (Minnesota Statute § 513.57 Subdivision 3). For unpermitted work, local building codes typically require permits for construction work, and failure to comply can lead to penalties or enforcement actions by the municipality. Regarding the inspector, professional standards of care and the specifics of the inspection agreement (or lack thereof) will determine liability.

3. **Explanation**: Despite the waiver, if the seller intentionally misrepresented the condition of the bathroom or was grossly negligent in disclosing the improper plumbing installation, they could still be held liable under fraud or negligent misrepresentation laws. Unpermitted work, if discovered, can be reported to local authorities, who can enforce compliance with building codes, potentially impacting the seller's future dealings in real estate. The inspector's liability depends on whether their oversight was due to negligence, and whether they operate under a contractual obligation or insurance policy that covers such errors.

4. **Application**: To pursue a claim against the seller, you would need evidence of intent to deceive or gross negligence in disclosing the issue. For unpermitted work, reporting the issue to local building authorities might result in penalties for the seller but likely won’t directly affect the current transaction. Against the inspector, you would need to show that they breached their standard of care, possibly through expert testimony indicating the defect was obvious and should have been detected.

5. **Conclusion**: While the waiver complicates matters, there is still potential for claims against the seller based on fraud or negligent misrepresentation if the facts support such claims. There may also be avenues to address the unpermitted work through municipal channels, though this would not necessarily provide direct relief for your current situation.",,False,2026-08-28T21:53:39.311332+00:00
oral_argument_question_purpose_0,rhetorical-understanding,cot,0,2,Qwen/Qwen2.5-32B-Instruct,"Classify the following based on the labels provided. Let's think step by step.
Labels: Background, Clarification, Criticism, Humor, Implications, Support
Context: 
Question: But isn't an artist typically sort of a -- a freelancer and they are selling their own messages? They're not purporting to be a business for hire in -- in -- in any meaningful sense. And so I -- I want to kind of go back to Justice Kavanaugh's thought of, like, where do we place your client as between, you know, restaurants and artists. I thought that there really isn't that clear a distinction in a situation like this because your client is an artist for hire essentially. Yes, she does customize things, they're not off the shelf, but she purports to be a public accommodation providing customized things to anyone who pays her, except for people whose messages are those that she disagrees with. And I just don't know that I've ever seen that kind of scenario, even in the cases that you're talking about, because sort of what Justice Gorsuch was saying, it's -- it's relying on the implicit message that she does not want to convey by supporting this person. There's an explicit message in the actual work, but to the extent that actual work *52 is identical to the -- to the work that she would otherwise sell to the gay couple except for their names, then she is implicitly saying, you know, by selling this, I'm going to be violating my own beliefs. So let me just ask you another quick hypo. So I -- I'm trying to understand the extent to which this matters that she's a speaker as opposed to a restaurant. So I sell food, and one line of products that I make is from scratch for particular customers that are based on my grandmother's cherished family recipes. My dearly departed grandmother was clear that she only wanted to provide this kind of nourishment for people who share our same religious heritage. So I call these products Grandma Helen's Protestant Provisions. And I sit with each customer who comes in and I hear about their faith and their family, and I customize the recipe for them after having this discussion. So the food is not expressive, right? I'm not speaking in my food, but I am trying to convey that only certain people get to partake *53 in this product. Can I do that consistent with the First Amendment or not?
End your response with a line in exactly this format: Final Answer: <your answer>","Let's break down the context and classify each segment according to the provided labels.

1. **""But isn't an artist typically sort of a -- a freelancer and they are selling their own messages? They're not purporting to be a business for hire in -- in -- in any meaningful sense.""**
   - This statement sets up a premise about the nature of artists and their work, suggesting that artists sell their own messages rather than being hired for specific tasks.
   - Label: **Background**

2. **""And so I -- I want to kind of go back to Justice Kavanaugh's thought of, like, where do we place your client as between, you know, restaurants and artists.""**
   - This sentence is asking for clarification on how to categorize the client's business model between two extremes (restaurants vs. artists).
   - Label: **Clarification**

3. **""I thought that there really isn't that clear a distinction in a situation like this because your client is an artist for hire essentially.""**
   - The speaker is making a point that the distinction between artists and businesses might not be as clear as initially thought, especially when considering the nature of the client's work.
   - Label: **Implications**

4. **""Yes, she does customize things, they're not off the shelf, but she purports to be a public accommodation providing customized things to anyone who pays her, except for people whose messages are those that she disagrees with.""**
   - This is critical of the client's practice of refusing service based on disagreement with the customer's message.
   - Label: **Criticism**

5. **""And I just don't know that I've ever seen that kind of scenario, even in the cases that you're talking about, because sort of what Justice Gorsuch was saying, it's -- it's relying on the implicit message that she does not want to convey by supporting this person.""**
   - Here, the speaker is questioning the uniqueness of the scenario and referring to the implicit messaging involved in the client's decision-making process.
   - Label: **Implications**

6. **""There's an explicit message in the actual work, but to the extent that actual work *52 is identical to the -- to the work that she would otherwise sell to the gay couple except for their names, then she is implicitly saying, you know, by selling this, I'm going to be violating my own beliefs.""**
   - This further elaborates on the conflict between the explicit content",,False,2026-08-23T19:32:10.224754+00:00
oral_argument_question_purpose_0,rhetorical-understanding,creac,1,1,Qwen/Qwen2.5-32B-Instruct,"Analyze this using the CREAC method, addressing each part in order: (1) Conclusion; (2) Rule; (3) Explanation; (4) Application; (5) Conclusion.
Labels: Background, Clarification, Criticism, Humor, Implications, Support
Context: 
Question: But isn't an artist typically sort of a -- a freelancer and they are selling their own messages? They're not purporting to be a business for hire in -- in -- in any meaningful sense. And so I -- I want to kind of go back to Justice Kavanaugh's thought of, like, where do we place your client as between, you know, restaurants and artists. I thought that there really isn't that clear a distinction in a situation like this because your client is an artist for hire essentially. Yes, she does customize things, they're not off the shelf, but she purports to be a public accommodation providing customized things to anyone who pays her, except for people whose messages are those that she disagrees with. And I just don't know that I've ever seen that kind of scenario, even in the cases that you're talking about, because sort of what Justice Gorsuch was saying, it's -- it's relying on the implicit message that she does not want to convey by supporting this person. There's an explicit message in the actual work, but to the extent that actual work *52 is identical to the -- to the work that she would otherwise sell to the gay couple except for their names, then she is implicitly saying, you know, by selling this, I'm going to be violating my own beliefs. So let me just ask you another quick hypo. So I -- I'm trying to understand the extent to which this matters that she's a speaker as opposed to a restaurant. So I sell food, and one line of products that I make is from scratch for particular customers that are based on my grandmother's cherished family recipes. My dearly departed grandmother was clear that she only wanted to provide this kind of nourishment for people who share our same religious heritage. So I call these products Grandma Helen's Protestant Provisions. And I sit with each customer who comes in and I hear about their faith and their family, and I customize the recipe for them after having this discussion. So the food is not expressive, right? I'm not speaking in my food, but I am trying to convey that only certain people get to partake *53 in this product. Can I do that consistent with the First Amendment or not?
End your response with a line in exactly this format: Final Answer: <your answer>","### Analysis Using the CREAC Method

**Conclusion:** The scenario presented raises complex questions regarding the balance between freedom of speech and the requirement for public accommodations to serve all individuals without discrimination. In this context, the artist in question, who customizes items for clients, cannot discriminate against customers based on their identity or the message conveyed through the product, as doing so violates public accommodation laws under the First Amendment.

**Rule:** Public accommodation laws, such as Title II of the Civil Rights Act of 1964, require businesses open to the public to serve everyone equally, regardless of race, color, religion, or national origin. Additionally, many states have expanded this protection to include sexual orientation and gender identity. These laws aim to prevent discrimination in places that serve the general public. However, there is ongoing debate and legal scrutiny over how these laws interact with free speech rights, especially when applied to businesses that offer personalized services or products with expressive content.

**Explanation:** The key issue here is whether the artist can refuse service based on the message or identity of the customer. The artist argues that creating custom products involves an expression of her own beliefs and should therefore be protected under the First Amendment. However, the argument is countered by the principle that businesses offering custom services to the public cannot selectively refuse service based on discriminatory criteria, even if such refusal is framed as an expression of personal belief. The hypothetical example involving ""Grandma Helen's Protestant Provisions"" further illustrates the tension between free speech and anti-discrimination laws. Here, while the act of selling food itself may not be inherently expressive, the selective customization based on the customer’s religious background could be seen as an attempt to limit participation to a specific group, which would likely be illegal under public accommodation laws.

**Application:** Applying the rule to both scenarios (the artist and the food seller), the core principle remains that businesses, including those offering custom services, cannot discriminate against customers based on characteristics like sexual orientation or religion. The fact that the artist customizes her products or that the food seller tailors recipes for specific groups does not exempt them from the obligation to serve all customers without discrimination. Both examples highlight that the act of refusing service based on the message or identity of the customer goes beyond mere expression and crosses into discriminatory practices.

**Conclusion:** While the artist and food seller argue that their practices are expressions of personal belief, the application of public accommodation laws indicates that businesses must serve all customers equally, regardless of the expressive nature of the service provided. This conclusion underscores the need for a balanced approach that",,False,2026-08-23T19:45:25.846248+00:00
oral_argument_question_purpose_0,rhetorical-understanding,creac,1,2,Qwen/Qwen2.5-32B-Instruct,"Analyze this using the CREAC method, addressing each part in order: (1) Conclusion; (2) Rule; (3) Explanation; (4) Application; (5) Conclusion.
Labels: Background, Clarification, Criticism, Humor, Implications, Support
Context: 
Question: But isn't an artist typically sort of a -- a freelancer and they are selling their own messages? They're not purporting to be a business for hire in -- in -- in any meaningful sense. And so I -- I want to kind of go back to Justice Kavanaugh's thought of, like, where do we place your client as between, you know, restaurants and artists. I thought that there really isn't that clear a distinction in a situation like this because your client is an artist for hire essentially. Yes, she does customize things, they're not off the shelf, but she purports to be a public accommodation providing customized things to anyone who pays her, except for people whose messages are those that she disagrees with. And I just don't know that I've ever seen that kind of scenario, even in the cases that you're talking about, because sort of what Justice Gorsuch was saying, it's -- it's relying on the implicit message that she does not want to convey by supporting this person. There's an explicit message in the actual work, but to the extent that actual work *52 is identical to the -- to the work that she would otherwise sell to the gay couple except for their names, then she is implicitly saying, you know, by selling this, I'm going to be violating my own beliefs. So let me just ask you another quick hypo. So I -- I'm trying to understand the extent to which this matters that she's a speaker as opposed to a restaurant. So I sell food, and one line of products that I make is from scratch for particular customers that are based on my grandmother's cherished family recipes. My dearly departed grandmother was clear that she only wanted to provide this kind of nourishment for people who share our same religious heritage. So I call these products Grandma Helen's Protestant Provisions. And I sit with each customer who comes in and I hear about their faith and their family, and I customize the recipe for them after having this discussion. So the food is not expressive, right? I'm not speaking in my food, but I am trying to convey that only certain people get to partake *53 in this product. Can I do that consistent with the First Amendment or not?
End your response with a line in exactly this format: Final Answer: <your answer>","### Analysis Using CREAC Method

#### 1. Conclusion:
The question revolves around the balance between the freedom of expression and the requirement to serve all customers without discrimination, specifically in the context of businesses that claim artistic expression as a basis for refusing service. The hypothetical scenarios provided suggest that while artists and businesses may have the right to express personal beliefs, they cannot use these beliefs to justify discriminating against customers based on protected characteristics such as sexual orientation or religion.

#### 2. Rule:
The First Amendment of the U.S. Constitution protects freedom of speech and expression. However, public accommodations laws require businesses open to the public to serve all individuals regardless of race, color, religion, sex, or national origin, and increasingly include protections against discrimination based on sexual orientation and gender identity.

#### 3. Explanation:
- **Background**: The case involves a business owner who refuses service based on her disagreement with the message associated with the customers' request.
- **Clarification**: The core issue is whether the business owner's right to free expression can override the public accommodation laws that mandate non-discrimination.
- **Criticism**: The argument that the business is an ""artist for hire"" blurs the line between artistic freedom and commercial services. While art can be a form of expression, operating a business publicly requires adherence to broader societal norms, including non-discrimination.
- **Humor**: The hypothetical involving ""Grandma Helen's Protestant Provisions"" brings humor into a serious legal debate, highlighting the absurdity of allowing discriminatory practices under the guise of honoring family traditions.
- **Implications**: If businesses could use personal beliefs as justification for refusing service, it would undermine the principle of equal access to goods and services, potentially leading to widespread discrimination.

#### 4. Application:
Applying the rule to the given scenarios, if a business operates as a public accommodation, it must serve all customers equally, regardless of the owner’s personal beliefs or the nature of the goods/services offered (even if claimed to be expressive). This means that the hypothetical ""Grandma Helen's Protestant Provisions"" could not legally refuse service based on the religious background of customers, even though the owner claims a connection to family recipes and heritage.

#### 5. Conclusion:
In both the primary case of the artist and the hypothetical scenario with the restaurant, the public accommodation laws would likely prevail over the individual's right to free expression when it comes to serving customers without discrimination based on protected characteristics. Businesses cannot use their status as artists or the claim of expressing personal beliefs as a defense for",,False,2026-08-23T19:46:00.655890+00:00
oral_argument_question_purpose_0,rhetorical-understanding,cleo,1,1,Qwen/Qwen2.5-32B-Instruct,"Analyze this using the CLEO method, addressing each part in order: (1) Claim; (2) Law; (3) Evaluation; (4) Outcome.
Labels: Background, Clarification, Criticism, Humor, Implications, Support
Context: 
Question: But isn't an artist typically sort of a -- a freelancer and they are selling their own messages? They're not purporting to be a business for hire in -- in -- in any meaningful sense. And so I -- I want to kind of go back to Justice Kavanaugh's thought of, like, where do we place your client as between, you know, restaurants and artists. I thought that there really isn't that clear a distinction in a situation like this because your client is an artist for hire essentially. Yes, she does customize things, they're not off the shelf, but she purports to be a public accommodation providing customized things to anyone who pays her, except for people whose messages are those that she disagrees with. And I just don't know that I've ever seen that kind of scenario, even in the cases that you're talking about, because sort of what Justice Gorsuch was saying, it's -- it's relying on the implicit message that she does not want to convey by supporting this person. There's an explicit message in the actual work, but to the extent that actual work *52 is identical to the -- to the work that she would otherwise sell to the gay couple except for their names, then she is implicitly saying, you know, by selling this, I'm going to be violating my own beliefs. So let me just ask you another quick hypo. So I -- I'm trying to understand the extent to which this matters that she's a speaker as opposed to a restaurant. So I sell food, and one line of products that I make is from scratch for particular customers that are based on my grandmother's cherished family recipes. My dearly departed grandmother was clear that she only wanted to provide this kind of nourishment for people who share our same religious heritage. So I call these products Grandma Helen's Protestant Provisions. And I sit with each customer who comes in and I hear about their faith and their family, and I customize the recipe for them after having this discussion. So the food is not expressive, right? I'm not speaking in my food, but I am trying to convey that only certain people get to partake *53 in this product. Can I do that consistent with the First Amendment or not?
End your response with a line in exactly this format: Final Answer: <your answer>","### Analysis Using the CLEO Method

#### 1. **Claim**
The claim made in the context is that there is a fundamental difference between an artist and a business when it comes to providing services to the public, specifically regarding whether an artist can refuse service based on disagreement with the message that would be conveyed through their artwork.

#### 2. **Law**
The legal principle at issue here revolves around the First Amendment's protection of free speech and its intersection with anti-discrimination laws, such as those under Title II of the Civil Rights Act of 1964, which prohibits discrimination in places of public accommodation. The question is whether an artist's refusal to create custom wedding invitations for a same-sex couple constitutes protected speech or discriminatory action against a protected class.

#### 3. **Evaluation**
The evaluation involves assessing the nature of the artist's work and whether it should be considered expressive or commercial. In this case, the artist creates custom designs that are tailored to individual clients, indicating a level of expression embedded in the service provided. However, the argument also points out that the artist's refusal to serve a specific group of customers (same-sex couples) based on their identity rather than the content of the message being conveyed raises concerns about discrimination.

#### 4. **Outcome**
The outcome would hinge on the courts' interpretation of whether the act of designing custom wedding invitations is sufficiently expressive to warrant First Amendment protection over anti-discrimination laws. If the courts rule that the creation of custom wedding invitations is primarily a commercial activity with incidental expressive elements, the artist might be required to serve all customers equally. Conversely, if the courts find the act of designing such invitations sufficiently expressive, the artist might be allowed to refuse service without violating anti-discrimination laws.

### Labels Application

- **Background**: This section provides context on the debate over whether an artist's work can be both commercial and expressive, and how this dual nature affects their obligations under anti-discrimination laws.
  
- **Clarification**: The hypothetical scenario involving ""Grandma Helen's Protestant Provisions"" helps clarify the core issue of whether an artist/business can selectively serve customers based on identity without engaging in illegal discrimination.
  
- **Criticism**: The critique lies in questioning the validity of the artist's stance on refusing service based on the content of the message versus the identity of the customer, suggesting a potential misuse of free speech as a shield against discrimination.
  
- **Humor**: No humor is present in the given text.
  
- **Implications**: The implications of this debate extend",,False,2026-08-23T19:49:47.287339+00:00
oral_argument_question_purpose_0,rhetorical-understanding,cleo,1,2,Qwen/Qwen2.5-32B-Instruct,"Analyze this using the CLEO method, addressing each part in order: (1) Claim; (2) Law; (3) Evaluation; (4) Outcome.
Labels: Background, Clarification, Criticism, Humor, Implications, Support
Context: 
Question: But isn't an artist typically sort of a -- a freelancer and they are selling their own messages? They're not purporting to be a business for hire in -- in -- in any meaningful sense. And so I -- I want to kind of go back to Justice Kavanaugh's thought of, like, where do we place your client as between, you know, restaurants and artists. I thought that there really isn't that clear a distinction in a situation like this because your client is an artist for hire essentially. Yes, she does customize things, they're not off the shelf, but she purports to be a public accommodation providing customized things to anyone who pays her, except for people whose messages are those that she disagrees with. And I just don't know that I've ever seen that kind of scenario, even in the cases that you're talking about, because sort of what Justice Gorsuch was saying, it's -- it's relying on the implicit message that she does not want to convey by supporting this person. There's an explicit message in the actual work, but to the extent that actual work *52 is identical to the -- to the work that she would otherwise sell to the gay couple except for their names, then she is implicitly saying, you know, by selling this, I'm going to be violating my own beliefs. So let me just ask you another quick hypo. So I -- I'm trying to understand the extent to which this matters that she's a speaker as opposed to a restaurant. So I sell food, and one line of products that I make is from scratch for particular customers that are based on my grandmother's cherished family recipes. My dearly departed grandmother was clear that she only wanted to provide this kind of nourishment for people who share our same religious heritage. So I call these products Grandma Helen's Protestant Provisions. And I sit with each customer who comes in and I hear about their faith and their family, and I customize the recipe for them after having this discussion. So the food is not expressive, right? I'm not speaking in my food, but I am trying to convey that only certain people get to partake *53 in this product. Can I do that consistent with the First Amendment or not?
End your response with a line in exactly this format: Final Answer: <your answer>","### CLEO Analysis

#### 1. **Claim**:
The question addresses the issue of whether a service provider, specifically an artist, can refuse service to individuals based on the content of the message they wish to convey through the artist’s work. The claim is framed around distinguishing between an artist and a business and whether the artist can refuse service on the basis of their personal beliefs without violating anti-discrimination laws.

#### 2. **Law**:
- **First Amendment**: This amendment protects freedom of speech and expression.
- **Public Accommodation Laws**: These laws require businesses serving the public to not discriminate against protected classes (e.g., race, religion, sexual orientation).

#### 3. **Evaluation**:
- **Artist vs. Business**: The core of the argument revolves around whether the artist should be treated more like a business or more like a free speech entity. If the artist is considered a public accommodation, they are legally obligated to serve all potential customers regardless of the content of the message.
- **Message Content**: The question raises the issue of whether the refusal to provide services is based on the content of the message (the names of the clients) or the implicit message (supporting a cause the artist disagrees with).
- **Customization and Personal Beliefs**: The hypothetical scenario involving food made from cherished family recipes explores the boundary between providing a service and expressing a personal belief. It questions if the customization process allows the provider to discriminate based on personal beliefs.

#### 4. **Outcome**:
- **Legal Precedent and Application**: The outcome would likely depend on how courts interpret the balance between freedom of speech and non-discrimination laws. Courts may consider whether the service provided is inherently expressive or if it falls under a broader category of commercial transactions subject to public accommodation regulations.
- **Hypothetical Analysis**: In the case of ""Grandma Helen's Protestant Provisions,"" if the food itself is not expressive, but the act of refusing service is based on discriminatory practices, it would likely be unlawful under public accommodation laws. However, if the customization process is viewed as integral to the expression of personal beliefs, the First Amendment protection might apply.

### Labels Application:
- **Background**: The context sets up a comparison between artists and businesses and questions their rights under the First Amendment.
- **Clarification**: The question seeks to clarify the distinction between an artist and a business and the implications of refusing service based on personal beliefs.
- **Criticism**: The criticism lies in questioning the legal framework that governs such scenarios and",,False,2026-08-23T19:50:22.164495+00:00
oral_argument_question_purpose_0,rhetorical-understanding,treacc,1,1,Qwen/Qwen2.5-32B-Instruct,"Analyze this using the TREACC method, addressing each part in order: (1) Topic; (2) Rule; (3) Explanation; (4) Analysis; (5) Counterarguments; (6) Conclusion.
Labels: Background, Clarification, Criticism, Humor, Implications, Support
Context: 
Question: But isn't an artist typically sort of a -- a freelancer and they are selling their own messages? They're not purporting to be a business for hire in -- in -- in any meaningful sense. And so I -- I want to kind of go back to Justice Kavanaugh's thought of, like, where do we place your client as between, you know, restaurants and artists. I thought that there really isn't that clear a distinction in a situation like this because your client is an artist for hire essentially. Yes, she does customize things, they're not off the shelf, but she purports to be a public accommodation providing customized things to anyone who pays her, except for people whose messages are those that she disagrees with. And I just don't know that I've ever seen that kind of scenario, even in the cases that you're talking about, because sort of what Justice Gorsuch was saying, it's -- it's relying on the implicit message that she does not want to convey by supporting this person. There's an explicit message in the actual work, but to the extent that actual work *52 is identical to the -- to the work that she would otherwise sell to the gay couple except for their names, then she is implicitly saying, you know, by selling this, I'm going to be violating my own beliefs. So let me just ask you another quick hypo. So I -- I'm trying to understand the extent to which this matters that she's a speaker as opposed to a restaurant. So I sell food, and one line of products that I make is from scratch for particular customers that are based on my grandmother's cherished family recipes. My dearly departed grandmother was clear that she only wanted to provide this kind of nourishment for people who share our same religious heritage. So I call these products Grandma Helen's Protestant Provisions. And I sit with each customer who comes in and I hear about their faith and their family, and I customize the recipe for them after having this discussion. So the food is not expressive, right? I'm not speaking in my food, but I am trying to convey that only certain people get to partake *53 in this product. Can I do that consistent with the First Amendment or not?
End your response with a line in exactly this format: Final Answer: <your answer>","Using the TREACC method to analyze the given context, let's break down the analysis into the following components:

### 1. Topic
The topic revolves around the legal and ethical boundaries of free speech and anti-discrimination laws in the context of a business run by an artist. The main point of contention is whether a business owner, who provides custom artistic services, can legally refuse service to individuals based on personal beliefs.

### 2. Rule
The rule in question pertains to the First Amendment rights of free speech and expression versus state or federal anti-discrimination laws, particularly concerning public accommodations. The key issue is how these rights are balanced when applied to businesses that offer personalized or custom services.

### 3. Explanation
The explanation here is centered on whether a business, which operates as a public accommodation, can refuse service based on personal beliefs without violating anti-discrimination laws. The hypothetical scenario involving ""Grandma Helen's Protestant Provisions"" illustrates a similar situation but in a different context, to draw parallels and explore the limits of the artist’s argument.

### 4. Analysis
The analysis suggests that while the artist may claim a form of free speech, there is also an expectation for public accommodations to serve all customers regardless of personal beliefs. The analogy of the restaurant clarifies that, while the food itself might not be considered expressive, the act of refusing service based on personal beliefs could be seen as discriminatory under anti-discrimination laws. This brings up the question of whether the customization process and the implied message of exclusion fall under protected speech or if they are subject to public accommodation rules.

### 5. Counterarguments
Counterarguments include the idea that the artist’s work inherently carries a message and thus should be protected under free speech. Additionally, some might argue that refusing service based on personal beliefs does not necessarily equate to discrimination if the refusal is based on the nature of the message being expressed rather than the identity of the customer. The artist could argue that creating art for someone who goes against their beliefs constitutes forced speech, which is a violation of their First Amendment rights.

### 6. Conclusion
In conclusion, the case presents a complex intersection of free speech and anti-discrimination laws. While the artist argues that their work is a form of expression, the argument of being a public accommodation that serves the general public with custom services challenges this stance. The hypothetical scenario highlights the difficulty in distinguishing between the act of customization and the implied message of exclusion. It suggests that the legality may depend on the specific interpretation of the law and the context of",,False,2026-08-23T19:54:31.752619+00:00
oral_argument_question_purpose_1,rhetorical-understanding,creac,1,1,Qwen/Qwen2.5-32B-Instruct,"Analyze this using the CREAC method, addressing each part in order: (1) Conclusion; (2) Rule; (3) Explanation; (4) Application; (5) Conclusion.
Labels: Background, Clarification, Criticism, Humor, Implications, Support
Context: 
Question: Could you take just a minute to set out just more specifically why the agency could not consider these constitutional claims within its structure? What -- I think you have to start by saying what it actually does and what would be reviewed at the appellate level after the agency issues an order.
End your response with a line in exactly this format: Final Answer: <your answer>","**Background:** The context provided involves a discussion about the limitations of an agency's ability to consider certain constitutional claims within its operational framework. The question seeks clarity on why these claims cannot be addressed and requires an explanation of the agency's functions and the review process that follows.

**Clarification:** To address the question accurately, we need to clarify that the focus is on the procedural and jurisdictional boundaries of the agency regarding constitutional matters. It also implies that there might be a higher court or appellate body that reviews the agency’s decisions, suggesting a dual-layer system where initial decisions are made by the agency and then potentially challenged in a court setting.

**Criticism:** One criticism could be that such a dual-layer system may lead to inefficiencies or delays in resolving constitutional claims, as individuals or entities might have to go through two separate processes to seek justice or clarification on their constitutional rights.

**Humor:** If one were to inject humor into the discussion, one might say, ""Well, it's like trying to get a refund from a store that has a 'no refunds' policy but tells you to visit the customer service desk first, which, unsurprisingly, doesn't offer refunds either.""

**Implications:** The inability of the agency to consider constitutional claims directly can have significant implications for both efficiency and fairness in legal proceedings. It may force parties to pursue additional avenues of recourse, potentially complicating the resolution of disputes.

**Support:** Legal scholars often argue for a streamlined process where agencies are empowered to consider all relevant aspects of a case, including constitutional issues, to avoid redundancy and ensure comprehensive justice. However, the counter-argument posits that specialized judicial bodies are better equipped to handle constitutional questions due to their expertise and the potential impact on broader legal precedents.

**Rule:** Agencies typically operate under specific statutory frameworks that define their authority and scope of review. Constitutional matters often fall outside these defined limits, necessitating review by courts designed to interpret and enforce constitutional principles.

**Explanation:** The explanation hinges on the principle that agencies are administrative bodies established to enforce specific laws and regulations. They generally lack the jurisdiction to rule on constitutional issues because these matters are reserved for judicial bodies that have the constitutional mandate to interpret and uphold the Constitution.

**Application:** In practice, when an agency makes a decision, any party who believes their constitutional rights were violated cannot directly appeal this issue to the agency itself. Instead, they must file a lawsuit in an appropriate court, which will then review the constitutional claim.

**Conclusion:** The agency's structure is designed to address specific regulatory issues",,False,2026-08-23T22:22:53.495741+00:00
oral_argument_question_purpose_1,rhetorical-understanding,ireac,1,0,Qwen/Qwen2.5-32B-Instruct,"Analyze this using the IREAC method, addressing each part in order: (1) Issue; (2) Rule; (3) Explanation; (4) Application; (5) Conclusion.
Labels: Background, Clarification, Criticism, Humor, Implications, Support
Context: 
Question: Could you take just a minute to set out just more specifically why the agency could not consider these constitutional claims within its structure? What -- I think you have to start by saying what it actually does and what would be reviewed at the appellate level after the agency issues an order.
End your response with a line in exactly this format: Final Answer: <your answer>","**Background:** The question revolves around an agency's ability to consider constitutional claims within its framework and how its process might be structured for such considerations. It also touches on the review process that occurs at the appellate level following an agency's decision.

**Clarification:** To address the query effectively, it is necessary to first understand the specific powers and limitations of the agency in question. This includes understanding whether the agency has the authority to interpret and apply constitutional principles and how its decisions are typically reviewed in higher courts.

**Rule:** Generally, agencies are bound by constitutional limits and can consider constitutional claims if their enabling legislation grants them such authority. However, the extent to which they can do so depends on the specific provisions of the law under which they operate. If an agency's enabling statute or its internal regulations do not explicitly allow for constitutional claim considerations, the agency may be limited in its capacity to do so.

**Explanation:** Agencies often focus on applying statutory laws and regulations rather than interpreting the constitution directly. Constitutional claims usually require a broader scope of judicial interpretation, which is traditionally within the purview of courts. Agencies can, however, make decisions based on interpretations that implicitly acknowledge constitutional principles, especially when these principles are foundational to the application of the statutes they enforce.

**Application:** If an agency lacks explicit authority to consider constitutional claims, it cannot formally adjudicate such claims as part of its process. Instead, any constitutional issues raised during proceedings would need to be addressed through the administrative record and then taken up by a reviewing court. This means that while an agency may indirectly consider constitutional implications in its decision-making process, formal constitutional claims must be resolved at the appellate level.

**Criticism:** One critique might be that the lack of direct constitutional review by agencies can lead to delays in resolving constitutional disputes, as parties may need to wait for the agency’s decision to be challenged in court before any constitutional issue is formally addressed. This can complicate the process and prolong resolution times.

**Support:** Courts generally support a clear delineation between the roles of administrative agencies and courts, recognizing the expertise of agencies in interpreting the statutes they enforce and the judiciary's role in ensuring these interpretations comply with constitutional standards.

**Implications:** For stakeholders involved in administrative proceedings, understanding the limitations of an agency’s authority regarding constitutional claims can guide their strategies for challenging decisions. It may involve preparing to pursue judicial review where constitutional issues are central to their case.

**Humor:** While serious, the bureaucratic dance between agencies and courts over constitutional matters can sometimes feel like a slow-motion version of a constitutional",,False,2026-08-23T22:33:53.818478+00:00
oral_argument_question_purpose_3,rhetorical-understanding,irac,1,0,Qwen/Qwen2.5-32B-Instruct,"Analyze this using the IRAC method, addressing each part in order: (1) Issue; (2) Rule; (3) Application; (4) Conclusion.
Labels: Background, Clarification, Criticism, Humor, Implications, Support
Context: 
Question: Counsel, you have spent quite a bit of your brief talking about the history -- the tradition of public accommodations laws. Would you just spend a few minutes or whatever amount of time you can explaining whether there is a similarly long tradition of public accommodations laws applying to speech -- or expressive conduct?
End your response with a line in exactly this format: Final Answer: <your answer>","**Background:** The question pertains to the application of public accommodations laws specifically to speech or expressive conduct. Public accommodations laws generally require businesses that serve the public not to discriminate against certain groups, such as based on race, gender, religion, etc. The query seeks clarification on whether there has been an established legal precedent for these laws to extend to areas involving speech or expressive activities.

**Clarification:** It is important to clarify what constitutes ""speech"" and ""expressive conduct"" in this context. Speech includes verbal communication, while expressive conduct encompasses actions meant to convey a message or viewpoint, which could be protected under free speech principles.

**Issue:** The primary issue at hand is whether public accommodations laws, which traditionally focus on preventing discrimination in places of business open to the public, have historically and legally been applied to regulate speech or expressive conduct in those same venues.

**Rule:** Traditionally, public accommodations laws are rooted in the principle of ensuring equal access to goods and services without discrimination based on certain protected characteristics. However, under First Amendment principles, speech and expressive conduct enjoy significant protection from government interference unless they fall into specific unprotected categories (such as obscenity, defamation, incitement to imminent lawless action).

**Application:** To apply the rule to the issue at hand, one must consider how courts have historically balanced the need for non-discrimination in public accommodations against the freedoms guaranteed by the First Amendment. Courts have often found that public accommodations laws can apply to speech or expressive conduct if it is deemed integral to the commercial aspect of the establishment rather than purely expressive. For example, a restaurant refusing service based on a customer's political signage might be scrutinized differently than a museum deciding which exhibits to host based on content.

**Criticism:** Critics argue that applying public accommodations laws to speech or expressive conduct can infringe upon the core values of free expression. There is concern that such applications could lead to overreach, where legitimate artistic or communicative expressions are unduly restricted in the name of non-discrimination.

**Implications:** The implications of extending public accommodations laws to cover speech and expressive conduct are significant. On one hand, it could promote a more inclusive environment by reducing discrimination. On the other hand, it could stifle free expression, particularly in settings where the primary function involves conveying messages or ideas.

**Support:** Legal support for the application of public accommodations laws to speech and expressive conduct is mixed and largely dependent on the specific circumstances and the balance courts draw between non-discrimination goals and free speech rights.

**Humor:** Despite the serious",,False,2026-08-24T03:04:42.113073+00:00
oral_argument_question_purpose_3,rhetorical-understanding,creac,0,2,Qwen/Qwen2.5-32B-Instruct,"Work through the following steps before answering: (1) Conclusion; (2) Rule; (3) Explanation; (4) Application; (5) Conclusion.
Labels: Background, Clarification, Criticism, Humor, Implications, Support
Context: 
Question: Counsel, you have spent quite a bit of your brief talking about the history -- the tradition of public accommodations laws. Would you just spend a few minutes or whatever amount of time you can explaining whether there is a similarly long tradition of public accommodations laws applying to speech -- or expressive conduct?
End your response with a line in exactly this format: Final Answer: <your answer>","### Background:
Public accommodations laws have traditionally aimed at ensuring equal access to goods and services for all individuals regardless of race, gender, religion, and other protected characteristics. These laws have their roots in the Civil Rights Act of 1964 in the United States, which sought to dismantle the legal barriers that had enforced segregation.

### Clarification:
The question asks specifically about the application of public accommodations laws to speech or expressive conduct. Traditionally, these laws have been focused more on physical access and service provision rather than regulating what individuals or businesses can say or express.

### Rule:
The First Amendment of the U.S. Constitution guarantees freedom of speech, which generally means that the government cannot regulate speech based on its content unless it falls into specific exceptions such as obscenity, defamation, or incitement. This constitutional protection complicates the application of public accommodations laws to speech or expression.

### Explanation:
While public accommodations laws have a long history of enforcing non-discrimination in access to facilities and services, extending such laws to cover speech or expressive conduct requires careful balancing with First Amendment rights. Courts have often ruled that businesses must serve all customers equally but have also acknowledged that certain forms of expressive activity may be exempt from such requirements if they significantly implicate free speech interests.

### Application:
For instance, the Supreme Court has held that a state cannot compel a business to engage in speech that violates its owner's beliefs, as seen in cases like Masterpiece Cakeshop v. Colorado Civil Rights Commission. Here, the bakery refused to create a wedding cake for a same-sex couple, citing religious objections. The court found that the commission had not considered the importance of free speech and religion in its decision-making process.

### Implications:
This suggests that while public accommodations laws do have a long tradition, extending them to cover speech or expressive conduct requires navigating complex legal terrain involving free speech protections. It highlights the need for a nuanced approach that respects both anti-discrimination principles and the right to free expression.

### Criticism:
Critics argue that applying public accommodations laws to speech could lead to a slippery slope where businesses are forced to endorse messages against their will, potentially chilling speech. Conversely, supporters might argue that discrimination in public spaces should not be tolerated under any circumstances, even if it involves speech.

### Support:
Supporters of applying public accommodations laws to speech would likely point to instances where refusal to serve someone based on their identity (e.g., sexual orientation) is framed as a form of discriminatory speech itself, warranting regulation under public accommodations laws.

### Conclusion:
",,False,2026-08-24T03:12:40.354278+00:00
oral_argument_question_purpose_4,rhetorical-understanding,ireac,2,0,Qwen/Qwen2.5-32B-Instruct,"Structure your reasoning according to these steps: (1) Issue; (2) Rule; (3) Explanation; (4) Application; (5) Conclusion.
Labels: Background, Clarification, Criticism, Humor, Implications, Support
Context: 
Question:  but what she's really asking for in this case, I think, is the right to say the same thing, here's the wedding, it's at this place, et cetera, et cetera, but she's afraid that if she says it for gay people that that will be sort of like an implicit endorsement of their wedding, and so she wants to be able to protect against implicitly endorsing, right, in a way that we've never really recognized before in the same way, when it isn't really clear that that's her message, when we don't -- when an objective observer would know that she was really trying to do that? Am I right in trying to think about explicit versus implicit in this way?
End your response with a line in exactly this format: Final Answer: <your answer>","**Background:** The issue at hand revolves around the context of freedom of speech and expression, particularly concerning the willingness or unwillingness to provide services related to a gay wedding. The individual in question is hesitant to acknowledge a gay wedding under the fear that such acknowledgment might imply an endorsement of the event. This situation raises questions regarding the distinction between explicit and implicit endorsement and the legal protections available under freedom of expression.

**Clarification:** The core of the query lies in understanding whether there’s a precedent or recognition for the concern over implicit endorsement in similar cases. It seeks to explore if the apprehension of being seen as implicitly endorsing a gay wedding is a valid concern under the umbrella of freedom of expression.

**Rule:** Freedom of expression typically protects individuals from being compelled to express ideas they disagree with, which can include both explicit and implicit forms of communication. However, the boundaries of this protection often depend on the specific circumstances and the clarity of the message being conveyed.

**Explanation:** The crux of the issue hinges on the interpretation of implicit vs. explicit endorsements. An explicit endorsement would be a direct statement of support or approval, whereas an implicit endorsement could be inferred from actions or statements, even without a direct declaration. In legal terms, the protection against compelled speech generally focuses more on explicit expressions of belief rather than perceived implications of one’s actions or words.

**Application:** Applying this rule to the scenario described, if an individual is asked to acknowledge a gay wedding in a neutral manner (e.g., providing a venue), and there is no explicit statement of support, it may not be considered an endorsement. However, the fear of implicit endorsement without any direct evidence or clear indication of endorsement might not be sufficiently compelling to avoid participating in such events based on freedom of speech grounds alone.

**Criticism:** There is a risk in overinterpreting the potential for implicit endorsement as it can lead to an overly cautious approach that hinders legitimate participation in social events. This could potentially limit the scope of activities one engages in, not because of a genuine objection but due to a fear of perceived messages that may not align with their beliefs.

**Implications:** Recognizing the difference between explicit and implicit endorsement is crucial. While explicit endorsement involves clear statements of agreement, implicit endorsement requires a level of inference that may not always hold up legally, especially when the action or statement in question does not clearly indicate a position.

**Support:** Legal precedents and interpretations suggest that freedom of expression primarily guards against compelled explicit statements, rather than perceived implicit endorsements, which often require clearer evidence of intended",,False,2026-08-24T06:06:08.386946+00:00
oral_argument_question_purpose_9,rhetorical-understanding,treacc,1,2,Qwen/Qwen2.5-32B-Instruct,"Analyze this using the TREACC method, addressing each part in order: (1) Topic; (2) Rule; (3) Explanation; (4) Analysis; (5) Counterarguments; (6) Conclusion.
Labels: Background, Clarification, Criticism, Humor, Implications, Support
Context: 
Question: Would Steele come out the same way today?
End your response with a line in exactly this format: Final Answer: <your answer>","To apply the TREACC method to analyze the question ""Would Steele come out the same way today?"", let's break down the elements:

1. **Topic**: The topic revolves around the behavior or characteristics of an individual named Steele and whether these would remain consistent if observed under similar circumstances today.

2. **Rule**: There is no explicit rule provided, but one could infer that the analysis might involve considering how historical events, societal changes, or personal evolution might affect an individual's decisions or actions over time.

3. **Explanation**: The question suggests a comparison between Steele's past behavior and what might be expected from them now. It presupposes that there was a significant event or decision (""come out"") in the past that defined Steele's identity or position.

4. **Analysis**: To analyze whether Steele would behave similarly today, one must consider factors such as:
   - Changes in society since the original event: Social norms, cultural shifts, political climates can significantly influence personal decisions.
   - Personal growth or change: Over time, individuals may alter their beliefs or values based on new experiences or information.
   - External pressures: The environment or social context surrounding Steele today might differ substantially from the past, affecting how they choose to present themselves or act.

5. **Counterarguments**:
   - **Background**: If Steele’s initial decision was heavily influenced by external factors that have not changed, it might be argued that their behavior or stance would remain the same.
   - **Clarification**: Without knowing the specifics of Steele’s initial action or the context, any prediction is speculative and might not accurately reflect the true nature of Steele’s current beliefs or choices.
   - **Criticism**: The assumption that people are fixed in their positions overlooks the fluidity of human belief systems and identities, which can evolve over time.
   - **Humor**: While not typically applicable in serious analysis, humor can sometimes highlight the absurdity of expecting unchanging behavior across vastly different contexts.
   - **Implications**: If Steele were to change, it could suggest broader shifts in societal acceptance or personal understanding, reflecting deeper underlying changes.
   - **Support**: Evidence of Steele's public statements or behaviors over time could provide support for either continuity or change in their stance.

6. **Conclusion**: Determining whether Steele would act the same way today depends on assessing the factors influencing their original decision and comparing those to the present day's influences. Changes in societal norms, personal growth, and external pressures all play significant roles in shaping an individual's behavior and decisions.

Final Answer:",,False,2026-08-24T17:51:17.950941+00:00
oral_argument_question_purpose_9,rhetorical-understanding,ireac,2,2,Qwen/Qwen2.5-32B-Instruct,"Structure your reasoning according to these steps: (1) Issue; (2) Rule; (3) Explanation; (4) Application; (5) Conclusion.
Labels: Background, Clarification, Criticism, Humor, Implications, Support
Context: 
Question: Would Steele come out the same way today?
End your response with a line in exactly this format: Final Answer: <your answer>","### Background:
The reference to ""Steele"" likely pertains to Christopher Steele, a former British intelligence officer who authored the infamous ""Steele Dossier,"" which detailed allegations of Russian involvement with Donald Trump. The question seems to inquire about whether, given the current political and social climate, Steele would produce similar findings or revelations if he were to conduct a similar investigation today.

### Clarification:
To clarify, the core of the question is whether the dynamics and information that led Steele to compile the dossier in 2016-2017 would be applicable or yield similar outcomes in present times. This requires considering changes in political landscapes, the reliability of sources, and the overall context of international relations.

### Rule:
When assessing the likelihood of similar outcomes in different time periods, one must consider the constancy or variability of underlying factors such as political relationships, access to information, and public interest in certain issues.

### Explanation:
Given the significant shifts in political climates both in the U.S. and internationally since the creation of the original dossier, it's crucial to assess whether the foundational elements that fueled Steele’s findings still exist. These include ongoing tensions between Russia and Western countries, the changing dynamics within the U.S. government, and the evolving landscape of intelligence gathering and public disclosure.

### Application:
If we apply the rule to the present context, we need to consider whether there is currently a similar level of suspicion or evidence regarding Russian involvement in U.S. politics that would prompt a figure like Steele to compile a new dossier. Recent events suggest continued concerns about foreign interference and political espionage, indicating that the conditions for a similar revelation could indeed persist.

### Criticism:
Critics might argue that the reliability and credibility of such an investigation depend heavily on the quality of sources and the investigative methods used. Changes in technology and security measures also play a critical role in the feasibility and success of such investigations.

### Implications:
Should Steele, or someone in his position, undertake a similar investigation today, it would likely face intense scrutiny and could have significant implications for international relations and domestic politics, much like the original dossier did.

### Support:
Supporters of conducting such investigations argue that transparency and accountability in matters of national security and political integrity are paramount, regardless of potential backlash or controversy.

### Conclusion:
In evaluating whether Steele would come to similar conclusions today, it depends largely on the persistence of key political and social factors that were present during the creation of the original dossier. Given the ongoing geopolitical tensions and concerns over foreign influence, it is plausible that",,False,2026-08-24T17:56:43.599642+00:00
oral_argument_question_purpose_11,rhetorical-understanding,irac,1,2,Qwen/Qwen2.5-32B-Instruct,"Analyze this using the IRAC method, addressing each part in order: (1) Issue; (2) Rule; (3) Application; (4) Conclusion.
Labels: Background, Clarification, Criticism, Humor, Implications, Support
Context: 
Question: So I will -- I will write a press release for many faiths and many belief systems that are -- but they have to be consistent with mine and I won't do it if it -- if it offends my religious faith. Good to go?
End your response with a line in exactly this format: Final Answer: <your answer>","**Background**: The context involves someone planning to draft a press release that incorporates various faiths and belief systems. However, there is a condition that these inclusions must align with their own beliefs and not offend their religious faith.

**Clarification**: The primary concern here is balancing respect for diverse beliefs while adhering strictly to one's personal religious convictions. This situation touches upon issues of freedom of speech, religious freedom, and potential conflicts between respecting others' beliefs and upholding one's own deeply held religious principles.

**Issue**: Can an individual draft a press release incorporating multiple faiths and belief systems while ensuring it aligns with their own religious views and does not offend their faith?

**Rule**: The First Amendment to the U.S. Constitution guarantees freedom of speech and religion, allowing individuals to express their views and practice their religion freely. However, this freedom does not permit actions or expressions that infringe upon the rights of others. In drafting a document intended for public consumption, one must navigate the balance between expressing personal religious beliefs and potentially offending others.

**Application**: If the individual includes only content that aligns with their own faith and excludes any elements that could be considered offensive to their religious beliefs, they are exercising their right to freedom of speech and religion. However, such exclusions might lead to criticism from those who believe in inclusivity and respect for all religions. The application of the rule suggests that while they have the right to craft a press release according to their beliefs, they should also consider the implications of excluding or altering other religions’ perspectives.

**Criticism**: Critics might argue that such an approach undermines the spirit of interfaith dialogue and mutual respect. It could be seen as a form of selective inclusion, which might be interpreted as discriminatory or exclusive rather than inclusive.

**Support**: On the other hand, supporters might argue that one has the right to express and share their beliefs in a way that feels authentic and respectful to them. This could be seen as a stance of integrity and adherence to one’s own values.

**Implications**: The implications of this decision include the potential alienation of certain groups or individuals whose beliefs are not represented, which could affect broader community relations and perceptions of inclusivity.

**Humor**: While humor might not be the most appropriate tone for discussing sensitive religious matters, one could imagine the irony of a press release meant to promote understanding across faiths ending up being the source of division instead!

**Conclusion**: While the individual has the legal right to draft the press release according to their own religious beliefs, they should consider",,False,2026-08-24T22:36:30.890673+00:00
oral_argument_question_purpose_11,rhetorical-understanding,ireac,1,1,Qwen/Qwen2.5-32B-Instruct,"Analyze this using the IREAC method, addressing each part in order: (1) Issue; (2) Rule; (3) Explanation; (4) Application; (5) Conclusion.
Labels: Background, Clarification, Criticism, Humor, Implications, Support
Context: 
Question: So I will -- I will write a press release for many faiths and many belief systems that are -- but they have to be consistent with mine and I won't do it if it -- if it offends my religious faith. Good to go?
End your response with a line in exactly this format: Final Answer: <your answer>","**Background:** The question involves the creation of a press release that represents multiple faiths and belief systems while ensuring that it aligns with the writer's own religious beliefs. This scenario raises questions about the compatibility of different religious perspectives and the challenge of creating content that is respectful to all while not contradicting one’s personal beliefs.

**Clarification:** The core issue here is whether it is possible or appropriate to draft a press release that encompasses a wide array of faiths and belief systems without altering the writer's personal beliefs or causing offense to their own religious faith.

**Issue:** Can a press release be written that accommodates and represents various faiths and belief systems without compromising or offending the writer’s own religious beliefs?

**Rule:** Generally, when representing multiple viewpoints, the principle is to provide a balanced and respectful representation that acknowledges the differences and commonalities among them. However, the writer’s own religious constraints present an additional layer of complexity.

**Explanation:** Balancing respect for diverse beliefs and adherence to one’s own beliefs is a complex task. It requires careful consideration of language and content to avoid misrepresentation or offense. However, the requirement that the content must not only represent other beliefs but also align with the writer’s beliefs adds a layer of difficulty, potentially limiting the inclusivity of the press release.

**Application:** In practice, the writer would need to find common ground between their beliefs and those of others, focusing on shared values and principles that can be universally acknowledged. This approach respects diversity while maintaining the integrity of the writer's own faith.

**Criticism:** This approach might lead to a press release that skews towards the writer's own perspective, potentially marginalizing the unique aspects of other belief systems. This could undermine the goal of inclusivity and respect for diversity.

**Implications:** The implications include the possibility of alienating some groups whose specific beliefs or practices are not represented due to the writer's personal constraints. This could affect the reception and effectiveness of the press release.

**Support:** To mitigate these challenges, the writer could seek input from representatives of the faiths and belief systems included in the press release. This collaborative approach could help ensure that the press release is both respectful and representative of diverse viewpoints.

**Humor:** While balancing multiple faiths in a press release sounds like walking a tightrope over a canyon of beliefs, it’s a delicate dance that requires more grace than a tightrope walker has.

**Conclusion:** Crafting a press release that respects and includes a variety of faiths and belief systems while adhering to",,False,2026-08-24T22:55:33.619263+00:00
oral_argument_question_purpose_11,rhetorical-understanding,ireac,2,0,Qwen/Qwen2.5-32B-Instruct,"Structure your reasoning according to these steps: (1) Issue; (2) Rule; (3) Explanation; (4) Application; (5) Conclusion.
Labels: Background, Clarification, Criticism, Humor, Implications, Support
Context: 
Question: So I will -- I will write a press release for many faiths and many belief systems that are -- but they have to be consistent with mine and I won't do it if it -- if it offends my religious faith. Good to go?
End your response with a line in exactly this format: Final Answer: <your answer>","**Background**: The question involves creating a press release that represents multiple faiths and belief systems while ensuring the content aligns with the individual's own religious beliefs. The concern is about potential conflicts between diverse belief systems and personal religious convictions.

**Clarification**: The key issue here revolves around balancing inclusivity of various religious perspectives in a press release with the need to avoid content that contradicts one’s personal religious beliefs. This raises questions about the feasibility and integrity of such an endeavor.

**Rule**: When drafting a press release that encompasses multiple belief systems, the primary rule to follow is maintaining respect and accuracy for each represented faith while staying true to one's own values. However, this must be balanced against the risk of excluding or misrepresenting beliefs that conflict with one's own.

**Explanation**: Crafting a press release that includes several faiths requires thorough research and sensitivity towards the beliefs of all represented groups. It is crucial to ensure that no information is misrepresented and that all perspectives are treated with equal respect. However, if certain beliefs inherently contradict one’s own deeply held religious convictions, this could lead to a conflict of interest and a challenge in maintaining the integrity of the message.

**Application**: In practice, one could attempt to draft the press release with an emphasis on shared values and common ground among different faiths. If there are specific beliefs that cannot be reconciled with one's own, it might be necessary to either omit them or seek guidance from representatives of those faiths to ensure their beliefs are respected without compromising personal beliefs.

**Implications**: Such a task could foster greater interfaith understanding but also risks oversimplifying complex theological differences or even inadvertently causing offense if not handled with care.

**Criticism**: A potential criticism is that trying to include multiple belief systems without offending any may lead to a watered-down, less meaningful message. Each faith has distinct doctrines and practices, and attempting to find commonalities may result in significant details being overlooked or misrepresented.

**Support**: To support this endeavor, consultation with scholars or leaders from the respective faiths can provide valuable insights and help ensure authenticity and respect in representation.

**Humor**: Attempting to summarize the essence of every faith system in a single press release? That’s like trying to fit a whole zoo into a teacup – fun idea, but you might just end up with a lot of splashing!

**Conclusion**: While the effort to create a press release inclusive of various faiths is commendable for promoting understanding, it must be approached with caution to avoid misrepresentation or conflict with",,False,2026-08-24T22:56:34.775609+00:00
oral_argument_question_purpose_12,rhetorical-understanding,irac,1,0,Qwen/Qwen2.5-32B-Instruct,"Analyze this using the IRAC method, addressing each part in order: (1) Issue; (2) Rule; (3) Application; (4) Conclusion.
Labels: Background, Clarification, Criticism, Humor, Implications, Support
Context: 
Question: So context changes meaning. What if, instead of a graphic designer, she's a songwriter and she writes a song, you know, let's say “At Last” or “Wind Beneath My Wings” or something that people want to dance to at their wedding, and the lyrics are out there. You know, it could be played at a *50 heterosexual wedding or it could be played at a gay wedding. Once the artist has created that song, can the artist say, but I'm not licensing it to be played at certain kinds of weddings?
End your response with a line in exactly this format: Final Answer: <your answer>","### Background:
The question explores the legal implications regarding an artist's control over the use of their work once it is publicly available. Specifically, it asks whether a songwriter can restrict the licensing of their music to be used only at certain types of weddings based on personal beliefs.

### Clarification:
The issue at hand centers around intellectual property law, particularly copyright law, and how it interacts with the concept of public performance rights. The question highlights a scenario where a songwriter creates music intended for broad public enjoyment, like playing at weddings. It questions if the creator retains the right to control specific contexts in which their work can be performed, such as limiting its use based on the type of wedding (e.g., heterosexual vs. same-sex).

### Criticism:
One criticism might be that artists should have the right to control how their creative works are used, including being able to refuse permission for their work to be used in ways they find objectionable. However, another perspective argues that once a work is released to the public, especially through mechanisms like licensing, the artist loses some control over how it is used, particularly when it comes to private events like weddings.

### Humor:
While not directly related to the legal analysis, one could imagine a humorous scenario where the artist's preferences for how their song is used lead to bizarre situations, such as refusing to license the song for any weddings after learning it was played at various events they disapprove of, creating a ""musical blacklist.""

### Implications:
If an artist were allowed to restrict their music from being played at certain types of weddings, it could set a precedent for other forms of content creators to impose specific conditions on their work’s usage, potentially leading to a fragmented market where consumers and event organizers face significant hurdles in obtaining permissions.

### Support:
From a legal standpoint, under U.S. copyright law, the original author generally holds exclusive rights to reproduce, distribute, display, and perform the copyrighted work, including public performances. This gives the artist significant leverage to dictate terms under which their work may be used, including refusal to license for particular events or occasions.

### Application:
Applying the rule that the artist holds the exclusive rights to control the reproduction and distribution of their work, the artist would likely be within their legal rights to refuse licensing for certain types of weddings. However, this decision could be challenged based on broader societal norms and laws against discrimination.

### Conclusion:
In conclusion, while the artist technically has the right to refuse licensing based on personal beliefs, doing so might lead to legal challenges, especially if",,False,2026-08-25T00:59:44.402405+00:00
oral_argument_question_purpose_12,rhetorical-understanding,irac,1,2,Qwen/Qwen2.5-32B-Instruct,"Analyze this using the IRAC method, addressing each part in order: (1) Issue; (2) Rule; (3) Application; (4) Conclusion.
Labels: Background, Clarification, Criticism, Humor, Implications, Support
Context: 
Question: So context changes meaning. What if, instead of a graphic designer, she's a songwriter and she writes a song, you know, let's say “At Last” or “Wind Beneath My Wings” or something that people want to dance to at their wedding, and the lyrics are out there. You know, it could be played at a *50 heterosexual wedding or it could be played at a gay wedding. Once the artist has created that song, can the artist say, but I'm not licensing it to be played at certain kinds of weddings?
End your response with a line in exactly this format: Final Answer: <your answer>","**Background:** The question revolves around the legal rights of a songwriter regarding how their music is used, particularly in the context of weddings. Specifically, it questions whether a songwriter can restrict the licensing of their music for use at certain types of weddings.

**Clarification:** The core issue here is whether an artist, after creating a piece of music, can control its usage based on the nature of the event it’s performed at, such as a heterosexual versus a same-sex wedding. This touches upon intellectual property rights, specifically copyright law, and potentially freedom of speech or expression laws.

**Rule:** Under U.S. Copyright Law, the owner of a copyrighted work has exclusive rights to reproduce the work, prepare derivative works, distribute copies of the work, perform the copyrighted work publicly, and display the copyrighted work publicly. These exclusive rights also include the right to authorize others to do these things. However, the First Amendment of the U.S. Constitution protects freedom of speech, which could theoretically limit the ability to restrict how one's work is used in public discourse or events.

**Application:** When a songwriter licenses their music, they typically have the right to specify conditions under which the music can be used. If the songwriter refuses to license their music for use at certain types of weddings, this could be seen as an exercise of their rights under copyright law. However, this decision might also be challenged as discriminatory if it’s based on the sexual orientation of the couples getting married, potentially leading to conflicts with anti-discrimination laws.

**Criticism:** The criticism here would focus on the potential clash between the songwriter’s rights over their work and societal norms or laws against discrimination. If a songwriter refuses to license their music for use at weddings based on the sexual orientation of the couple, they might face backlash from consumers and legal challenges based on anti-discrimination principles.

**Implications:** The implications of this scenario touch on broader issues of personal expression, business practices, and social justice. It raises questions about the extent to which creators can control the message and environment associated with their work, and whether such control can be exercised without violating principles of equality and non-discrimination.

**Humor:** While the issue is serious, one might humorously note that the wedding planner who loves ""At Last"" might find themselves in a bit of a pickle if the songwriter decides to be selective about where their beloved tune gets played. It’s like trying to organize a dance-off with one foot tied behind your back!

**Support:** Legal support for the songwriter’s stance would come from copyright law,",,False,2026-08-25T01:00:49.335297+00:00
oral_argument_question_purpose_12,rhetorical-understanding,ireac,1,1,Qwen/Qwen2.5-32B-Instruct,"Analyze this using the IREAC method, addressing each part in order: (1) Issue; (2) Rule; (3) Explanation; (4) Application; (5) Conclusion.
Labels: Background, Clarification, Criticism, Humor, Implications, Support
Context: 
Question: So context changes meaning. What if, instead of a graphic designer, she's a songwriter and she writes a song, you know, let's say “At Last” or “Wind Beneath My Wings” or something that people want to dance to at their wedding, and the lyrics are out there. You know, it could be played at a *50 heterosexual wedding or it could be played at a gay wedding. Once the artist has created that song, can the artist say, but I'm not licensing it to be played at certain kinds of weddings?
End your response with a line in exactly this format: Final Answer: <your answer>","**Background:** The scenario involves an artist, specifically a songwriter, who has created a piece of music intended for public consumption. This piece, such as ""At Last"" or ""Wind Beneath My Wings,"" is popular and often used at various celebratory events, including weddings. The question arises about the artist's rights concerning the licensing of their work for specific types of events, particularly weddings based on the orientation of the couple.

**Clarification:** The core issue here is whether the artist retains the right to restrict the use of their work based on the type of event where it will be performed, especially when it comes to personal characteristics of the event attendees, such as their sexual orientation.

**Rule:** Generally, under copyright law, the creator of a copyrighted work holds exclusive rights over the use and distribution of that work. This includes the right to license the work for public performance. However, these rights must be exercised within the bounds of anti-discrimination laws that prohibit discrimination based on characteristics like race, religion, and sexual orientation.

**Explanation:** Copyright law grants creators significant control over how their works are used, including the ability to license those works for specific purposes. However, this control is limited by broader legal frameworks that prevent discrimination against individuals based on certain protected characteristics. In many jurisdictions, including the United States, discrimination based on sexual orientation is prohibited in public accommodations, which may include the licensing of music for public events such as weddings.

**Application:** Applying this understanding to the scenario, while the songwriter initially has the right to license their music for use at weddings, they cannot legally refuse to license the music solely based on the sexual orientation of the couple getting married. Doing so would constitute illegal discrimination under relevant anti-discrimination laws.

**Implications:** For artists and songwriters, this means that while they have substantial control over their work, they must also respect the legal framework around discrimination. This can create a tension between artistic freedom and legal obligations, requiring careful consideration of how to balance these interests.

**Support:** There are numerous cases and legal precedents that support this interpretation, reinforcing the idea that even with strong intellectual property protections, there are limits to how those rights can be exercised when it conflicts with anti-discrimination laws.

**Criticism:** Critics might argue that allowing such restrictions undermines the principles of artistic expression and the rights of creators to control their works fully. However, the legal consensus supports balancing these rights with broader social justice considerations.

**Humor:** Imagine a world where every artist could decide exactly who gets to enjoy their art—sounds",,False,2026-08-25T01:22:05.557171+00:00
oral_argument_question_purpose_12,rhetorical-understanding,ireac,2,1,Qwen/Qwen2.5-32B-Instruct,"Structure your reasoning according to these steps: (1) Issue; (2) Rule; (3) Explanation; (4) Application; (5) Conclusion.
Labels: Background, Clarification, Criticism, Humor, Implications, Support
Context: 
Question: So context changes meaning. What if, instead of a graphic designer, she's a songwriter and she writes a song, you know, let's say “At Last” or “Wind Beneath My Wings” or something that people want to dance to at their wedding, and the lyrics are out there. You know, it could be played at a *50 heterosexual wedding or it could be played at a gay wedding. Once the artist has created that song, can the artist say, but I'm not licensing it to be played at certain kinds of weddings?
End your response with a line in exactly this format: Final Answer: <your answer>","### Background
The issue revolves around the rights of artists over how their work is used, specifically in the case of a songwriter licensing their music for use at weddings. The core question is whether an artist retains the ability to restrict the use of their song based on the type of wedding where it might be performed.

### Clarification
To clarify, the scenario involves a songwriter who has written popular songs like ""At Last"" or ""Wind Beneath My Wings,"" which are often chosen for weddings. The question asks if the artist can legally deny permission for their song to be used at certain types of weddings, such as those of a specific sexual orientation.

### Rule
Under copyright law, artists generally have the right to control the reproduction, distribution, public performance, and other uses of their copyrighted works. This includes the right to decide under what circumstances their work may be publicly performed.

### Explanation
Copyright law grants creators significant control over their creations, allowing them to dictate terms for public performances. However, these rights are subject to limitations set by anti-discrimination laws in some jurisdictions, which could potentially challenge an artist’s decision to restrict performances based on the identity of the event attendees.

### Application
In applying this rule, if a songwriter wishes to prevent their song from being used at weddings of a particular type, they would need to include this restriction in the licensing agreement. If a couple or venue then attempts to use the song without adhering to these terms, they could be in violation of the artist's copyright.

### Criticism
One potential criticism of such a policy is that it could be seen as discriminatory, particularly if the restriction targets specific groups based on characteristics protected by law, such as sexual orientation. In such cases, the legal landscape might limit the artist's ability to enforce such restrictions due to broader societal values and anti-discrimination statutes.

### Implications
If an artist successfully enforces a restriction against certain types of events, it could set a precedent that affects how other artists manage their copyrights and the use of their works in public spaces. It could also influence consumer expectations regarding the availability of licensed music.

### Support
Support for the artist's right to control the use of their work underscores the importance of recognizing intellectual property rights. Artists should have the freedom to decide how their creations are used and in what contexts, which aligns with the intent of copyright laws to protect and incentivize creative expression.

### Conclusion
While an artist theoretically holds the right to license their music with conditions, including restrictions on the type of events where it can be used",,False,2026-08-25T01:23:45.455731+00:00
oral_argument_question_purpose_12,rhetorical-understanding,ireac,2,2,Qwen/Qwen2.5-32B-Instruct,"Structure your reasoning according to these steps: (1) Issue; (2) Rule; (3) Explanation; (4) Application; (5) Conclusion.
Labels: Background, Clarification, Criticism, Humor, Implications, Support
Context: 
Question: So context changes meaning. What if, instead of a graphic designer, she's a songwriter and she writes a song, you know, let's say “At Last” or “Wind Beneath My Wings” or something that people want to dance to at their wedding, and the lyrics are out there. You know, it could be played at a *50 heterosexual wedding or it could be played at a gay wedding. Once the artist has created that song, can the artist say, but I'm not licensing it to be played at certain kinds of weddings?
End your response with a line in exactly this format: Final Answer: <your answer>","### Background:
The issue revolves around the rights of an artist, specifically a songwriter, to control how their work is used once it has been released to the public. In this case, the focus is on whether the artist can restrict the use of their music at different types of weddings based on the orientation of the couple.

### Clarification:
The core question here is about the extent of an artist’s control over their work after it has been made available for public consumption. The specific concern is whether the artist retains the right to dictate the circumstances under which the song can be performed, particularly when it comes to the type of event (wedding) and the nature of the relationship between the individuals involved.

### Rule:
Under copyright law, artists generally retain certain rights over their works, including the right to reproduce, distribute, and perform the work publicly. However, once a song is licensed and sold to the public, the artist may lose some control over how the work is used, especially if the license is broad.

### Explanation:
The issue touches upon the balance between an artist's creative rights and the freedom of expression and usage by the public. While the artist can initially control distribution and licensing terms, once the song is widely available, the artist's ability to restrict its use in specific contexts becomes more complicated and may depend heavily on the original licensing agreements.

### Application:
If the artist did not explicitly retain the right to control all uses of the song through detailed licensing terms, they might face legal challenges in attempting to prevent the song from being played at certain events. This is because once the song is released, public performance rights often extend beyond the control of the original creator unless explicitly restricted beforehand.

### Criticism:
Critics might argue that placing such restrictions on a song's use at weddings, regardless of the couple's orientation, could be seen as a form of discrimination and could face backlash from consumers and legal scrutiny. Moreover, enforcing such restrictions might be difficult and costly, potentially harming the artist's reputation and future sales.

### Implications:
For the artist, setting clear licensing terms upfront could be crucial in maintaining control over how their work is used. However, overly restrictive terms might limit the song's reach and popularity, impacting the artist financially. For society, this scenario highlights the ongoing debate about artistic freedom versus societal acceptance and the legal framework surrounding intellectual property.

### Support:
Artists have the right to express their values and beliefs through their work and licensing terms. However, the practicality and enforceability of such restrictions need careful consideration, balancing the artist",,False,2026-08-25T01:24:20.147798+00:00
oral_argument_question_purpose_17,rhetorical-understanding,irac,1,0,Qwen/Qwen2.5-32B-Instruct,"Analyze this using the IRAC method, addressing each part in order: (1) Issue; (2) Rule; (3) Application; (4) Conclusion.
Labels: Background, Clarification, Criticism, Humor, Implications, Support
Context: 
Question: When -- at page -- near the end of your brief, at page 49, you say that this Court ""always has jurisdiction to intervene in rare cases where state courts act lawlessly to obstruct federal rights."" And you look to Chief Justice Rehnquist's opinion as saying that the standards would be reviewable when the -- they significantly depart from well-established meaning of state law. When you're falling back in that situation, do you bump into Mr. Thompson when he's falling back the other way?
End your response with a line in exactly this format: Final Answer: <your answer>","### Background:
The question revolves around the issue of Supreme Court intervention in state court decisions, particularly focusing on the conditions under which such intervention might occur. The inquiry centers on a statement made in a legal brief suggesting that the Supreme Court retains jurisdiction to intervene in rare instances where state courts act unlawfully and obstruct federal rights. This context is further complicated by a reference to a precedent set by Chief Justice Rehnquist, indicating that the standards are reviewable if they significantly deviate from established state law.

### Clarification:
To clarify, the core of the question seems to be about whether the argument for Supreme Court intervention based on unlawful obstruction of federal rights conflicts or overlaps with the criteria set by Chief Justice Rehnquist for reviewing state court decisions when they significantly diverge from well-established state laws.

### Criticism:
One possible criticism here could be the potential for an overly broad interpretation of 'unlawful obstruction of federal rights', which might lead to frequent interventions and undermine the autonomy of state courts. This could also create confusion regarding the clear distinction between federal and state jurisdictions.

### Humor:
While the scenario doesn't inherently lend itself to humor, one could imagine a hypothetical situation where the Supreme Court and state courts engage in a kind of judicial ping-pong, constantly challenging each other's rulings, leading to a never-ending game of 'you bumped into me!'

### Implications:
If the Supreme Court indeed intervenes based on the grounds mentioned, it could potentially set a precedent that makes such interventions more common, thus altering the balance of power between federal and state jurisdictions. It also raises questions about how 'lawless' actions are defined and who determines what constitutes a significant departure from state law.

### Support:
Support for the argument might come from the perspective that ensuring federal rights are protected is paramount, even if it means occasionally overriding state court decisions. This aligns with the principle that federal law supersedes state law when there is a conflict.

### Application:
Applying the relevant rules and principles, one must consider the extent to which state courts can be allowed to interpret laws before their decisions are deemed to significantly depart from established norms. If the standard set by Chief Justice Rehnquist is narrowly interpreted, it could limit the frequency of Supreme Court interventions, whereas a broader interpretation might make such interventions more likely.

### Conclusion:
Given the analysis, while the argument for Supreme Court intervention in cases where state courts unlawfully obstruct federal rights might seem justifiable, it must be carefully balanced against the standard set by Chief Justice Rehnquist. There is",,False,2026-08-25T14:00:09.098501+00:00
oral_argument_question_purpose_17,rhetorical-understanding,irac,1,1,Qwen/Qwen2.5-32B-Instruct,"Analyze this using the IRAC method, addressing each part in order: (1) Issue; (2) Rule; (3) Application; (4) Conclusion.
Labels: Background, Clarification, Criticism, Humor, Implications, Support
Context: 
Question: When -- at page -- near the end of your brief, at page 49, you say that this Court ""always has jurisdiction to intervene in rare cases where state courts act lawlessly to obstruct federal rights."" And you look to Chief Justice Rehnquist's opinion as saying that the standards would be reviewable when the -- they significantly depart from well-established meaning of state law. When you're falling back in that situation, do you bump into Mr. Thompson when he's falling back the other way?
End your response with a line in exactly this format: Final Answer: <your answer>","**Background:** The issue revolves around the interpretation and application of the Supreme Court’s jurisdiction to intervene in state court proceedings, particularly when these proceedings are seen as obstructing federal rights. This is discussed in the context of a legal brief where the party asserts the Court's jurisdiction under specific conditions, referencing past judicial opinions for support.

**Clarification:** The question specifically asks if there is a conflict or overlap between the conditions under which the Supreme Court can intervene in state court actions and the stance taken by Mr. Thompson, who seems to have a contrasting view or position on the matter.

**Rule:** The relevant rule here pertains to the Supreme Court’s jurisdiction to intervene in state matters, especially when state courts significantly deviate from established interpretations of state law, thereby potentially obstructing federal rights. This involves an understanding of the standards set forth by Chief Justice Rehnquist and how these standards are interpreted and applied.

**Application:** Applying the rule, we examine the brief's claim about the Court's jurisdiction in light of the referenced standards by Chief Justice Rehnquist. If the brief correctly interprets and applies these standards, it suggests that the Court retains the authority to intervene in state matters under certain conditions. However, if Mr. Thompson advocates for a stricter or narrower interpretation of these conditions, it could indeed create a point of contention where both positions intersect but disagree on the extent and applicability of the Court’s jurisdiction.

**Criticism:** One criticism might be that the standards for intervention are too vague, leading to inconsistent application across different cases. This vagueness could complicate the determination of when exactly the Supreme Court should intervene, potentially undermining the clarity and predictability of legal outcomes.

**Implications:** If the brief's interpretation aligns closely with established legal precedents set by Chief Justice Rehnquist, it strengthens its argument for the Court’s jurisdiction. Conversely, if Mr. Thompson's stance is more restrictive, it could limit the circumstances under which the Supreme Court can exercise its jurisdiction, affecting the balance of power between federal and state courts.

**Support:** The brief draws support from Chief Justice Rehnquist’s opinion, indicating a historical precedent for the Court’s ability to intervene. This support helps validate the argument that the Supreme Court does retain the authority to step in when necessary, provided the conditions meet the criteria outlined in the referenced standards.

**Humor:** While the subject matter is quite serious, one could humorously note the irony in courts often needing to resolve disputes over their own jurisdiction—a bit like referees arguing about the rules of the game",,False,2026-08-25T14:00:43.324317+00:00
oral_argument_question_purpose_17,rhetorical-understanding,irac,1,2,Qwen/Qwen2.5-32B-Instruct,"Analyze this using the IRAC method, addressing each part in order: (1) Issue; (2) Rule; (3) Application; (4) Conclusion.
Labels: Background, Clarification, Criticism, Humor, Implications, Support
Context: 
Question: When -- at page -- near the end of your brief, at page 49, you say that this Court ""always has jurisdiction to intervene in rare cases where state courts act lawlessly to obstruct federal rights."" And you look to Chief Justice Rehnquist's opinion as saying that the standards would be reviewable when the -- they significantly depart from well-established meaning of state law. When you're falling back in that situation, do you bump into Mr. Thompson when he's falling back the other way?
End your response with a line in exactly this format: Final Answer: <your answer>","### Background

The context provided centers around a legal argument made in a brief concerning the Supreme Court's jurisdiction over cases involving state court actions that may obstruct federal rights. The reference to Chief Justice Rehnquist's opinion suggests a precedent or established judicial guidance on when such interventions might be permissible.

### Clarification

The question seeks clarification on the relationship between two positions: one, the assertion that the Supreme Court has jurisdiction to intervene in rare cases where state courts act unlawfully, and two, a potential opposing stance represented by Mr. Thompson. The query aims to understand whether these positions conflict or can coexist.

### Criticism

One possible criticism of the argument presented could be its reliance on a broad interpretation of the Supreme Court’s jurisdiction. Critics might argue that such an expansive view could lead to unnecessary federal intervention in state matters, potentially undermining the principle of federalism.

### Humor

In a light-hearted vein, one might suggest that while both sides are ""falling back,"" they might not be in a position to collide but rather could be seen as part of a larger dance, each taking turns leading and following in the complex choreography of legal arguments.

### Implications

If the Court were to adopt the position suggested in the brief, it could set a precedent for broader federal oversight in state court proceedings. This could have implications for state sovereignty and the balance of power between state and federal jurisdictions.

### Support

Supporters of the argument might point out that ensuring federal rights are protected is paramount and that allowing the Supreme Court to intervene in extreme cases is necessary to uphold justice and maintain the integrity of the legal system.

### Rule

The rule at play here involves the Supreme Court's jurisdictional principles, particularly in instances where state courts might infringe upon federal rights. Chief Justice Rehnquist's opinion likely provides a guideline for when such interventions are warranted, specifically when there is a significant departure from well-established state law interpretations.

### Application

To apply the rule, one must determine if the current case presents a scenario where state courts have acted unlawfully to obstruct federal rights in a manner that significantly deviates from established state law. If so, the Supreme Court's jurisdiction under the rule described would permit intervention.

### Conclusion

In considering the positions of both the brief and Mr. Thompson, the analysis hinges on whether the circumstances outlined constitute a significant departure from established state law justifying Supreme Court intervention. If the criteria are met, the positions do not necessarily conflict but rather present different perspectives on how to approach the issue within the framework of the rule",,False,2026-08-25T14:01:17.468530+00:00
oral_argument_question_purpose_17,rhetorical-understanding,creac,2,0,Qwen/Qwen2.5-32B-Instruct,"Structure your reasoning according to these steps: (1) Conclusion; (2) Rule; (3) Explanation; (4) Application; (5) Conclusion.
Labels: Background, Clarification, Criticism, Humor, Implications, Support
Context: 
Question: When -- at page -- near the end of your brief, at page 49, you say that this Court ""always has jurisdiction to intervene in rare cases where state courts act lawlessly to obstruct federal rights."" And you look to Chief Justice Rehnquist's opinion as saying that the standards would be reviewable when the -- they significantly depart from well-established meaning of state law. When you're falling back in that situation, do you bump into Mr. Thompson when he's falling back the other way?
End your response with a line in exactly this format: Final Answer: <your answer>","### Background:
The question revolves around the concept of Supreme Court intervention in state court decisions, particularly focusing on the conditions under which such intervention is justified. The context is centered on an interpretation of the standards for judicial review, as articulated by Chief Justice Rehnquist, and how this might conflict or intersect with another argument made by Mr. Thompson.

### Clarification:
The core issue here is whether there is a contradiction between the position taken in the brief regarding the Supreme Court's intervention powers and Mr. Thompson’s stance, especially concerning the conditions under which federal rights can be said to be obstructed by state courts.

### Rule:
According to established legal principles, the Supreme Court retains the authority to intervene in cases where state courts have acted contrary to federal law or rights, particularly when their actions significantly deviate from established interpretations of state law.

### Explanation:
Chief Justice Rehnquist's opinion provides guidance on the conditions under which Supreme Court review is warranted. These conditions include instances where state court decisions significantly depart from the well-established meaning of state law, potentially infringing upon federal rights. This principle supports the idea that the Supreme Court should intervene to correct such deviations. However, if Mr. Thompson argues that the threshold for such intervention is higher or differently defined, it could create a point of contention.

### Application:
If we apply the rule outlined by Chief Justice Rehnquist to the scenario described in the brief, it suggests that the Supreme Court indeed has the right to intervene when state courts act against federal interests. However, if Mr. Thompson asserts that the standards for this intervention are stricter or more narrowly defined, then there could be a conflict in interpretation. This conflict highlights the need for a clear definition of what constitutes a significant departure from state law that would warrant Supreme Court intervention.

### Implications:
This discussion has implications for the balance of power between state and federal judicial systems. It also affects how broadly or narrowly the Supreme Court might exercise its jurisdiction, impacting both the states' autonomy and the protection of federal rights.

### Criticism:
Critics might argue that the vagueness in defining 'significant departure' could lead to inconsistent application of the Supreme Court's jurisdiction, affecting the predictability and fairness of judicial outcomes.

### Support:
Supporters of a broad interpretation might argue that it is essential to protect federal rights and ensure uniformity in the application of federal law across different states, even if it means more frequent interventions by the Supreme Court.

### Humor:
Considering the complexity of legal arguments, one might jest that even Chief Justice Rehnquist",,False,2026-08-25T14:10:13.143191+00:00
oral_argument_question_purpose_17,rhetorical-understanding,cleo,0,1,Qwen/Qwen2.5-32B-Instruct,"Work through the following steps before answering: (1) Claim; (2) Law; (3) Evaluation; (4) Outcome.
Labels: Background, Clarification, Criticism, Humor, Implications, Support
Context: 
Question: When -- at page -- near the end of your brief, at page 49, you say that this Court ""always has jurisdiction to intervene in rare cases where state courts act lawlessly to obstruct federal rights."" And you look to Chief Justice Rehnquist's opinion as saying that the standards would be reviewable when the -- they significantly depart from well-established meaning of state law. When you're falling back in that situation, do you bump into Mr. Thompson when he's falling back the other way?
End your response with a line in exactly this format: Final Answer: <your answer>","### Background:
The question appears to be centered on a legal argument about the Supreme Court's jurisdiction and its ability to intervene when state courts act in ways that obstruct federal rights. The context references a specific part of a legal brief where it mentions the Supreme Court’s inherent power to step in under certain conditions, specifically when state courts act lawlessly. It also cites an opinion by Chief Justice Rehnquist which suggests that judicial review is warranted when there is a significant departure from established state law.

### Clarification:
The query seeks clarification on whether the argument presented in the brief conflicts with or overlaps with another party's (Mr. Thompson's) position. Specifically, it aims to understand if the brief’s reliance on Supreme Court intervention for obstructed federal rights clashes with Mr. Thompson’s stance or if it complements it.

### Criticism:
One potential criticism might be that both parties are relying on different interpretations or applications of the same principle—Supreme Court intervention in matters of state law—but their approaches could be seen as conflicting. This conflict arises if one interprets the court’s role more narrowly than the other, leading to a scenario where they are essentially arguing against each other despite potentially sharing the same foundational legal principle.

### Implications:
If the brief’s interpretation of the Supreme Court's jurisdiction indeed conflicts with Mr. Thompson’s view, it could lead to a complex legal debate on the scope and limits of federal oversight over state judicial actions. This debate could influence future cases regarding the balance between state sovereignty and federal rights.

### Support:
Support for the brief’s claim can be found in historical precedents where the Supreme Court has intervened to correct state courts’ misapplications of law that obstruct federal rights. Additionally, Chief Justice Rehnquist’s opinion provides a legal framework for such interventions, suggesting a conditional approach based on the severity of departure from established norms.

### Evaluation:
Evaluating the claim involves comparing the specific arguments made by both the brief and Mr. Thompson. If the brief argues for a broader interpretation of Supreme Court intervention while Mr. Thompson argues for a narrower scope, they may indeed be falling back on opposite sides of the issue. However, if both recognize the necessity of Supreme Court intervention but differ only in the criteria or conditions under which it should occur, they might not necessarily conflict but rather present differing perspectives on the application of a similar principle.

### Outcome:
Given the provided information, the outcome hinges on how closely the positions align or diverge. If the brief and Mr. Thompson’s stance fundamentally disagree on the extent of Supreme Court intervention",,False,2026-08-25T14:12:17.394975+00:00
oral_argument_question_purpose_17,rhetorical-understanding,ireac,0,0,Qwen/Qwen2.5-32B-Instruct,"Work through the following steps before answering: (1) Issue; (2) Rule; (3) Explanation; (4) Application; (5) Conclusion.
Labels: Background, Clarification, Criticism, Humor, Implications, Support
Context: 
Question: When -- at page -- near the end of your brief, at page 49, you say that this Court ""always has jurisdiction to intervene in rare cases where state courts act lawlessly to obstruct federal rights."" And you look to Chief Justice Rehnquist's opinion as saying that the standards would be reviewable when the -- they significantly depart from well-established meaning of state law. When you're falling back in that situation, do you bump into Mr. Thompson when he's falling back the other way?
End your response with a line in exactly this format: Final Answer: <your answer>","### Background
The question pertains to a legal context involving jurisdictional claims and the interpretation of state laws by federal courts. The discussion centers around the circumstances under which the Supreme Court can assert its jurisdiction over state court decisions, particularly when these decisions potentially infringe upon federal rights.

### Clarification
The specific query asks whether there is a contradiction or conflict between two perspectives. One perspective supports the notion that the Supreme Court should intervene when state courts act in a manner that obstructs federal rights. This perspective is supported by a reference to Chief Justice Rehnquist's opinion, indicating that federal review is appropriate when state interpretations significantly deviate from established state law. The second perspective, attributed to Mr. Thompson, likely advocates for a different position on the extent of federal judicial intervention.

### Criticism
Critics might argue that such an assertion of jurisdiction could undermine the autonomy of state courts and lead to an overreach of federal power. They may contend that without clear guidelines, the threshold for what constitutes ""lawless"" action or ""significant departure"" becomes subjective, leading to inconsistent applications of federal oversight.

### Application
In applying the rule that federal courts may intervene when state courts obstruct federal rights, it's crucial to examine how the standards for intervention are defined. Chief Justice Rehnquist's opinion suggests a threshold of significant deviation from established state law as a criterion for federal review. This standard aims to balance federal and state judicial authority by providing a measure for when federal intervention is justified. However, the interaction between this principle and Mr. Thompson's stance, if opposing or differing, requires a careful assessment to understand the potential conflicts or overlaps.

### Implications
If Mr. Thompson's position involves a narrower interpretation of federal oversight or stricter limitations on when federal courts can intervene, then there indeed could be a ""bump"" or a clash of viewpoints. This could lead to debates about the proper boundaries of federal judicial authority and the extent to which state judicial independence should be respected.

### Support
Supporting evidence for each viewpoint might include precedents set by previous Supreme Court rulings, legal scholars' analyses, and constitutional arguments that either favor a robust federal role in ensuring federal rights or advocate for state judicial sovereignty.

### Humor
While the legal implications of jurisdictional debates can be quite serious, one might jokingly wonder if the Supreme Court justices ever have a ""bump"" in their personal relationships due to these disagreements, much like characters in a courtroom drama television series.

### Conclusion
The presence of conflicting viewpoints, such as those highlighted here, underscores",,False,2026-08-25T14:20:53.844930+00:00
oral_argument_question_purpose_19,rhetorical-understanding,cleo,1,1,Qwen/Qwen2.5-32B-Instruct,"Analyze this using the CLEO method, addressing each part in order: (1) Claim; (2) Law; (3) Evaluation; (4) Outcome.
Labels: Background, Clarification, Criticism, Humor, Implications, Support
Context: 
Question: So it doesn't really -- there is no line on race, there is no *24 line on disability, ethnicity, none of the protected categories in a public accommodation law?
End your response with a line in exactly this format: Final Answer: <your answer>","To apply the CLEO method to the given context and question, we first need to break down the analysis into its components:

(1) **Claim**: The claim being discussed appears to be about the absence of specific protections against discrimination based on race, disability, ethnicity, or other protected categories within the realm of public accommodation laws.

(2) **Law**: Public accommodation laws typically mandate that businesses and places open to the public cannot discriminate against customers or visitors based on certain protected characteristics such as race, color, religion, sex, national origin, disability, and sometimes more depending on jurisdiction. The assertion that there is ""no line"" on these categories seems to contradict standard public accommodation laws that explicitly prohibit discrimination based on these factors.

(3) **Evaluation**: Evaluating the claim involves considering the legal framework and specific statutes in play. If the statement is suggesting that public accommodation laws do not provide protection against discrimination for these categories, then it would be an incorrect interpretation of most public accommodation laws in many jurisdictions, which explicitly prohibit such discrimination.

(4) **Outcome**: If the claim were true, it would imply significant gaps in legal protections against discrimination in public accommodations, potentially leaving individuals vulnerable to various forms of bias and exclusion in public spaces and services.

**Background**: This discussion likely emerges from a broader conversation about civil rights and anti-discrimination laws. Understanding the historical and social context can help clarify the importance and scope of public accommodation laws.

**Clarification**: It’s important to clarify what is meant by ""no line on race, disability, ethnicity."" If interpreted as a lack of legal boundaries or protections, this misrepresents the purpose and content of public accommodation laws.

**Criticism**: The claim could be seen as a criticism of existing laws if it suggests that current legislation fails to adequately protect against discrimination. However, such a stance would require a detailed examination of specific laws and their enforcement.

**Humor**: There isn’t any apparent humor in the statement provided, but depending on the tone of the original speaker, one might find irony or sarcasm in the apparent disbelief expressed towards the supposed absence of protections.

**Implications**: If taken literally, the implications of such a claim would be severe, potentially undermining decades of civil rights progress and legal safeguards designed to ensure equal access and treatment in public spaces.

**Support**: Supporting evidence or examples of specific public accommodation laws, court decisions, or legal interpretations could help substantiate the true state of protections against discrimination based on race, disability, ethnicity, etc., in public accommodations.

Final Answer:",,False,2026-08-25T19:10:26.807708+00:00
oral_argument_question_purpose_20,rhetorical-understanding,cleo,1,1,Qwen/Qwen2.5-32B-Instruct,"Analyze this using the CLEO method, addressing each part in order: (1) Claim; (2) Law; (3) Evaluation; (4) Outcome.
Labels: Background, Clarification, Criticism, Humor, Implications, Support
Context: 
Question: Because MOHELA was not giving over information voluntarily?
End your response with a line in exactly this format: Final Answer: <your answer>","To properly analyze the given statement ""Because MOHELA was not giving over information voluntarily?"" using the CLEO method, we'll need to break it down according to each component of the method while considering the provided labels.

### Claim
The claim here is that MOHELA (a major student loan servicer) did not provide information willingly or proactively. This implies there may have been a request for information that MOHELA did not meet without additional pressure or formal requests.

### Law
This part would typically refer to legal frameworks or regulations governing the actions or behaviors mentioned in the claim. In this case, it might relate to laws about transparency and accountability in student loan servicing. For example, under the Fair Debt Collection Practices Act (FDCPA), there are provisions that require debt collectors to be transparent and provide requested information to borrowers. However, since MOHELA is often considered a creditor rather than a debt collector, other laws like the Truth in Lending Act (TILA) or state-specific consumer protection laws could also apply.

### Evaluation
Evaluating the claim involves assessing whether MOHELA's behavior aligns with its obligations under relevant laws and regulations. If MOHELA indeed withheld information that borrowers were entitled to receive, this could indicate a violation of consumer protection laws. The evaluation would consider whether the information in question was essential for the borrower to manage their finances or understand their loan terms properly, and whether there were any justifiable reasons for MOHELA to withhold such information.

### Outcome
The outcome would depend on the findings of the evaluation. If MOHELA is found to have improperly withheld information, potential outcomes could include fines, mandatory compliance measures, or even legal action against the company. For the individual affected, the outcome might involve receiving the information they sought or compensation if the delay caused harm.

### Labels Application
- **Background**: The context involves the relationship between a major student loan servicer (MOHELA) and its borrowers, highlighting issues of transparency and accountability.
- **Clarification**: The question seeks to clarify why information was not provided voluntarily, implying a possible breach of service standards or legal obligations.
- **Criticism**: There is an underlying criticism of MOHELA’s practices, suggesting a lack of cooperation or adherence to transparency standards expected from financial institutions.
- **Humor**: There does not appear to be any humor in the statement.
- **Implications**: The implications suggest potential legal repercussions for MOHELA if found in violation of consumer protection laws, and potential remedies for affected borrowers",,False,2026-08-25T21:30:34.315001+00:00
oral_argument_question_purpose_21,rhetorical-understanding,creac,2,0,Qwen/Qwen2.5-32B-Instruct,"Structure your reasoning according to these steps: (1) Conclusion; (2) Rule; (3) Explanation; (4) Application; (5) Conclusion.
Labels: Background, Clarification, Criticism, Humor, Implications, Support
Context: 
Question: Okay. Last question. I can't resist on Justice Gorsuch's earlier question.If -- if it were party-specific relief and it went up to the court of appeals and the court of -- and you had sought an emergency injunction in the court of appeals and the court of appeals ruled against the government on that, would you then follow that in that circuit or not? Because you might not in the future, right?
End your response with a line in exactly this format: Final Answer: <your answer>","### Background

The context of the question pertains to legal procedures, specifically concerning the application of rulings made by appellate courts when seeking emergency injunctions. This scenario involves a situation where a government entity has sought such relief, but was denied by the court of appeals.

### Clarification

The core of the question asks whether, if a court of appeals denies an emergency injunction request made by the government, the government would be bound by this ruling within the circuit where the appeal took place. The question also suggests a possibility of non-compliance in the future, which adds complexity to understanding the implications of adhering to or disregarding the appellate court’s decision.

### Rule

Under U.S. law, appellate court decisions have binding effect within their respective circuits. This principle is known as stare decisis, which means that once a higher court has ruled on a legal issue, lower courts must follow that precedent in similar cases. Therefore, if the court of appeals denied an emergency injunction, it sets a precedent that other courts within the same circuit should respect.

### Application

In the scenario described, if the government sought an emergency injunction and was denied by the court of appeals, they would typically be bound by this decision within the jurisdiction of that circuit. However, the suggestion that the government ""might not in the future"" follow this decision hints at potential challenges in enforcing judicial decisions, especially in cases involving executive actions and interpretations of existing laws.

### Implications

The implication here is significant because it touches upon the balance of power between the judiciary and the executive branch. While the legal framework requires adherence to appellate rulings, the question highlights the complexities and potential for conflict between branches of government, particularly regarding enforcement and interpretation of legal decisions.

### Support

Legal scholars and practitioners generally support the principle of stare decisis as a cornerstone of the American legal system. It ensures consistency and predictability in legal outcomes. However, exceptions and nuances exist, especially in high-stakes cases involving different branches of government.

### Criticism

Critics might argue that strict adherence to appellate decisions could sometimes hinder necessary governmental actions, especially in urgent situations where a different interpretation of the law might be deemed more appropriate by the executive branch. This tension underscores ongoing debates about the separation of powers and the extent to which each branch should defer to the others.

### Humor

While the legal process can often feel dry and procedural, one could imagine a courtroom full of lawyers and judges chuckling at the thought of a government body trying to navigate the fine line between compliance and necessity, perhaps muttering,",,False,2026-08-25T23:56:14.891590+00:00
oral_argument_question_purpose_21,rhetorical-understanding,ireac,2,2,Qwen/Qwen2.5-32B-Instruct,"Structure your reasoning according to these steps: (1) Issue; (2) Rule; (3) Explanation; (4) Application; (5) Conclusion.
Labels: Background, Clarification, Criticism, Humor, Implications, Support
Context: 
Question: Okay. Last question. I can't resist on Justice Gorsuch's earlier question.If -- if it were party-specific relief and it went up to the court of appeals and the court of -- and you had sought an emergency injunction in the court of appeals and the court of appeals ruled against the government on that, would you then follow that in that circuit or not? Because you might not in the future, right?
End your response with a line in exactly this format: Final Answer: <your answer>","**Background**: The question pertains to a legal scenario where a government entity is seeking emergency relief from a court of appeals, specifically in a situation where the relief sought is party-specific. The inquiry revolves around the potential for the government to adhere to a ruling from the court of appeals in a particular circuit versus the possibility of deviating from such a decision in the future.

**Clarification**: In essence, the query seeks to understand whether the government would be bound by a ruling made by a court of appeals regarding emergency injunctions, particularly when the ruling is against the government, and how this may impact future actions within that judicial circuit.

**Rule**: Generally, courts expect parties, including governmental entities, to abide by rulings made by appellate courts within their jurisdiction. However, there is a nuance here because the question introduces the idea of future deviation based on the nature of the relief (party-specific).

**Explanation**: Courts of appeals have the authority to issue decisions that bind parties within their circuits. This means that once a court of appeals makes a ruling on an emergency injunction, all parties, including the government, are expected to comply with this decision within that specific circuit. However, the statement ""you might not in the future"" suggests a consideration of policy changes, new cases, or other legal developments that could alter how similar situations are handled in the future.

**Application**: If a court of appeals rules against the government on an emergency injunction request, the government is legally bound to respect that ruling within the circuit. However, the flexibility suggested by ""might not in the future"" could imply that the government might seek different outcomes in future cases through different strategies or under changed circumstances, without directly contradicting the established precedent.

**Implications**: This scenario highlights the dynamic nature of legal decisions and the potential for change in governmental approaches based on evolving legal standards or new legal interpretations. It also underscores the importance of compliance with judicial rulings while acknowledging the room for strategic adaptation over time.

**Support**: Legal precedents support the idea that parties, including governmental bodies, must adhere to rulings within a given circuit. However, the principle of stare decisis allows for the possibility of future rulings to potentially shift the landscape based on new evidence, arguments, or legal reasoning.

**Criticism**: One criticism might be that such flexibility could undermine the predictability and stability expected from the legal system, potentially leading to inconsistent enforcement of laws across different circuits or even within the same circuit over time.

**Humor**: Of course, one could humorously imagine a series of flip-flops",,False,2026-08-26T00:09:45.826724+00:00
oral_argument_question_purpose_22,rhetorical-understanding,irac,1,2,Qwen/Qwen2.5-32B-Instruct,"Analyze this using the IRAC method, addressing each part in order: (1) Issue; (2) Rule; (3) Application; (4) Conclusion.
Labels: Background, Clarification, Criticism, Humor, Implications, Support
Context: 
Question: But what you're saying is your trust obligation is meaningless. They can't force you to do anything to protect their water rights. That's what you're saying, correct?
End your response with a line in exactly this format: Final Answer: <your answer>","**Background:** The context provided suggests a discussion around legal obligations and specifically focuses on the concept of trust obligations, particularly in relation to protecting water rights. There appears to be a dispute over whether one party (possibly a trustee) has any meaningful duty to protect another party’s (possibly beneficiaries') water rights against potential threats.

**Clarification:** The question implies there might be an understanding that despite having a trust obligation, no enforcement mechanism exists to compel actions necessary for safeguarding water rights. This clarification is crucial because it points towards the heart of the issue, which is about the effectiveness or enforceability of the trust obligations within the specific legal framework governing water rights.

**Criticism:** A criticism could arise from the implication that trust obligations are not backed by sufficient legal mechanisms to ensure compliance. This could undermine the entire trust system if beneficiaries cannot rely on the trustee fulfilling their duties to protect their interests.

**Humor:** Injecting humor into such a serious topic might seem out of place, but one could imagine a light-hearted comment like, ""Well, isn't that just like saying you have a 'trust fund' but it's really just a collection of good intentions and warm feelings?""

**Implications:** If indeed trust obligations lack enforceability in the context of protecting water rights, this could lead to significant legal and practical implications. Beneficiaries may find themselves without adequate protection for their rights, possibly leading to disputes or necessitating alternative legal frameworks or agreements.

**Support:** To support the argument that trust obligations are meaningful, one would need to cite legal precedents or statutes that outline the duties of trustees and the methods available for enforcing these duties. If there are any clauses or common law principles that support the enforceability of trust obligations, they should be highlighted.

**Rule:** In trust law, trustees have fiduciary duties to act in the best interest of the beneficiaries. These duties include the obligation to protect the assets of the trust, such as water rights, from harm. However, the specific rules regarding how these duties are enforced can vary, depending on the jurisdiction and the specifics of the trust agreement.

**Application:** Applying the rule to the current situation involves examining whether the trustee's duties under trust law are being fulfilled in a manner that protects the water rights of the beneficiaries. It also involves assessing whether there are legal mechanisms available to enforce these duties effectively.

**Conclusion:** While trust obligations theoretically require trustees to act in the best interest of the beneficiaries, including protecting water rights, the enforceability of these obligations depends on the specific legal mechanisms available within",,False,2026-08-26T02:18:05.253007+00:00
oral_argument_question_purpose_22,rhetorical-understanding,cleo,2,1,Qwen/Qwen2.5-32B-Instruct,"Structure your reasoning according to these steps: (1) Claim; (2) Law; (3) Evaluation; (4) Outcome.
Labels: Background, Clarification, Criticism, Humor, Implications, Support
Context: 
Question: But what you're saying is your trust obligation is meaningless. They can't force you to do anything to protect their water rights. That's what you're saying, correct?
End your response with a line in exactly this format: Final Answer: <your answer>","**Background**: The context suggests a scenario where someone (possibly a lawyer or legal advisor) is discussing the limitations of a trust obligation in protecting water rights. There seems to be a misunderstanding or confusion about whether the trust obligation imposes enforceable duties on the trustee to protect the beneficiaries' interests.

**Clarification**: The claim made here pertains to the nature and enforceability of trust obligations in the realm of water rights protection. It implies that there might be an expectation that a trust obligation would compel action to safeguard water rights, but the assertion being examined is that such an obligation may not actually impose enforceable duties.

**Criticism**: If the trust obligation is indeed unenforceable in the context of protecting water rights, this could be seen as a significant flaw in the legal framework intended to protect such rights. This would mean that despite the establishment of a trust, the beneficiaries might lack meaningful protection against actions or omissions that could harm their water rights.

**Implications**: Such a situation could lead to a lack of confidence in trust mechanisms for environmental rights protection. Beneficiaries might seek alternative legal instruments or direct regulatory measures to ensure the protection of their water rights, bypassing trusts altogether due to their perceived ineffectiveness.

**Support**: To support the argument that trust obligations are not enforceable in this specific context, one would need to cite relevant case law or statutory provisions that define the scope and limits of trust obligations regarding water rights. For example, if there is precedent where courts have ruled that trust obligations do not extend to active protection of water rights, this would substantiate the claim.

**Law**: In many jurisdictions, the enforceability of trust obligations is contingent upon the terms explicitly set forth within the trust document and applicable law. If the trust document does not specify duties related to protecting water rights, or if such duties are not recognized by law, then the trust obligation may indeed be considered ineffective for this purpose.

**Evaluation**: Evaluating the effectiveness of trust obligations in this context requires examining both the language of the trust document and the legal standards governing water rights. If the trust does not include explicit duties regarding water rights protection and if there is no legal requirement mandating such protection, then the trust obligation would indeed be ""meaningless"" in terms of enforcing actions to protect water rights.

**Outcome**: The outcome of this analysis is that without explicit legal mandates or clear terms within the trust document requiring the trustee to take specific actions to protect water rights, the trust obligation cannot be enforced to compel such actions. This highlights the importance of precise",,False,2026-08-26T02:29:06.555425+00:00
oral_argument_question_purpose_28,rhetorical-understanding,irac,1,1,Qwen/Qwen2.5-32B-Instruct,"Analyze this using the IRAC method, addressing each part in order: (1) Issue; (2) Rule; (3) Application; (4) Conclusion.
Labels: Background, Clarification, Criticism, Humor, Implications, Support
Context: 
Question: So their message is not actually the content of the website. I mean, this is Justice Kagan's point. We could have a situation in which the identical website is being offered, one to Harry and Ann and one to Harry and Steve, but everything on the website is exactly the same. I think I hear you saying that the message that the designer would be sending when she offered the website to Harry and Steve would be different and contrary to her beliefs, and so -- so it's -- it's the implicit message that she's endorsing that wedding --
End your response with a line in exactly this format: Final Answer: <your answer>","**Background:** The context appears to be centered around a legal discussion, likely within a courtroom setting, where the conversation revolves around the concept of implicit messaging through digital platforms, particularly websites. Justice Kagan’s point is about how the same website can be viewed by different individuals (Harry and Ann, Harry and Steve), and despite the content remaining identical, there might be an underlying message or endorsement issue depending on who the viewers are.

**Clarification:** The core question here seems to clarify whether the designer of a website can be seen as endorsing or communicating an implicit message that contradicts their personal beliefs based solely on who views the website, even if the website’s content itself does not change. This involves understanding the implications of digital offerings and personal belief systems in the context of freedom of speech and business practices.

**Criticism:** One criticism could be the subjective nature of interpreting implicit messages. What one person perceives as an endorsement, another might see simply as a service provided without additional implied meanings. This subjectivity complicates the legal assessment of such cases.

**Humor:** While humor isn’t directly present in the context, there’s a subtle irony in how a static website can be imbued with varied meanings based on who views it, highlighting the complex interplay between technology, personal beliefs, and interpretation.

**Implications:** The implication is significant for free speech and business practices. It suggests that offering services online might inadvertently lead to perceived endorsements of certain behaviors or identities, potentially conflicting with personal beliefs.

**Support:** Legal precedents and statutes regarding freedom of speech and commercial speech would support the analysis. For example, the extent to which a business can refuse services based on personal beliefs versus providing universally accessible services would be crucial.

**Issue:** Whether a website designer is implicitly endorsing certain relationships or behaviors solely based on who views the website, and if this conflicts with their personal beliefs.

**Rule:** Under the First Amendment and related case law, individuals and businesses have protections against being compelled to speak or endorse ideas they disagree with, though these protections are balanced against public accommodation laws that prohibit discrimination.

**Application:** If the designer feels that by offering services to certain couples, they are endorsing something that goes against their beliefs, the application of the rule would involve assessing whether the act of designing and maintaining a website constitutes speech under the First Amendment, and whether any laws requiring equal access to services outweigh the designer's freedom of speech.

**Conclusion:** Determining whether the designer is implicitly endorsing something contrary to their beliefs merely by offering the same website to different couples depends on",,False,2026-08-26T17:07:33.385617+00:00
oral_argument_question_purpose_28,rhetorical-understanding,irac,1,2,Qwen/Qwen2.5-32B-Instruct,"Analyze this using the IRAC method, addressing each part in order: (1) Issue; (2) Rule; (3) Application; (4) Conclusion.
Labels: Background, Clarification, Criticism, Humor, Implications, Support
Context: 
Question: So their message is not actually the content of the website. I mean, this is Justice Kagan's point. We could have a situation in which the identical website is being offered, one to Harry and Ann and one to Harry and Steve, but everything on the website is exactly the same. I think I hear you saying that the message that the designer would be sending when she offered the website to Harry and Steve would be different and contrary to her beliefs, and so -- so it's -- it's the implicit message that she's endorsing that wedding --
End your response with a line in exactly this format: Final Answer: <your answer>","**Background**: The context provided revolves around a legal discussion involving Justice Kagan. It centers on the interpretation of a message conveyed through a website offered to different individuals, specifically mentioning Harry, Ann, and Steve. The core of the debate appears to be about whether the designer’s implicit endorsement of a message can be different based on who the website is offered to, despite the content remaining unchanged.

**Clarification**: The main point of contention seems to be the difference in the implicit message being sent by offering the same website content to two different groups (Harry and Ann versus Harry and Steve). The question is whether the act of offering the service itself, regardless of the content, can be seen as endorsing something contrary to the designer's beliefs.

**Criticism**: A potential criticism might arise from the interpretation of what constitutes an ""implicit message."" There's a risk of over-interpreting the designer's intentions or the perceptions of the recipients, potentially leading to subjective interpretations of what messages are being implicitly endorsed.

**Humor**: While humor may not directly apply to this scenario, it's worth noting that legal debates often involve complex, nuanced arguments. In such contexts, the attempt to find humor might come from the intricacies and absurdities involved in parsing out the meanings behind simple actions like offering a website to different people.

**Implications**: The implications of this issue are significant in terms of freedom of speech and the ability of service providers to selectively offer services without violating anti-discrimination laws. This case highlights the tension between personal beliefs and the requirement to provide services equally.

**Support**: Legal precedents and statutes that address discrimination in service provision would likely support the argument that the implicit message cannot legally justify discriminatory practices. Additionally, principles of non-discrimination under civil rights law would generally support the notion that offering identical services should not be interpreted differently based on who is receiving them.

**Application**: Applying the relevant rule, we consider the principle that service providers must not discriminate based on protected characteristics. If the website content is identical, then the act of providing the service should also be considered equal and impartial, without regard to the identities of the recipients. Thus, the designer’s belief that she is implicitly endorsing something contrary to her beliefs merely by offering the service to different individuals does not hold legal weight if the content remains the same.

**Conclusion**: The issue at hand concerns the legality of interpreting an implicit message solely based on the identity of the recipient, where the actual content provided remains unchanged. Given the rule against discrimination in service provision, the application of this rule to the",,False,2026-08-26T17:08:07.666327+00:00
oral_argument_question_purpose_28,rhetorical-understanding,cleo,1,0,Qwen/Qwen2.5-32B-Instruct,"Analyze this using the CLEO method, addressing each part in order: (1) Claim; (2) Law; (3) Evaluation; (4) Outcome.
Labels: Background, Clarification, Criticism, Humor, Implications, Support
Context: 
Question: So their message is not actually the content of the website. I mean, this is Justice Kagan's point. We could have a situation in which the identical website is being offered, one to Harry and Ann and one to Harry and Steve, but everything on the website is exactly the same. I think I hear you saying that the message that the designer would be sending when she offered the website to Harry and Steve would be different and contrary to her beliefs, and so -- so it's -- it's the implicit message that she's endorsing that wedding --
End your response with a line in exactly this format: Final Answer: <your answer>","**Background**: The context provided seems to revolve around a legal discussion regarding freedom of speech or expression, specifically focusing on a scenario involving websites and the messages they convey. Justice Kagan, presumably from the U.S. Supreme Court, is discussing a hypothetical case where a designer offers an identical website to two different sets of users (Harry and Ann vs. Harry and Steve), but the designer’s endorsement of the message changes based on who the users are.

**Clarification**: The core of the question involves understanding how a website's content, while remaining identical for different users, can carry a different message or implication depending on who uses it. This raises questions about whether the designer’s actions (offering the site) can be seen as endorsing something they might object to, even if the site itself does not change.

**Criticism**: A potential criticism here is that interpreting a neutral action (providing a service) as an endorsement can lead to a slippery slope where almost any service provision could be seen as carrying implicit messages that align or conflict with the provider’s beliefs. This could significantly limit the ability of service providers to operate without fear of legal repercussions.

**Humor**: While the topic is serious, there’s room for some light-hearted commentary. For instance, one could imagine a scenario where a website for pet supplies, seemingly neutral, becomes controversial if the pet owner's choice of pets (e.g., cats vs. dogs) somehow reflects broader social stances the designer opposes.

**Implications**: If a designer's act of providing a service to certain individuals can be legally construed as an endorsement of those individuals' actions or characteristics, it opens up numerous ethical and legal challenges. It may force designers into difficult positions where they must choose between offering their services universally or risking accusations of supporting activities they oppose.

**Support**: Supporting this perspective, Justice Kagan's point highlights the nuanced nature of free speech and expression, emphasizing that the act of providing a service can indeed carry implicit messages that go beyond the literal content of what is being offered. This suggests a deeper consideration of the context in which services are provided.

**Law**: The legal framework that applies here would likely involve First Amendment considerations in the United States, dealing with freedom of speech and expression, particularly as it pertains to commercial speech and the right of businesses to refuse service based on moral or personal objections.

**Evaluation**: The claim that a designer’s act of providing a service can be seen as an endorsement is significant because it touches upon the broader issue of whether service providers can discriminate based on",,False,2026-08-26T17:18:58.930852+00:00
oral_argument_question_purpose_28,rhetorical-understanding,ireac,2,0,Qwen/Qwen2.5-32B-Instruct,"Structure your reasoning according to these steps: (1) Issue; (2) Rule; (3) Explanation; (4) Application; (5) Conclusion.
Labels: Background, Clarification, Criticism, Humor, Implications, Support
Context: 
Question: So their message is not actually the content of the website. I mean, this is Justice Kagan's point. We could have a situation in which the identical website is being offered, one to Harry and Ann and one to Harry and Steve, but everything on the website is exactly the same. I think I hear you saying that the message that the designer would be sending when she offered the website to Harry and Steve would be different and contrary to her beliefs, and so -- so it's -- it's the implicit message that she's endorsing that wedding --
End your response with a line in exactly this format: Final Answer: <your answer>","**Background:** The scenario presented involves the concept of digital platforms or websites, specifically concerning their content and the implied messages they send when accessed by different individuals. This context appears to delve into a legal discussion, possibly regarding freedom of speech and commercial activities, as suggested by the mention of Justice Kagan.

**Clarification:** The issue at hand revolves around whether a web designer, who creates a website with certain beliefs, can be compelled to provide services for events that contradict those beliefs. In this case, the focus is on how the context of who accesses the website might imply different messages from the designer, despite the website's content remaining unchanged.

**Rule:** The rule here pertains to the First Amendment of the U.S. Constitution, which protects freedom of speech. A key consideration is whether the act of designing and maintaining a website for a specific event can be considered expressive conduct under this amendment. If so, then compelling someone to design a site that conflicts with their beliefs could be seen as a violation of their rights.

**Explanation:** Justice Kagan’s point suggests that the issue isn't just about the content of the website itself but also about the implied endorsement or message conveyed when providing the service to specific individuals or events. Even if the content doesn’t change, the implication of offering the same service to people associated with different beliefs or events can change the nature of the expression involved.

**Application:** Applying this understanding to a hypothetical case where a web designer is asked to create a wedding website for a couple that contradicts the designer's personal beliefs (e.g., a religious belief against same-sex marriage), the designer might argue that doing so forces them to engage in speech that goes against their beliefs. This is because the act of designing and presenting the website, even with neutral content, implicitly endorses the event.

**Implications:** If such a scenario were to be ruled in favor of the web designer, it would set a precedent that could allow for exceptions to anti-discrimination laws based on personal beliefs in cases involving expressive conduct. However, this could also lead to widespread discrimination under the guise of protecting free speech.

**Criticism:** Critics might argue that allowing such exceptions undermines the principles of equality and non-discrimination, potentially leading to a slippery slope where businesses can refuse services based on personal beliefs, thereby affecting a wide range of civil rights issues.

**Support:** Supporters might argue that this interpretation respects individual freedoms and prevents the government from forcing individuals to express views they disagree with, which is crucial for preserving diverse viewpoints and freedom of thought.

**Humor",,False,2026-08-26T17:29:00.446107+00:00
oral_argument_question_purpose_30,rhetorical-understanding,cleo,1,2,Qwen/Qwen2.5-32B-Instruct,"Analyze this using the CLEO method, addressing each part in order: (1) Claim; (2) Law; (3) Evaluation; (4) Outcome.
Labels: Background, Clarification, Criticism, Humor, Implications, Support
Context: 
Question: What if it is plug-and-play? I don't know that much about website design, so I don't know how it could be plug-and-play. I'm sure it can be. She -- she does the programming, the coding. She has stock pictures. And she sells that as a product, and the customers, you know, Mike and Henry or, you know, Lilly and Luke, fill it in themselves. Is that protected?
End your response with a line in exactly this format: Final Answer: <your answer>","**Background:** The question seems to revolve around the concept of ""plug-and-play"" website design, particularly regarding whether a product created through such means is legally protected. The context implies that a person, possibly a designer or developer, creates a template for websites that includes pre-made elements like coding and stock images, which are then customized by end-users (like Mike, Henry, Lilly, and Luke).

**Clarification:** To clarify, a ""plug-and-play"" website design refers to a pre-designed template that allows users with little to no web design expertise to create a website by simply filling in their own content. This system often includes pre-written code and stock photos.

**Criticism:** A potential criticism might arise from copyright concerns. If the pre-made elements include copyrighted material (such as specific codes or images), the legality of reselling or distributing these elements without proper licensing could be questionable. Additionally, if customization by the end-user does not significantly alter the original work, it could still fall under the original creator's copyright.

**Humor:** While it's a serious legal matter, one could humorously imagine a scenario where the ""plug-and-play"" website ends up looking exactly like hundreds of others, leading to a city filled with visually identical businesses, creating confusion among visitors trying to find a specific place.

**Implications:** From a business perspective, offering customizable website templates can be highly beneficial for entrepreneurs who lack technical skills but want an online presence. However, it also raises questions about intellectual property rights and the extent to which customization by end-users can affect the legal status of the final product.

**Support:** Legally protecting the product would likely involve ensuring that all elements included in the template have the appropriate licenses, especially for any copyrighted material. The designer should also consider obtaining explicit permission from users to use their customizations in marketing materials, avoiding claims of unauthorized use.

**Law:** Under copyright law, the original creator of a work (such as the coder and photographer) holds the initial copyright. However, if a user significantly modifies the original work, they may claim some rights over the modified version. It’s crucial for the original creator to establish clear terms of use and license agreements to outline what users can and cannot do with the template.

**Evaluation:** Given the complexity of intellectual property laws, it would be wise for the template creator to seek legal advice to ensure compliance with copyright laws. This includes ensuring that all elements used in the template are properly licensed and that the terms of use are clearly communicated to end-users.

**Outcome:** For",,False,2026-08-26T22:33:01.196274+00:00
oral_argument_question_purpose_30,rhetorical-understanding,ireac,2,1,Qwen/Qwen2.5-32B-Instruct,"Structure your reasoning according to these steps: (1) Issue; (2) Rule; (3) Explanation; (4) Application; (5) Conclusion.
Labels: Background, Clarification, Criticism, Humor, Implications, Support
Context: 
Question: What if it is plug-and-play? I don't know that much about website design, so I don't know how it could be plug-and-play. I'm sure it can be. She -- she does the programming, the coding. She has stock pictures. And she sells that as a product, and the customers, you know, Mike and Henry or, you know, Lilly and Luke, fill it in themselves. Is that protected?
End your response with a line in exactly this format: Final Answer: <your answer>","### Background:
The context revolves around the concept of a ""plug-and-play"" website design product where users can fill in their own content using pre-designed templates provided by a professional coder. The question seeks to understand whether such a product would be legally protected from unauthorized use or copying.

### Clarification:
To clarify, ""plug-and-play"" in this scenario refers to a website template that requires minimal technical knowledge to customize. The user only needs to input their content into the pre-designed template without needing to write code or design elements from scratch.

### Rule:
The legal protection for such a product falls under copyright law. Copyright protects original works of authorship, including software and web designs, as long as they exhibit a minimum level of creativity.

### Explanation:
In the United States, copyright law (Title 17 of the U.S. Code) grants the creator of an original work exclusive rights to its use and distribution. For a website template, the coding, layout, and design elements can be copyrighted, but the content added by the users (e.g., Mike and Henry's text and images) would be considered separate works.

### Application:
If the coder creates the templates and stock pictures and sells them as a package, she retains the copyright over those elements. Users who purchase the template and add their own content do not infringe on the coder's copyright as long as they do not replicate or distribute the template itself without permission.

### Implications:
This means the coder can enforce her copyright over the template design and code, preventing others from copying her unique aspects of the template. However, the content added by the users is their intellectual property and is not covered by the original coder’s copyright unless explicitly stated otherwise in the terms of use.

### Criticism:
One criticism might be that the line between the template design and user-generated content can sometimes be blurry. If the template design is very simple or widely used, it might not meet the threshold for copyright protection. Additionally, clear licensing agreements are necessary to avoid misunderstandings about what parts of the product are protected and what can be freely modified or redistributed by the users.

### Support:
Supporting the idea of protecting the template through copyright is crucial for the coder to prevent others from profiting off her work without authorization. Proper documentation and licensing can help clarify rights and responsibilities for both the creator and the users.

### Humor:
Imagine if every website looked exactly the same because no one could claim ownership of their unique design. It would be like everyone wearing the same outfit—boring, right?

",,False,2026-08-26T22:42:28.180903+00:00
oral_argument_question_purpose_31,rhetorical-understanding,irac,1,0,Qwen/Qwen2.5-32B-Instruct,"Analyze this using the IRAC method, addressing each part in order: (1) Issue; (2) Rule; (3) Application; (4) Conclusion.
Labels: Background, Clarification, Criticism, Humor, Implications, Support
Context: 
Question: May I ask you a question about standing? So it's the case, isn't it, that if any party in either of these two cases has standing, then it would be permissible for us to reach the merits of the issue?
End your response with a line in exactly this format: Final Answer: <your answer>","**Background:** The question revolves around the legal concept of ""standing,"" which is a requirement in many legal systems that a party must meet to have their case heard in court. Specifically, the inquiry is whether the presence of standing for any party in two separate cases allows the court to proceed to the merits of the issues presented.

**Clarification:** Before diving into the analysis, it's important to clarify what ""standing"" means in this context. Standing requires that a party must show an injury-in-fact that is concrete and particularized, caused by the defendant's conduct, and likely to be redressed by a favorable judicial decision. Without standing, even if a party brings forth valid arguments on the merits, the court may not address those arguments due to lack of jurisdiction over the case.

**Rule:** The legal rule at play here is that for a court to hear a case, at least one party must have standing. This is grounded in Article III of the U.S. Constitution, which limits federal courts' jurisdiction to actual ""Cases"" or ""Controversies."" Therefore, if no party has standing, the court cannot proceed to the merits of the dispute.

**Application:** Applying the rule to the scenario provided, if any party in either of the two cases has standing, then the court does indeed have jurisdiction to proceed to the merits of the issues. However, it's crucial to note that standing must be established for at least one party per case individually. If Party A has standing in Case 1 but not in Case 2, the court can proceed with Case 1 but may dismiss Case 2 based on lack of standing unless another party in Case 2 also establishes standing.

**Criticism:** One potential criticism might be that the rule of standing can sometimes lead to dismissals of cases where there is a public interest in the outcome, simply because no individual plaintiff meets the stringent requirements of standing. However, this is a critique of the broader principle rather than the specific application here.

**Implications:** The implication here is significant for litigants and judges alike, as establishing standing is often a preliminary hurdle that must be cleared before the substance of a case can be addressed. It underscores the importance of carefully selecting plaintiffs who can demonstrate the necessary elements of standing.

**Support:** Legal scholars and precedent support the notion that standing is a threshold requirement, essential for a case to move forward. Cases such as Lujan v. Defenders of Wildlife highlight the necessity of meeting standing criteria to ensure that the court's resources are used efficiently and",,False,2026-08-27T00:48:00.008338+00:00
oral_argument_question_purpose_31,rhetorical-understanding,ireac,1,2,Qwen/Qwen2.5-32B-Instruct,"Analyze this using the IREAC method, addressing each part in order: (1) Issue; (2) Rule; (3) Explanation; (4) Application; (5) Conclusion.
Labels: Background, Clarification, Criticism, Humor, Implications, Support
Context: 
Question: May I ask you a question about standing? So it's the case, isn't it, that if any party in either of these two cases has standing, then it would be permissible for us to reach the merits of the issue?
End your response with a line in exactly this format: Final Answer: <your answer>","**Background**: The question pertains to the legal concept of ""standing,"" which is a requirement in United States federal courts that a party must have to bring a lawsuit or seek judicial review. Standing involves showing that the party has suffered an injury, and the injury is traceable to the conduct of the defendant, and that a favorable decision is likely to redress the injury.

**Clarification**: The inquiry specifically asks whether, in the context of two separate cases, if at least one party in either case has standing, then it would allow the court to consider the substantive issues (""reach the merits"") of those cases.

**Rule**: According to U.S. law, a plaintiff must establish standing to sue. This includes three elements: (1) injury in fact, (2) causation, and (3) redressability. If standing is established by at least one party, the court can proceed to the substantive issues.

**Explanation**: In a scenario where there are multiple parties across two cases, if any party meets the requirements for standing, it means they can present their case before the court. Once standing is confirmed for at least one party in the aggregate set of cases, the court is legally permitted to adjudicate on the substantive issues presented by that party. However, the lack of standing for other parties does not necessarily prevent the court from considering the broader issues raised by the party who does have standing.

**Application**: Applying the rule to the given context, if in either of the two cases, at least one party demonstrates standing, then the court is within its jurisdictional authority to address the merits of the issue. This is because having standing fulfills the constitutional requirement for a justiciable controversy, allowing the court to proceed beyond preliminary questions of jurisdiction to the substance of the claim.

**Criticism**: A potential criticism might be that allowing the court to reach the merits based on standing of just one party might overlook important procedural concerns that could affect the outcome of the cases involving other parties lacking standing. It might also lead to a situation where the resolution of the case does not fully serve the interests of all involved parties.

**Implications**: If the court accepts jurisdiction based on the standing of one party, it can make decisions that impact all aspects of the case, including those that may involve parties without standing. This can have significant implications for the overall fairness and scope of the judicial process.

**Support**: Legal scholars and precedent support the idea that once a court finds standing for at least one party, it can proceed to hear the case on",,False,2026-08-27T01:06:22.749741+00:00
oral_argument_question_purpose_32,rhetorical-understanding,irac,1,1,Qwen/Qwen2.5-32B-Instruct,"Analyze this using the IRAC method, addressing each part in order: (1) Issue; (2) Rule; (3) Application; (4) Conclusion.
Labels: Background, Clarification, Criticism, Humor, Implications, Support
Context: 
Question: What if they do it for everyone? The Career Development Office will do that for, you know, law firms, this is the job of an associate, and here is why it would appealing, what you'd be getting out of it? If they do that, then they would have had to do that for the military, or would that make that case more like Hurley?
End your response with a line in exactly this format: Final Answer: <your answer>","**Background:** The context provided appears to revolve around the issue of whether a Career Development Office should extend its services to assist law firms and the military in the same manner as it might for other organizations. The question also brings up a comparison to the legal precedent set by the Hurley case.

**Clarification:** The core of the inquiry seems to be about consistency in service provision by the Career Development Office. Specifically, if the office provides tailored assistance to law firms, should it apply the same level of support to the military, potentially altering the nature of such interactions and their legal implications.

**Rule:** In analyzing this situation, one key legal principle to consider is the First Amendment's protection of expressive association, as illustrated in Boy Scouts of America v. Dale and Hurley v. Irish-American Gay, Lesbian and Bisexual Group of Boston. These cases establish that private groups can limit membership to maintain their message or expression.

**Application:** If the Career Development Office extends its services to law firms, which could be seen as supporting the professional development of individuals within a specific industry, applying similar standards to the military could be viewed as supporting a different kind of organizational goal. This application might raise questions about whether the Office’s actions constitute expressive conduct that could be subject to the protections discussed in Hurley, where the court ruled that parade organizers could exclude a group from participating because the presence of that group would alter the message being conveyed.

**Implications:** Extending services to both law firms and the military without distinction may dilute the specific value proposition the Career Development Office offers to each group, thereby possibly affecting the unique benefits and relationships each group seeks from such services. Moreover, if the Office's involvement with one group (like the military) can be seen as conveying a particular message, this could bring the Office under scrutiny similar to the scenarios described in Hurley.

**Criticism:** One criticism might arise regarding the potential for the Career Development Office to become too involved in areas that could be considered political or ideological, especially when dealing with the military. Such involvement could lead to conflicts or controversies that might not exist if the Office maintained a clear distinction in how it serves different types of organizations.

**Support:** On the other hand, providing consistent and equitable services across all sectors could be seen as fair and inclusive, promoting a broader sense of community and collaboration among diverse organizations.

**Humor:** It's worth noting that while the scenario presents serious legal considerations, there's a light-hearted aspect to imagining the Career Development Office as a matchmaker of sorts between students and",,False,2026-08-27T03:29:13.712757+00:00
oral_argument_question_purpose_32,rhetorical-understanding,creac,2,2,Qwen/Qwen2.5-32B-Instruct,"Structure your reasoning according to these steps: (1) Conclusion; (2) Rule; (3) Explanation; (4) Application; (5) Conclusion.
Labels: Background, Clarification, Criticism, Humor, Implications, Support
Context: 
Question: What if they do it for everyone? The Career Development Office will do that for, you know, law firms, this is the job of an associate, and here is why it would appealing, what you'd be getting out of it? If they do that, then they would have had to do that for the military, or would that make that case more like Hurley?
End your response with a line in exactly this format: Final Answer: <your answer>","**Background**: The scenario described involves the Career Development Office facilitating connections between students and employers such as law firms. There's also a mention of the military, which suggests that the topic might involve discrimination or inclusion policies in employment contexts. The reference to ""Hurley"" likely points towards Hurley v. Irish-American Gay, Lesbian and Bisexual Group of Boston, a U.S. Supreme Court case dealing with the First Amendment rights of expressive association.

**Clarification**: The question seems to inquire about the consistency of actions taken by the Career Development Office if they assist certain groups (like law firms) but not others (such as the military). It questions whether treating one group differently from another would be legally or ethically problematic, particularly in light of the Hurley precedent.

**Rule**: In the context of the Hurley decision, the Supreme Court ruled that private organizations have a First Amendment right to exclude individuals from their membership based on their beliefs, without government interference. This decision is often cited in cases involving expressive associations and their right to maintain a consistent message or identity.

**Explanation**: Applying the rule from Hurley, if the Career Development Office is seen as an organization that assists in fostering specific professional relationships (which could be viewed as part of its mission or expression), then it may have a right to prioritize certain types of employers over others, as long as these decisions are not discriminatory under other laws (such as Title VII of the Civil Rights Act).

**Application**: If the Career Development Office decides to provide preferential assistance to law firms but not to the military, this could potentially be justified under the Hurley framework if the office can argue that such assistance aligns with its mission and does not constitute illegal discrimination. However, the office must ensure that its actions do not violate anti-discrimination laws.

**Implications**: The implications of such a decision could include legal challenges if perceived as discriminatory against the military or any protected group. Additionally, there could be ethical considerations regarding fairness and equity among different types of potential employers.

**Criticism**: Critics might argue that selective assistance could create biases and reduce opportunities for students interested in various career paths, including those in the military. They might contend that a neutral approach, providing equal access to all types of employers, better serves the interests of both students and the institution.

**Support**: Supporters might argue that prioritizing certain types of employers reflects the office’s strategic goals and values, aligning with the broader educational mission of preparing students for certain professional fields that might be more aligned with the institution’s academic focus.

Final",,False,2026-08-27T03:39:51.405365+00:00
oral_argument_question_purpose_32,rhetorical-understanding,treacc,1,1,Qwen/Qwen2.5-32B-Instruct,"Analyze this using the TREACC method, addressing each part in order: (1) Topic; (2) Rule; (3) Explanation; (4) Analysis; (5) Counterarguments; (6) Conclusion.
Labels: Background, Clarification, Criticism, Humor, Implications, Support
Context: 
Question: What if they do it for everyone? The Career Development Office will do that for, you know, law firms, this is the job of an associate, and here is why it would appealing, what you'd be getting out of it? If they do that, then they would have had to do that for the military, or would that make that case more like Hurley?
End your response with a line in exactly this format: Final Answer: <your answer>","To analyze the provided context using the TREACC method, let's break down the analysis step-by-step:

### 1. Topic
The topic revolves around the potential implementation of a standardized process or policy by the Career Development Office (CDO). Specifically, the discussion involves whether the CDO would apply this process uniformly across different sectors, such as law firms and the military, and how this might affect individual cases, with particular reference to the legal precedent set by the Hurley case.

### 2. Rule
There isn't a direct rule mentioned in the context, but there seems to be an implied rule or guideline about how the Career Development Office operates in relation to the services it provides to different entities and individuals. This could include rules or guidelines about fairness, equal treatment, or specific standards for how job placements or career assistance should be handled.

### 3. Explanation
The Career Development Office appears to be involved in providing services like job placements or career guidance. These services may differ depending on the industry, such as law firms versus the military. The question arises whether these services would be standardized across all industries, and if so, how this would impact the application process for different types of jobs. The mention of the Hurley case suggests that there might be legal or ethical considerations in ensuring that all applications are treated equally, regardless of the specific sector.

### 4. Analysis
If the Career Development Office were to implement a standardized process for everyone, it would have significant implications for the way job placements are handled across different sectors. For example, the criteria used for placing students in law firms might not be directly applicable to military recruitment. This could lead to conflicts or misunderstandings, especially if the standards do not align with the specific needs of each sector. The Hurley case likely pertains to a situation where individual rights or preferences clashed with mandatory organizational policies, suggesting that standardization could face legal challenges if it infringes upon personal freedoms or rights.

### 5. Counterarguments
One counterargument to implementing a standardized process across all sectors might be that each industry has unique requirements and expectations, making a one-size-fits-all approach impractical. Additionally, applying the same standards might not take into account the specific cultural or operational differences between, say, law firms and the military, potentially leading to dissatisfaction among employers and applicants alike. Another point of contention could be the legality of imposing such a standardized system, particularly if it conflicts with existing regulations or precedents like the Hurley case.

### 6. Conclusion
While standardizing services provided by",,False,2026-08-27T03:46:50.983305+00:00
oral_argument_question_purpose_32,rhetorical-understanding,treacc,1,2,Qwen/Qwen2.5-32B-Instruct,"Analyze this using the TREACC method, addressing each part in order: (1) Topic; (2) Rule; (3) Explanation; (4) Analysis; (5) Counterarguments; (6) Conclusion.
Labels: Background, Clarification, Criticism, Humor, Implications, Support
Context: 
Question: What if they do it for everyone? The Career Development Office will do that for, you know, law firms, this is the job of an associate, and here is why it would appealing, what you'd be getting out of it? If they do that, then they would have had to do that for the military, or would that make that case more like Hurley?
End your response with a line in exactly this format: Final Answer: <your answer>","To analyze the given question using the TREACC method, we first need to break down the content into its constituent parts as per the method's structure.

(1) **Topic**: The topic revolves around the implications of a Career Development Office providing services that are typically associated with specific career paths, such as those for law firms, and whether extending similar services to other sectors, such as the military, would be feasible or appropriate.

(2) **Rule**: There isn't a clear legal or regulatory rule explicitly mentioned, but the reference to ""Hurley"" suggests a legal precedent. Hurley v. Irish-American Gay, Lesbian and Bisexual Group of Boston, Inc., 515 U.S. 557 (1995), was a Supreme Court decision about freedom of association. In this context, the rule could be interpreted as the principle that organizations should have the right to determine their membership and activities without undue interference.

(3) **Explanation**: The Career Development Office's role is generally to support students in finding careers, which includes connecting them with opportunities in various industries, including law firms. The question explores whether providing similar support to sectors like the military would alter the nature of the service and potentially lead to legal or ethical considerations akin to the Hurley case, where the court upheld the right of private groups to exclude members.

(4) **Analysis**: Extending the same kind of support to different sectors could indeed raise questions about equity and fairness, especially if the criteria for offering such services vary significantly between sectors. This scenario could imply that the Career Development Office is entering into partnerships or endorsement arrangements that might be seen as favoring certain types of employment over others, which could be controversial.

(5) **Counterarguments**: One counterargument is that the Career Development Office's primary function is to assist students in finding employment regardless of the sector, and thus, there is no inherent issue with providing support for military careers. Another point is that the Hurley case is about freedom of association and does not directly apply to career development services provided by educational institutions, which are generally meant to be impartial and supportive across all sectors.

(6) **Conclusion**: While the Career Development Office might face challenges in terms of perception and equity when extending its services to traditionally less supported sectors like the military, these challenges can be navigated through transparent policies and ensuring that all sectors receive equal attention and support. Legal precedents like Hurley offer a framework for understanding organizational rights, but they do not directly dictate the operational policies of a Career Development Office within",,False,2026-08-27T03:47:25.359736+00:00
oral_argument_question_purpose_32,rhetorical-understanding,ireac,0,1,Qwen/Qwen2.5-32B-Instruct,"Work through the following steps before answering: (1) Issue; (2) Rule; (3) Explanation; (4) Application; (5) Conclusion.
Labels: Background, Clarification, Criticism, Humor, Implications, Support
Context: 
Question: What if they do it for everyone? The Career Development Office will do that for, you know, law firms, this is the job of an associate, and here is why it would appealing, what you'd be getting out of it? If they do that, then they would have had to do that for the military, or would that make that case more like Hurley?
End your response with a line in exactly this format: Final Answer: <your answer>","### Background:
The question seems to revolve around the potential implications of a Career Development Office (CDO) extending its services beyond traditional law firms to include other sectors such as the military. It also references a legal case known as ""Hurley,"" which likely pertains to the First Amendment rights of private associations to exclude members based on their beliefs or identity.

### Clarification:
The query is asking whether the extension of CDO services to all sectors, including the military, would change the nature of these services in a way that aligns them more closely with the legal principles established in the Hurley case. This case involves the right of expressive association, particularly concerning whether a parade organizer can refuse to allow certain groups to march under their own banner.

### Criticism:
One could argue that equating the services provided by a CDO with those actions taken by private associations in the Hurley case might be misleading. The Hurley case deals with expressive freedom and the ability to choose one’s message, whereas a CDO’s role is more administrative and facilitative rather than expressive.

### Explanation:
In the Hurley case, the Supreme Court ruled that private parade organizers could exercise selective exclusion based on the content of their expression. If a Career Development Office were to extend its services universally, including to the military, it wouldn't necessarily be engaging in any form of expressive activity that would fall under the protections discussed in Hurley. Instead, it would be providing a service that facilitates connections between students and employers.

### Application:
If we apply the logic of the Hurley decision strictly to the context of CDO services, the analogy breaks down because the core issue in Hurley was about the right to determine the content and message of an event, not about offering services to a wide array of employers without regard to their identity.

### Implications:
Extending CDO services to all sectors, including the military, would mean ensuring equal opportunity for all students to connect with various types of employers. However, this does not implicate issues of expressive association in the same manner as the Hurley case.

### Support:
Supporting the extension of CDO services to all sectors, including the military, would align with the broader goal of providing comprehensive career development opportunities to students, regardless of their desired field.

### Conclusion:
The extension of CDO services to all sectors, including the military, does not align closely with the principles established in the Hurley case. The primary purpose of a CDO is to facilitate connections between students and employers across various sectors, not to engage in",,False,2026-08-27T03:50:10.126008+00:00
oral_argument_question_purpose_35,rhetorical-understanding,ireac,2,1,Qwen/Qwen2.5-32B-Instruct,"Structure your reasoning according to these steps: (1) Issue; (2) Rule; (3) Explanation; (4) Application; (5) Conclusion.
Labels: Background, Clarification, Criticism, Humor, Implications, Support
Context: 
Question: Well, outside of that context, in general, does the prohibition or restriction of compelled speech apply only where there is no danger of attribution?
End your response with a line in exactly this format: Final Answer: <your answer>","**Background**: The issue at hand pertains to the legal and ethical boundaries of compelled speech, particularly focusing on whether restrictions or prohibitions apply solely when there is no risk of attributing the speech to an individual or entity.

**Clarification**: Compelled speech refers to situations where individuals are legally required to express certain views or information that they may not personally agree with. The question explores whether laws or principles that restrict compelled speech are exclusively applicable in scenarios where the speaker's identity remains anonymous, or if these rules apply more broadly, including cases where the speaker might be identified.

**Rule**: Generally, the prohibition or restriction of compelled speech is rooted in the principle of free expression and the right to hold and express one’s own opinions without coercion. This is often protected under constitutional or human rights frameworks that emphasize the importance of personal autonomy and freedom of thought and expression.

**Explanation**: In many jurisdictions, compelling individuals to speak against their will can be seen as a violation of the fundamental right to freedom of speech and expression. This is because it infringes on the individual’s ability to freely choose what to say or not say, which is central to the concept of free expression. However, the application of these principles can vary depending on the specific legal framework and the context in which compelled speech occurs.

**Application**: When considering whether the prohibition or restriction applies only in cases where there is no danger of attribution, it becomes clear that the underlying concern is more about the infringement on personal autonomy rather than anonymity. Therefore, even if the speaker is identifiable, compelling them to say something contrary to their beliefs still constitutes a violation of the principle of free expression.

**Implications**: This means that the protection against compelled speech extends beyond just the issue of attribution. It is fundamentally about safeguarding the individual’s right to control their own expression and to avoid being forced to articulate views that go against their conscience or personal beliefs.

**Support**: Various international human rights documents and national constitutions provide support for the notion that compelled speech is a form of infringement upon individual rights, regardless of whether the individual can be attributed to the speech.

**Criticism**: A potential criticism could arise from situations where compelled speech serves a public interest, such as health warnings or safety messages. In these cases, the necessity of the message might be argued to outweigh the individual's right to refuse to deliver it.

**Humor**: Imagine if everyone had to share their real thoughts all the time—some days would be filled with silence!

**Conclusion**: The prohibition or restriction on compelled speech is generally not limited",,False,2026-08-27T11:22:07.283954+00:00
oral_argument_question_purpose_37,rhetorical-understanding,irac,1,1,Qwen/Qwen2.5-32B-Instruct,"Analyze this using the IRAC method, addressing each part in order: (1) Issue; (2) Rule; (3) Application; (4) Conclusion.
Labels: Background, Clarification, Criticism, Humor, Implications, Support
Context: 
Question: In light of what Justice Kennedy wrote in Obergefell about honorable people who object to same-sex *81 marriage, do you think it's fair to equate opposition to same-sex marriage with opposition to interracial marriage?
End your response with a line in exactly this format: Final Answer: <your answer>","**Background:** The question delves into the legal and societal implications of comparing opposition to same-sex marriage with opposition to interracial marriage. This comparison is made in the context of Justice Kennedy’s remarks in Obergefell v. Hodges, which recognized the constitutional right to same-sex marriage.

**Clarification:** The core issue is whether there is a fair and justifiable parallel between historical opposition to interracial marriage and contemporary opposition to same-sex marriage. This involves examining the motivations behind opposition in both contexts and whether these motivations can be equated legally and morally.

**Rule:** Justice Kennedy, in Obergefell, emphasized that those who oppose same-sex marriage out of deeply held personal beliefs should not be demonized or dehumanized for their views. The rule here pertains to the principle of respect for differing viewpoints, as long as they do not infringe upon the rights of others.

**Application:** Applying this rule, we must consider if opposition to same-sex marriage, often rooted in traditional religious or cultural values, can be compared to the systemic racism that historically underpinned opposition to interracial marriage. While both forms of opposition may stem from deeply held beliefs, the historical context of racial segregation and its profound impact on civil rights cannot be overlooked. Thus, equating the two might oversimplify the complexity of each issue and the social injustices they represent.

**Criticism:** Critics argue that equating the two types of opposition trivializes the unique history of racial discrimination and its ongoing impacts. Furthermore, it could be seen as an attempt to delegitimize legitimate concerns over equality and justice.

**Humor:** Despite the serious nature of the topic, it's worth noting that such comparisons often lead to heated debates and can sometimes feel like trying to compare apples and oranges—both fruits, yet fundamentally different in taste, texture, and what they symbolize.

**Implications:** The implications of this comparison extend beyond mere academic discussion. It influences public perception, policy-making, and the broader discourse on equality and human rights. If not handled carefully, it could further polarize communities and hinder constructive dialogue.

**Support:** Legal scholars and activists support the idea that while it's important to recognize the validity of opposing views, especially in a democratic society, these views should not undermine the fundamental right to marry whomever one chooses, regardless of race or gender.

**Conclusion:** Given the nuanced differences between the historical context of opposition to interracial marriage and contemporary opposition to same-sex marriage, it would be more accurate and just to handle these issues separately rather than equate them directly",,False,2026-08-27T16:07:15.189191+00:00
oral_argument_question_purpose_37,rhetorical-understanding,irac,1,2,Qwen/Qwen2.5-32B-Instruct,"Analyze this using the IRAC method, addressing each part in order: (1) Issue; (2) Rule; (3) Application; (4) Conclusion.
Labels: Background, Clarification, Criticism, Humor, Implications, Support
Context: 
Question: In light of what Justice Kennedy wrote in Obergefell about honorable people who object to same-sex *81 marriage, do you think it's fair to equate opposition to same-sex marriage with opposition to interracial marriage?
End your response with a line in exactly this format: Final Answer: <your answer>","**Background:** The question arises from the context of Justice Anthony Kennedy's opinion in *Obergefell v. Hodges*, where he discusses the respect for those who oppose same-sex marriage on moral or religious grounds. It then asks whether it is justifiable to compare opposition to same-sex marriage to opposition to interracial marriage.

**Clarification:** To clarify, Justice Kennedy, in his majority opinion in *Obergefell v. Hodges*, emphasized that individuals and institutions who opposed same-sex marriage based on their understanding of religion or moral belief were entitled to their views. The question seeks to understand if this respectful treatment can be contrasted or equated with the historical prejudice against interracial marriages.

**Rule:** The legal principle at play here involves the constitutional protection of both freedom of speech and freedom of religion, as well as the prohibition against discrimination. This includes the Equal Protection Clause of the Fourteenth Amendment, which requires states to provide equal protection under the law to all persons within its jurisdiction. Additionally, the concept of hate speech and its limits under the First Amendment needs consideration.

**Application:** Applying these principles, while both forms of opposition stem from personal beliefs and societal norms, the history and context of interracial marriage bans are significantly different from those of same-sex marriage bans. Interracial marriage prohibitions were primarily rooted in racial segregation policies that explicitly denied rights based on race, whereas same-sex marriage bans were more often justified on traditional or religious grounds regarding the definition of marriage. However, both forms of opposition have been used to justify discriminatory practices.

**Criticism:** Critics might argue that equating the two types of opposition oversimplifies the unique histories of racism and homophobia. While both involve moral and religious objections, the institutionalized racism associated with laws prohibiting interracial marriage cannot be directly equated with the moral and religious objections to same-sex marriage. Yet, others might argue that any form of opposition to marriage equality is discriminatory and should be treated similarly in terms of social and legal condemnation.

**Implications:** The implications of equating these two forms of opposition are significant. If they are equated, it could lead to a broader understanding of how historical and current forms of discrimination intersect. However, it might also trivialize the unique historical oppression faced by African Americans due to their race.

**Support:** Justice Kennedy's language in *Obergefell* emphasizes the importance of respecting diverse viewpoints while upholding the constitutional rights of all individuals. This respect does not necessarily mean that opposition to same-sex marriage is equivalent to opposition to interracial marriage in terms of their historical",,False,2026-08-27T16:07:49.629266+00:00
oral_argument_question_purpose_41,rhetorical-understanding,irac,1,1,Qwen/Qwen2.5-32B-Instruct,"Analyze this using the IRAC method, addressing each part in order: (1) Issue; (2) Rule; (3) Application; (4) Conclusion.
Labels: Background, Clarification, Criticism, Humor, Implications, Support
Context: 
Question: Mr. Clement -- Mr. Clement, is this case distinguishable from Free Enterprise? We -- it seems as though we've been down this road.
End your response with a line in exactly this format: Final Answer: <your answer>","**Background:** The question appears to be part of a legal discussion or debate, possibly during oral arguments before a court. It references a previous case, ""Free Enterprise,"" suggesting that there might be a comparison or distinction being made between the current case and ""Free Enterprise.""

**Clarification:** To fully understand the context of the question, it's necessary to identify what aspects of the ""Free Enterprise"" case might be relevant to the current case. The speaker seems to suggest that the present issue has similarities with issues addressed in ""Free Enterprise,"" raising questions about whether the same legal principles should apply.

**Criticism:** There could be an implicit criticism that the arguments or issues in the current case are redundant or repetitive if they have already been addressed in ""Free Enterprise."" This suggests a potential frustration or a desire to avoid rehashing previously decided matters.

**Humor:** While the context doesn't strongly suggest humor, there is a slight tone of sarcasm or exasperation implied by saying ""We -- it seems as though we've been down this road,"" indicating some frustration or impatience with revisiting similar legal territory.

**Implications:** If the current case is indeed not distinguishable from ""Free Enterprise,"" then the rulings or precedents set in ""Free Enterprise"" could significantly impact the outcome of the current case, potentially limiting the scope for new arguments or interpretations.

**Support:** To effectively support an argument that the cases are distinguishable or undistinguishable, one would need to compare the specific facts and legal issues of both cases, highlighting any significant differences or similarities that could justify different outcomes or the application of the same legal principles.

**Issue:** Is the current case distinguishable from the ""Free Enterprise"" case in terms of its facts, legal issues, and the applicability of the ruling or principles established in ""Free Enterprise""?

**Rule:** The rule to be considered here would likely involve the legal principle of precedent, where lower courts are generally bound to follow the decisions of higher courts on similar issues, unless the case at hand presents new or distinguishing factors that warrant a different ruling.

**Application:** To apply the rule, one must analyze the facts and legal issues in both the current case and ""Free Enterprise."" This involves comparing the circumstances, the legal questions involved, and the applicability of the ruling in ""Free Enterprise"" to the current situation. If the facts and legal questions are substantially similar, then the precedent from ""Free Enterprise"" should be applied.

**Conclusion:** Whether the current case is distinguishable from ""Free Enterprise""",,False,2026-08-28T19:39:09.993730+00:00
oral_argument_question_purpose_43,rhetorical-understanding,irac,1,2,Qwen/Qwen2.5-32B-Instruct,"Analyze this using the IRAC method, addressing each part in order: (1) Issue; (2) Rule; (3) Application; (4) Conclusion.
Labels: Background, Clarification, Criticism, Humor, Implications, Support
Context: 
Question: Well, that's -- that's a particular message. But I looked to your proposed website, and turn to page 51. It says Save The Date, Lilly and Luke, November 17, 2017. So what's the message if it says, Save The Date, Lilly and -- Lilly and Lillian or Lilly and Mary? What's the message there?
End your response with a line in exactly this format: Final Answer: <your answer>","**Background:**  
The context revolves around an inquiry regarding the implications of changing names on a ""Save The Date"" announcement for a wedding event. The initial message is about a wedding between Lilly and Luke scheduled for November 17, 2017. The question explores the change in meaning if one of the names is altered, specifically to Lilly and Lillian or Lilly and Mary.

**Clarification:**  
The core issue here seems to be the legal and social implications of altering one name in a ""Save The Date"" announcement from ""Lilly and Luke"" to ""Lilly and Lillian"" or ""Lilly and Mary"". This could affect the expectations set for the attendees, the clarity of the event, and potentially the legal status if this involves a marriage license or other legal documents tied to the event.

**Rule:**  
In legal terms, a ""Save The Date"" announcement typically serves as a preliminary notice for an upcoming event, such as a wedding, without having the same legal binding power as a formal invitation. However, the names mentioned on these announcements are critical for setting clear expectations and can have social implications depending on the context.

**Application:**  
If the names are changed from Lilly and Luke to Lilly and Lillian or Lilly and Mary, it could imply a significant change in the nature of the event or a miscommunication. Socially, this could lead to confusion among guests who might not understand why the event has changed from being a wedding between Lilly and Luke to something else. Legally, while the ""Save The Date"" itself does not carry the same weight as a marriage license, it might influence the preparation for the event and the assumptions made by those involved.

**Criticism:**  
The criticism here might point out that changing the names on a ""Save The Date"" without proper communication can lead to misunderstandings and may impact the emotional investment people have in the event. It also raises questions about transparency and the importance of clear communication in event planning.

**Humor:**  
While the situation described is potentially serious, one could humorously suggest that the ""Save The Date"" could turn into a guessing game for guests, wondering if they're attending a wedding, a celebration of friendship, or perhaps even a surprise reveal of Lilly’s twin sister.

**Implications:**  
The implications of such a change include potential confusion, social awkwardness, and the need for clear communication moving forward. It highlights the importance of careful wording in preliminary announcements to avoid unnecessary speculation and disappointment.

**Support:**  
To support clearer communication",,False,2026-08-29T00:34:53.663355+00:00
abercrombie_0,rule-application_conclusion,cot,1,2,Qwen/Qwen2.5-32B-Instruct,"Determine the correct classification for the following. Work through your reasoning step by step before answering.
Labels: arbitrary, descriptive, fanciful, generic, suggestive
Context: The mark ""Sahara"" for an ice cream seller.
Question: How should this trademark be classified on the Abercrombie distinctiveness spectrum?
End your response with a line in exactly this format: Final Answer: <your answer>","To classify the trademark ""Sahara"" for an ice cream seller according to the Abercrombie distinctiveness spectrum, we need to understand each category and then analyze how well ""Sahara"" fits into one of these:

1. **Generic**: A term that refers directly to the general class of goods or services. For example, calling an ice cream ""ice cream"" would be generic.

2. **Descriptive**: A term that describes a significant ingredient, quality, characteristic, function, feature, purpose, or use of the goods or services. An example might be ""Creamy"" for ice cream.

3. **Suggestive**: A term that suggests some quality or characteristic of the goods or services without describing the goods or immediately letting the consumer know what it is. It requires imagination, thought, or perception to reach a conclusion about the nature of the goods. An example could be ""CoolBite"" for ice cream, suggesting it's refreshing.

4. **Arbitrary**: A term that is in common use but is used in connection with the product in a way that has no relationship to the inherent nature of the product. For example, ""Apple"" for computers.

5. **Fanciful**: A term that has been invented for the sole purpose of functioning as a trademark. It has no meaning other than as a trademark. Examples include ""Kodak"" or ""Xerox.""

Now, let’s apply this to ""Sahara"" for an ice cream seller:

- **Generic**: ""Sahara"" is not a generic term for ice cream; it does not describe the type of ice cream or its contents.
- **Descriptive**: ""Sahara"" does not describe any quality of ice cream such as taste, texture, or origin.
- **Suggestive**: This could be argued, as ""Sahara"" might suggest a contrast—perhaps a desert-like heat with the coldness of ice cream. However, this suggestion is somewhat abstract and not immediately clear.
- **Arbitrary**: ""Sahara,"" referring to a large desert, is used in a completely unrelated context (ice cream), making it arbitrary.
- **Fanciful**: ""Sahara"" is not a made-up word; it’s a real place name and thus doesn’t fit here.

Given this analysis, ""Sahara"" for an ice cream seller seems most appropriately classified as **arbitrary** because it uses a common term from one domain (a desert) in an entirely different and",,False,2026-08-23T20:13:52.796525+00:00
abercrombie_0,rule-application_conclusion,treacc,1,2,Qwen/Qwen2.5-32B-Instruct,"Analyze this using the TREACC method, addressing each part in order: (1) Topic; (2) Rule; (3) Explanation; (4) Analysis; (5) Counterarguments; (6) Conclusion.
Labels: arbitrary, descriptive, fanciful, generic, suggestive
Context: The mark ""Sahara"" for an ice cream seller.
Question: How should this trademark be classified on the Abercrombie distinctiveness spectrum?
End your response with a line in exactly this format: Final Answer: <your answer>","(1) **Topic**: The topic of discussion is the classification of the trademark ""Sahara"" for an ice cream seller within the context of the Abercrombie distinctiveness spectrum.

(2) **Rule**: The Abercrombie distinctiveness spectrum categorizes trademarks into five categories based on their level of distinctiveness or uniqueness: (a) Arbitrary or Fanciful, (b) Suggestive, (c) Descriptive, (d) Generic, and (e) Deceptive.

(3) **Explanation**: 
- An **arbitrary or fanciful** mark is one that has no logical relationship to the goods or services it represents. 
- A **suggestive** mark suggests a characteristic of the goods or services without directly describing it.
- A **descriptive** mark directly describes a quality or feature of the goods or services.
- A **generic** mark is the common term for the product itself and cannot be trademarked.
- A **deceptive** mark misleads consumers about the nature, characteristics, or qualities of the product.

(4) **Analysis**: The term ""Sahara,"" referring to the vast desert in North Africa, is used here for an ice cream brand. ""Sahara"" does not directly describe any characteristic of the ice cream, such as its flavor or texture. Instead, it evokes an imagery that contrasts with the coldness and refreshing quality of ice cream, making it more suggestive than descriptive. However, given that ""Sahara"" is also a geographic location known for its heat and aridity, it does not have a direct connection to ice cream, which makes it more inclined towards being arbitrary. 

(5) **Counterarguments**: One could argue that ""Sahara"" might be seen as a suggestive mark because it indirectly hints at a unique selling point or character of the ice cream, perhaps invoking a contrast with the harsh conditions of the desert and the cool relief provided by ice cream. On the other hand, since ""Sahara"" does not naturally relate to ice cream, it can also be considered arbitrary, as its use in this context is unexpected and does not describe the product directly.

(6) **Conclusion**: Considering the analysis, while there's a slight argument for it being suggestive due to the implied contrast with ice cream's properties, the primary classification leans more towards ""arbitrary."" This is because ""Sahara"" does not logically describe the ice cream or any of its features directly but rather stands out as an unexpected choice",,False,2026-08-23T20:32:04.598163+00:00
abercrombie_1,rule-application_conclusion,ireac,1,1,Qwen/Qwen2.5-32B-Instruct,"Analyze this using the IREAC method, addressing each part in order: (1) Issue; (2) Rule; (3) Explanation; (4) Application; (5) Conclusion.
Labels: arbitrary, descriptive, fanciful, generic, suggestive
Context: The mark ""Lotus"" for software.
Question: How should this trademark be classified on the Abercrombie distinctiveness spectrum?
End your response with a line in exactly this format: Final Answer: <your answer>","To analyze how the trademark ""Lotus"" for software should be classified on the Abercrombie distinctiveness spectrum using the IREAC method, we proceed as follows:

(1) **Issue**: The issue at hand is to classify the trademark ""Lotus"" for software under the Abercrombie distinctiveness spectrum. This spectrum categorizes trademarks into five categories based on their level of distinctiveness: generic, descriptive, suggestive, arbitrary, and fanciful.

(2) **Rule**: The rule here is the Abercrombie distinctiveness spectrum criteria. Trademarks can be categorized as:
   - Fanciful: A word that has been invented for the sole purpose of functioning as a trademark (e.g., Kodak).
   - Arbitrary: A common word used in an unrelated or arbitrary way (e.g., Apple for computers).
   - Suggestive: A term that suggests, but does not describe, some quality or characteristic of the goods or services (e.g., Citibank).
   - Descriptive: A term that directly describes a significant ingredient, quality, or characteristic of the goods or services (e.g., Holiday Inn).
   - Generic: A common term that refers to the general category of the goods or services (e.g., ""Computer"" for personal computing devices).

(3) **Explanation**: To determine where ""Lotus"" falls on the Abercrombie spectrum, it's essential to consider its meaning and use. ""Lotus"" is a common word that refers to a type of aquatic plant. In the context of software, it doesn't directly describe the product but rather requires some imagination to connect it to software functionality. Thus, it's not descriptive. It also isn't invented (fanciful), nor does it suggest a feature of the software without any direct reference (suggestive). Given that ""lotus"" in this context appears to be unrelated to the nature of software, it leans towards being considered arbitrary.

(4) **Application**: Applying the Abercrombie spectrum criteria to ""Lotus,"" we see that while ""Lotus"" is a real word, it is used in a completely different context (software) than its usual application (a flower). Therefore, it is not merely descriptive of the software, nor is it suggesting a quality of the software. It is not fanciful since ""Lotus"" is not an invented word. However, it is not generic, as it does not refer generically to all software products. The term ""Lotus"" in",,False,2026-08-23T23:10:37.827406+00:00
abercrombie_2,rule-application_conclusion,cot,2,1,Qwen/Qwen2.5-32B-Instruct,"Read the following and assign the appropriate label. Reason through this carefully, step by step.
Labels: arbitrary, descriptive, fanciful, generic, suggestive
Context: The mark ""Camel"" for cigarettes.
Question: How should this trademark be classified on the Abercrombie distinctiveness spectrum?
End your response with a line in exactly this format: Final Answer: <your answer>","To determine how the trademark ""Camel"" for cigarettes should be classified on the Abercrombie distinctiveness spectrum, we need to understand what each category represents:

1. **Generic**: A term that is the common name for a product or service (e.g., ""apple"" for an apple). Generic terms cannot be trademarked because they are not distinctive.

2. **Descriptive**: A term that directly describes a significant ingredient, quality, characteristic, function, feature, purpose, or use of the goods or services (e.g., ""Strong"" for a type of coffee). Descriptive marks can only be registered if they have acquired distinctiveness through secondary meaning over time.

3. **Suggestive**: A term that suggests something about the product but requires imagination, thought, or perception to reach a conclusion as to the nature of the products (e.g., ""Jet Ski"" for a watercraft). Suggestive marks do not describe the product but hint at it, requiring the consumer to make a mental leap to connect the mark with the product.

4. **Arbitrary**: A term that is in use but has no logical relationship to the product or service (e.g., ""Apple"" for computers). Arbitrary marks use existing words that have a different meaning from the product being described.

5. **Fanciful**: A term that is invented for the sole purpose of functioning as a trademark (e.g., ""Kodak""). Fanciful marks have no other meaning than the one intended for the product.

Applying these definitions to the context given:

- ""Camel"" does not describe a characteristic or quality of the cigarettes themselves. It does not suggest that the cigarettes are strong or light or any such attribute. 
- However, the use of ""Camel"" for cigarettes does evoke a certain image – perhaps associated with adventure, travel, or ruggedness. This suggests that there is a leap of imagination required to connect the word ""Camel"" with the product, which hints at qualities or imagery rather than directly describing the cigarettes.
- Therefore, while ""Camel"" does not have an inherent meaning related to cigarettes, it also doesn't fit neatly into being a fanciful creation without any prior association. Its usage requires a connection between the word and the implied qualities or themes, making it more than arbitrary and less than fanciful.

Based on these considerations, the most fitting classification for the trademark ""Camel"" used for cigarettes would be **suggestive**. It implies characteristics without directly describing them, requiring some",,False,2026-08-24T01:08:34.677285+00:00
abercrombie_2,rule-application_conclusion,treacc,1,0,Qwen/Qwen2.5-32B-Instruct,"Analyze this using the TREACC method, addressing each part in order: (1) Topic; (2) Rule; (3) Explanation; (4) Analysis; (5) Counterarguments; (6) Conclusion.
Labels: arbitrary, descriptive, fanciful, generic, suggestive
Context: The mark ""Camel"" for cigarettes.
Question: How should this trademark be classified on the Abercrombie distinctiveness spectrum?
End your response with a line in exactly this format: Final Answer: <your answer>","(1) **Topic**: The classification of the trademark ""Camel"" for cigarettes on the Abercrombie distinctiveness spectrum.

(2) **Rule**: The Abercrombie distinctiveness spectrum is used to categorize trademarks into five categories based on their level of distinctiveness and likelihood of confusion: fanciful or coined, arbitrary, suggestive, descriptive, and generic.

(3) **Explanation**: The Abercrombie distinctiveness spectrum helps courts determine the legal protection that a trademark may receive. Trademarks that are more distinctive (like fanciful or arbitrary marks) receive stronger protection than those that are less distinctive (like descriptive or generic marks).

(4) **Analysis**: To classify ""Camel"" as a trademark for cigarettes, we must consider its relation to the product it represents. A trademark is considered:
- **Fanciful** if it's invented for exclusive use as a trademark (e.g., Kodak).
- **Arbitrary** if it uses a common word but in a context unrelated to its meaning (e.g., Apple for computers).
- **Suggestive** if it indirectly suggests qualities of the goods without describing them (e.g., Coppertone for sunscreen).
- **Descriptive** if it describes an ingredient, quality, or characteristic of the goods (e.g., World Book for encyclopedias).
- **Generic** if it refers to the general category of the product itself (e.g., computer for computers).

The term ""Camel"" does not directly describe the product (cigarettes), nor is it a made-up word. It also doesn't suggest any specific attribute or quality of the cigarettes. Instead, it takes a common word (""camel"") and applies it in a completely unrelated context (cigarettes), which makes it stand out and creates a strong association in consumers' minds.

(5) **Counterarguments**: One might argue that ""Camel"" could be seen as a descriptive mark because camels are often associated with deserts and the idea of endurance, which some might argue suggests the strength or endurance of the cigarette's flavor or smoking experience. However, this interpretation stretches the definition of descriptive too far and does not align with how ""Camel"" is generally perceived in relation to the product.

(6) **Conclusion**: Based on the analysis, the most appropriate classification for the trademark ""Camel"" for cigarettes would be under the ""arbitrary"" category of the Abercrombie distinctiveness spectrum, as it uses a common word in an unrelated context",,False,2026-08-24T01:24:01.356286+00:00
abercrombie_2,rule-application_conclusion,ireac,1,2,Qwen/Qwen2.5-32B-Instruct,"Analyze this using the IREAC method, addressing each part in order: (1) Issue; (2) Rule; (3) Explanation; (4) Application; (5) Conclusion.
Labels: arbitrary, descriptive, fanciful, generic, suggestive
Context: The mark ""Camel"" for cigarettes.
Question: How should this trademark be classified on the Abercrombie distinctiveness spectrum?
End your response with a line in exactly this format: Final Answer: <your answer>","(1) Issue:
The issue is to determine the appropriate classification of the trademark ""Camel"" for cigarettes under the Abercrombie distinctiveness spectrum. This spectrum categorizes trademarks into five levels of distinctiveness: generic, descriptive, suggestive, arbitrary, and fanciful.

(2) Rule:
The Abercrombie spectrum is used to assess the inherent distinctiveness of a trademark. Trademarks are categorized as follows:
- Fanciful: Made-up words that have no meaning other than to serve as a trademark.
- Arbitrary: Words that have a common meaning but are used in relation to goods or services unrelated to their meanings.
- Suggestive: Indicate some quality or characteristic of the goods or services without describing them directly.
- Descriptive: Convey an immediate idea of the ingredients, qualities, or characteristics of the goods or services.
- Generic: Refers to the general category of goods or services and not to a particular brand.

(3) Explanation:
In analyzing the trademark ""Camel"" for cigarettes, we must consider what the word ""Camel"" brings to mind and its relationship to the product. ""Camel"" is a word that commonly refers to an animal known for its ability to travel long distances through desert conditions. When applied to cigarettes, it does not directly describe any inherent quality of the product, nor is it a made-up term. The connection between camels and cigarettes is not direct or obvious, suggesting that ""Camel"" is not being used descriptively or generically for the product.

(4) Application:
Applying the Abercrombie test to the mark ""Camel"" for cigarettes, the word ""Camel"" has a clear meaning unrelated to the nature of cigarettes. It is not invented (fanciful), nor does it describe the product (descriptive). Instead, it suggests something about the brand or the experience of smoking Camel cigarettes, possibly invoking ideas of endurance, strength, or exotic allure. However, because ""Camel"" is a common English word with a defined meaning that is simply used in an unrelated context, it fits best under the ""arbitrary"" category rather than ""suggestive."" Suggestive marks imply a quality of the goods, whereas arbitrary marks use a word in a way unrelated to its intrinsic meaning.

(5) Conclusion:
Based on the analysis, the trademark ""Camel"" for cigarettes should be classified as arbitrary within the Abercrombie distinctiveness spectrum. It uses a word that has a clear, independent meaning but applies",,False,2026-08-24T01:29:00.463011+00:00
abercrombie_3,rule-application_conclusion,cleo,1,1,Qwen/Qwen2.5-32B-Instruct,"Analyze this using the CLEO method, addressing each part in order: (1) Claim; (2) Law; (3) Evaluation; (4) Outcome.
Labels: arbitrary, descriptive, fanciful, generic, suggestive
Context: The mark ""Coach"" for luxury accessories.
Question: How should this trademark be classified on the Abercrombie distinctiveness spectrum?
End your response with a line in exactly this format: Final Answer: <your answer>","To analyze how the trademark ""Coach"" for luxury accessories should be classified on the Abercrombie distinctiveness spectrum, we'll use the CLEO method:

(1) **Claim**: The claim here is to determine the appropriate classification of the trademark ""Coach"" when it is used for luxury accessories.

(2) **Law**: According to the Abercrombie & Fitch Co. v. Hunting World, Inc. case, the distinctiveness of a trademark can fall into five categories: generic, descriptive, suggestive, arbitrary, and fanciful. Each category determines the level of protection a trademark receives under the law. Trademarks that are considered generic receive no protection, while those that are fanciful receive the strongest protection.

(3) **Evaluation**: 
- **Generic**: A term is generic if it refers to the product itself, not to its source. For example, ""Apple"" would be generic for apples.
- **Descriptive**: A term is descriptive if it conveys an immediate idea of the ingredients, qualities, or characteristics of the goods. Examples include ""Whole Milk Yogurt"" or ""Soft & Smooth.""
- **Suggestive**: A term is suggestive if it suggests some quality or characteristic of the goods without describing the goods, requiring imagination, thought, or perception to reach a conclusion as to the nature of the goods. For example, ""Chicken of the Sea"" for canned tuna.
- **Arbitrary**: A term is arbitrary if it has no relationship to the goods but is a word in common use. An example is ""Apple"" for computers.
- **Fanciful**: A term is fanciful if it is a newly coined word or a word used in a new context. An example is ""Xerox.""

Given these definitions, ""Coach"" for luxury accessories does not directly describe the nature of the products (eliminating the descriptive category). It also doesn't require much imagination to connect ""Coach"" to the concept of carrying items (bags, wallets), suggesting a connection to travel and luggage, which implies a certain functionality related to luxury goods. However, it's not inherently descriptive of the goods themselves (like ""Leather Bag"" might be). It also isn't a made-up word, nor is it entirely unrelated to the goods (like ""Apple"" for computers).

Thus, considering these factors, ""Coach"" seems to suggest qualities or characteristics of luxury accessories without directly describing them, fitting more closely to the suggestive category.

(4) **Outcome**: Based on the evaluation above, """,,False,2026-08-24T03:50:48.207889+00:00
abercrombie_3,rule-application_conclusion,treacc,1,0,Qwen/Qwen2.5-32B-Instruct,"Analyze this using the TREACC method, addressing each part in order: (1) Topic; (2) Rule; (3) Explanation; (4) Analysis; (5) Counterarguments; (6) Conclusion.
Labels: arbitrary, descriptive, fanciful, generic, suggestive
Context: The mark ""Coach"" for luxury accessories.
Question: How should this trademark be classified on the Abercrombie distinctiveness spectrum?
End your response with a line in exactly this format: Final Answer: <your answer>","(1) **Topic**: The classification of the trademark ""Coach"" for luxury accessories according to the Abercrombie distinctiveness spectrum.

(2) **Rule**: The Abercrombie distinctiveness spectrum is a legal framework used in trademark law to classify trademarks into five categories based on their level of distinctiveness: fanciful, arbitrary, suggestive, descriptive, and generic. Each category has different levels of protection under trademark law, with fanciful and arbitrary marks being the most protected and generic marks receiving no protection.

(3) **Explanation**: 
- **Fanciful Marks**: These are invented words that have no meaning apart from their use as a trademark. They receive strong protection.
- **Arbitrary Marks**: These are common words used in a way that has nothing to do with their normal meaning. They also receive strong protection.
- **Suggestive Marks**: These suggest a characteristic or quality of the goods without actually describing them directly. They receive less protection than fanciful or arbitrary marks but more than descriptive marks.
- **Descriptive Marks**: These describe an ingredient, quality, characteristic, function, feature, purpose, or use of the product. They are not inherently distinctive and only receive protection if they acquire secondary meaning through long-term use.
- **Generic Marks**: These refer to the general class of goods or services and cannot be trademarked.

(4) **Analysis**: The term ""Coach"" when used for luxury accessories does not fall under fanciful or suggestive categories. It is neither an invented word nor does it suggest qualities or features of the accessory without being explicit. Moreover, ""Coach"" does not directly describe the product's characteristics, functions, or ingredients, ruling out the descriptive category. However, ""Coach"" is a common word that, in other contexts, means someone who trains or instructs others, which does not relate directly to luxury accessories. This places it firmly in the arbitrary category.

(5) **Counterarguments**: One might argue that ""Coach"" could be considered suggestive if one interprets it to imply the idea of 'guiding' or 'assisting' the user in their style or fashion choices. However, this interpretation stretches the direct connection between the term and the product too far, making the arbitrary classification more appropriate.

(6) **Conclusion**: Given the analysis above, ""Coach"" for luxury accessories is best classified as an arbitrary mark on the Abercrombie distinctiveness spectrum because it uses a common word in a context unrelated to its typical meaning, thus achieving a high degree of inherent",,False,2026-08-24T03:54:14.194608+00:00
abercrombie_3,rule-application_conclusion,ireac,0,1,Qwen/Qwen2.5-32B-Instruct,"Work through the following steps before answering: (1) Issue; (2) Rule; (3) Explanation; (4) Application; (5) Conclusion.
Labels: arbitrary, descriptive, fanciful, generic, suggestive
Context: The mark ""Coach"" for luxury accessories.
Question: How should this trademark be classified on the Abercrombie distinctiveness spectrum?
End your response with a line in exactly this format: Final Answer: <your answer>","### Step 1: Issue
The issue at hand is to determine how the trademark ""Coach"" for luxury accessories should be classified on the Abercrombie distinctiveness spectrum.

### Step 2: Rule
The Abercrombie distinctiveness spectrum categorizes trademarks into five classes from most to least distinctive: (1) fanciful, (2) arbitrary, (3) suggestive, (4) descriptive, and (5) generic. Each category has specific criteria:

- **Fanciful**: A term that has been invented for the sole purpose of functioning as a trademark (e.g., Kodak).
- **Arbitrary**: A common word used in a context unrelated to its meaning (e.g., Apple for computers).
- **Suggestive**: A term that hints at a quality or characteristic of the product without describing it directly (e.g., Greyhound for bus service).
- **Descriptive**: A term that directly describes an ingredient, quality, feature, function, or characteristic of the product (e.g., Comfortable for mattresses).
- **Generic**: A term that refers to the general class of products rather than any one brand (e.g., Computer).

### Step 3: Explanation
To classify the trademark ""Coach"" for luxury accessories, we need to analyze whether the term ""Coach"" is related to the product, suggests something about the product, directly describes the product, or is a made-up term.

- **Generic**: ""Coach"" does not refer to the entire class of luxury accessories, so it's not generic.
- **Descriptive**: While ""coach"" could potentially describe a type of bag or luggage (historically associated with transportation), in the context of luxury accessories, it does not directly describe the goods themselves.
- **Suggestive**: ""Coach"" might suggest a sense of travel, elegance, or quality, but it doesn't directly describe the characteristics of the products like material or use.
- **Arbitrary**: Given that ""Coach"" is a common word but used in a completely different context (luxury accessories instead of transportation or coaching), it fits well as an arbitrary term.

### Step 4: Application
Applying the rule to the specific case of ""Coach"" for luxury accessories, the term ""Coach"" is not invented (eliminating fanciful), does not describe the product directly (eliminating descriptive), and does not refer to the general class (eliminating generic). It is used in a way that is unrelated to its original meaning, suggesting an arbitrary classification.

###",,False,2026-08-24T03:57:38.656232+00:00
abercrombie_3,rule-application_conclusion,ireac,1,0,Qwen/Qwen2.5-32B-Instruct,"Analyze this using the IREAC method, addressing each part in order: (1) Issue; (2) Rule; (3) Explanation; (4) Application; (5) Conclusion.
Labels: arbitrary, descriptive, fanciful, generic, suggestive
Context: The mark ""Coach"" for luxury accessories.
Question: How should this trademark be classified on the Abercrombie distinctiveness spectrum?
End your response with a line in exactly this format: Final Answer: <your answer>","### Analysis Using the IREAC Method

**Issue:**  
The issue at hand is to classify the trademark “Coach” for luxury accessories within the Abercrombie distinctiveness spectrum. This classification will determine the level of protection that the trademark can receive under U.S. trademark law.

**Rule:**  
The Abercrombie & Fitch Co. v. Hunting World, Inc. case established a spectrum for classifying marks based on their distinctiveness. The spectrum includes five categories: (1) Generic, (2) Descriptive, (3) Suggestive, (4) Arbitrary, and (5) Fanciful. Marks are afforded different levels of protection depending on where they fall along this spectrum.

- **Generic:** Terms that refer to the general category of goods or services and cannot be protected as trademarks.
- **Descriptive:** Terms that describe a characteristic or quality of the goods or services. These require secondary meaning to be protectable.
- **Suggestive:** Terms that suggest some characteristic or quality of the goods or services without describing it directly. These are inherently distinctive and do not need to show secondary meaning.
- **Arbitrary:** Terms that are in common use but have no relation to the goods or services. They are inherently distinctive.
- **Fanciful:** Made-up terms that have no meaning other than as a trademark. These are inherently distinctive.

**Explanation:**  
To classify the trademark “Coach,” we must analyze its relationship to the goods it represents. “Coach” is a term commonly associated with transportation vehicles, particularly those pulled by horses. However, when applied to luxury accessories, it does not directly describe the characteristics or qualities of the products themselves. Instead, it has been used to evoke images of luxury, sophistication, and craftsmanship.

**Application:**  
Applying the Abercrombie spectrum to the term “Coach” for luxury accessories, we observe that the term is not generic since it doesn’t refer to a general category of goods like “handbag.” It is also not descriptive because it doesn’t describe the accessories themselves, such as material or style. The term “Coach” in this context suggests a brand associated with high-end fashion and luxury, which aligns more closely with the idea of evoking certain impressions rather than directly describing the product. Therefore, “Coach” falls into the category of an arbitrary mark.

**Conclusion:**  
Based on the Abercrombie distinctiveness spectrum, the trademark “Coach” for luxury accessories is best classified as an arbitrary mark. This classification",,False,2026-08-24T03:58:38.508782+00:00
abercrombie_4,rule-application_conclusion,treacc,1,2,Qwen/Qwen2.5-32B-Instruct,"Analyze this using the TREACC method, addressing each part in order: (1) Topic; (2) Rule; (3) Explanation; (4) Analysis; (5) Counterarguments; (6) Conclusion.
Labels: arbitrary, descriptive, fanciful, generic, suggestive
Context: The mark ""American Airlines"" for an air based transporation service.
Question: How should this trademark be classified on the Abercrombie distinctiveness spectrum?
End your response with a line in exactly this format: Final Answer: <your answer>","To analyze how the trademark ""American Airlines"" for an air-based transportation service should be classified on the Abercrombie distinctiveness spectrum using the TREACC method, let's address each part step-by-step.

(1) **Topic**: The topic here is the classification of the trademark ""American Airlines"" within the context of the Abercrombie distinctiveness spectrum. This spectrum categorizes trademarks into five categories based on their level of distinctiveness and protectability under trademark law.

(2) **Rule**: According to the Abercrombie distinctiveness spectrum, trademarks can be classified into five categories from most to least distinctive: fanciful, arbitrary, suggestive, descriptive, and generic.

(3) **Explanation**: Each category has specific criteria:
   - **Fanciful** marks are invented words that have no meaning other than as a brand name.
   - **Arbitrary** marks use real words but in a context unrelated to their meaning.
   - **Suggestive** marks hint at a quality or characteristic of the product or service.
   - **Descriptive** marks directly describe a product or service.
   - **Generic** marks are common terms that refer to the general category of the product or service.

(4) **Analysis**: The mark ""American Airlines"" can be analyzed as follows:
   - It uses real words (""American"" and ""Airlines"").
   - ""American"" refers to the nationality or origin of the company, while ""Airlines"" directly describes the type of business it is.
   - Since ""Airlines"" directly names the service provided (airline services), and ""American"" could be seen as a geographical descriptor rather than a creative or unrelated use of the word, the mark does not fit into fanciful or arbitrary categories.

   Given these points, ""American Airlines"" is more likely to be considered a **descriptive** mark because it directly tells customers what the company does (provides airline services) and possibly where the company is from (America).

(5) **Counterarguments**: A possible counterargument might suggest that the term ""American Airlines"" could be viewed as somewhat suggestive if one argues that it implies a certain prestige or reliability associated with being American, without directly naming the service. However, this interpretation leans towards a more literal reading of what the trademark indicates about the service.

(6) **Conclusion**: Weighing the analysis and potential counterarguments, the classification of ""American Airlines"" as a descriptive mark seems the most appropriate given its straightforward indication of both the nature of the",,False,2026-08-24T06:35:05.585778+00:00
abercrombie_5,rule-application_conclusion,cleo,1,2,Qwen/Qwen2.5-32B-Instruct,"Analyze this using the CLEO method, addressing each part in order: (1) Claim; (2) Law; (3) Evaluation; (4) Outcome.
Labels: arbitrary, descriptive, fanciful, generic, suggestive
Context: The mark ""Soft"" for pillows.
Question: How should this trademark be classified on the Abercrombie distinctiveness spectrum?
End your response with a line in exactly this format: Final Answer: <your answer>","To analyze the classification of the trademark ""Soft"" for pillows using the CLEO method, we follow these steps:

1. **Claim**: The claim here is about classifying the trademark ""Soft"" for pillows on the Abercrombie distinctiveness spectrum. This spectrum is used to determine the level of protection afforded to trademarks based on their inherent distinctiveness.

2. **Law**: According to the Abercrombie distinctiveness spectrum, marks can be categorized as: (a) generic, (b) descriptive, (c) suggestive, (d) arbitrary, or (e) fanciful. Each category offers different levels of protection, with fanciful and arbitrary marks receiving the highest level of protection due to their inherent distinctiveness, while generic marks receive no protection because they are not distinctive at all.

3. **Evaluation**:
   - **Generic**: A generic term names the product or service itself and provides no source-identifying function. For example, calling a pillow a “pillow” is generic.
   - **Descriptive**: A descriptive term describes an ingredient, quality, characteristic, function, feature, purpose, or use of the product or service. For example, “Comfortable” for pillows would be descriptive.
   - **Suggestive**: A suggestive term suggests a characteristic of the goods without describing the goods and requires imagination, thought, or perception to reach a conclusion as to the nature of the goods. For example, “Cloud” for pillows might be considered suggestive.
   - **Arbitrary**: An arbitrary term is a common word used in a way that has nothing to do with its primary dictionary definition. For example, “Apple” for computers is arbitrary.
   - **Fanciful**: A fanciful term is invented for the sole purpose of functioning as a trademark. For example, “Kodak” for cameras is fanciful.

   In the case of “Soft” for pillows, it directly describes one of the qualities of pillows—softness—which is a characteristic that consumers would look for when purchasing a pillow. Thus, it does not require any imagination to understand that a soft pillow is comfortable and easy to sleep on. Therefore, “Soft” would be more aligned with being a descriptive term rather than arbitrary or suggestive.

4. **Outcome**: Given the analysis above, the trademark ""Soft"" for pillows should be classified as descriptive on the Abercrombie distinctiveness spectrum. This means it receives less protection compared to fanciful, arbitrary, or suggestive marks unless it has acquired secondary meaning",,False,2026-08-24T09:01:15.704488+00:00
abercrombie_6,rule-application_conclusion,cot,1,2,Qwen/Qwen2.5-32B-Instruct,"Determine the correct classification for the following. Work through your reasoning step by step before answering.
Labels: arbitrary, descriptive, fanciful, generic, suggestive
Context: The mark ""Aspirin"" for inflammation medicine.
Question: How should this trademark be classified on the Abercrombie distinctiveness spectrum?
End your response with a line in exactly this format: Final Answer: <your answer>","To classify the trademark ""Aspirin"" for inflammation medicine on the Abercrombie distinctiveness spectrum, we need to consider what each category means:

1. **Generic**: Terms that refer directly to the goods or services themselves and cannot be protected as trademarks. For example, ""apple"" for apples.
2. **Descriptive**: These terms describe an attribute or quality of the goods or services. They can only be protected if they have acquired secondary meaning. For example, ""Soft & White"" for toilet paper.
3. **Suggestive**: These terms suggest a quality or characteristic of the goods or services but do not describe it directly. They require some imagination, thought, or perception to reach a conclusion about the nature of the goods. For example, ""Quick & Clean"" for a cleaning service.
4. **Arbitrary**: These terms are common words used in a context unrelated to their normal meaning. For example, ""Apple"" for computers.
5. **Fanciful**: These are invented or coined terms that have no dictionary meaning. They are inherently distinctive when applied to the goods or services. For example, ""Kodak"" for cameras.

Now, applying these definitions to ""Aspirin"":

- **Generic**: ""Aspirin"" is not a generic term for all pain relief or anti-inflammatory medicines, as it specifically refers to acetylsalicylic acid.
- **Descriptive**: While ""Aspirin"" does describe the main ingredient (acetylsalicylic acid), it doesn't merely describe the function of the medicine (which would be something like ""pain reliever"").
- **Suggestive**: It does not suggest anything about the qualities or characteristics of the medicine without requiring knowledge of what aspirin is.
- **Arbitrary**: This does not fit because ""Aspirin"" is not a common word used in an unrelated context; it has a specific medical meaning.
- **Fanciful**: ""Aspirin"" was originally a trademarked name for acetylsalicylic acid, derived from ""Acetyl"" and ""spirin,"" which comes from the plant Spiraea ulmaria. However, over time, due to its widespread use, it became a generic term for the medication itself in many regions.

Given the history and usage, while ""Aspirin"" could initially be considered arbitrary or fanciful, its evolution towards being seen as a general term for the drug makes it more closely aligned with a generic term, despite legal protections in certain jurisdictions.

",,False,2026-08-24T11:07:13.195277+00:00
abercrombie_6,rule-application_conclusion,cot,2,1,Qwen/Qwen2.5-32B-Instruct,"Read the following and assign the appropriate label. Reason through this carefully, step by step.
Labels: arbitrary, descriptive, fanciful, generic, suggestive
Context: The mark ""Aspirin"" for inflammation medicine.
Question: How should this trademark be classified on the Abercrombie distinctiveness spectrum?
End your response with a line in exactly this format: Final Answer: <your answer>","To determine where the trademark ""Aspirin"" fits on the Abercrombie distinctiveness spectrum, we need to analyze its nature and how it relates to the product it represents—inflammation medicine.

1. **Generic**: A generic term directly describes the product itself without any distinctive element. For example, ""medicine"" or ""tablet"" would be considered generic terms for an inflammation medication. However, ""Aspirin"" is not a generic term for all inflammation medicines; it specifically refers to a brand of acetylsalicylic acid.

2. **Descriptive**: A descriptive mark tells customers something about the goods or services, such as a characteristic or quality. While ""Aspirin"" does have a connection to its function (it was originally used to describe a specific type of drug), it's important to note that the term has evolved beyond merely describing the function to becoming a widely recognized brand name.

3. **Suggestive**: A suggestive mark suggests a quality or characteristic of the goods or services, requiring the consumer to use imagination to draw a conclusion about the product. ""Aspirin,"" however, does not require consumers to make a leap in imagination; it's a term that directly relates to the product due to historical and chemical naming conventions.

4. **Arbitrary**: An arbitrary mark uses a word that has no logical relationship to the product but is a real word. ""Apple"" for computers is a classic example of an arbitrary mark. ""Aspirin,"" while a coined name, does have a specific historical context related to its chemical properties and doesn't fit into the arbitrary category due to its direct connection to its chemical and medicinal properties.

5. **Fanciful**: A fanciful mark is a made-up term that has no meaning outside of its role as a trademark. ""Kodak"" for cameras is an example of a fanciful mark. ""Aspirin"" was originally a coined term, but its creation was based on its chemical composition (acetyl-salicylic acid + -in). Thus, while it's a coined term, it's rooted in scientific terminology rather than being completely without precedent.

Considering these points, ""Aspirin"" was initially a made-up term that later became so closely associated with the product it described that it nearly became a generic term for the substance. It doesn't quite fit into the purely fanciful category because of its scientific basis. However, it also isn't merely descriptive since it has become a well-known brand identifier beyond just describing what the product",,False,2026-08-24T11:08:08.240368+00:00
abercrombie_6,rule-application_conclusion,irac,1,1,Qwen/Qwen2.5-32B-Instruct,"Analyze this using the IRAC method, addressing each part in order: (1) Issue; (2) Rule; (3) Application; (4) Conclusion.
Labels: arbitrary, descriptive, fanciful, generic, suggestive
Context: The mark ""Aspirin"" for inflammation medicine.
Question: How should this trademark be classified on the Abercrombie distinctiveness spectrum?
End your response with a line in exactly this format: Final Answer: <your answer>","### Issue:
The issue at hand is to classify the trademark ""Aspirin"" for inflammation medicine on the Abercrombie distinctiveness spectrum, which ranges from most distinctive to least distinctive as follows: fanciful, arbitrary, suggestive, descriptive, and generic.

### Rule:
The Abercrombie & Fitch Co. v. Hunting World, Inc., 537 F.2d 4 (C.C.P.A. 1976) case established a spectrum of distinctiveness used to evaluate the strength of trademarks. The classification of a mark on this spectrum affects its protection under trademark law. Each category provides a different level of inherent distinctiveness and protection:

- **Fanciful:** Marks that have been invented solely for use as a trademark or service mark, with no other meaning.
- **Arbitrary:** Existing words that are used in a context unrelated to their literal meaning.
- **Suggestive:** Marks that suggest some quality or characteristic of the goods without directly describing the goods themselves.
- **Descriptive:** Words that directly describe a significant ingredient, quality, or characteristic of the goods or services.
- **Generic:** Commonly understood terms for the goods or services.

### Application:
Analyzing ""Aspirin"" for inflammation medicine:

- **Fanciful:** ""Aspirin"" is not an invented word for use as a trademark alone; it has a historical and chemical basis linked to acetylsalicylic acid.
- **Arbitrary:** While ""aspirin"" does derive from a brand name (Bayer's ""Aspirin""), it now commonly refers to a specific type of medication, indicating that its usage has evolved beyond being merely arbitrary.
- **Suggestive:** ""Aspirin"" does not suggest the qualities of the medication without direct association with reducing inflammation or pain relief.
- **Descriptive:** ""Aspirin"" is often seen as a descriptive term because it has come to describe a type of non-steroidal anti-inflammatory drug (NSAID), specifically acetylsalicylic acid.
- **Generic:** Over time and widespread usage, ""aspirin"" has become a common term for the medication itself, often used interchangeably with the active ingredient, acetylsalicylic acid.

Given its widespread use and how it has come to denote a specific type of medication rather than a particular brand, ""Aspirin"" leans towards the more generic end of the spectrum.

### Conclusion:
Based on the analysis above, ""Aspir",,False,2026-08-24T11:10:30.206646+00:00
abercrombie_6,rule-application_conclusion,cleo,1,0,Qwen/Qwen2.5-32B-Instruct,"Analyze this using the CLEO method, addressing each part in order: (1) Claim; (2) Law; (3) Evaluation; (4) Outcome.
Labels: arbitrary, descriptive, fanciful, generic, suggestive
Context: The mark ""Aspirin"" for inflammation medicine.
Question: How should this trademark be classified on the Abercrombie distinctiveness spectrum?
End your response with a line in exactly this format: Final Answer: <your answer>","To analyze the classification of the trademark ""Aspirin"" for inflammation medicine using the CLEO method, we proceed as follows:

(1) **Claim:** The claim here is to classify the trademark ""Aspirin"" according to its level of distinctiveness on the Abercrombie distinctiveness spectrum.

(2) **Law:** The Abercrombie distinctiveness spectrum is used to categorize trademarks based on their level of distinctiveness and the degree of protection they receive. The spectrum includes five categories: (a) fanciful, (b) arbitrary, (c) suggestive, (d) descriptive, and (e) generic.

(3) **Evaluation:** 
- **Fanciful:** These are made-up words that have no meaning other than as a trademark (e.g., Kodak). ""Aspirin"" does not fit into this category since it has a specific meaning related to its medicinal use.
- **Arbitrary:** Arbitrary marks are common words used in a context unrelated to their normal meaning (e.g., Apple for computers). ""Aspirin,"" while being a word, directly relates to the product it identifies, thus it isn't arbitrary.
- **Suggestive:** Suggestive marks hint at qualities or characteristics of the goods but require some thought or imagination to make the connection (e.g., Coppertone for suntan lotion). ""Aspirin"" does not suggest the quality or characteristic of the medicine; it directly describes it.
- **Descriptive:** Descriptive marks describe an ingredient, quality, characteristic, function, feature, purpose, or use of the goods (e.g., Vision Center for eye care services). While initially not purely descriptive, over time ""Aspirin"" has become so closely associated with the drug itself that it can be seen as merely describing the product.
- **Generic:** Generic terms are the common name of the goods or services themselves and cannot be protected as trademarks (e.g., “apple” for apples). ""Aspirin"" was originally a brand name but has become a generic term for acetylsalicylic acid as a pain reliever and anti-inflammatory drug due to widespread usage and lack of exclusive rights.

Given the widespread usage and loss of trademark protection, ""Aspirin"" has transitioned from potentially being a descriptive term to a generic term.

(4) **Outcome:** Based on the evaluation, ""Aspirin"" should be classified as a generic term on the Abercrombie distinctiveness spectrum because it has become the",,False,2026-08-24T11:19:14.197434+00:00
abercrombie_7,rule-application_conclusion,treacc,1,1,Qwen/Qwen2.5-32B-Instruct,"Analyze this using the TREACC method, addressing each part in order: (1) Topic; (2) Rule; (3) Explanation; (4) Analysis; (5) Counterarguments; (6) Conclusion.
Labels: arbitrary, descriptive, fanciful, generic, suggestive
Context: The mark ""Whirlpool"" for an oven.
Question: How should this trademark be classified on the Abercrombie distinctiveness spectrum?
End your response with a line in exactly this format: Final Answer: <your answer>","(1) **Topic**: The topic at hand is the classification of the trademark ""Whirlpool"" for an oven under the Abercrombie distinctiveness spectrum.

(2) **Rule**: The Abercrombie distinctiveness spectrum is a legal framework used to classify trademarks based on their level of distinctiveness and protectability. It includes five categories from least to most distinctive: generic, descriptive, suggestive, arbitrary, and fanciful.

(3) **Explanation**: According to the Abercrombie spectrum, a generic term directly identifies the product and offers no protection as it is considered common property. Descriptive terms describe an ingredient, quality, characteristic, function, feature, purpose, or use of the goods or services. Suggestive marks hint at a quality or characteristic of the product without describing the goods themselves. Arbitrary marks consist of words that are in common use but have no relationship to the goods or services. Fanciful marks are invented words or combinations of letters that have no meaning prior to their adoption as trademarks.

(4) **Analysis**: The term ""Whirlpool"" for an oven can be analyzed as follows: While ""whirlpool"" can evoke imagery related to movement and swirling, which might metaphorically relate to the action of cooking or the heat dynamics within an oven, it does not directly describe the oven itself. It is not a made-up word, so it cannot be classified as fanciful. Moreover, there is no direct relationship between the word ""whirlpool"" and the function of an oven, eliminating it from being categorized as arbitrary. It is also not a descriptive term, as it does not directly describe qualities of the oven. Thus, ""Whirlpool"" for an oven seems to suggest qualities or functions indirectly through its evocative nature rather than describing them explicitly, fitting best into the suggestive category.

(5) **Counterarguments**: One counterargument could be that ""Whirlpool"" could be seen as a descriptive term if it were to refer to a specific feature of the oven, such as its ability to create a whirlpool effect in some way (though this is unlikely given common usage). However, since ""Whirlpool"" does not directly describe a characteristic or feature of the oven but rather suggests a dynamic or quality, this argument is less strong.

(6) **Conclusion**: Considering the analysis above, the mark ""Whirlpool"" for an oven is best classified as suggestive on the Abercrombie distinctiveness spectrum, as it hints at qualities or functions without directly",,False,2026-08-24T13:35:00.266820+00:00
abercrombie_8,rule-application_conclusion,treacc,1,0,Qwen/Qwen2.5-32B-Instruct,"Analyze this using the TREACC method, addressing each part in order: (1) Topic; (2) Rule; (3) Explanation; (4) Analysis; (5) Counterarguments; (6) Conclusion.
Labels: arbitrary, descriptive, fanciful, generic, suggestive
Context: The mark ""Fruit"" for apples.
Question: How should this trademark be classified on the Abercrombie distinctiveness spectrum?
End your response with a line in exactly this format: Final Answer: <your answer>","To analyze how the trademark ""Fruit"" for apples should be classified on the Abercrombie distinctiveness spectrum using the TREACC method, we follow these steps:

1. **Topic**: The topic is the classification of the trademark ""Fruit"" for apples according to the Abercrombie distinctiveness spectrum.

2. **Rule**: The Abercrombie distinctiveness spectrum categorizes trademarks into five categories based on their level of distinctiveness: (a) fanciful or coined terms that have no meaning outside of the trademark context, (b) arbitrary marks which consist of words that exist in the language but have no relation to the product or service they represent, (c) suggestive marks which hint at a quality or characteristic of the goods without describing it, (d) descriptive marks which directly describe a significant ingredient, quality, or characteristic of the goods, and (e) generic marks which are common names for the products or services themselves.

3. **Explanation**: The term ""Fruit"" is a common word used in everyday language to describe a category of food that includes apples. Trademarks fall into different categories based on their relationship to the goods they represent and how much they identify the brand over the general type of product.

4. **Analysis**: When considering ""Fruit"" as a trademark for apples, it directly describes what the product is—a fruit. Therefore, it does not fall under fanciful or arbitrary categories because it has a direct association with the goods. It's also not suggestive because it doesn’t require imagination to understand it represents apples. The term ""Fruit"" is too broad and commonly associated with apples, making it lean towards being a descriptive term. However, the term could be seen as too general and might fail to meet the threshold of being sufficiently distinctive to be considered a strong descriptive mark, leaning towards being more generic.

5. **Counterarguments**: A potential counterargument might argue that if ""Fruit"" were used in a stylized way or alongside other elements, it could be perceived as more distinctive and less generic. However, the basic usage of ""Fruit"" alone for apples suggests a weaker claim to distinctiveness.

6. **Conclusion**: Given the analysis, the term ""Fruit"" for apples is best described as generic due to its lack of distinctiveness from the product itself. While it borders on being descriptive, its directness and common use in referring to apples aligns more closely with the generic category, where it fails to function as a trademark that identifies a specific source over others.

",,False,2026-08-24T15:46:52.921454+00:00
abercrombie_9,rule-application_conclusion,treacc,1,0,Qwen/Qwen2.5-32B-Instruct,"Analyze this using the TREACC method, addressing each part in order: (1) Topic; (2) Rule; (3) Explanation; (4) Analysis; (5) Counterarguments; (6) Conclusion.
Labels: arbitrary, descriptive, fanciful, generic, suggestive
Context: The mark ""Sun"" for computers.
Question: How should this trademark be classified on the Abercrombie distinctiveness spectrum?
End your response with a line in exactly this format: Final Answer: <your answer>","(1) **Topic**: The topic at hand is the classification of the trademark ""Sun"" for computers according to the Abercrombie distinctiveness spectrum, which categorizes trademarks into five categories based on their level of distinctiveness.

(2) **Rule**: The Abercrombie distinctiveness spectrum, established in the case of Abercrombie & Fitch Co. v. Hunting World Inc., classifies trademarks as follows:
- **Fanciful**: Inherently distinctive because they consist of words that have no meaning apart from their use as trademarks.
- **Arbitrary**: Also inherently distinctive because they consist of real words used in a context unrelated to their meaning (e.g., ""Apple"" for computers).
- **Suggestive**: Distinctive without requiring proof of secondary meaning because they suggest some quality or characteristic of the goods/services.
- **Descriptive**: Not inherently distinctive and require proof of secondary meaning to gain protection as trademarks.
- **Generic**: Not protectable as trademarks because they name the general class of products or services.

(3) **Explanation**: The word ""Sun"" can be analyzed under different categories based on how it relates to computers. It could potentially fall under more than one category depending on the context and perception of the consumer.

(4) **Analysis**: 
- **Arbitrary**: ""Sun"" can be considered arbitrary if used in a context where its connection to computers is not directly implied by its ordinary meaning. For example, ""Sun"" does not directly describe any specific characteristic of computers.
- **Suggestive**: On the other hand, ""Sun"" might suggest qualities like brightness, energy, or speed, which could metaphorically relate to computer performance. However, this requires a leap of imagination, making it less clear-cut as merely suggestive.
- **Descriptive**: If consumers interpret ""Sun"" as directly referring to characteristics such as the brand being the best (shining brightly), it would lean towards being descriptive.
- **Generic**: It is unlikely to be seen as generic since it doesn’t directly refer to the entire category of computers.

(5) **Counterarguments**:
- A counterargument against classifying ""Sun"" as arbitrary is that it might be perceived as too vague or overly suggestive, potentially leading some to consider it descriptive rather than arbitrary.
- Another viewpoint might argue that ""Sun"" has become so strongly associated with a particular brand that it has achieved secondary meaning, thus qualifying it as a valid trademark regardless of its initial categorization.

(6) **Conclusion**:",,False,2026-08-24T18:27:20.083772+00:00
abercrombie_9,rule-application_conclusion,treacc,2,2,Qwen/Qwen2.5-32B-Instruct,"Structure your reasoning according to these steps: (1) Topic; (2) Rule; (3) Explanation; (4) Analysis; (5) Counterarguments; (6) Conclusion.
Labels: arbitrary, descriptive, fanciful, generic, suggestive
Context: The mark ""Sun"" for computers.
Question: How should this trademark be classified on the Abercrombie distinctiveness spectrum?
End your response with a line in exactly this format: Final Answer: <your answer>","(1) **Topic**: Classification of the trademark ""Sun"" for computers on the Abercrombie distinctiveness spectrum.

(2) **Rule**: The Abercrombie distinctiveness spectrum is used to classify trademarks based on their level of distinctiveness and protectability. The spectrum includes five categories from least to most distinctive: generic, descriptive, suggestive, arbitrary, and fanciful.

(3) **Explanation**: To determine where ""Sun"" fits on this spectrum, we must assess its relationship to the product (computers) and how it functions as a source identifier. A generic term directly identifies the type of product, a descriptive term merely describes an ingredient, quality, or characteristic of the product, a suggestive term requires imagination to reach a conclusion about the nature of the goods, an arbitrary term is a common word that has no logical relationship to the product, and a fanciful term is a coined word with no meaning other than as a trademark.

(4) **Analysis**: ""Sun"" is a common word that refers to the star at the center of our solar system and can be associated with warmth, light, and energy. However, it does not directly describe any characteristic of computers like their function, speed, or design. It also doesn't require consumers to engage in significant mental gymnastics to understand what kind of product it might represent. Therefore, ""Sun"" does not fall under the descriptive or suggestive categories because it does not describe or suggest the qualities of the computer itself. It's not fanciful since ""sun"" is a real, commonly known word. This leaves us considering whether ""Sun"" is either generic or arbitrary.

- If ""Sun"" was being used as a generic term, it would mean that ""sun"" had become synonymous with a type of computer, which is not the case here.
- Given that ""Sun"" is a common word used in relation to computers in a way that does not directly describe their characteristics but still serves as a brand name, it falls into the arbitrary category.

(5) **Counterarguments**: One could argue that ""Sun"" is somewhat suggestive if one considers it evokes ideas of brightness and innovation, which could be seen as beneficial traits for a computer company. However, this interpretation leans towards associating it with positive attributes rather than directly describing the product.

(6) **Conclusion**: Based on the analysis, ""Sun"" as a trademark for computers is best classified as arbitrary. It is a common word used in a way unrelated to the product's characteristics, serving purely as a",,False,2026-08-24T18:29:45.415853+00:00
abercrombie_10,rule-application_conclusion,treacc,1,1,Qwen/Qwen2.5-32B-Instruct,"Analyze this using the TREACC method, addressing each part in order: (1) Topic; (2) Rule; (3) Explanation; (4) Analysis; (5) Counterarguments; (6) Conclusion.
Labels: arbitrary, descriptive, fanciful, generic, suggestive
Context: The mark “Sharp” for a television.
Question: How should this trademark be classified on the Abercrombie distinctiveness spectrum?
End your response with a line in exactly this format: Final Answer: <your answer>","To analyze how the trademark ""Sharp"" for a television should be classified on the Abercrombie distinctiveness spectrum using the TREACC method:

1. **Topic**: The topic at hand is the classification of the trademark ""Sharp"" for televisions within the Abercrombie distinctiveness spectrum. This spectrum categorizes trademarks into five types based on their distinctiveness and ability to identify a source.

2. **Rule**: The Abercrombie distinctiveness spectrum, named after the court case Abercrombie & Fitch Co. v. Hunting World Inc., categorizes trademarks into five categories: (a) fanciful, (b) arbitrary, (c) suggestive, (d) descriptive, and (e) generic. These categories range from most distinctive (fanciful) to least distinctive (generic), with different levels of protection available under trademark law.

3. **Explanation**: Each category on the Abercrombie spectrum has specific characteristics:
   - **Fanciful**: Terms that have no meaning related to the product or service (e.g., Exxon).
   - **Arbitrary**: Common words used in an unrelated context (e.g., Apple for computers).
   - **Suggestive**: Words that hint at a characteristic of the product but require imagination to connect (e.g., Greyhound for buses).
   - **Descriptive**: Words that directly describe a quality or feature of the goods or services (e.g., Holiday Inn).
   - **Generic**: Words that name the general category of the product or service (e.g., ""Television"").

4. **Analysis**: For the trademark ""Sharp"" used for televisions, we need to determine which category it fits into. ""Sharp"" is a common English word that can describe a television's picture quality or clarity. However, when used as a brand name for televisions, it is not merely describing the product's features but rather identifying the source of the product. It does not directly tell you about the product’s qualities (unlike ""High Definition"") but requires some imagination to make the connection between the sharpness and the quality of the television.

5. **Counterarguments**: One might argue that ""Sharp"" could be considered descriptive because it describes a key feature of a television (sharp picture). However, the term is more often seen as a brand identifier rather than a direct description of the product’s attributes. Another counterargument could be that since ""Sharp"" is a well-known electronics company, it has gained secondary meaning over time, which strengthens its case",,False,2026-08-24T20:57:21.593082+00:00
abercrombie_11,rule-application_conclusion,treacc,1,1,Qwen/Qwen2.5-32B-Instruct,"Analyze this using the TREACC method, addressing each part in order: (1) Topic; (2) Rule; (3) Explanation; (4) Analysis; (5) Counterarguments; (6) Conclusion.
Labels: arbitrary, descriptive, fanciful, generic, suggestive
Context: The mark ""Car"" for a line of automobiles.
Question: How should this trademark be classified on the Abercrombie distinctiveness spectrum?
End your response with a line in exactly this format: Final Answer: <your answer>","(1) **Topic**: The classification of the trademark ""Car"" for a line of automobiles on the Abercrombie distinctiveness spectrum.

(2) **Rule**: The Abercrombie distinctiveness spectrum is used to classify trademarks based on their level of distinctiveness and protectability. It ranges from ""generic"" (least distinctive and not protected) to ""fanciful"" (most distinctive and highly protected). The categories within the spectrum are: (a) Generic marks, (b) Descriptive marks, (c) Suggestive marks, (d) Arbitrary marks, and (e) Fanciful marks.

(3) **Explanation**: To classify the trademark ""Car,"" we must determine its relationship to the product it represents, which is a line of automobiles. This involves assessing whether the term ""Car"" directly describes the product, suggests qualities or characteristics about the product without directly describing it, or has no inherent connection to the product.

(4) **Analysis**: The term ""Car"" refers directly to an automobile. In the context of selling cars, ""Car"" does not suggest any specific quality or characteristic of the cars but rather identifies what the product is. Therefore, it does not fall into the suggestive category. It also lacks any arbitrary or fanciful nature since it is commonly used to describe automobiles. However, ""Car"" is not generic because it can still function as a trademark for a particular brand of cars, even if it is not exclusive to that brand.

Given these considerations, ""Car"" would best fit into the descriptive category on the Abercrombie distinctiveness spectrum. A descriptive mark identifies a characteristic or quality of the goods but does not merely refer to them in a generic way.

(5) **Counterarguments**: One might argue that ""Car"" is too generic and should not be allowed as a trademark at all because it simply names the product. However, while ""Car"" is closely related to the product's name, it is not considered generic under trademark law when used as a brand identifier. Another counterargument could be that ""Car"" is arbitrary since cars are not typically referred to just as ""Cars"" without additional branding. However, the common usage and direct association with the product itself support the classification as descriptive.

(6) **Conclusion**: Considering the direct relationship between ""Car"" and the product it represents (automobiles), and the fact that it describes a fundamental attribute of the product without suggesting other qualities, the trademark ""Car"" for a line of automobiles is best classified",,False,2026-08-24T23:21:31.114998+00:00
abercrombie_11,rule-application_conclusion,treacc,1,2,Qwen/Qwen2.5-32B-Instruct,"Analyze this using the TREACC method, addressing each part in order: (1) Topic; (2) Rule; (3) Explanation; (4) Analysis; (5) Counterarguments; (6) Conclusion.
Labels: arbitrary, descriptive, fanciful, generic, suggestive
Context: The mark ""Car"" for a line of automobiles.
Question: How should this trademark be classified on the Abercrombie distinctiveness spectrum?
End your response with a line in exactly this format: Final Answer: <your answer>","(1) **Topic**: The topic at hand is the classification of the trademark ""Car"" for an automobile line according to the Abercrombie distinctiveness spectrum.

(2) **Rule**: The Abercrombie spectrum is a framework used to classify trademarks into five categories based on their level of distinctiveness and their relationship to the goods or services they represent. The categories from most to least distinctive are: fanciful, arbitrary, suggestive, descriptive, and generic.

(3) **Explanation**: Each category has specific characteristics:
   - **Fanciful** marks are invented words that have no meaning other than as a trademark (e.g., ""Kodak"").
   - **Arbitrary** marks use real words but in a context unrelated to their normal meaning (e.g., ""Apple"" for computers).
   - **Suggestive** marks hint at qualities or characteristics of the product without describing them directly (e.g., ""Coppertone"").
   - **Descriptive** marks inform consumers about the product's ingredients, quality, or other features (e.g., ""Holiday Inn"").
   - **Generic** terms are common descriptors of a class of products and cannot be trademarked (e.g., ""Computer"" for a brand of computers).

(4) **Analysis**: The term ""Car"" is the common name for automobiles. It describes exactly what the product is without any additional connotations or hints. Therefore, ""Car"" would not qualify as fanciful because it is not an invented word. It also does not meet the criteria for arbitrary, as it is directly related to its use (describing the product itself). Suggestive marks imply something about the product without directly naming it, which ""Car"" does not do. Descriptive marks describe a feature or quality of the product, but in this case, ""Car"" simply states what the product is. This leaves us with the possibility that ""Car"" could be considered generic since it refers to the entire category of vehicles without distinguishing any particular brand or feature beyond the basic nature of the good.

(5) **Counterarguments**: A potential counterargument might suggest that if ""Car"" is registered as a trademark for a specific brand, it could potentially become distinctive through strong branding and marketing efforts over time, moving it away from the generic category. However, this transformation is unlikely given the highly descriptive nature of ""Car"" in relation to automobiles and the difficulty in establishing secondary meaning when the term is so directly tied to the product itself.

(6) **Conclusion",,False,2026-08-24T23:22:05.801836+00:00
abercrombie_12,rule-application_conclusion,treacc,1,2,Qwen/Qwen2.5-32B-Instruct,"Analyze this using the TREACC method, addressing each part in order: (1) Topic; (2) Rule; (3) Explanation; (4) Analysis; (5) Counterarguments; (6) Conclusion.
Labels: arbitrary, descriptive, fanciful, generic, suggestive
Context: The mark ""Penguin Appliances"" for air conditioning manufacturer.
Question: How should this trademark be classified on the Abercrombie distinctiveness spectrum?
End your response with a line in exactly this format: Final Answer: <your answer>","(1) **Topic**: The classification of the trademark ""Penguin Appliances"" for an air conditioning manufacturer on the Abercrombie distinctiveness spectrum.

(2) **Rule**: Trademarks are classified on a spectrum from least distinctive to most distinctive according to the Abercrombie test. The categories are generic, descriptive, suggestive, arbitrary, and fanciful. Generic marks cannot be registered as they simply describe the product itself. Descriptive marks directly describe some quality or feature of the product. Suggestive marks require imagination, thought, or perception to reach a conclusion about the nature of the product. Arbitrary marks consist of words that are used in connection with a product but have no logical relationship to the goods. Fanciful marks are invented words that have no meaning other than that which is associated with the product.

(3) **Explanation**: The term ""Penguin Appliances"" combines the word ""Penguin,"" which refers to a type of bird, with ""Appliances,"" which generally describes a category of products including home appliances like air conditioners. ""Penguin"" does not inherently suggest any characteristic of air conditioning or appliances, making it non-descriptive and non-generic.

(4) **Analysis**: The mark ""Penguin Appliances"" does not immediately convey any specific characteristic of the air conditioning units being marketed. It does not provide a direct description of the quality, purpose, or features of the products (which would make it descriptive). Instead, it relies on the association between ""Penguin"" and the brand's identity or perhaps its qualities such as reliability, coolness, or efficiency, requiring some level of imagination to connect the term to the product. This suggests that ""Penguin Appliances"" is likely to be considered either suggestive or arbitrary. Given that ""Penguin"" is a common word with a clear meaning unrelated to appliances, it aligns more closely with the concept of an arbitrary mark, where the word is commonly known but used in a context unrelated to its inherent meaning.

(5) **Counterarguments**: One counterargument could be that ""Penguin Appliances"" might be seen as descriptive if there is a significant market understanding that associates ""penguins"" with coolness or air conditioning due to their natural habitat. However, this would require substantial evidence of such a connection within the market and consumer perception, which is not typically the case without extensive marketing efforts building such an association.

(6) **Conclusion**: Based on the analysis, the trademark ""Penguin Appliances"" for an air conditioning manufacturer is best classified as an arbitrary",,False,2026-08-25T01:58:52.022742+00:00
abercrombie_12,rule-application_conclusion,ireac,1,1,Qwen/Qwen2.5-32B-Instruct,"Analyze this using the IREAC method, addressing each part in order: (1) Issue; (2) Rule; (3) Explanation; (4) Application; (5) Conclusion.
Labels: arbitrary, descriptive, fanciful, generic, suggestive
Context: The mark ""Penguin Appliances"" for air conditioning manufacturer.
Question: How should this trademark be classified on the Abercrombie distinctiveness spectrum?
End your response with a line in exactly this format: Final Answer: <your answer>","To analyze how the trademark ""Penguin Appliances"" for an air conditioning manufacturer should be classified on the Abercrombie distinctiveness spectrum using the IREAC method, follow these steps:

1. **Issue**: The issue at hand is to determine the proper classification of the trademark ""Penguin Appliances"" within the Abercrombie distinctiveness spectrum. This spectrum categorizes trademarks into five categories based on their level of distinctiveness and protectability: fanciful, arbitrary, suggestive, descriptive, and generic.

2. **Rule**: The Abercrombie distinctiveness spectrum helps courts and trademark examiners assess the eligibility and strength of a trademark. Trademarks fall into different categories depending on their nature and relation to the product or service they represent, with fanciful and arbitrary marks being the strongest and generic marks having no inherent distinctiveness.

3. **Explanation**: 
   - **Fanciful Marks**: These are made-up terms that have no meaning before adoption as a trademark. They are inherently distinctive and do not describe the goods or services they represent.
   - **Arbitrary Marks**: These consist of real words used in connection with products for which they have no relation. For example, ""Apple"" for computers.
   - **Suggestive Marks**: These suggest a characteristic of the goods or services without describing them directly. Consumers must use imagination to make the connection between the mark and the product.
   - **Descriptive Marks**: These describe the ingredients, qualities, or characteristics of the goods or services. To gain protection, they must acquire secondary meaning through long-term use.
   - **Generic Marks**: These are common names for the goods or services themselves and cannot be protected as trademarks.

4. **Application**: The phrase ""Penguin Appliances"" is composed of two words. ""Appliances"" directly describes the class of products that include air conditioners, placing it towards the descriptive end of the spectrum. However, ""Penguin"" is unrelated to the nature of the appliances and can be seen as an arbitrary element because it does not describe the goods themselves but adds a distinctive element to the trademark. Thus, the mark leans toward being suggestive because it requires some thought or imagination to connect a penguin with air conditioning, suggesting coolness without directly stating it.

5. **Conclusion**: Based on the analysis, the trademark ""Penguin Appliances"" should be classified as a suggestive mark. It uses an arbitrary term (""Penguin"") in conjunction with a descriptive term (""Appliances""), requiring consumers to make a mental leap to associate the",,False,2026-08-25T02:02:46.979379+00:00
abercrombie_13,rule-application_conclusion,ireac,1,0,Qwen/Qwen2.5-32B-Instruct,"Analyze this using the IREAC method, addressing each part in order: (1) Issue; (2) Rule; (3) Explanation; (4) Application; (5) Conclusion.
Labels: arbitrary, descriptive, fanciful, generic, suggestive
Context: The mark ""Cheetah"" for a brand of wallets.
Question: How should this trademark be classified on the Abercrombie distinctiveness spectrum?
End your response with a line in exactly this format: Final Answer: <your answer>","(1) **Issue**: The issue at hand is to classify the trademark ""Cheetah"" used for a brand of wallets according to the Abercrombie distinctiveness spectrum.

(2) **Rule**: The Abercrombie distinctiveness spectrum is used to determine the level of protection afforded to trademarks based on their nature and how distinctive they are. The spectrum includes five categories: generic, descriptive, suggestive, arbitrary, and fanciful.

- **Generic terms** cannot be trademarked as they refer directly to the product itself without distinguishing the source.
- **Descriptive terms** inform consumers about a quality or characteristic of the product and require secondary meaning to be protectable.
- **Suggestive terms** hint at a quality or characteristic of the product but do not describe it directly, requiring some imagination or thought from the consumer to connect the term with the product.
- **Arbitrary terms** are common words used in a context unrelated to their literal meaning, making them inherently distinctive.
- **Fanciful terms** are invented words that have no dictionary meaning, thus providing the highest level of inherent distinctiveness.

(3) **Explanation**: For the trademark ""Cheetah"" applied to wallets, we need to consider what ""Cheetah"" signifies. A cheetah is a type of large cat known for its speed and agility. While ""cheetah"" might suggest something fast or sleek, it does not directly describe a wallet's qualities such as material, size, or function. It also isn't an invented word or a common word used in an unrelated context. Therefore, ""Cheetah"" suggests something about the wallet, perhaps implying it's sleek, stylish, or fast (in the sense of being quick to access). This indicates that ""Cheetah"" requires some degree of imagination from consumers to associate it with the product, aligning more closely with a suggestive term rather than a descriptive one.

(4) **Application**: Applying the rule to the issue, the term ""Cheetah"" is not a generic term for wallets, nor is it a descriptive term that directly informs about the wallet's characteristics. It doesn’t fall under fanciful as it’s a real word. However, it is not a common word in a context unrelated to its literal meaning, which would make it arbitrary. Instead, it hints at characteristics like speed or elegance, suggesting qualities without describing them explicitly.

(5) **Conclusion**: Based on the analysis, the trademark ""Cheetah"" for wallets falls into the suggestive",,False,2026-08-25T04:33:11.274237+00:00
abercrombie_14,rule-application_conclusion,ireac,1,1,Qwen/Qwen2.5-32B-Instruct,"Analyze this using the IREAC method, addressing each part in order: (1) Issue; (2) Rule; (3) Explanation; (4) Application; (5) Conclusion.
Labels: arbitrary, descriptive, fanciful, generic, suggestive
Context: The mark ""Equine Technologies"" for horse hoof pads.
Question: How should this trademark be classified on the Abercrombie distinctiveness spectrum?
End your response with a line in exactly this format: Final Answer: <your answer>","### Analysis using the IREAC Method

**Issue:** The primary issue here is to classify the trademark ""Equine Technologies"" for horse hoof pads on the Abercrombie distinctiveness spectrum, which includes categories such as fanciful, arbitrary, suggestive, descriptive, and generic.

**Rule:** The Abercrombie test categorizes trademarks into five distinct categories based on their level of distinctiveness and the extent to which they indicate the source of the goods or services:
- **Fanciful Marks:** Invented words that have no meaning outside of the brand context.
- **Arbitrary Marks:** Words that have a common meaning but are used in a context unrelated to their ordinary meaning.
- **Suggestive Marks:** Suggestive marks hint at a quality or characteristic of the product without directly describing it.
- **Descriptive Marks:** These directly describe an ingredient, quality, characteristic, function, feature, purpose, or use of the product.
- **Generic Marks:** Common terms used to refer to the product itself, which cannot be registered as trademarks.

**Explanation:** To determine where ""Equine Technologies"" falls on the Abercrombie scale, we need to analyze its components:
- ""Equine"" refers directly to horses, indicating the nature of the product (horse hoof pads).
- ""Technologies"" suggests a modern, innovative approach to the product.

The phrase ""Equine Technologies"" describes what the product is about—technological advancements or innovations related to horses. Therefore, it does not fall under the fanciful or arbitrary category since it has direct relevance to the nature of the product. It also does not directly describe the product's qualities but rather hints at a more advanced approach to equine products, which might suggest some level of innovation.

However, given the direct connection between ""equine"" and the product (horse hoof pads), the phrase leans towards being descriptive rather than suggestive because it explicitly informs consumers about the product's nature and target market.

**Application:** Applying these principles to ""Equine Technologies,"" it becomes clear that the term is not arbitrary or fanciful due to its direct reference to horses (""equine""). While it does not outright describe the exact features or ingredients of the hoof pads, it certainly conveys the idea of technological solutions for equine care, making it somewhat descriptive of the product's scope and utility.

**Conclusion:** Given the analysis above, the trademark ""Equine Technologies"" for horse hoof pads can be classified as a **descriptive mark** under the Abercrombie distinctiveness",,False,2026-08-25T07:04:29.749066+00:00
abercrombie_16,rule-application_conclusion,treacc,1,2,Qwen/Qwen2.5-32B-Instruct,"Analyze this using the TREACC method, addressing each part in order: (1) Topic; (2) Rule; (3) Explanation; (4) Analysis; (5) Counterarguments; (6) Conclusion.
Labels: arbitrary, descriptive, fanciful, generic, suggestive
Context: The mark ""Public Eye"" for a weekly tabloid publication.
Question: How should this trademark be classified on the Abercrombie distinctiveness spectrum?
End your response with a line in exactly this format: Final Answer: <your answer>","(1) **Topic**: The topic of analysis is the classification of the trademark ""Public Eye"" used for a weekly tabloid publication on the Abercrombie distinctiveness spectrum.

(2) **Rule**: The Abercrombie distinctiveness spectrum is a legal framework that categorizes trademarks into five categories based on their level of distinctiveness: generic, descriptive, suggestive, arbitrary, and fanciful. This classification helps determine the strength of a trademark and its protectability under U.S. trademark law.

(3) **Explanation**: To classify ""Public Eye,"" we must understand what each category signifies:
   - **Generic**: Terms that describe the product or service itself and cannot be trademarked.
   - **Descriptive**: Words that directly describe an aspect of the product or service.
   - **Suggestive**: Marks that hint at some quality or characteristic of the product but require imagination to connect the mark to the product.
   - **Arbitrary**: Common words used in a context unrelated to their meaning.
   - **Fanciful**: Coined terms specifically created for use as trademarks.

(4) **Analysis**: The phrase ""Public Eye"" for a weekly tabloid can be analyzed for its distinctiveness:
   - It does not fit under ""generic"" as it does not name the type of publication itself.
   - It is not entirely ""descriptive"" because while it suggests the publication might focus on public interest stories, it does not directly describe the content or nature of the publication.
   - It is not ""fanciful"" since it is composed of existing words.
   - It is also not ""suggestive"" because it clearly hints at the idea of the publication being focused on public interest or scrutiny without requiring much imagination.
   - It could be seen as ""arbitrary"" because while ""public eye"" relates to being observed or scrutinized, it does not inherently describe the content or nature of a tabloid publication in a direct sense.

(5) **Counterarguments**: One might argue that ""Public Eye"" could be considered ""descriptive"" if one believes it directly describes the content of the tabloid, which focuses on news of public interest. However, this interpretation requires a more nuanced understanding of the term's application to a tabloid, rather than it being a straightforward description.

(6) **Conclusion**: Considering the analysis and counterarguments, ""Public Eye"" leans towards being classified as ""arbitrary"" on the Abercrombie spectrum. While it suggests something about the nature of the publication",,False,2026-08-25T12:19:08.575452+00:00
abercrombie_17,rule-application_conclusion,treacc,0,0,Qwen/Qwen2.5-32B-Instruct,"Work through the following steps before answering: (1) Topic; (2) Rule; (3) Explanation; (4) Analysis; (5) Counterarguments; (6) Conclusion.
Labels: arbitrary, descriptive, fanciful, generic, suggestive
Context: The mark ""Airbus"" for an airplane manufacturer.
Question: How should this trademark be classified on the Abercrombie distinctiveness spectrum?
End your response with a line in exactly this format: Final Answer: <your answer>","### Topic
The topic here is the classification of the trademark ""Airbus"" according to the Abercrombie distinctiveness spectrum, which is used to categorize trademarks based on their level of uniqueness and descriptiveness.

### Rule
The Abercrombie spectrum consists of five categories from least distinctive to most distinctive: (1) Generic, (2) Descriptive, (3) Suggestive, (4) Arbitrary, and (5) Fanciful. Each category has specific criteria that determine where a particular trademark might fall.

### Explanation
- **Generic** marks cannot be protected because they refer to the product or service itself, not a brand.
- **Descriptive** marks directly describe an ingredient, quality, characteristic, function, feature, purpose, or use of the product or service.
- **Suggestive** marks suggest rather than describe a product's qualities.
- **Arbitrary** marks have no logical relationship to the product or service but are real words.
- **Fanciful** marks are made-up words with no meaning prior to their adoption as a trademark.

### Analysis
The term ""Airbus"" can be analyzed as follows:
- It is not a generic term because ""airbus"" does not describe the aircraft industry or the airplanes themselves but rather the company that produces them.
- It is not descriptive as it doesn’t directly describe any characteristic or quality of the airplanes.
- It’s not suggestive as it does not hint at any specific feature or aspect of the planes.
- The term “airbus” is derived from combining “air,” referring to the sky or air travel, with “bus,” which suggests a vehicle for transport. However, the combination creates a new term that, while related to its context, is not directly descriptive or suggestive of the nature of the product.
- Given its composition, ""Airbus"" could initially seem arbitrary since it uses existing words but combines them in a way that creates a unique name for an airplane manufacturer.

### Counterarguments
One counterargument could be that ""Airbus"" is more suggestive than arbitrary because it suggests transportation through the air. However, ""suggestive"" typically involves a mark that requires imagination to connect the mark to the product, whereas ""Airbus"" more straightforwardly evokes the idea of an air vehicle without requiring such a mental leap.

### Conclusion
Considering the analysis, ""Airbus"" best fits into the 'arbitrary' category on the Abercrombie spectrum. It is a recognizable term in English, yet it is",,False,2026-08-25T14:52:17.542142+00:00
abercrombie_17,rule-application_conclusion,treacc,1,1,Qwen/Qwen2.5-32B-Instruct,"Analyze this using the TREACC method, addressing each part in order: (1) Topic; (2) Rule; (3) Explanation; (4) Analysis; (5) Counterarguments; (6) Conclusion.
Labels: arbitrary, descriptive, fanciful, generic, suggestive
Context: The mark ""Airbus"" for an airplane manufacturer.
Question: How should this trademark be classified on the Abercrombie distinctiveness spectrum?
End your response with a line in exactly this format: Final Answer: <your answer>","(1) **Topic**: The classification of the trademark ""Airbus"" for an airplane manufacturer according to the Abercrombie distinctiveness spectrum.

(2) **Rule**: The Abercrombie distinctiveness spectrum is used to classify trademarks based on their level of distinctiveness. It ranges from generic (not protected) to fanciful (most protected). The categories include generic, descriptive, suggestive, arbitrary, and fanciful.

(3) **Explanation**: To determine where ""Airbus"" falls on this spectrum, we must understand what each category represents:
   - **Generic**: Words that describe the product itself (e.g., ""Apple"" for apples).
   - **Descriptive**: Words that directly describe a quality or characteristic of the product (e.g., ""Speedy"" for fast delivery services).
   - **Suggestive**: Words that suggest a quality or characteristic of the product but require some thought or imagination to connect the word to the product (e.g., ""Coppertone"" for sunscreens implying that it helps get a tan).
   - **Arbitrary**: Common words that have no direct relation to the product's qualities (e.g., ""Amazon"" for online retail).
   - **Fanciful**: Words that are made up specifically for the product (e.g., ""Kodak"" for photography).

(4) **Analysis**: 
   - ""Airbus"" combines ""air"" and ""bus,"" which might suggest transportation through air, hinting at its use for airplanes. However, it does not directly describe the product's features (like speed or comfort), nor is it a made-up term like ""Kodak.""
   - The combination of ""air"" and ""bus"" is somewhat inventive and requires some imagination to fully grasp its connection to an aircraft manufacturer.
   - Therefore, ""Airbus"" seems to fit more closely into the arbitrary category because it uses familiar words in a new context, unrelated to the direct qualities of airplanes.

(5) **Counterarguments**: One could argue that ""Airbus"" might be closer to the suggestive category since it suggests air travel. However, the direct connection to a bus-like service in air transportation is more abstract than a straightforward suggestion of a product feature.

(6) **Conclusion**: Based on the analysis, ""Airbus"" is best classified as an arbitrary mark on the Abercrombie distinctiveness spectrum. It does not directly describe the product's attributes and is not a coined term, but rather a blend of common words used in",,False,2026-08-25T14:54:18.179202+00:00
abercrombie_18,rule-application_conclusion,cot,1,0,Qwen/Qwen2.5-32B-Instruct,"Determine the correct classification for the following. Work through your reasoning step by step before answering.
Labels: arbitrary, descriptive, fanciful, generic, suggestive
Context: The mark ""Madak"" for a printing company.
Question: How should this trademark be classified on the Abercrombie distinctiveness spectrum?
End your response with a line in exactly this format: Final Answer: <your answer>","To classify the trademark ""Madak"" for a printing company on the Abercrombie distinctiveness spectrum, we need to assess how closely the term relates to the goods or services it represents and how likely it is to be inherently distinctive.

1. **Generic**: A generic term describes the product itself and cannot be trademarked because it is too general and does not distinguish the goods of one company from another. Examples include ""computer"" for computers. ""Madak"" does not appear to describe a printing company directly, so it's not generic.

2. **Descriptive**: A descriptive term immediately conveys an ingredient, quality, characteristic, function, feature, purpose, or use of the specified goods or services. If ""Madak"" was a common term that described some aspect of printing (e.g., ""HighPrint""), then it would be considered descriptive. However, ""Madak"" doesn't seem to have any immediate descriptive meaning related to printing.

3. **Suggestive**: A suggestive term suggests a quality about the goods or services but requires imagination, thought, or perception to reach a conclusion as to the nature of the goods or services. This category is more distinctive than descriptive terms because they don't merely describe but suggest something. If ""Madak"" suggests something about the nature of the printing service without directly describing it, it could fall into this category. For example, if ""Madak"" suggested quickness or efficiency in printing services, it would be suggestive.

4. **Arbitrary**: An arbitrary term has no logical relationship to the goods or services but is a real word. For instance, ""Apple"" for computers is arbitrary because ""apple"" is a real word unrelated to computing. ""Madak"" sounds like it could be an arbitrary term if it has no direct connection to printing and is a real word in some language or context unrelated to printing.

5. **Fanciful**: A fanciful term is invented solely for the purpose of functioning as a trademark and has no other meaning. ""Kodak"" and ""Xerox"" are examples of fanciful marks. Since ""Madak"" isn’t a well-known word in English or widely recognized languages, it could potentially be seen as a fanciful term, especially if it was created specifically for the printing company.

Given that ""Madak"" does not appear to be a word in English and seems to lack any inherent descriptive meaning related to printing, it is most likely intended to be an invented name. Therefore, it is reasonable to consider ""Madak",,False,2026-08-25T16:59:30.891635+00:00
abercrombie_18,rule-application_conclusion,treacc,2,2,Qwen/Qwen2.5-32B-Instruct,"Structure your reasoning according to these steps: (1) Topic; (2) Rule; (3) Explanation; (4) Analysis; (5) Counterarguments; (6) Conclusion.
Labels: arbitrary, descriptive, fanciful, generic, suggestive
Context: The mark ""Madak"" for a printing company.
Question: How should this trademark be classified on the Abercrombie distinctiveness spectrum?
End your response with a line in exactly this format: Final Answer: <your answer>","(1) **Topic**: Classification of the trademark ""Madak"" for a printing company on the Abercrombie distinctiveness spectrum.

(2) **Rule**: The Abercrombie spectrum categorizes trademarks into five classes based on their distinctiveness and ability to function as a mark: (a) Generic, (b) Descriptive, (c) Suggestive, (d) Arbitrary, and (e) Fanciful. Each category has specific characteristics that define its position on the spectrum.

(3) **Explanation**: To classify ""Madak"" correctly, we must consider whether it describes the product directly, suggests something about the product, is unrelated to the product but known as a word, or is made-up with no dictionary meaning. 

(4) **Analysis**: 
- **Generic**: A term that refers to the general class of goods or services (e.g., ""Computer""). ""Madak"" does not fall under this category as it does not describe the general class of printing services.
- **Descriptive**: A term that directly describes an ingredient, quality, characteristic, function, feature, purpose, or use of the specified goods or services (e.g., ""Fiber One"" for fiber-rich cereal). ""Madak"" does not describe the qualities, ingredients, or functions of printing services.
- **Suggestive**: A term that requires imagination, thought, or perception to reach a conclusion as to the nature of the goods or services (e.g., ""Microsoft"" suggesting a microprocessor software). ""Madak"" does not suggest anything about printing services without further context or explanation.
- **Arbitrary**: A common word used in a way that has no relation to the underlying product (e.g., ""Apple"" for computers). ""Madak"" could be seen as an arbitrary term since it is a common word in some languages but does not have a direct connection to printing services.
- **Fanciful**: An invented term with no dictionary meaning (e.g., ""Kodak""). ""Madak"" is not a made-up term and thus does not fit into the fanciful category.

Based on this analysis, ""Madak"" fits best into the arbitrary category because it is a common word used in a context unrelated to its typical meaning.

(5) **Counterarguments**: One might argue that ""Madak"" could be considered descriptive if it has a specific meaning related to printing within certain cultural contexts or subcultures. However, without such specific cultural relevance, the default interpretation is",,False,2026-08-25T17:19:28.467911+00:00
abercrombie_18,rule-application_conclusion,ireac,1,1,Qwen/Qwen2.5-32B-Instruct,"Analyze this using the IREAC method, addressing each part in order: (1) Issue; (2) Rule; (3) Explanation; (4) Application; (5) Conclusion.
Labels: arbitrary, descriptive, fanciful, generic, suggestive
Context: The mark ""Madak"" for a printing company.
Question: How should this trademark be classified on the Abercrombie distinctiveness spectrum?
End your response with a line in exactly this format: Final Answer: <your answer>","### Issue:
The issue at hand is the classification of the trademark ""Madak"" for a printing company within the context of the Abercrombie distinctiveness spectrum. This spectrum categorizes trademarks based on their inherent distinctiveness, which affects the level of protection they receive under trademark law.

### Rule:
The Abercrombie distinctiveness spectrum categorizes trademarks into five classes: (1) Generic, (2) Descriptive, (3) Suggestive, (4) Arbitrary, and (5) Fanciful. Each class provides different levels of protection, with fanciful marks being the most distinctive and generic marks receiving no protection unless they have acquired secondary meaning.

### Explanation:
- **Generic Mark**: A term that refers to the genus of which the particular product is a species. Generic marks are not protectable.
- **Descriptive Mark**: A term that describes an ingredient, quality, characteristic, function, feature, purpose, or use of the product. These marks are protectable only if they have acquired secondary meaning.
- **Suggestive Mark**: A term that suggests some quality or characteristic of the goods without describing the goods and requires imagination, thought, and perception to reach a conclusion as to the nature of the products. These marks are inherently distinctive and receive protection without proof of secondary meaning.
- **Arbitrary Mark**: A term that has no logical relationship to the goods or services. Arbitrary marks are inherently distinctive and receive strong protection.
- **Fanciful Mark**: A term that is invented or coined for the sole purpose of functioning as a trademark or service mark. Fanciful marks are inherently distinctive and receive the strongest protection.

### Application:
To determine where ""Madak"" falls on the Abercrombie spectrum, we must consider its relationship to the goods or services it represents—printing services. ""Madak"" does not describe any characteristic of the printing service, nor does it suggest any qualities of the service that would require imagination to connect the term with the service. It also does not seem to be a common word or name related to printing. Therefore, it is not descriptive or generic. Additionally, ""Madak"" does not appear to be a made-up word specifically designed to serve as a brand name (fanciful), nor does it suggest something about the service that would connect it logically to the concept of printing (suggestive). Instead, ""Madak"" seems to be an arbitrary selection of letters and sounds that do not have an inherent connection to the printing industry, placing it in the arbitrary",,False,2026-08-25T17:21:48.876852+00:00
abercrombie_20,rule-application_conclusion,treacc,1,0,Qwen/Qwen2.5-32B-Instruct,"Analyze this using the TREACC method, addressing each part in order: (1) Topic; (2) Rule; (3) Explanation; (4) Analysis; (5) Counterarguments; (6) Conclusion.
Labels: arbitrary, descriptive, fanciful, generic, suggestive
Context: The mark ""Roach Motel"" for insect traps.
Question: How should this trademark be classified on the Abercrombie distinctiveness spectrum?
End your response with a line in exactly this format: Final Answer: <your answer>","(1) **Topic**: The classification of the trademark ""Roach Motel"" for insect traps according to the Abercrombie distinctiveness spectrum.

(2) **Rule**: The Abercrombie distinctiveness spectrum classifies trademarks into five categories: (a) Arbitrary or Fanciful, (b) Suggestive, (c) Descriptive, (d) Generic, and (e) Trade dress. Each category has specific criteria based on how well the mark identifies the source of the goods or services.

(3) **Explanation**: 
- **Arbitrary or Fanciful**: These marks have no relation to the product they represent (e.g., Apple for computers). 
- **Suggestive**: These marks suggest some quality or characteristic of the product without describing it directly (e.g., Greyhound for buses).
- **Descriptive**: These marks describe an ingredient, quality, characteristic, function, feature, purpose, or use of the product (e.g., Holiday Inn for hotels).
- **Generic**: These are common terms that refer to the general category of the product (e.g., “Computer” for personal computers).

(4) **Analysis**: The mark ""Roach Motel"" is not merely descriptive of its product, as it does not directly state that it is a trap for roaches. Instead, it suggests a place where roaches will stay permanently because it implies a motel that roaches enter but do not leave. This plays on the idea of a motel being a temporary lodging place, making it a metaphorical representation of what happens to roaches entering the trap. Therefore, it suggests the nature of the product without explicitly describing it, which aligns more closely with the definition of a suggestive mark.

(5) **Counterarguments**:
- One could argue that ""Roach Motel"" is descriptive if one considers that it directly describes the function of the product, which is to contain and eliminate roaches indefinitely. However, the term ""Motel"" adds an imaginative twist that elevates it beyond mere description into suggestion.
- Another counterpoint might be that the term is so closely tied to the product's function that it lacks creativity, pushing it towards a descriptive category. Yet, the metaphorical use of ""motel"" as a place for roaches to stay indefinitely rather than just a trap makes it less straightforwardly descriptive.

(6) **Conclusion**: After considering the analysis and counterarguments, the mark ""Roach Motel"" appears most appropriately classified as a suggestive mark on",,False,2026-08-25T22:07:47.780591+00:00
abercrombie_20,rule-application_conclusion,treacc,1,1,Qwen/Qwen2.5-32B-Instruct,"Analyze this using the TREACC method, addressing each part in order: (1) Topic; (2) Rule; (3) Explanation; (4) Analysis; (5) Counterarguments; (6) Conclusion.
Labels: arbitrary, descriptive, fanciful, generic, suggestive
Context: The mark ""Roach Motel"" for insect traps.
Question: How should this trademark be classified on the Abercrombie distinctiveness spectrum?
End your response with a line in exactly this format: Final Answer: <your answer>","To analyze the classification of the trademark ""Roach Motel"" for insect traps using the TREACC method, we address each component as follows:

(1) **Topic**: The topic is the classification of the trademark ""Roach Motel"" under the Abercrombie distinctiveness spectrum. This spectrum categorizes trademarks based on their level of distinctiveness and how they relate to the goods or services they represent.

(2) **Rule**: The Abercrombie test uses five categories to assess the distinctiveness of trademarks: (a) Generic, (b) Descriptive, (c) Suggestive, (d) Arbitrary, and (e) Fanciful. Each category reflects a different degree of uniqueness and association with the product.

(3) **Explanation**: 
- **Generic** marks are not protected because they refer directly to the good or service itself, such as ""Apple"" for apples.
- **Descriptive** marks immediately convey an idea about the product, such as its ingredients, qualities, or characteristics, without requiring imagination, thought, or perception.
- **Suggestive** marks suggest a characteristic of the goods or services but require imagination, thought, or perception to reach a conclusion about the nature of the goods or services.
- **Arbitrary** marks consist of words that have no logical relationship to the goods or services (e.g., ""Amazon"" for an online store).
- **Fanciful** marks are made-up words with no dictionary definition (e.g., ""Kodak"").

(4) **Analysis**: ""Roach Motel"" for insect traps is a play on words. It suggests that insects entering these traps will stay there indefinitely, akin to guests staying at a motel. However, it does not directly describe the product's composition or function but rather implies something about its effectiveness. Therefore, it does not fit into the descriptive category but leans towards suggesting a benefit (""roach stays"") without fully describing the product.

(5) **Counterarguments**: One could argue that ""Roach Motel"" might be considered descriptive if one interprets ""motel"" as directly referring to a place where roaches end up and cannot leave. However, the term ""Motel"" is more about the concept of entrapment rather than a literal description of the trap's mechanics or appearance.

(6) **Conclusion**: Considering the analysis and counterarguments, ""Roach Motel"" is best classified as a **suggestive** trademark. It suggests a characteristic of the insect trap (that it",,False,2026-08-25T22:08:21.927856+00:00
abercrombie_20,rule-application_conclusion,ireac,1,0,Qwen/Qwen2.5-32B-Instruct,"Analyze this using the IREAC method, addressing each part in order: (1) Issue; (2) Rule; (3) Explanation; (4) Application; (5) Conclusion.
Labels: arbitrary, descriptive, fanciful, generic, suggestive
Context: The mark ""Roach Motel"" for insect traps.
Question: How should this trademark be classified on the Abercrombie distinctiveness spectrum?
End your response with a line in exactly this format: Final Answer: <your answer>","(1) **Issue**: The issue at hand is to determine where the trademark ""Roach Motel"" for insect traps falls on the Abercrombie distinctiveness spectrum, which categorizes trademarks into five types: fanciful, arbitrary, suggestive, descriptive, and generic.

(2) **Rule**: The Abercrombie distinctiveness spectrum is used to assess the inherent distinctiveness of a trademark, which affects its protectability under trademark law. Each category has specific criteria:
- **Fanciful**: Invented words or terms that have no dictionary meaning.
- **Arbitrary**: Common words used in a context unrelated to their normal use.
- **Suggestive**: Terms that suggest a quality or characteristic of the goods without describing it directly.
- **Descriptive**: Words that describe a significant ingredient, quality, characteristic, function, feature, purpose, or use of the product.
- **Generic**: Words that are commonly used to refer to the general class of products.

(3) **Explanation**: ""Roach Motel"" refers to an insect trap, specifically targeting roaches. The term ""roaches"" clearly relates to the product's target insects, but ""motel"" does not directly describe the mechanism or function of the trap itself. Instead, it suggests a place where roaches go in but do not come out, implying a destination that is ultimately fatal for them. This combination of a common word (""roach"") with another word (""motel"") that does not directly describe the trap’s function, but rather suggests a quality about what happens to the roaches, fits the definition of a suggestive mark.

(4) **Application**: Applying the Abercrombie test to ""Roach Motel"", we must consider if the phrase describes the product directly or if it requires imagination or thought to connect it with the product. Since ""Roach Motel"" does not directly describe how the trap functions (e.g., it doesn't say ""roach killer"" or ""roach trap""), but rather suggests a fate that awaits roaches who enter it, it does not fall into the descriptive category. It also isn’t arbitrary or fanciful as it contains a direct reference to the product's target. Therefore, it best fits into the suggestive category because it implies something about the product's effect on roaches.

(5) **Conclusion**: Based on the analysis of the Abercrombie distinctiveness spectrum, the trademark ""Roach Motel"" for insect traps is best classified as suggestive because it indirectly suggests the fate of",,False,2026-08-25T22:12:17.153904+00:00
abercrombie_21,rule-application_conclusion,treacc,2,0,Qwen/Qwen2.5-32B-Instruct,"Structure your reasoning according to these steps: (1) Topic; (2) Rule; (3) Explanation; (4) Analysis; (5) Counterarguments; (6) Conclusion.
Labels: arbitrary, descriptive, fanciful, generic, suggestive
Context: The mark ""TidePool"" for treehouse manufacturing company.
Question: How should this trademark be classified on the Abercrombie distinctiveness spectrum?
End your response with a line in exactly this format: Final Answer: <your answer>","(1) **Topic**: The classification of the trademark ""TidePool"" for a treehouse manufacturing company on the Abercrombie distinctiveness spectrum.

(2) **Rule**: The Abercrombie distinctiveness spectrum is used to categorize trademarks based on their inherent ability to distinguish goods or services from one another. It ranges from fanciful (most distinctive) to generic (least distinctive).

(3) **Explanation**: Trademarks can be categorized into five types along this spectrum:
   - Fanciful: Completely made-up words with no meaning outside the trademark context.
   - Arbitrary: Existing words used in a way that has nothing to do with their common meaning.
   - Suggestive: Indicate some quality or characteristic of the product without directly describing it.
   - Descriptive: Directly describe a quality or characteristic of the product.
   - Generic: Words that are the common name for the product and cannot be trademarked.

(4) **Analysis**: ""TidePool"" for a treehouse manufacturing company can be analyzed as follows:
   - **Fanciful**: Not applicable since ""TidePool"" is not a completely made-up word.
   - **Arbitrary**: Potentially fits if ""TidePool"" has no direct connection to treehouses, but its natural association with nature and outdoor settings might make this less likely.
   - **Suggestive**: This seems fitting because ""TidePool"" suggests something unique and perhaps enchanting about the treehouses, possibly hinting at an experience akin to finding a hidden gem in nature, without directly stating what the product is.
   - **Descriptive**: It could be seen as slightly descriptive if it's meant to convey treehouses being situated near water bodies, but it doesn't directly describe all aspects of treehouses.
   - **Generic**: Clearly not generic as ""TidePool"" is not the common name for treehouses.

(5) **Counterarguments**:
   - One might argue that ""TidePool"" is merely suggestive, hinting at the serene and natural setting associated with treehouses, which could appeal more to the emotional or experiential aspect rather than directly describing the product.
   - On the other hand, someone might consider it arbitrary if they think there's a strong disconnect between the term ""TidePool"" and the concept of treehouses, especially in contexts where treehouses aren’t necessarily linked to aquatic environments.

(6) **Conclusion**: Considering the analysis above, ""TidePool"" for a tree",,False,2026-08-26T00:44:11.440740+00:00
abercrombie_21,rule-application_conclusion,ireac,1,1,Qwen/Qwen2.5-32B-Instruct,"Analyze this using the IREAC method, addressing each part in order: (1) Issue; (2) Rule; (3) Explanation; (4) Application; (5) Conclusion.
Labels: arbitrary, descriptive, fanciful, generic, suggestive
Context: The mark ""TidePool"" for treehouse manufacturing company.
Question: How should this trademark be classified on the Abercrombie distinctiveness spectrum?
End your response with a line in exactly this format: Final Answer: <your answer>","(1) **Issue**: The issue at hand is the classification of the trademark ""TidePool"" for a treehouse manufacturing company on the Abercrombie distinctiveness spectrum.

(2) **Rule**: The Abercrombie distinctiveness spectrum categorizes trademarks into five categories based on their level of distinctiveness: (a) generic, (b) descriptive, (c) suggestive, (d) arbitrary, and (e) fanciful. Each category has specific criteria:
   - Generic terms are common names for the goods or services they represent and cannot be trademarked.
   - Descriptive marks directly describe an ingredient, quality, characteristic, function, feature, purpose, or use of the product.
   - Suggestive marks suggest a quality of the goods but require imagination, thought, or perception to reach a conclusion about the nature of the products.
   - Arbitrary marks consist of words used in ordinary, everyday language, but are used in connection with products that have no relation to the word itself.
   - Fanciful marks are invented or coined words that have no meaning other than as a trademark.

(3) **Explanation**: To classify ""TidePool"" for a treehouse manufacturing company, we need to analyze whether it falls under any of the above categories based on its relation to the goods it represents. ""TidePool"" is not a generic term for treehouses; it does not directly describe the characteristics, functions, or ingredients of treehouses (thus not descriptive). It also does not suggest a quality of the treehouses without requiring some imagination (not suggestive). Instead, ""TidePool"" is a combination of two words that, while related to water bodies, do not have an inherent connection to treehouses. Therefore, it fits best as an arbitrary term because it uses words from common language but applies them in a context unrelated to their typical meaning.

(4) **Application**: Applying the rule to the specific case of ""TidePool"" for a treehouse manufacturing company, we consider that the term ""TidePool"" is not related to the nature of the product (treehouses). It is not a description of any aspect of the treehouse itself, nor does it suggest anything about its qualities. Instead, it uses words that are familiar but applied arbitrarily to the context of treehouse manufacturing.

(5) **Conclusion**: Based on the analysis, ""TidePool"" for a treehouse manufacturing company would be classified as an arbitrary mark on the Abercrombie distinctiveness spectrum.

Final",,False,2026-08-26T00:47:39.206836+00:00
abercrombie_22,rule-application_conclusion,ireac,1,1,Qwen/Qwen2.5-32B-Instruct,"Analyze this using the IREAC method, addressing each part in order: (1) Issue; (2) Rule; (3) Explanation; (4) Application; (5) Conclusion.
Labels: arbitrary, descriptive, fanciful, generic, suggestive
Context: The mark ""Greyhound"" for a high speed bus service.
Question: How should this trademark be classified on the Abercrombie distinctiveness spectrum?
End your response with a line in exactly this format: Final Answer: <your answer>","(1) **Issue**: The issue at hand is to determine where the trademark ""Greyhound"" for a high-speed bus service falls on the Abercrombie distinctiveness spectrum, which categorizes trademarks based on their level of distinctiveness and the degree of protection they receive under trademark law.

(2) **Rule**: According to the Abercrombie distinctiveness spectrum, trademarks can be categorized into five classes:
   - **Generic**: Words that refer directly to the product or service itself.
   - **Descriptive**: Words that describe an ingredient, quality, characteristic, function, feature, purpose, or use of the goods or services.
   - **Suggestive**: Words that suggest some characteristic or quality of the goods or services without describing the goods or services.
   - **Arbitrary**: Words that are used in connection with the goods or services in a manner unrelated to the ordinary meaning of the word.
   - **Fanciful**: Words that have been invented for the sole purpose of functioning as a trademark.

(3) **Explanation**: The classification of a trademark depends on how it relates to the goods or services it represents. In the case of ""Greyhound,"" this term typically refers to a breed of dog, which has no direct relation to a high-speed bus service. Therefore, it does not fall under the generic or descriptive categories because it does not directly denote or describe the nature of the bus service. It also doesn't suggest a characteristic of the service (such as being fast or luxurious), which would place it in the suggestive category. The term is neither an invented word nor one with a made-up meaning (which would classify it as fanciful). Thus, given its unrelatedness to buses and its pre-existing meaning, ""Greyhound"" is considered arbitrary in this context.

(4) **Application**: Applying the Abercrombie distinctiveness spectrum to ""Greyhound"" for a high-speed bus service means recognizing that ""Greyhound"" is a term borrowed from common language, specifically referring to a breed of dog known for speed, but used in a completely different context unrelated to its original meaning. This borrowing and repurposing without any descriptive or suggestive link places it firmly in the arbitrary category.

(5) **Conclusion**: Based on the analysis, ""Greyhound"" as a trademark for a high-speed bus service fits the definition of an arbitrary mark. It is a term that has a clear, established meaning in another context but is used here in a way that is unrelated to its original meaning, thus qualifying it",,False,2026-08-26T03:11:51.115190+00:00
abercrombie_23,rule-application_conclusion,structured,0,0,Qwen/Qwen2.5-32B-Instruct,"Jurisdiction: US General
Practice Area: trademark, intellectual property, and contract law
Relevant Facts: The mark ""Kold and Kreamy"" for milkshakes.
Constraints: Choose exactly one of: arbitrary, descriptive, fanciful, generic, suggestive

Using the jurisdiction, practice area, facts, and constraints below, classify the following.
Question: How should this trademark be classified on the Abercrombie distinctiveness spectrum?
End your response with a line in exactly this format: Final Answer: <your answer>","To classify the trademark ""Kold and Kreamy"" for milkshakes on the Abercrombie distinctiveness spectrum, we need to consider how the mark functions in relation to the goods it identifies. The Abercrombie spectrum categorizes trademarks into five categories based on their level of distinctiveness: generic, descriptive, suggestive, arbitrary, and fanciful.

1. **Generic**: These marks directly identify the general class of goods or services and cannot be protected by trademark law. An example would be calling a milkshake simply ""Milkshake.""

2. **Descriptive**: Descriptive marks identify an ingredient, quality, characteristic, function, feature, purpose, or use of the specified goods or services. They can only gain protection if they have acquired secondary meaning through long-term use. For example, ""Creamy Milkshakes"" could be considered descriptive because it describes a quality of the product.

3. **Suggestive**: Suggestive marks hint at a quality or characteristic of the goods or services without actually describing them. They require imagination, thought, or perception to reach a conclusion about the nature of the goods. An example might be ""ChillShake"" for milkshakes, as it suggests a cold and refreshing drink but does not explicitly describe it.

4. **Arbitrary**: Arbitrary marks are real words used in connection with goods or services in a way that has no relationship to the inherent nature of the goods or services. For example, using ""Apple"" as a trademark for computers.

5. **Fanciful**: Fanciful marks are made-up or coined terms that have no dictionary meaning prior to their adoption as a trademark. For example, ""Xerox"" for photocopiers.

Considering the phrase ""Kold and Kreamy"" for milkshakes:
- ""Kold"" is a misspelling of ""Cold,"" which could be seen as a descriptive term if taken literally, but in this context, it seems more like a playful or stylized word.
- ""Kreamy"" is a variant spelling of ""Creamy,"" which could also be considered descriptive if taken literally.

However, when combined, these elements create a distinctive name that requires some interpretation and does not straightforwardly describe the product's characteristics. It evokes an idea of cold and creamy milkshakes, but it is not merely descriptive.

Given this analysis, the mark ""Kold and Kreamy"" leans towards being suggestive rather than purely descriptive. It requires some imagination to understand that it refers to a",,False,2026-08-26T05:15:13.984624+00:00
abercrombie_23,rule-application_conclusion,ireac,1,1,Qwen/Qwen2.5-32B-Instruct,"Analyze this using the IREAC method, addressing each part in order: (1) Issue; (2) Rule; (3) Explanation; (4) Application; (5) Conclusion.
Labels: arbitrary, descriptive, fanciful, generic, suggestive
Context: The mark ""Kold and Kreamy"" for milkshakes.
Question: How should this trademark be classified on the Abercrombie distinctiveness spectrum?
End your response with a line in exactly this format: Final Answer: <your answer>","### Issue:
The issue at hand is to classify the trademark ""Kold and Kreamy"" for milkshakes within the Abercrombie distinctiveness spectrum. This spectrum categorizes trademarks based on their level of distinctiveness or the degree to which they distinguish the product from others.

### Rule:
The Abercrombie distinctiveness spectrum includes five categories: generic, descriptive, suggestive, arbitrary, and fanciful. Each category reflects the level of protection offered by law and how closely the trademark associates with the product it represents. Generic marks are not protectable, while fanciful marks receive the highest level of protection.

### Explanation:
- **Generic**: These marks are common names for the product and do not qualify for trademark protection. Examples include ""Apple"" for apples.
- **Descriptive**: These marks directly describe a quality or characteristic of the product. They can only be protected if they have acquired secondary meaning through extensive use and marketing.
- **Suggestive**: These marks suggest some aspect of the product without describing it outright. They require consumers to use imagination to understand the nature of the product.
- **Arbitrary**: These marks consist of ordinary words that are used in an unexpected context. They are inherently distinctive because there is no direct association between the word and the product.
- **Fanciful**: These marks are made-up or coined terms that have no meaning other than as a trademark. They are inherently distinctive and receive strong legal protection.

### Application:
The phrase ""Kold and Kreamy"" can be analyzed as follows:
- It does not fall into the generic category because it does not directly name a type of milkshake.
- It is not clearly descriptive either, as it does not directly tell consumers about the taste or texture of the milkshakes. Instead, it uses terms that imply qualities of the product but do not fully describe them.
- It suggests qualities (cold and creamy) associated with a desirable milkshake experience, requiring consumers to infer these qualities rather than stating them outright.
- It does not qualify as fanciful because both ""Kold"" and ""Kreamy"" are recognizable words, even though ""Kold"" is a misspelling of ""Cold.""

Therefore, ""Kold and Kreamy"" is best classified as a suggestive mark.

### Conclusion:
The trademark ""Kold and Kreamy"" for milkshakes is most appropriately classified as a suggestive mark on the Abercrombie distinctiveness spectrum due to its implication of qualities that require consumer inference rather than a direct description",,False,2026-08-26T05:42:43.222416+00:00
abercrombie_24,rule-application_conclusion,creac,0,2,Qwen/Qwen2.5-32B-Instruct,"Work through the following steps before answering: (1) Conclusion; (2) Rule; (3) Explanation; (4) Application; (5) Conclusion.
Labels: arbitrary, descriptive, fanciful, generic, suggestive
Context: The mark ""Wohold"" for gasoline.
Question: How should this trademark be classified on the Abercrombie distinctiveness spectrum?
End your response with a line in exactly this format: Final Answer: <your answer>","**Conclusion**: The trademark ""Wohold"" for gasoline can be classified as **fanciful** on the Abercrombie distinctiveness spectrum.

**Rule**: The Abercrombie distinctiveness spectrum is used to categorize trademarks based on their level of distinctiveness and the degree of protection they receive under trademark law. The categories include: (1) generic, (2) descriptive, (3) suggestive, (4) arbitrary, and (5) fanciful. A fanciful mark is a term that is invented solely for its use as a trademark and has no other meaning.

**Explanation**: ""Wohold"" is an invented word without a dictionary or widely recognized meaning. It does not describe any characteristic or quality of gasoline, nor does it suggest anything about the product itself. Because it is created specifically for its use as a trademark and has no prior association with gasoline or any other product, it falls into the category of a fanciful mark.

**Application**: Applying the rule to the context, ""Wohold"" as a name for gasoline does not refer to any attribute of gasoline, nor is it a term that is commonly used or understood in relation to gasoline. Its uniqueness and lack of inherent meaning make it a fanciful mark.

**Final Answer**: fanciful",,False,2026-08-26T07:52:49.454908+00:00
abercrombie_24,rule-application_conclusion,treacc,0,0,Qwen/Qwen2.5-32B-Instruct,"Work through the following steps before answering: (1) Topic; (2) Rule; (3) Explanation; (4) Analysis; (5) Counterarguments; (6) Conclusion.
Labels: arbitrary, descriptive, fanciful, generic, suggestive
Context: The mark ""Wohold"" for gasoline.
Question: How should this trademark be classified on the Abercrombie distinctiveness spectrum?
End your response with a line in exactly this format: Final Answer: <your answer>","### Topic:
The topic here is the classification of the trademark ""Wohold"" used for gasoline on the Abercrombie distinctiveness spectrum. This spectrum is a tool used to categorize trademarks based on their level of distinctiveness and their potential to function as a source identifier.

### Rule:
The Abercrombie distinctiveness spectrum classifies trademarks into five categories: fanciful, arbitrary, suggestive, descriptive, and generic. Each category represents a different level of inherent distinctiveness and protectability under trademark law.

### Explanation:
- **Fanciful marks** are made-up words that have no meaning outside of their use as a trademark (e.g., Kodak).
- **Arbitrary marks** consist of common words but used in a way unrelated to their inherent meaning (e.g., Apple for computers).
- **Suggestive marks** hint at qualities or characteristics of the product without describing them directly (e.g., Greyhound for buses).
- **Descriptive marks** directly describe an ingredient, quality, characteristic, user, purpose, or feature of the goods or services (e.g., Instant Coffee for coffee).
- **Generic marks** are terms that refer to the general category of products or services and are not protected as trademarks (e.g., ""Computer"" for computer hardware).

### Analysis:
""Wohold"" does not appear to be a word with a specific meaning related to gasoline, nor is it a commonly known term. It's not a direct description of gasoline or its attributes. Given these observations:

- The name ""Wohold"" does not seem to suggest any particular quality of gasoline (such as performance or cleanliness), which would place it in the suggestive category.
- It’s not descriptive of gasoline in any way, such as ""CleanFuel"" might be if it implied clean-burning fuel.
- It’s also not a generic term like “Gasoline” itself.
- It doesn’t fit the definition of a fanciful term since it appears constructed from recognizable segments rather than being entirely new.

This leaves us considering whether ""Wohold"" could be classified as an arbitrary term. Arbitrary terms are existing words used in an unrelated context, much like ""Apple"" for computers, which has no inherent connection to computers.

### Counterarguments:
One counterargument could be that ""Wohold"" might be seen as a blend word or coined term that hints at something about holding or containing energy, potentially making it more suggestive than arbitrary. However, this interpretation seems quite stretched and less likely given the lack of clear association",,False,2026-08-26T07:58:52.983731+00:00
abercrombie_24,rule-application_conclusion,treacc,0,2,Qwen/Qwen2.5-32B-Instruct,"Work through the following steps before answering: (1) Topic; (2) Rule; (3) Explanation; (4) Analysis; (5) Counterarguments; (6) Conclusion.
Labels: arbitrary, descriptive, fanciful, generic, suggestive
Context: The mark ""Wohold"" for gasoline.
Question: How should this trademark be classified on the Abercrombie distinctiveness spectrum?
End your response with a line in exactly this format: Final Answer: <your answer>","### Topic
The topic concerns the classification of the trademark ""Wohold"" as it pertains to gasoline, specifically within the framework of the Abercrombie distinctiveness spectrum. This spectrum is used in trademark law to categorize marks based on their level of distinctiveness and their ability to serve as identifiers of goods or services.

### Rule
The Abercrombie distinctiveness spectrum includes five categories of trademarks from least distinctive to most distinctive: generic, descriptive, suggestive, arbitrary, and fanciful. Each category has specific criteria that help determine whether a trademark can be registered and protected under trademark law.

### Explanation
- **Generic**: Words that directly describe the product without any indication of source, e.g., ""Bread"" for bread.
- **Descriptive**: Words that describe an ingredient, quality, characteristic, function, feature, purpose, or use of the product, e.g., ""Red"" for red paint.
- **Suggestive**: Marks that hint at qualities of the product but require imagination, thought, or perception to understand the nature of the products, e.g., ""Coppertone"" for sun tan lotion.
- **Arbitrary**: Common words used in a context unrelated to their ordinary meaning, e.g., ""Apple"" for computers.
- **Fanciful**: Invented words that have no dictionary meaning, e.g., ""Xerox"".

### Analysis
""Wohold"" is not a commonly known word or phrase associated with gasoline or its properties. It does not describe any characteristic of gasoline, nor is it a term typically used in the industry. Thus, it does not fall under generic or descriptive categories. Furthermore, ""Wohold"" does not evoke any immediate suggestion about gasoline (like ""Quickfuel"" might suggest fast refueling), ruling out the suggestive category. Since ""Wohold"" is not an existing word and seems invented for the purpose of serving as a brand name, it could initially seem to fit into the fanciful category. However, if it is considered a common English word or derived from a common word, it would be more appropriately categorized as arbitrary.

### Counterarguments
One counterargument could be that ""Wohold"" might be perceived as a portmanteau or a play on words related to holding something, potentially suggesting a product that holds or retains quality. If true, this might slightly push it towards being suggestive rather than arbitrary. However, without clear evidence of such intent or perception, this remains speculative.

### Conclusion
Given the analysis above and considering",,False,2026-08-26T07:59:59.181675+00:00
abercrombie_24,rule-application_conclusion,ireac,1,2,Qwen/Qwen2.5-32B-Instruct,"Analyze this using the IREAC method, addressing each part in order: (1) Issue; (2) Rule; (3) Explanation; (4) Application; (5) Conclusion.
Labels: arbitrary, descriptive, fanciful, generic, suggestive
Context: The mark ""Wohold"" for gasoline.
Question: How should this trademark be classified on the Abercrombie distinctiveness spectrum?
End your response with a line in exactly this format: Final Answer: <your answer>","To analyze how the trademark ""Wohold"" for gasoline should be classified on the Abercrombie distinctiveness spectrum using the IREAC method:

(1) **Issue**: The issue at hand is to classify the trademark ""Wohold"" for gasoline according to its position on the Abercrombie distinctiveness spectrum. This classification will determine the level of protection that the trademark ""Wohold"" might receive under trademark law.

(2) **Rule**: Trademarks are classified along a spectrum known as the Abercrombie distinctiveness spectrum. This spectrum categorizes trademarks into five categories: generic, descriptive, suggestive, arbitrary, and fanciful. Each category has different levels of inherent distinctiveness and therefore different protections under trademark law.

- **Generic terms** cannot be protected because they name the general class of goods or services.
- **Descriptive terms** identify characteristics or qualities of the goods or services and can only be protected if they have acquired secondary meaning through long-term use.
- **Suggestive marks** hint at the nature of the product but do not describe the goods themselves and are inherently distinctive.
- **Arbitrary marks** are common words used in an unfamiliar context and are inherently distinctive.
- **Fanciful marks** are invented words that have no dictionary meaning and are inherently distinctive.

(3) **Explanation**: ""Wohold"" does not appear to be a generic term for gasoline or any of its characteristics. It is not descriptive of the product's qualities, such as its octane rating or composition. The term ""Wohold"" does not provide a direct description of what it is being applied to. Furthermore, it does not seem to be a fanciful word, which would be completely made up without any prior meaning. Rather, ""Wohold"" seems to be an arbitrary use of a common word or a combination of syllables that have no inherent connection to gasoline, but it could potentially be associated with holding something (wo- and -hold), which does not directly suggest or describe the product.

(4) **Application**: Applying the rule to the specific case of ""Wohold,"" we must determine whether it fits best into one of the categories. Given that ""Wohold"" does not fall neatly into the generic or descriptive categories, and assuming it's not a coined word with no prior meaning (which would make it fanciful), ""Wohold"" seems most appropriately classified as an arbitrary mark. Arbitrary marks consist of real words used in an unfamiliar context, which """,,False,2026-08-26T08:06:06.437194+00:00
abercrombie_25,rule-application_conclusion,creac,1,2,Qwen/Qwen2.5-32B-Instruct,"Analyze this using the CREAC method, addressing each part in order: (1) Conclusion; (2) Rule; (3) Explanation; (4) Application; (5) Conclusion.
Labels: arbitrary, descriptive, fanciful, generic, suggestive
Context: The mark ""Daisy"" for a sports car.
Question: How should this trademark be classified on the Abercrombie distinctiveness spectrum?
End your response with a line in exactly this format: Final Answer: <your answer>","(1) **Conclusion**: The trademark ""Daisy"" for a sports car would most likely fall under the category of a fanciful mark on the Abercrombie distinctiveness spectrum.

(2) **Rule**: The Abercrombie distinctiveness spectrum is used to classify trademarks into five categories based on their inherent distinctiveness and likelihood of being granted protection. These categories include: (a) generic, (b) descriptive, (c) suggestive, (d) arbitrary, and (e) fanciful marks, with fanciful marks being the strongest in terms of inherent distinctiveness.

(3) **Explanation**: 
- Generic marks describe the product itself and cannot be protected (e.g., ""Apple"" for apples).
- Descriptive marks directly describe a quality or characteristic of the product (e.g., ""Tasty"" for food).
- Suggestive marks hint at a quality of the product without describing it explicitly (e.g., ""Microsoft"" for software-related products).
- Arbitrary marks are words that have no direct relationship to the product but exist as common dictionary words (e.g., ""Amazon"" for online shopping).
- Fanciful marks are made-up words that have no meaning outside the context of the brand (e.g., ""Kodak"" for cameras).

""Daisy,"" while a common word referring to a type of flower, does not have an obvious connection to a sports car and thus does not fall into any of the first three categories. It also isn't a made-up word, so it doesn't qualify as fanciful. However, when applied to a sports car, ""Daisy"" lacks any direct logical connection to the product and has no established meaning in relation to cars, making it more akin to an arbitrary mark than a descriptive or suggestive one.

(4) **Application**: In applying the rule to the specific case of ""Daisy"" for a sports car, we recognize that ""Daisy"" is a well-known term but does not suggest any particular attribute of the sports car. It does not explicitly describe the product (descriptive), nor does it suggest an attribute of the product (suggestive). Therefore, it fits best as an arbitrary mark because it's a pre-existing word being used in a context unrelated to its original meaning.

(5) **Conclusion**: Given the context and application of the Abercrombie distinctiveness spectrum, the trademark ""Daisy"" for a sports car is best classified as an arbitrary mark due to its lack of direct association with the product's characteristics and its",,False,2026-08-26T10:27:30.892882+00:00
abercrombie_25,rule-application_conclusion,treacc,1,2,Qwen/Qwen2.5-32B-Instruct,"Analyze this using the TREACC method, addressing each part in order: (1) Topic; (2) Rule; (3) Explanation; (4) Analysis; (5) Counterarguments; (6) Conclusion.
Labels: arbitrary, descriptive, fanciful, generic, suggestive
Context: The mark ""Daisy"" for a sports car.
Question: How should this trademark be classified on the Abercrombie distinctiveness spectrum?
End your response with a line in exactly this format: Final Answer: <your answer>","To analyze how the trademark ""Daisy"" for a sports car should be classified on the Abercrombie distinctiveness spectrum using the TREACC method, we will address each component as follows:

(1) **Topic**: The topic here is the classification of the trademark ""Daisy"" as it pertains to a sports car on the Abercrombie distinctiveness spectrum. This spectrum categorizes trademarks into five levels of distinctiveness based on their uniqueness and potential to serve as an identifier of a specific product.

(2) **Rule**: The Abercrombie spectrum includes five categories from most distinctive to least distinctive: fanciful, arbitrary, suggestive, descriptive, and generic. A trademark must fall into one of these categories to determine its level of inherent distinctiveness and protectability under trademark law.

(3) **Explanation**: The Abercrombie test requires an evaluation of whether a given mark is inherently distinctive enough to function as a trademark without proof of secondary meaning. The classification depends on how much the mark describes or suggests the nature of the goods or services rather than being inherently distinctive or unrelated to them.

(4) **Analysis**: 
- **Fanciful**: These marks are invented words that have no dictionary meaning before becoming associated with the product, e.g., ""Kodak.""
- **Arbitrary**: These marks use common words but apply them to products where they have no logical relationship to the goods, e.g., ""Apple"" for computers.
- **Suggestive**: These marks suggest qualities or characteristics of the goods without describing them directly, requiring some imagination to connect the mark with the product, e.g., ""Coppertone"" for suntan lotion.
- **Descriptive**: These marks describe some aspect of the goods, requiring proof of secondary meaning to be protected, e.g., ""Holiday Inn"" for hotels.
- **Generic**: These terms name the general class of the goods and cannot be trademarked, e.g., ""Computer"" for computers.

""Daisy,"" when applied to a sports car, does not describe the vehicle's features, nor is it a commonly understood term for such a product. However, it also does not suggest any particular quality or feature. Instead, it seems to be chosen arbitrarily from a common word list that has no direct connection to sports cars, making it stand out from the crowd without suggesting anything specific about the product.

(5) **Counterarguments**: One might argue that ""Daisy"" could be seen as suggestive if it evokes an image of something light,",,False,2026-08-26T10:34:53.990877+00:00
abercrombie_26,rule-application_conclusion,treacc,0,1,Qwen/Qwen2.5-32B-Instruct,"Work through the following steps before answering: (1) Topic; (2) Rule; (3) Explanation; (4) Analysis; (5) Counterarguments; (6) Conclusion.
Labels: arbitrary, descriptive, fanciful, generic, suggestive
Context: The mark ""Sast"" for salad dressing.
Question: How should this trademark be classified on the Abercrombie distinctiveness spectrum?
End your response with a line in exactly this format: Final Answer: <your answer>","### Topic:
The classification of the trademark ""Sast"" for salad dressing on the Abercrombie distinctiveness spectrum.

### Rule:
The Abercrombie distinctiveness spectrum is used to categorize trademarks based on their level of distinctiveness. The spectrum includes five categories from least distinctive to most distinctive: generic, descriptive, suggestive, arbitrary, and fanciful.

### Explanation:
To classify ""Sast"" as a trademark for salad dressing, we must determine how well it distinguishes the product from others and its relationship to the product's nature.

### Analysis:
- **Generic**: A generic term directly names the product and cannot be trademarked. For example, ""salad dressing"" itself would be considered generic.
- **Descriptive**: A descriptive term describes an ingredient, quality, characteristic, function, feature, purpose, or use of the product. While ""Sast"" does not clearly describe any ingredient or characteristic of salad dressing, it could potentially be seen as a misspelling of ""fast,"" implying quick preparation, which might lean towards being slightly descriptive.
- **Suggestive**: A suggestive term suggests a quality or characteristic of the product but requires imagination, thought, or perception to reach a conclusion about the nature of the product. ""Sast"" does not suggest any clear quality or characteristic of the product without additional context.
- **Arbitrary**: An arbitrary term has no logical relationship to the product but can still distinguish the product. Words like ""Apple"" for computers fall into this category.
- **Fanciful**: A fanciful term is invented specifically for trademark purposes and has no meaning other than as a trademark. Examples include ""Kodak"" or ""Xerox.""

Given that ""Sast"" is not a known word and seems to have no direct relation to salad dressing, it aligns more closely with being an arbitrary term. However, there's a slight possibility of it being a misspelling of ""fast,"" which could make it marginally descriptive.

### Counterarguments:
One might argue that if consumers widely recognize ""Sast"" as a brand name for salad dressing without associating it with any specific qualities (e.g., speed), it could be considered arbitrary. On the other hand, if there is any implication that ""Sast"" means ""fast"" in the context of making or using the salad dressing, it could lean towards being descriptive.

### Conclusion:
Considering ""Sast"" appears to have no inherent meaning related to salad dressing and is not a known word, it is likely to be",,False,2026-08-26T13:03:32.527006+00:00
abercrombie_26,rule-application_conclusion,treacc,0,2,Qwen/Qwen2.5-32B-Instruct,"Work through the following steps before answering: (1) Topic; (2) Rule; (3) Explanation; (4) Analysis; (5) Counterarguments; (6) Conclusion.
Labels: arbitrary, descriptive, fanciful, generic, suggestive
Context: The mark ""Sast"" for salad dressing.
Question: How should this trademark be classified on the Abercrombie distinctiveness spectrum?
End your response with a line in exactly this format: Final Answer: <your answer>","### Step 1: Topic
The topic here is the classification of the trademark ""Sast"" for salad dressing within the Abercrombie distinctiveness spectrum. This spectrum categorizes trademarks into five classes based on their level of distinctiveness and their ability to serve as a source identifier.

### Step 2: Rule
The Abercrombie distinctiveness spectrum classifies marks as follows:
- **Fanciful**: Completely invented terms that have no prior meaning.
- **Arbitrary**: Existing words used in a context unrelated to their original meaning.
- **Suggestive**: Suggests a quality or characteristic of the product without describing it directly.
- **Descriptive**: Directly describes an ingredient, quality, characteristic, user, function, purpose, or use of the goods/services.
- **Generic**: Words that describe the general category of the product or service.

### Step 3: Explanation
To classify ""Sast"" as a trademark, we must consider its relation to salad dressing and how well it functions as a source identifier. Since ""Sast"" does not appear to be a common word associated with salad dressings, nor does it suggest a specific quality of the product, we can rule out descriptive or generic categories immediately. The mark's uniqueness and lack of direct association with salad dressings also help us narrow down its classification further.

### Step 4: Analysis
Analyzing ""Sast,"" we find:
- It is not a commonly known word related to salad dressings or food products.
- It does not describe any particular quality or feature of the product.
- It is not a coined term that has no meaning outside of its trademark status.
Thus, ""Sast"" fits best into either the arbitrary or suggestive category.

Given the brevity and somewhat arbitrary nature of the word, and assuming it has no inherent connection to salad dressing, it leans more towards being arbitrary rather than suggestive. Arbitrary marks are strong because they have no intrinsic connection to the product they represent.

### Step 5: Counterarguments
One could argue that ""Sast"" might have some hidden meaning or connection to salad dressing that makes it more suggestive than arbitrary. However, without additional context suggesting such a meaning, the default assumption would be its arbitrary nature due to its lack of clear connection to the product.

### Step 6: Conclusion
Based on the analysis, ""Sast"" for salad dressing is best classified as an **arbitrary** mark on the Abercrombie distinctiveness spectrum. It is not descriptive or generic,",,False,2026-08-26T13:04:06.620097+00:00
abercrombie_26,rule-application_conclusion,treacc,1,2,Qwen/Qwen2.5-32B-Instruct,"Analyze this using the TREACC method, addressing each part in order: (1) Topic; (2) Rule; (3) Explanation; (4) Analysis; (5) Counterarguments; (6) Conclusion.
Labels: arbitrary, descriptive, fanciful, generic, suggestive
Context: The mark ""Sast"" for salad dressing.
Question: How should this trademark be classified on the Abercrombie distinctiveness spectrum?
End your response with a line in exactly this format: Final Answer: <your answer>","(1) **Topic**: The classification of the trademark ""Sast"" for salad dressing on the Abercrombie distinctiveness spectrum.

(2) **Rule**: The Abercrombie distinctiveness spectrum classifies trademarks into five categories based on their level of distinctiveness and how they relate to the goods or services for which they are used. These categories are: (a) Arbitrary, (b) Fanciful, (c) Suggestive, (d) Descriptive, and (e) Generic. Each category has different legal protections and requirements for registration and enforceability.

(3) **Explanation**: To classify ""Sast"" under the Abercrombie spectrum, we need to consider its relationship to the product it represents (salad dressing). A mark is considered fanciful if it is a coined term with no dictionary meaning relevant to the product. An arbitrary mark is a word that has a common meaning but is used in a context unrelated to its meaning. A suggestive mark hints at qualities or characteristics of the product without directly describing them. A descriptive mark directly describes a significant ingredient, quality, or characteristic of the goods. Lastly, a generic mark names the general class of goods or services and cannot be trademarked.

(4) **Analysis**: The term ""Sast"" does not have an established dictionary meaning related to salad dressing, nor does it describe a particular characteristic or ingredient of salad dressing. It also does not appear to be a coined term with no prior meaning (which would make it fanciful). Given that ""Sast"" does not describe the product directly, it leans towards being either arbitrary or suggestive. Since it does not seem to suggest a specific quality or characteristic of salad dressing, it appears more likely to fall under the arbitrary category.

(5) **Counterarguments**: One could argue that ""Sast"" might sound like a play on words related to salad ingredients, such as ""fast,"" implying a quick dressing or a light, refreshing taste. However, this connection is too tenuous and indirect to classify ""Sast"" as suggestive. Another argument might be that it sounds made-up enough to be fanciful, but since it is not a completely new word, the arbitrary classification seems more fitting.

(6) **Conclusion**: Based on the analysis above, the most appropriate classification for the mark ""Sast"" for salad dressing on the Abercrombie distinctiveness spectrum is as an arbitrary mark. It is neither a descriptive term nor does it directly suggest qualities of the product, thus qualifying it",,False,2026-08-26T13:05:37.714347+00:00
abercrombie_26,rule-application_conclusion,treacc,2,2,Qwen/Qwen2.5-32B-Instruct,"Structure your reasoning according to these steps: (1) Topic; (2) Rule; (3) Explanation; (4) Analysis; (5) Counterarguments; (6) Conclusion.
Labels: arbitrary, descriptive, fanciful, generic, suggestive
Context: The mark ""Sast"" for salad dressing.
Question: How should this trademark be classified on the Abercrombie distinctiveness spectrum?
End your response with a line in exactly this format: Final Answer: <your answer>","(1) **Topic**: Classification of the trademark ""Sast"" for salad dressing on the Abercrombie distinctiveness spectrum.

(2) **Rule**: The Abercrombie distinctiveness spectrum is used in trademark law to classify trademarks into five categories based on their distinctiveness and the level of protection they receive. These categories range from the most distinctive to the least distinctive: fanciful, arbitrary, suggestive, descriptive, and generic.

(3) **Explanation**: To classify the mark ""Sast,"" we need to determine its relationship to the product (salad dressing) and assess whether it is inherently distinctive or merely descriptive.

(4) **Analysis**: 
- **Fanciful**: This category includes words that have no meaning in relation to the goods/services offered, such as ""Kodak"" for cameras.
- **Arbitrary**: This category involves common words used in an unrelated context, like ""Apple"" for computers.
- **Suggestive**: Trademarks that suggest a characteristic of the goods but do not directly describe them, such as ""JetBlue"" for airline services.
- **Descriptive**: Marks that directly describe a significant ingredient, quality, or characteristic of the goods/services.
- **Generic**: Words that identify the general category of the goods/services rather than any specific brand, such as ""Lemonade"" for lemon-flavored drinks.

The word ""Sast"" does not appear to be a common English word or a commonly known term related to salad dressing or any of its ingredients. Therefore, it does not fit well under the ""descriptive"" or ""generic"" categories. It also doesn't seem to be a made-up word without any prior meaning (""fanciful""), nor does it clearly suggest some aspect of salad dressing (""suggestive""). Given these considerations, ""Sast"" seems to be an arbitrary use of a word not commonly associated with salad dressing.

(5) **Counterarguments**:
- One might argue that if ""Sast"" has a specific meaning in another language or context relevant to salad dressing, it could potentially be considered descriptive. However, without such evidence, treating it as an arbitrary word remains the most reasonable classification.
- Another counterpoint could be that ""Sast"" sounds too similar to other common terms in the food industry, thus suggesting a connection. However, without clear evidence of this direct suggestion or description, it's hard to classify it as suggestive or descriptive.

(6) **Conclusion**: Based on the analysis, the trademark ""Sast"" for salad dressing",,False,2026-08-26T13:07:09.654450+00:00
abercrombie_27,rule-application_conclusion,cot,2,2,Qwen/Qwen2.5-32B-Instruct,"Read the following and assign the appropriate label. Reason through this carefully, step by step.
Labels: arbitrary, descriptive, fanciful, generic, suggestive
Context: The mark ""Watch"" for an Apple smartwatch.
Question: How should this trademark be classified on the Abercrombie distinctiveness spectrum?
End your response with a line in exactly this format: Final Answer: <your answer>","To determine the appropriate classification of the trademark ""Watch"" for an Apple smartwatch on the Abercrombie distinctiveness spectrum, we need to consider how the term relates to the product and how it functions as a source identifier.

Step 1: Understand the Abercrombie Spectrum
The Abercrombie spectrum ranks trademarks from least to most distinctive:
- Generic (least distinctive)
- Descriptive
- Suggestive
- Arbitrary
- Fanciful (most distinctive)

Step 2: Analyze the Term ""Watch""
- ""Watch"" is a common noun that generally refers to any device used for telling time.
- In this context, it's specifically applied to a smartwatch, which is a type of watch but with additional features like connectivity and apps.

Step 3: Determine Functionality as a Source Identifier
- For the term ""Watch"" to function effectively as a trademark, it needs to distinguish Apple's product from other watches or smartwatches.
- If the term were used generically, it would simply refer to all watches, not distinguishing Apple's product.

Step 4: Evaluate Based on Abercrombie Criteria
- **Generic**: This term cannot be classified as generic because, although it describes what the product is, it does not exclusively identify the source of the goods.
- **Descriptive**: It could be considered descriptive if it merely tells consumers what the product is without indicating its source.
- **Suggestive**: A term is suggestive if it requires imagination, thought, or perception to reach a conclusion about the nature of the products.
- **Arbitrary**: An arbitrary term is one that has no logical relationship to the goods or services it represents.
- **Fanciful**: These are terms invented solely for use as trademarks.

Given these considerations, the term ""Watch"" for an Apple smartwatch seems to fail to distinguish the product sufficiently on its own due to its generic nature when referring to a time-telling device. However, since ""Watch"" alone is too generic to serve as a trademark, it likely implies that it's part of a larger trademark (like ""Apple Watch"") where ""Watch"" is used in conjunction with another term (Apple) to create a distinctive brand name.

Conclusion:
Since the term ""Watch"" on its own is too generic and does not inherently suggest Apple's specific product, it would generally not qualify under any category except potentially as part of a larger trademark that includes ""Apple."" On its own, ""Watch"" leans towards being generic in the context of",,False,2026-08-26T15:18:04.085470+00:00
abercrombie_28,rule-application_conclusion,treacc,0,1,Qwen/Qwen2.5-32B-Instruct,"Work through the following steps before answering: (1) Topic; (2) Rule; (3) Explanation; (4) Analysis; (5) Counterarguments; (6) Conclusion.
Labels: arbitrary, descriptive, fanciful, generic, suggestive
Context: The mark ""Coastal Winery"" for varietal wines.
Question: How should this trademark be classified on the Abercrombie distinctiveness spectrum?
End your response with a line in exactly this format: Final Answer: <your answer>","### Step 1: Topic
The topic at hand is the classification of the trademark ""Coastal Winery"" on the Abercrombie distinctiveness spectrum, which is used to assess the registrability and strength of trademarks based on their inherent distinctiveness.

### Step 2: Rule
The Abercrombie distinctiveness spectrum categorizes trademarks into five categories from weakest to strongest: (1) Generic, (2) Descriptive, (3) Suggestive, (4) Arbitrary, and (5) Fanciful.

### Step 3: Explanation
- **Generic**: Terms that refer directly to the product or service itself and cannot be trademarked.
- **Descriptive**: Marks that describe an ingredient, quality, characteristic, function, feature, purpose, or use of the product.
- **Suggestive**: Marks that suggest some quality or characteristic of the goods without describing the goods and require imagination, thought, or perception to reach a conclusion as to the nature of the goods.
- **Arbitrary**: Mark composed of words that have no relationship to the product or service being named.
- **Fanciful**: Composed of marks that are invented or coined terms.

### Step 4: Analysis
""Coastal Winery"" is a term used for varietal wines. ""Coastal"" might suggest a geographical location related to the winery, possibly indicating where the grapes are grown. ""Winery"" directly describes the nature of the business – producing wine. Given this context:
- It's not generic because it does not directly name the product (wine).
- It's not fanciful as ""Coastal Winery"" uses recognizable words.
- It's not arbitrary since ""winery"" directly relates to the product.
- Whether it is merely descriptive or suggestive can depend on whether consumers need to make an inference about the products’ characteristics (e.g., the coastal influence on the flavor of the wines).

### Step 5: Counterarguments
One might argue that ""Coastal Winery"" could be considered descriptive if it plainly describes the location and type of business. However, there's a case to be made for it being suggestive as it hints at the possible origin and possibly the taste profile influenced by the coastal environment without explicitly stating it.

### Step 6: Conclusion
Given the direct association with the production of wine and a geographical hint that requires some imagination to understand its full meaning, ""Coastal Winery"" leans more toward being suggestive rather than purely descriptive.

",,False,2026-08-26T18:00:16.840514+00:00
abercrombie_28,rule-application_conclusion,treacc,1,2,Qwen/Qwen2.5-32B-Instruct,"Analyze this using the TREACC method, addressing each part in order: (1) Topic; (2) Rule; (3) Explanation; (4) Analysis; (5) Counterarguments; (6) Conclusion.
Labels: arbitrary, descriptive, fanciful, generic, suggestive
Context: The mark ""Coastal Winery"" for varietal wines.
Question: How should this trademark be classified on the Abercrombie distinctiveness spectrum?
End your response with a line in exactly this format: Final Answer: <your answer>","To analyze the classification of the trademark ""Coastal Winery"" for varietal wines using the TREACC method and the Abercrombie distinctiveness spectrum, we proceed as follows:

(1) **Topic**: The topic at hand is the classification of the trademark ""Coastal Winery"" on the Abercrombie distinctiveness spectrum, which categorizes trademarks based on their level of distinctiveness from generic to fanciful.

(2) **Rule**: According to the Abercrombie spectrum, trademarks are classified into five categories: generic, descriptive, suggestive, arbitrary, and fanciful. Each category has specific characteristics that define its position on the spectrum from least distinctive (generic) to most distinctive (fanciful).

(3) **Explanation**: 
- A **generic** term directly identifies the product without any indication of source.
- A **descriptive** term describes an ingredient, quality, characteristic, function, feature, purpose, or use of the goods/services.
- A **suggestive** term suggests some quality or characteristic of the goods/services but requires imagination, thought, or perception to reach a conclusion as to the nature of the goods/services.
- An **arbitrary** term is a common word used in a way unrelated to the meaning of the goods/services.
- A **fanciful** term is a coined word that has no dictionary meaning.

(4) **Analysis**: ""Coastal Winery"" indicates both a geographical location (""Coastal"") and the nature of the business (""Winery""). This combination suggests rather than describes the wine's origin or qualities directly. The name does not immediately convey information about the taste, quality, or type of wines produced, requiring some imagination to connect the mark to the goods.

(5) **Counterarguments**: One could argue that ""Coastal Winery"" might be considered descriptive if it directly informs customers about the location of the winery, thus describing a characteristic of the wine. However, simply naming a geographical feature and the type of establishment (winery) does not fully describe the goods but rather implies something about them.

(6) **Conclusion**: Given the analysis above, ""Coastal Winery"" is best classified as **suggestive** on the Abercrombie distinctiveness spectrum. It does not directly describe the wines (thus not falling under descriptive), nor is it a coined or unrelated term (ruling out fanciful or arbitrary). Instead, it suggests something about the wines' origin and the type of establishment, requiring",,False,2026-08-26T18:02:21.424807+00:00
abercrombie_28,rule-application_conclusion,treacc,2,0,Qwen/Qwen2.5-32B-Instruct,"Structure your reasoning according to these steps: (1) Topic; (2) Rule; (3) Explanation; (4) Analysis; (5) Counterarguments; (6) Conclusion.
Labels: arbitrary, descriptive, fanciful, generic, suggestive
Context: The mark ""Coastal Winery"" for varietal wines.
Question: How should this trademark be classified on the Abercrombie distinctiveness spectrum?
End your response with a line in exactly this format: Final Answer: <your answer>","(1) **Topic**: The classification of the trademark ""Coastal Winery"" for varietal wines on the Abercrombie distinctiveness spectrum.

(2) **Rule**: The Abercrombie spectrum is used to assess the distinctiveness of trademarks, ranging from least distinctive to most distinctive: generic, descriptive, suggestive, arbitrary, and fanciful.

(3) **Explanation**: To classify ""Coastal Winery"", we need to understand its relation to the goods it represents—varietal wines. The term ""Coastal"" could refer to the geographical location where the wine might be produced or sold, while ""Winery"" directly relates to the business of producing wine.

(4) **Analysis**: 
- **Generic**: A mark that merely identifies the general category of goods (e.g., ""Wine"") cannot be registered as a trademark because it does not distinguish one producer's goods from another's.
- **Descriptive**: If a mark describes an ingredient, quality, characteristic, function, feature, purpose, or use of the goods, it is considered descriptive. ""Coastal Winery"" describes both the type of business (winery) and a potential attribute (coastal location).
- **Suggestive**: A suggestive mark hints at some aspect of the product without describing it directly and requires imagination or thought to reach a conclusion about the nature of the product.
- **Arbitrary**: An arbitrary mark uses words that have no logical relationship to the product (e.g., ""Apple"" for computers).
- **Fanciful**: A fanciful mark is a coined word with no dictionary meaning (e.g., ""Kodak"").

Given that ""Coastal Winery"" directly informs consumers of the type of business and potentially its location, it leans towards being descriptive rather than arbitrary or fanciful. It also doesn't require significant imagination to understand what it signifies about the goods.

(5) **Counterarguments**: One might argue that ""Coastal Winery"" could be seen as suggestive if the connection between ""coastal"" and the quality or characteristic of the wine is subtle enough to require some thought. However, given common usage and understanding, ""coastal"" typically refers to a direct location attribute which does not necessitate much interpretation.

(6) **Conclusion**: Considering the direct nature of the description provided by ""Coastal Winery"" regarding the type of business and potential location, it is most appropriately classified as a descriptive mark on the Aberc",,False,2026-08-26T18:02:56.617298+00:00
abercrombie_28,rule-application_conclusion,ireac,1,1,Qwen/Qwen2.5-32B-Instruct,"Analyze this using the IREAC method, addressing each part in order: (1) Issue; (2) Rule; (3) Explanation; (4) Application; (5) Conclusion.
Labels: arbitrary, descriptive, fanciful, generic, suggestive
Context: The mark ""Coastal Winery"" for varietal wines.
Question: How should this trademark be classified on the Abercrombie distinctiveness spectrum?
End your response with a line in exactly this format: Final Answer: <your answer>","(1) Issue: The issue at hand is to classify the trademark ""Coastal Winery"" for varietal wines according to the Abercrombie distinctiveness spectrum. This spectrum categorizes trademarks based on their level of distinctiveness and their potential to serve as a source identifier.

(2) Rule: The Abercrombie spectrum consists of five categories from least to most distinctive: generic, descriptive, suggestive, arbitrary, and fanciful. Generic terms cannot be trademarked because they refer to the product itself. Descriptive marks directly describe an ingredient, quality, characteristic, function, feature, purpose, or use of the product. Suggestive marks suggest something about the product but require imagination, thought, or perception to reach a conclusion about the nature of the products. Arbitrary marks consist of words used in ordinary English with no relation to the goods, while fanciful marks are invented or coined terms with no meaning other than that intended for the product.

(3) Explanation: ""Coastal Winery"" needs to be analyzed in light of these categories. It is not a generic term, as it does not describe the wine itself but rather the location of the winery. It also does not fall under the fanciful category because it is not an invented word. It is not arbitrary either, since both ""coastal"" and ""winery"" have meanings that relate directly to the product and its origin.

The term ""descriptive"" might initially seem fitting since ""Coastal Winery"" describes the geographical location of the winery, which could be considered a characteristic of the product. However, the classification leans more towards ""suggestive."" While it suggests a location where the winery operates, the phrase does not explicitly describe the taste, quality, or any other direct characteristics of the wines themselves but requires a bit of inference to connect the coastal setting with the type of wine produced there.

(4) Application: Applying the rule to the specific case of ""Coastal Winery,"" we can see that while it hints at the geographic origin of the winery, it does not provide a detailed description of the wine's qualities or characteristics. Instead, it indirectly suggests something about the wine's origin and potentially its flavor profile associated with coastal regions without explicitly stating what those features are.

(5) Conclusion: Based on the analysis, ""Coastal Winery"" best fits into the suggestive category on the Abercrombie distinctiveness spectrum. It implies a connection between the coastal location and the winery without outright",,False,2026-08-26T18:06:23.008291+00:00
abercrombie_28,rule-application_conclusion,ireac,1,2,Qwen/Qwen2.5-32B-Instruct,"Analyze this using the IREAC method, addressing each part in order: (1) Issue; (2) Rule; (3) Explanation; (4) Application; (5) Conclusion.
Labels: arbitrary, descriptive, fanciful, generic, suggestive
Context: The mark ""Coastal Winery"" for varietal wines.
Question: How should this trademark be classified on the Abercrombie distinctiveness spectrum?
End your response with a line in exactly this format: Final Answer: <your answer>","To analyze how the trademark ""Coastal Winery"" for varietal wines should be classified on the Abercrombie distinctiveness spectrum using the IREAC method, we will address each part in order:

1. **Issue**: The issue at hand is determining the appropriate classification of the trademark ""Coastal Winery"" within the Abercrombie spectrum, which categorizes trademarks based on their level of distinctiveness and protectability.

2. **Rule**: The Abercrombie distinctiveness spectrum classifies trademarks into five categories: (a) Generic, (b) Descriptive, (c) Suggestive, (d) Arbitrary, and (e) Fanciful. Each category has different levels of inherent distinctiveness and protectability under trademark law.

3. **Explanation**:
   - **Generic**: These terms refer to the general class of goods or services and cannot be trademarked. Examples include ""apple"" for apples.
   - **Descriptive**: These terms directly describe an ingredient, quality, characteristic, function, feature, purpose, or use of the goods or services. They receive protection only if they have acquired secondary meaning through use.
   - **Suggestive**: These terms suggest some characteristic or quality of the goods or services without describing them directly. They require consumers to use imagination to connect the term to the product.
   - **Arbitrary**: These terms consist of common words used in an uncommon context unrelated to the goods or services. They are inherently distinctive and receive strong protection.
   - **Fanciful**: These terms are invented or coined for the sole purpose of functioning as a trademark. They are inherently distinctive and receive the highest level of protection.

4. **Application**: Applying these definitions to ""Coastal Winery"":
   - The term ""Winery"" directly refers to a place where wine is made, and thus, it describes a type of establishment. However, ""Coastal"" adds a geographic descriptor that specifies the location of the winery.
   - While ""Coastal Winery"" describes the type of business and its location, the term does not merely describe the product (varietal wines) but rather the source of the product.
   - Given that it combines a geographical descriptor with a term indicating the nature of the business, it leans towards being more than just descriptive—it suggests qualities about the product that might relate to its origin, such as potentially fresher flavors due to coastal climates or proximity to water, without directly describing the product itself.

5",,False,2026-08-26T18:06:58.125975+00:00
abercrombie_28,rule-application_conclusion,ireac,2,2,Qwen/Qwen2.5-32B-Instruct,"Structure your reasoning according to these steps: (1) Issue; (2) Rule; (3) Explanation; (4) Application; (5) Conclusion.
Labels: arbitrary, descriptive, fanciful, generic, suggestive
Context: The mark ""Coastal Winery"" for varietal wines.
Question: How should this trademark be classified on the Abercrombie distinctiveness spectrum?
End your response with a line in exactly this format: Final Answer: <your answer>","(1) **Issue**: The issue at hand is to determine how the trademark ""Coastal Winery"" for varietal wines should be classified within the Abercrombie distinctiveness spectrum.

(2) **Rule**: The Abercrombie distinctiveness spectrum categorizes trademarks into five categories based on their level of distinctiveness and originality: (a) Generic, (b) Descriptive, (c) Suggestive, (d) Arbitrary, and (e) Fanciful. Each category determines the strength of the mark and its protectability under trademark law.

(3) **Explanation**: 
- **Generic** marks are those that merely name the goods or services and are not registrable unless they have acquired secondary meaning through long-term use.
- **Descriptive** marks describe an ingredient, quality, characteristic, function, feature, purpose, or use of the goods/services. These marks are only registrable if they have acquired secondary meaning.
- **Suggestive** marks suggest some characteristic or quality of the goods/services without describing them directly and require some thought or imagination to understand the nature of the goods/services.
- **Arbitrary** marks consist of words used in ordinary language but have no relation to the goods/services. They are inherently distinctive and thus protectable.
- **Fanciful** marks are invented words that have no meaning other than as a trademark and are inherently distinctive.

(4) **Application**: ""Coastal Winery"" can be analyzed as follows:
- It includes the term ""Winery,"" which directly refers to the place where wine is produced, making it potentially descriptive of the service itself.
- The term ""Coastal"" could be seen as indicating the geographical location of the winery, which could also be considered descriptive since it describes a characteristic of the business's location.
- However, it doesn't provide specific details about the type or quality of the wine being offered, which would make it more descriptive if it did.

Given that ""Coastal Winery"" describes both the nature of the business (winery) and suggests a geographic location (coastal), but does not fully describe the product's characteristics, the mark leans towards the descriptive side of the spectrum but is not strongly tied to any particular feature beyond being a winery located near the coast.

(5) **Conclusion**: Based on the analysis above, ""Coastal Winery"" is best classified as a **descriptive** mark because it describes a characteristic of the goods (the location of",,False,2026-08-26T18:08:30.008606+00:00
abercrombie_29,rule-application_conclusion,ireac,0,2,Qwen/Qwen2.5-32B-Instruct,"Work through the following steps before answering: (1) Issue; (2) Rule; (3) Explanation; (4) Application; (5) Conclusion.
Labels: arbitrary, descriptive, fanciful, generic, suggestive
Context: The mark ""Yoddles"" for a chocolate candy.
Question: How should this trademark be classified on the Abercrombie distinctiveness spectrum?
End your response with a line in exactly this format: Final Answer: <your answer>","(1) **Issue**: Determine where the trademark ""Yoddles"" for a chocolate candy falls on the Abercrombie distinctiveness spectrum.

(2) **Rule**: The Abercrombie distinctiveness spectrum categorizes trademarks into five classes based on their level of distinctiveness and the degree to which they identify the source of goods or services without describing the goods or services themselves. These categories range from least distinctive to most distinctive as follows:
   - Generic: Identifies a general class of product rather than a specific source. Not protectable unless it has acquired secondary meaning.
   - Descriptive: Immediately conveys an immediate idea of the ingredients, qualities, or characteristics of the goods or services. Protectable only if it has acquired secondary meaning.
   - Suggestive: Requires imagination, thought, or perception to reach a conclusion about the nature of the goods or services. Automatically protectable.
   - Arbitrary: A word used in a context unrelated to its primary dictionary definition. Automatically protectable.
   - Fanciful: A coined term that is inherently distinctive because it has no meaning other than as a brand. Automatically protectable.

(3) **Explanation**: ""Yoddles"" does not describe any inherent characteristic of chocolate candy (such as flavor, size, shape, etc.), nor does it fall under a category that could be considered generic (like ""chocolate""). It doesn't suggest something about the product directly either (e.g., it's not suggestive of being rich, creamy, or dark). Furthermore, ""Yoddles"" does not seem to have an existing meaning related to anything else, so it can't be considered arbitrary. Instead, ""Yoddles"" appears to be a made-up term designed specifically as a brand name for the candy.

(4) **Application**: Given the analysis above, ""Yoddles"" does not fit neatly into the descriptive or suggestive categories as it does not immediately convey characteristics of the product. Since it’s not a common word associated with any meaning (neither related to chocolate or otherwise), it also cannot be considered arbitrary. Therefore, ""Yoddles"" is best classified as a fanciful mark because it is a coined term without any pre-existing meaning beyond what it represents as a brand name for the product.

(5) **Conclusion**: Based on the Abercrombie distinctiveness spectrum, ""Yoddles"" as a trademark for a chocolate candy is best classified as a fanciful mark due to its lack of inherent meaning and its creation specifically for branding purposes",,False,2026-08-26T20:47:31.304053+00:00
abercrombie_30,rule-application_conclusion,treacc,0,0,Qwen/Qwen2.5-32B-Instruct,"Work through the following steps before answering: (1) Topic; (2) Rule; (3) Explanation; (4) Analysis; (5) Counterarguments; (6) Conclusion.
Labels: arbitrary, descriptive, fanciful, generic, suggestive
Context: The mark ""Reloto"" for soda.
Question: How should this trademark be classified on the Abercrombie distinctiveness spectrum?
End your response with a line in exactly this format: Final Answer: <your answer>","### Topic
The topic at hand is the classification of the trademark ""Reloto"" for a soda product within the Abercrombie distinctiveness spectrum. This spectrum categorizes trademarks based on their level of distinctiveness and their ability to function as identifiers in the marketplace.

### Rule
The Abercrombie distinctiveness spectrum includes five categories, from least distinctive to most distinctive: (1) Generic, (2) Descriptive, (3) Suggestive, (4) Arbitrary, and (5) Fanciful. Each category describes how easily a term can be recognized as a brand name without confusion with the product's description or common use.

### Explanation
- **Generic**: Refers directly to the type of goods or services offered (e.g., ""Apple"" for apple juice).
- **Descriptive**: Clearly describes an ingredient, quality, characteristic, function, feature, purpose, or use of the goods/services (e.g., ""Vanilla Ice Cream"").
- **Suggestive**: Requires imagination, thought, or perception to understand the nature of the goods/services (e.g., ""Coppertone"" for sunscreen implying a bronzed skin tone).
- **Arbitrary**: A word that has no logical relationship to the goods or services (e.g., ""Amazon"" for an online bookstore).
- **Fanciful**: Completely made-up terms with no meaning prior to their adoption as a trademark (e.g., ""Kodak"").

### Analysis
""Reloto"" does not appear to be a common word related to soda or its ingredients, nor is it a term that suggests any particular aspect of soda like flavor or origin. It is also not a made-up word but rather a combination that might seem familiar in some languages, yet it does not directly describe soda or suggest any specific quality about it.

### Counterarguments
One could argue that ""Reloto"" might be seen as a fanciful mark if it was completely new and unique when coined, having no previous association in any language. However, the term's potential familiarity in certain contexts might reduce its uniqueness.

### Conclusion
Given that ""Reloto"" does not fit into the more restrictive categories like generic or descriptive, and there’s no inherent suggestion or clear arbitrariness due to its potential familiarity, the most fitting classification would be **arbitrary**. It is not descriptive of the soda itself, nor does it suggest any qualities or functions of the product. Instead, it stands out as a distinctive identifier without a direct link to what it represents.

Final",,False,2026-08-26T23:14:39.637921+00:00
abercrombie_31,rule-application_conclusion,treacc,0,0,Qwen/Qwen2.5-32B-Instruct,"Work through the following steps before answering: (1) Topic; (2) Rule; (3) Explanation; (4) Analysis; (5) Counterarguments; (6) Conclusion.
Labels: arbitrary, descriptive, fanciful, generic, suggestive
Context: The mark ""KitchenAid"" for baking appliances.
Question: How should this trademark be classified on the Abercrombie distinctiveness spectrum?
End your response with a line in exactly this format: Final Answer: <your answer>","### Step 1: Topic
The topic is the classification of the trademark ""KitchenAid"" for baking appliances on the Abercrombie distinctiveness spectrum.

### Step 2: Rule
The Abercrombie distinctiveness spectrum categorizes trademarks into five categories based on their level of distinctiveness or uniqueness: (1) Generic, (2) Descriptive, (3) Suggestive, (4) Arbitrary, and (5) Fanciful. Each category has specific characteristics that determine how easily a trademark can be protected under trademark law.

### Step 3: Explanation
- **Generic**: Refers to the general class of goods or services, not protectable unless it has acquired secondary meaning.
- **Descriptive**: Directly describes a significant ingredient, quality, characteristic, function, feature, purpose, or use of the goods/services, may be protectable if it has acquired distinctiveness.
- **Suggestive**: Requires imagination, thought, or perception to reach a conclusion as to the nature of the goods/services, inherently distinctive and protectable without proof of secondary meaning.
- **Arbitrary**: Has no relation to the goods/services but is a real word, inherently distinctive and protectable.
- **Fanciful**: Completely invented or fabricated with no meaning other than as an identifier of the product or service, inherently distinctive and protectable.

### Step 4: Analysis
""KitchenAid"" for baking appliances could be seen as a term that combines ""kitchen,"" which suggests the location where baking typically occurs, with ""aid,"" implying assistance or support. This combination suggests a tool that aids in kitchen activities, particularly those related to baking. However, the term does not directly describe the appliance's features or functions in a literal sense but rather hints at its utility in a kitchen setting.

### Step 5: Counterarguments
One might argue that ""KitchenAid"" could fall under the descriptive category since it seems to directly relate to the use of the product in a kitchen. However, the term ""Aid"" does not literally describe the product’s characteristics or functions; instead, it requires a slight leap of imagination to understand the relationship between the term and the product.

### Step 6: Conclusion
Considering the analysis and counterarguments, ""KitchenAid"" most closely aligns with the suggestive category on the Abercrombie distinctiveness spectrum. It is not arbitrary because it has a meaningful connection to its intended use, nor is it descriptive as it does not directly state what the product is or",,False,2026-08-27T01:35:14.899469+00:00
abercrombie_31,rule-application_conclusion,ireac,1,1,Qwen/Qwen2.5-32B-Instruct,"Analyze this using the IREAC method, addressing each part in order: (1) Issue; (2) Rule; (3) Explanation; (4) Application; (5) Conclusion.
Labels: arbitrary, descriptive, fanciful, generic, suggestive
Context: The mark ""KitchenAid"" for baking appliances.
Question: How should this trademark be classified on the Abercrombie distinctiveness spectrum?
End your response with a line in exactly this format: Final Answer: <your answer>","### IREAC Analysis

#### 1. Issue:
The issue at hand is to determine how the trademark ""KitchenAid"" should be classified within the Abercrombie distinctiveness spectrum when used for baking appliances.

#### 2. Rule:
The Abercrombie distinctiveness spectrum categorizes trademarks into five categories based on their distinctiveness and the level of protection they receive: (a) generic, (b) descriptive, (c) suggestive, (d) arbitrary, and (e) fanciful. Each category has different requirements for registration and levels of legal protection.

#### 3. Explanation:
- **Generic Marks**: Generic terms cannot be registered as trademarks because they refer directly to the goods or services themselves (e.g., ""Apple"" for apples).
- **Descriptive Marks**: These are terms that describe the goods or services (e.g., ""Big Red Truck Company"" for trucks). Descriptive marks can only be registered if they have acquired secondary meaning through use.
- **Suggestive Marks**: Suggestive marks hint at a quality or characteristic of the goods without describing them directly (e.g., ""Coppertone"" for suntan lotion).
- **Arbitrary Marks**: Arbitrary marks consist of words that have no logical relationship to the product but exist independently as dictionary words (e.g., ""Apple"" for computers).
- **Fanciful Marks**: Fanciful marks are invented words and thus inherently distinctive (e.g., ""Kodak"").

#### 4. Application:
Analyzing the term ""KitchenAid"":
- ""KitchenAid"" combines two words: ""kitchen"" and ""aid."" While ""kitchen"" is a common noun referring to the room where food is prepared, ""aid"" suggests assistance or support.
- The term does not merely describe the product (i.e., it's not just saying ""appliance for kitchen"") but rather suggests a helper in the kitchen.
- It does not describe the function or characteristics of the product directly but rather implies that the product will assist in kitchen activities.

Thus, ""KitchenAid"" does not fall under generic or descriptive categories since it neither refers directly to baking appliances nor describes their characteristics. Instead, it falls more towards the suggestive side of the spectrum, implying an aid or helper in the kitchen without explicitly stating what it does.

#### 5. Conclusion:
Given the analysis, ""KitchenAid"" most appropriately fits into the suggestive category of the Abercrombie distinctiveness spectrum. This classification indicates that the term",,False,2026-08-27T01:41:35.614673+00:00
abercrombie_32,rule-application_conclusion,treacc,1,0,Qwen/Qwen2.5-32B-Instruct,"Analyze this using the TREACC method, addressing each part in order: (1) Topic; (2) Rule; (3) Explanation; (4) Analysis; (5) Counterarguments; (6) Conclusion.
Labels: arbitrary, descriptive, fanciful, generic, suggestive
Context: The mark ""Netflix"" for an online streaming service.
Question: How should this trademark be classified on the Abercrombie distinctiveness spectrum?
End your response with a line in exactly this format: Final Answer: <your answer>","(1) **Topic**: The classification of the trademark ""Netflix"" on the Abercrombie distinctiveness spectrum.

(2) **Rule**: The Abercrombie distinctiveness spectrum categorizes trademarks into five categories based on their level of distinctiveness: fanciful, arbitrary, suggestive, descriptive, and generic. Each category has specific criteria and implications for protection.

(3) **Explanation**: 
- **Fanciful marks** are made-up words that have no meaning outside of their use as a trademark (e.g., Kodak).
- **Arbitrary marks** use real words but apply them in a context unrelated to their dictionary meanings (e.g., Apple for computers).
- **Suggestive marks** hint at a quality or characteristic of the product without describing it directly (e.g., Greyhound for buses).
- **Descriptive marks** directly describe a quality or characteristic of the product or service (e.g., Holiday Inn for hotels).
- **Generic marks** are common terms that refer to the product itself and cannot be protected as trademarks (e.g., “computer” for computers).

(4) **Analysis**: ""Netflix"" does not fall under the generic category since it is not a common term for online streaming services. It is not descriptive either, as it does not directly describe the nature of the service. ""Netflix"" is not a word that suggests qualities or characteristics of the service when taken literally, ruling out the suggestive category. It also does not fit the arbitrary category because it can be decomposed into familiar words (""net"" and ""flix"") which, though not related to its meaning, do have some recognizable elements. However, these elements combined in this unique way create a new, distinct identity that does not directly convey any meaning related to the service itself, aligning closely with the concept of a fanciful mark. Therefore, ""Netflix"" best fits into the fanciful category as it creates a novel and distinctive brand identity that stands apart from both the service and common language.

(5) **Counterarguments**: One could argue that ""Netflix"" is more arbitrary than fanciful because it combines two existing words that might hint at the service's nature (internet and film/video). However, the combination is so unique that it transcends the literal interpretation of its components, creating a name that is primarily known for the brand rather than for any direct meaning.

(6) **Conclusion**: Despite potential arguments for it being somewhat arbitrary, given its uniqueness and lack of inherent meaning related to its service, ""Netflix"" is",,False,2026-08-27T04:23:31.140642+00:00
abercrombie_32,rule-application_conclusion,ireac,1,2,Qwen/Qwen2.5-32B-Instruct,"Analyze this using the IREAC method, addressing each part in order: (1) Issue; (2) Rule; (3) Explanation; (4) Application; (5) Conclusion.
Labels: arbitrary, descriptive, fanciful, generic, suggestive
Context: The mark ""Netflix"" for an online streaming service.
Question: How should this trademark be classified on the Abercrombie distinctiveness spectrum?
End your response with a line in exactly this format: Final Answer: <your answer>","To analyze how the trademark ""Netflix"" for an online streaming service should be classified on the Abercrombie distinctiveness spectrum, we will use the IREAC method.

(1) **Issue**: The issue here is to determine the appropriate classification of the trademark ""Netflix"" on the Abercrombie distinctiveness spectrum, which includes categories such as fanciful, arbitrary, suggestive, descriptive, and generic.

(2) **Rule**: According to the Abercrombie distinctiveness spectrum, trademarks can be categorized based on their level of inherent distinctiveness. Fanciful marks are inherently distinctive and consist of words that have no meaning in relation to the product or service. Arbitrary marks also have strong inherent distinctiveness but consist of existing words used in a context unrelated to their meaning. Suggestive marks hint at a quality of the product without describing it directly and require some imagination or thought to make the connection. Descriptive marks describe a significant ingredient, quality, or characteristic of the goods/services and are not inherently distinctive unless they have acquired secondary meaning. Generic terms are common names for the goods/services and cannot function as trademarks.

(3) **Explanation**: In applying these rules to ""Netflix,"" we must consider what the term means and how it relates to the service. ""Net"" likely refers to internet-based services, while ""flix"" might be a play on words related to films or movies. However, taken together, ""Netflix"" does not directly describe its service (an online streaming service), nor is it a generic term for such a service. It doesn't suggest the service in a way that requires much imagination to connect it with movies or TV shows either. Instead, it appears to be a combination of words chosen specifically for brand identity rather than for any inherent meaning related to the service offered.

(4) **Application**: Applying the rule, ""Netflix"" does not describe the nature of the service, nor is it a generic name for streaming services. It also doesn't suggest a feature of the service in a manner requiring consumer imagination. Rather, it seems to be a coined word or an arbitrary selection of existing words used in a new context. This places it squarely in the category of an arbitrary mark because it uses words in a way unrelated to their standard meanings to create a unique identifier for Netflix's service.

(5) **Conclusion**: Given the analysis above, ""Netflix"" fits best under the classification of an arbitrary mark on the Abercrombie distinctiveness spectrum. It is not a fanciful creation, as both parts of",,False,2026-08-27T04:29:01.924829+00:00
abercrombie_33,rule-application_conclusion,treacc,0,2,Qwen/Qwen2.5-32B-Instruct,"Work through the following steps before answering: (1) Topic; (2) Rule; (3) Explanation; (4) Analysis; (5) Counterarguments; (6) Conclusion.
Labels: arbitrary, descriptive, fanciful, generic, suggestive
Context: The mark ""Old Crow"" for whiskey.
Question: How should this trademark be classified on the Abercrombie distinctiveness spectrum?
End your response with a line in exactly this format: Final Answer: <your answer>","### Topic
The topic concerns the classification of the trademark ""Old Crow"" for whiskey according to the Abercrombie distinctiveness spectrum.

### Rule
The Abercrombie distinctiveness spectrum is used in trademark law to evaluate the distinctiveness and protectability of marks. It categorizes trademarks into five categories from least to most distinctive: generic, descriptive, suggestive, arbitrary, and fanciful.

### Explanation
- **Generic**: Refers directly to the product itself without any indication of source.
- **Descriptive**: Conveys an immediate idea of the ingredients, qualities, or characteristics of the goods.
- **Suggestive**: Requires imagination, thought, or perception to reach a conclusion as to the nature of the products.
- **Arbitrary**: Is a common word but used in connection with the product in a way that has no relation to the inherent nature of the product.
- **Fanciful**: A word that has been invented solely for use as a trademark.

### Analysis
For the trademark ""Old Crow"":
- **Generic**: Not applicable, as ""Old Crow"" does not describe a category of whiskey.
- **Descriptive**: Could be considered if ""Old Crow"" were to describe a characteristic of the whiskey, such as age or flavor. However, ""Crow"" is not commonly associated with any specific quality of whiskey.
- **Suggestive**: This could potentially apply if ""Old Crow"" implies something about the character or flavor of the whiskey, like tradition or age-old recipes, but it's not immediately clear.
- **Arbitrary**: ""Crow"" is a common term for a bird, which has no direct relationship to the inherent characteristics of whiskey. Therefore, using ""Crow"" in conjunction with whiskey would be considered arbitrary.
- **Fanciful**: Not applicable since ""Old Crow"" consists of existing words and is not an invented term.

Given these points, ""Old Crow"" seems to fit best under the arbitrary category because it uses a common term (""Crow"") in a context unrelated to its meaning (whiskey).

### Counterarguments
- Some might argue that ""Old Crow"" could be seen as descriptive, implying an old recipe or traditional methods. However, this interpretation requires more inference than a straightforward description would allow.
- Others may view it as suggestive, suggesting some kind of heritage or history associated with the brand, but again, this involves more thought than a descriptive term would require.

### Conclusion
After considering the various categories and analyzing the mark ""Old Crow,"" it is best classified as arbitrary on",,False,2026-08-27T06:54:26.837402+00:00
abercrombie_33,rule-application_conclusion,ireac,1,2,Qwen/Qwen2.5-32B-Instruct,"Analyze this using the IREAC method, addressing each part in order: (1) Issue; (2) Rule; (3) Explanation; (4) Application; (5) Conclusion.
Labels: arbitrary, descriptive, fanciful, generic, suggestive
Context: The mark ""Old Crow"" for whiskey.
Question: How should this trademark be classified on the Abercrombie distinctiveness spectrum?
End your response with a line in exactly this format: Final Answer: <your answer>","To analyze how the trademark ""Old Crow"" for whiskey should be classified on the Abercrombie distinctiveness spectrum using the IREAC method:

(1) **Issue**: The issue at hand is to determine the appropriate classification of the trademark ""Old Crow"" on the Abercrombie distinctiveness spectrum. This spectrum categorizes marks into five classes based on their level of distinctiveness and protectability under trademark law.

(2) **Rule**: The Abercrombie spectrum provides the following classifications:
   - Generic: Cannot be registered as a trademark because it merely identifies the genus of goods or services rather than distinguishing among them.
   - Descriptive: Directly conveys an immediate idea of the ingredients, qualities, or characteristics of the goods/services without requiring imagination, thought, or perception.
   - Suggestive: Requires imagination, thought, or perception to reach a conclusion as to the nature of the goods/services.
   - Arbitrary: Consists of words that are in common use but have no relation to the goods/services they are used to describe.
   - Fanciful: Made-up words that have no meaning other than as a trademark.

(3) **Explanation**: 
- **Generic** terms are out of the question because ""Old Crow"" does not simply name the type of product (e.g., alcohol).
- **Descriptive** terms directly describe a quality or characteristic of the product. While ""Old"" might suggest age or tradition, ""Crow"" does not directly relate to the characteristics of the whiskey itself.
- **Suggestive** terms hint at a quality or characteristic of the product without explicitly stating it. ""Old Crow"" could be seen as suggesting a traditional, perhaps rural, setting associated with the brand, which implies certain qualities of the whiskey.
- **Arbitrary** terms use existing words unrelated to the product. ""Crow"" and ""Old"" both exist independently of whiskey, so ""Old Crow"" could also fit here.
- **Fanciful** terms are invented for the sole purpose of functioning as trademarks, which doesn't apply here as ""Old Crow"" uses existing words.

Given these explanations, the most fitting classification would be either arbitrary or suggestive, depending on how closely one believes ""Old Crow"" suggests qualities about the whiskey versus being unrelated to its description.

(4) **Application**: In applying the rule to the specific case of ""Old Crow,"" we consider that while the term is evocative and possibly suggests something about the brand's character (perhaps rustic, old-fashioned), it",,False,2026-08-27T07:00:14.293149+00:00
abercrombie_34,rule-application_conclusion,cot,1,2,Qwen/Qwen2.5-32B-Instruct,"Determine the correct classification for the following. Work through your reasoning step by step before answering.
Labels: arbitrary, descriptive, fanciful, generic, suggestive
Context: The mark ""Vit"" for a video conferencing service.
Question: How should this trademark be classified on the Abercrombie distinctiveness spectrum?
End your response with a line in exactly this format: Final Answer: <your answer>","To determine the correct classification for the trademark ""Vit"" for a video conferencing service, let's work through the possibilities step by step according to the Abercrombie distinctiveness spectrum:

1. **Generic**: A generic term is one that refers directly to the goods or services themselves and cannot be trademarked because it doesn't distinguish the goods or services of one company from those of another. For example, calling a video conferencing service simply ""Video Call"" would be generic. However, ""Vit"" does not inherently describe a video conferencing service, so it is not generic.

2. **Descriptive**: A descriptive term immediately tells something about the quality, purpose, function, or other characteristic of the product or service. If ""Vit"" were an abbreviation that directly described the service (e.g., ""Video IT"" for Video Information Technology), it might fall into the descriptive category. However, without a clear immediate description, ""Vit"" does not seem to be descriptive.

3. **Suggestive**: Suggestive marks suggest a quality of the goods or services but require imagination, thought, or perception to reach a conclusion as to the nature of the products. If ""Vit"" is intended to evoke thoughts about something quick (""vi"" could be reminiscent of ""vi"" in Latin meaning 'fly', suggesting speed) or essential (""vit"" could hint at vital or vitalizing communication), it might be considered suggestive. This seems plausible given the creativity needed to connect ""Vit"" to a video conferencing service.

4. **Arbitrary**: Arbitrary marks are words that are used in a context unrelated to their inherent meaning. ""Apple"" for computers or ""Amazon"" for retail are examples. If ""Vit"" has no direct connection to video conferencing and is instead borrowed from another context (like vitamins, which are unrelated), it would be arbitrary.

5. **Fanciful**: Fanciful marks are made-up words that have no meaning prior to their adoption as trademarks. Examples include ""Kodak"" or ""Xerox"". If ""Vit"" is entirely new and doesn't relate to any existing word, it might be fanciful.

Given these considerations, ""Vit"" seems most likely to be either arbitrary or suggestive depending on its intended use and context. Since the name is not a direct reference to video conferencing but rather requires some mental leap to associate it with such a service, it leans more towards the suggestive side. However, if it's purely chosen without specific intent",,False,2026-08-27T09:03:26.327169+00:00
abercrombie_34,rule-application_conclusion,treacc,0,0,Qwen/Qwen2.5-32B-Instruct,"Work through the following steps before answering: (1) Topic; (2) Rule; (3) Explanation; (4) Analysis; (5) Counterarguments; (6) Conclusion.
Labels: arbitrary, descriptive, fanciful, generic, suggestive
Context: The mark ""Vit"" for a video conferencing service.
Question: How should this trademark be classified on the Abercrombie distinctiveness spectrum?
End your response with a line in exactly this format: Final Answer: <your answer>","### Topic
The topic of discussion is the classification of the trademark ""Vit"" for a video conferencing service on the Abercrombie distinctiveness spectrum.

### Rule
The Abercrombie distinctiveness spectrum classifies trademarks into five categories based on their level of distinctiveness and protectability:
1. **Generic**: Names that identify the general class of goods or services, not protectable as trademarks.
2. **Descriptive**: Names that describe an important feature of the product or service, protectable only if they have acquired secondary meaning.
3. **Suggestive**: Names that suggest a characteristic of the good or service without describing it directly, generally protectable.
4. **Arbitrary**: Names that have no logical relationship to the goods or services, highly protectable.
5. **Fanciful**: Completely made-up words with no dictionary definition, most protectable.

### Explanation
To classify the trademark ""Vit"" for a video conferencing service, we need to consider its relation to the service it represents and how consumers would interpret it.

### Analysis
- **Generic**: ""Vit"" does not refer to the general class of video conferencing services, so it is not generic.
- **Descriptive**: ""Vit"" does not directly describe the characteristics or qualities of a video conferencing service.
- **Suggestive**: There's no immediate suggestion about what ""Vit"" means in the context of video conferencing. It does not hint at fast, efficient, or any other quality that might be associated with the service.
- **Arbitrary**: If ""Vit"" is a word that has a meaning unrelated to video conferencing (such as vitamin), then using it as a name for a video conferencing service would be considered arbitrary because there is no logical connection between the word and the service.
- **Fanciful**: If ""Vit"" is intended as a new term or a shortened form that doesn't exist elsewhere and has been invented specifically for the brand, it could be considered fanciful.

### Counterarguments
One counterargument could be that ""Vit"" might be seen as a shortened version of ""video,"" making it more descriptive rather than arbitrary or fanciful. However, ""Vit"" alone does not clearly convey ""video"" to the average consumer, thus weakening this argument.

### Conclusion
Given that ""Vit"" is likely intended as a new, distinctive term unrelated to video conferencing services and does not describe or suggest specific features of the service, it is",,False,2026-08-27T09:19:55.769721+00:00
abercrombie_34,rule-application_conclusion,treacc,1,0,Qwen/Qwen2.5-32B-Instruct,"Analyze this using the TREACC method, addressing each part in order: (1) Topic; (2) Rule; (3) Explanation; (4) Analysis; (5) Counterarguments; (6) Conclusion.
Labels: arbitrary, descriptive, fanciful, generic, suggestive
Context: The mark ""Vit"" for a video conferencing service.
Question: How should this trademark be classified on the Abercrombie distinctiveness spectrum?
End your response with a line in exactly this format: Final Answer: <your answer>","(1) **Topic**: The classification of the trademark ""Vit"" for a video conferencing service on the Abercrombie distinctiveness spectrum.

(2) **Rule**: The Abercrombie distinctiveness spectrum is used to classify trademarks based on their level of distinctiveness. It includes five categories: (a) Arbitrary or fanciful, (b) Suggestive, (c) Descriptive, (d) Generic, and (e) Merely Descriptive (which requires secondary meaning).

(3) **Explanation**: To determine the category under which ""Vit"" should fall, we need to consider how the term relates to the product it's associated with – in this case, a video conferencing service. The spectrum ranges from inherently distinctive (arbitrary or fanciful) to not distinctive at all (generic), with suggestive and descriptive marks falling in between.

(4) **Analysis**:
- **Arbitrary or Fanciful**: A mark is arbitrary or fanciful if it has no logical relationship to the product. For example, ""Apple"" for computers. ""Vit"" could potentially fit into this category because it does not have an obvious connection to video conferencing services.
- **Suggestive**: A suggestive mark suggests some quality or characteristic of the goods without describing them directly. For instance, ""Pebble"" for a smartwatch might suggest something small and portable. ""Vit"" could be considered suggestive if it hints at speed or efficiency in communication.
- **Descriptive**: A descriptive mark describes the product directly. For example, ""Cloud Storage"" for data storage services. ""Vit"" does not clearly describe what a video conferencing service does, so it is not likely to be classified as purely descriptive.
- **Generic**: A generic term is one that refers to the general class of products and cannot be trademarked. ""Video Conference"" would be generic for a video conferencing service, but ""Vit"" is not a generic term.
- **Merely Descriptive**: If a mark is merely descriptive, it requires proof of secondary meaning to be registered. Since ""Vit"" does not describe the product directly, it doesn't need to prove secondary meaning to be distinctive.

(5) **Counterarguments**: One might argue that ""Vit"" could be seen as an abbreviation or short form of ""Video"" or ""Visual,"" thus making it more descriptive than arbitrary or fanciful. However, without explicit evidence linking ""Vit"" to these meanings within the context of",,False,2026-08-27T09:21:30.761127+00:00
abercrombie_34,rule-application_conclusion,ireac,0,2,Qwen/Qwen2.5-32B-Instruct,"Work through the following steps before answering: (1) Issue; (2) Rule; (3) Explanation; (4) Application; (5) Conclusion.
Labels: arbitrary, descriptive, fanciful, generic, suggestive
Context: The mark ""Vit"" for a video conferencing service.
Question: How should this trademark be classified on the Abercrombie distinctiveness spectrum?
End your response with a line in exactly this format: Final Answer: <your answer>","(1) **Issue**: The issue at hand is to classify the trademark ""Vit"" for a video conferencing service according to the Abercrombie distinctiveness spectrum, which categorizes trademarks based on their level of distinctiveness.

(2) **Rule**: The Abercrombie spectrum includes five categories from least to most distinctive: (a) generic, (b) descriptive, (c) suggestive, (d) arbitrary, and (e) fanciful. A generic term refers to the product itself and cannot be trademarked. Descriptive marks directly describe an ingredient, quality, characteristic, function, feature, purpose, or use of the product. Suggestive marks hint at a quality without describing the goods or services. Arbitrary marks consist of words that have no logical relationship to the product but do have a meaning. Fanciful marks are made-up or invented words.

(3) **Explanation**: 
- **Generic**: ""Vit"" does not fall under this category because it doesn't refer generically to the concept of video conferencing.
- **Descriptive**: It also isn’t descriptive as it doesn’t directly describe any characteristic or function of a video conferencing service.
- **Suggestive**: ""Vit"" could suggest something related to communication or life (as in ""vital"" or ""vitality""), but it does not clearly suggest video conferencing specifically.
- **Arbitrary**: ""Vit"" can be considered arbitrary if it's chosen in a context where its original meaning has nothing to do with the product being sold. For example, if ""Vit"" originally means ""life"" in some language and it's used for a video conferencing service, it would be arbitrary.
- **Fanciful**: If ""Vit"" were a completely made-up word with no prior meaning, it would fit into the fanciful category. However, given its potential relation to ""vital,"" it leans more towards arbitrary rather than fanciful.

(4) **Application**: Given the context, ""Vit"" seems to be an arbitrary choice for a video conferencing service. It’s not a made-up word (which would make it fanciful), nor does it directly describe what a video conferencing service does (which would make it descriptive). Instead, it’s a word with another meaning used in an unrelated context.

(5) **Conclusion**: Based on the analysis, ""Vit"" for a video conferencing service should be classified as an arbitrary mark on the Abercrombie",,False,2026-08-27T09:25:47.564075+00:00
abercrombie_34,rule-application_conclusion,ireac,1,2,Qwen/Qwen2.5-32B-Instruct,"Analyze this using the IREAC method, addressing each part in order: (1) Issue; (2) Rule; (3) Explanation; (4) Application; (5) Conclusion.
Labels: arbitrary, descriptive, fanciful, generic, suggestive
Context: The mark ""Vit"" for a video conferencing service.
Question: How should this trademark be classified on the Abercrombie distinctiveness spectrum?
End your response with a line in exactly this format: Final Answer: <your answer>","(1) **Issue**: The issue at hand is determining the proper classification of the trademark ""Vit"" for a video conferencing service within the Abercrombie distinctiveness spectrum, which includes the categories of fanciful, arbitrary, suggestive, descriptive, and generic.

(2) **Rule**: According to the Abercrombie distinctiveness spectrum, trademarks are classified based on their level of inherent distinctiveness. 
- **Fanciful** marks are inherently distinctive as they consist of invented words that have no meaning other than as a trademark.
- **Arbitrary** marks use common words but in a context unrelated to their normal meaning.
- **Suggestive** marks hint at qualities or characteristics of the goods or services without describing them directly.
- **Descriptive** marks directly describe an ingredient, quality, characteristic, function, feature, purpose, or use of the product or service.
- **Generic** marks are terms that the public identifies with a general class of products rather than a particular source of products, and thus cannot function as a trademark.

(3) **Explanation**: The mark ""Vit"" needs to be analyzed in the context of its usage for a video conferencing service. If ""Vit"" is an invented word with no prior meaning, it would be considered fanciful. If ""Vit"" is a common word used out of context (e.g., if ""vit"" were a word in another language unrelated to technology or communication), it might be considered arbitrary. However, if ""Vit"" somehow hints at the essence of the video conferencing service (like suggesting virtual interaction), it could be seen as suggestive. It is unlikely to be descriptive or generic unless ""Vit"" is commonly understood as a term for video conferencing or a related concept.

(4) **Application**: In applying these rules to the mark ""Vit"", we must consider if ""Vit"" has any established meaning in English or another widely recognized language that relates to video conferencing. Assuming ""Vit"" does not have such a meaning and is instead chosen to evoke something about virtual meetings or interactions, it seems more likely to fall under the category of suggestive, as it may suggest a fast or efficient form of communication, though this interpretation is somewhat speculative without further context.

(5) **Conclusion**: Given the lack of clear established meaning for ""Vit"" related to video conferencing, and assuming it is intended to suggest something about the nature of the service rather than directly describe it, the mark ""Vit",,False,2026-08-27T09:27:25.166297+00:00
abercrombie_35,rule-application_conclusion,treacc,1,2,Qwen/Qwen2.5-32B-Instruct,"Analyze this using the TREACC method, addressing each part in order: (1) Topic; (2) Rule; (3) Explanation; (4) Analysis; (5) Counterarguments; (6) Conclusion.
Labels: arbitrary, descriptive, fanciful, generic, suggestive
Context: The mark ""CarMax"" for a used car dealership.
Question: How should this trademark be classified on the Abercrombie distinctiveness spectrum?
End your response with a line in exactly this format: Final Answer: <your answer>","(1) **Topic**: The classification of the trademark ""CarMax"" for a used car dealership on the Abercrombie distinctiveness spectrum.

(2) **Rule**: The Abercrombie distinctiveness spectrum categorizes trademarks into five classes based on their level of distinctiveness and the likelihood they will be considered inherently distinctive. These categories are: (a) Arbitrary or fanciful, (b) Suggestive, (c) Descriptive, (d) Generic, and (e) Merely descriptive (which is not protectable until it has acquired secondary meaning).

(3) **Explanation**: To classify the trademark ""CarMax,"" we need to determine how much the term suggests or describes the product (used cars) without directly naming the product type. Each category provides a different degree of protection based on the inherent distinctiveness of the mark.

(4) **Analysis**: 
- **Arbitrary/Fanciful**: These terms are inherently distinctive because they have no relation to the goods or services they represent. Examples include Kodak or Exxon.
- **Suggestive**: These marks suggest a quality or characteristic of the goods or services but require some thought or imagination to understand the connection. For example, ""Coppertone"" suggests tanned skin but doesn't directly describe sunscreen.
- **Descriptive**: A descriptive mark directly describes a significant ingredient, quality, or characteristic of the goods or services (requires proof of secondary meaning to be protected). An example could be ""QuickMunch"" for a fast-food restaurant.
- **Generic**: Terms that are common names for the goods or services they represent are generic and cannot be trademarked (e.g., ""car"" for a vehicle).
  
   ""CarMax"" includes the word ""Car,"" which is directly related to the product being sold, suggesting a descriptive element. However, the addition of ""Max"" implies the best or most extensive selection of used cars, which requires a small leap of imagination rather than an outright description. Thus, ""CarMax"" leans towards being suggestive rather than purely descriptive.

(5) **Counterarguments**: One might argue that since ""CarMax"" contains the word ""Car,"" it's merely descriptive as it directly states what kind of business it is. However, the term ""Max"" adds a creative twist, indicating a broad selection or excellence in its field, which is more suggestive than directly descriptive.

(6) **Conclusion**: Considering the analysis above, while there's an element of direct association with cars, the inclusion of ""Max",,False,2026-08-27T11:54:41.814667+00:00
abercrombie_36,rule-application_conclusion,cleo,1,1,Qwen/Qwen2.5-32B-Instruct,"Analyze this using the CLEO method, addressing each part in order: (1) Claim; (2) Law; (3) Evaluation; (4) Outcome.
Labels: arbitrary, descriptive, fanciful, generic, suggestive
Context: The mark ""Ceath"" for waterguns.
Question: How should this trademark be classified on the Abercrombie distinctiveness spectrum?
End your response with a line in exactly this format: Final Answer: <your answer>","To analyze the classification of the trademark ""Ceath"" for waterguns using the CLEO method, we need to dissect the claim, understand the relevant law, evaluate the mark based on that law, and finally determine the outcome.

(1) **Claim**: The claim here is to classify the trademark ""Ceath"" used for waterguns according to the Abercrombie distinctiveness spectrum.

(2) **Law**: The Abercrombie distinctiveness spectrum categorizes trademarks into five categories based on their inherent ability to distinguish goods or services: (a) generic, (b) descriptive, (c) suggestive, (d) arbitrary, and (e) fanciful.

(3) **Evaluation**:
- **Generic**: A generic term identifies the general class of goods or services, not a specific source. Examples include ""watergun"" for waterguns. Since ""Ceath"" does not refer to a general category of waterguns, it cannot be considered generic.
- **Descriptive**: A descriptive term immediately conveys an immediate idea of the ingredients, qualities, or characteristics of the goods or services. There's no clear indication that ""Ceath"" has a direct relationship to the characteristics of waterguns.
- **Suggestive**: A suggestive term suggests a characteristic about the goods or services but requires some thought or imagination to understand the nature of the goods. ""Ceath"" does not inherently suggest any specific feature or characteristic of waterguns without further explanation.
- **Arbitrary**: An arbitrary term is a word used in connection with the product that has no logical relationship to the goods or services. ""Ceath,"" while not a common English word, does not have a known meaning that relates to waterguns, making it fit into this category.
- **Fanciful**: A fanciful term is a coined word that has no meaning prior to its use as a trademark. While ""Ceath"" could potentially be seen as a coined word, there is also an argument that it might be a variation or misspelling of existing words (like ""death"" or ""cease""), which might make it less fanciful and more arbitrary.

Considering these points, ""Ceath"" seems most appropriately categorized as an arbitrary mark since it is a word that is not directly related to the nature of waterguns but is not entirely invented either.

(4) **Outcome**: Based on the analysis, the trademark ""Ceath"" for waterguns fits best within the arbitrary category of the Abercrombie distinctiveness spectrum due to its",,False,2026-08-27T14:16:54.427193+00:00
abercrombie_36,rule-application_conclusion,ireac,1,1,Qwen/Qwen2.5-32B-Instruct,"Analyze this using the IREAC method, addressing each part in order: (1) Issue; (2) Rule; (3) Explanation; (4) Application; (5) Conclusion.
Labels: arbitrary, descriptive, fanciful, generic, suggestive
Context: The mark ""Ceath"" for waterguns.
Question: How should this trademark be classified on the Abercrombie distinctiveness spectrum?
End your response with a line in exactly this format: Final Answer: <your answer>","### Issue:
The issue at hand is to classify the trademark ""Ceath"" for waterguns within the Abercrombie distinctiveness spectrum, which categorizes trademarks into five categories based on their level of distinctiveness and their protectability under trademark law.

### Rule:
The Abercrombie spectrum consists of the following categories from most to least distinctive: (1) Fanciful, (2) Arbitrary, (3) Suggestive, (4) Descriptive, and (5) Generic. Each category has specific characteristics that determine where a mark falls along the spectrum.

- **Fanciful**: A made-up word that has no meaning other than as a trademark.
- **Arbitrary**: A common word used in an unrelated context to the goods or services it represents.
- **Suggestive**: A term that suggests something about the goods without describing them directly.
- **Descriptive**: Directly describes an ingredient, quality, characteristic, function, feature, purpose, or use of the product or service.
- **Generic**: Commonly used name of the product or service.

### Explanation:
To classify ""Ceath,"" we must analyze its nature and relation to waterguns.

- **Fanciful**: If ""Ceath"" were a made-up term with no prior meaning, it would fit here.
- **Arbitrary**: If ""Ceath"" is a real word but unrelated to waterguns, it would fall into this category.
- **Suggestive**: If ""Ceath"" indirectly evokes thoughts about waterguns without directly describing them, it would be suggestive.
- **Descriptive**: If ""Ceath"" directly describes an aspect of waterguns, it would be considered descriptive.
- **Generic**: If ""Ceath"" is a commonly used name for waterguns, it would be generic.

### Application:
Analyzing ""Ceath"" specifically:

- It is not a common word in English that is widely recognized or associated with waterguns.
- There is no inherent meaning in ""Ceath"" that directly describes waterguns.
- It does not suggest any particular quality or feature of waterguns.

Given these points, ""Ceath"" seems to be an arbitrary term, as it appears to be a common word or name used in an unrelated context to waterguns. This classification implies that the term is not coined for the specific purpose of being a trademark (as would be fanciful), nor does it describe or suggest anything about the product.

### Conclusion:
Based on the analysis, ""Ceath"" as a",,False,2026-08-27T14:25:15.964017+00:00
abercrombie_37,rule-application_conclusion,treacc,1,0,Qwen/Qwen2.5-32B-Instruct,"Analyze this using the TREACC method, addressing each part in order: (1) Topic; (2) Rule; (3) Explanation; (4) Analysis; (5) Counterarguments; (6) Conclusion.
Labels: arbitrary, descriptive, fanciful, generic, suggestive
Context: The mark ""Pen"" for writing implements which use ink.
Question: How should this trademark be classified on the Abercrombie distinctiveness spectrum?
End your response with a line in exactly this format: Final Answer: <your answer>","(1) **Topic**: The classification of the trademark ""Pen"" for writing implements that use ink on the Abercrombie distinctiveness spectrum.

(2) **Rule**: The Abercrombie distinctiveness spectrum classifies trademarks into five categories based on their level of distinctiveness and uniqueness: (a) Arbitrary or Fanciful, (b) Suggestive, (c) Descriptive, (d) Generic, and (e) Merely Descriptive (which cannot be registered unless it has acquired secondary meaning through use).

(3) **Explanation**: To classify the trademark ""Pen,"" we need to consider whether the term ""Pen"" is unique when applied to its goods or whether it directly describes those goods. The term ""pen"" is commonly understood as a device used for writing with ink.

(4) **Analysis**: 
- **Arbitrary or Fanciful**: A mark is arbitrary or fanciful if it has no logical relationship to the product it represents. For example, ""Apple"" for computers.
- **Suggestive**: A mark is suggestive if it requires imagination, thought, or perception to reach a conclusion about the nature of the products. For example, ""Coppertone"" for suntan lotion.
- **Descriptive**: A mark is descriptive if it conveys an immediate idea of the ingredients, qualities, or characteristics of the goods. For example, ""World Book” for encyclopedias.
- **Generic**: A mark is generic if it refers to the genus of which the particular product is a member, such as “Computer” for electronic devices used for computing.

The word ""Pen"" is a common term used to describe the very product it is meant to represent, which are writing instruments that use ink. It does not require any imagination to understand what the product is, nor is it arbitrary or fanciful.

(5) **Counterarguments**: One might argue that ""Pen"" could potentially be considered suggestive if it were used in a novel way or context where it implies more than just a writing instrument. However, given the direct relationship between the term ""Pen"" and the product (writing implements), it would be hard to justify this classification without additional context.

(6) **Conclusion**: Given the direct and clear association between ""Pen"" and writing implements that use ink, the most accurate classification for the mark ""Pen"" is **generic**. This classification indicates that ""Pen"" identifies the category or type of product rather than distinguishing one brand from another.

Final Answer:",,False,2026-08-27T16:53:41.478571+00:00
abercrombie_40,rule-application_conclusion,treacc,0,2,Qwen/Qwen2.5-32B-Instruct,"Work through the following steps before answering: (1) Topic; (2) Rule; (3) Explanation; (4) Analysis; (5) Counterarguments; (6) Conclusion.
Labels: arbitrary, descriptive, fanciful, generic, suggestive
Context: The mark ""Coppertone"" for suntan oil.
Question: How should this trademark be classified on the Abercrombie distinctiveness spectrum?
End your response with a line in exactly this format: Final Answer: <your answer>","### Step 1: Topic
The topic at hand is the classification of the trademark ""Coppertone"" for suntan oil according to the Abercrombie distinctiveness spectrum.

### Step 2: Rule
The Abercrombie distinctiveness spectrum categorizes trademarks into five categories based on their level of distinctiveness and the degree of protection they receive:
- Generic: Words that describe the product itself.
- Descriptive: Words that describe an attribute or characteristic of the product.
- Suggestive: Words that suggest a quality or characteristic of the product but require imagination, thought, or perception to reach a conclusion about the nature of the products.
- Arbitrary: Words that have no logical relationship to the goods or services.
- Fanciful: Coined words that have no meaning other than as a trademark.

### Step 3: Explanation
""Coppertone"" is a brand name used for suntan oil products. To classify it, we need to determine whether the term has a direct association with the product's characteristics (such as color or effect), is unrelated but still a word in common use, or is a completely made-up term with no inherent meaning related to the product.

### Step 4: Analysis
""Coppertone"" combines the words ""copper,"" which suggests a shade of color often associated with a tanned skin tone, and ""tone,"" which can refer to the general appearance or hue of something. The name hints at the product’s intended outcome—giving users a copper-colored tan without directly stating what the product is or what it does. This indirect reference suggests that the term requires some level of imagination or inference to connect it with the end result of using the product.

### Step 5: Counterarguments
One might argue that ""Coppertone"" is suggestive because it directly describes the desired outcome of using the product, i.e., achieving a copper-toned skin. On the other hand, one could also argue that ""Coppertone"" is arbitrary if one considers that the term does not necessarily convey the specific function of the product (which is to protect skin from sunburn while providing a tan). However, since the name suggests the final result, which is a key aspect of its marketing appeal, the suggestive category seems more fitting.

### Step 6: Conclusion
Given that ""Coppertone"" indirectly references the desired effect of using the product without being overly explicit, it fits best into the suggestive category of the Abercrombie distinctiveness spectrum. It suggests",,False,2026-08-28T17:44:10.153666+00:00
abercrombie_41,rule-application_conclusion,treacc,1,2,Qwen/Qwen2.5-32B-Instruct,"Analyze this using the TREACC method, addressing each part in order: (1) Topic; (2) Rule; (3) Explanation; (4) Analysis; (5) Counterarguments; (6) Conclusion.
Labels: arbitrary, descriptive, fanciful, generic, suggestive
Context: The mark ""Jaguar"" for cars.
Question: How should this trademark be classified on the Abercrombie distinctiveness spectrum?
End your response with a line in exactly this format: Final Answer: <your answer>","### TREACC Method Analysis

**1. Topic:** The topic of this analysis is the classification of the trademark ""Jaguar"" for cars within the Abercrombie distinctiveness spectrum.

**2. Rule:** According to the Abercrombie distinctiveness spectrum, trademarks can be categorized into five categories based on their distinctiveness and ability to indicate source: (a) fanciful, (b) arbitrary, (c) suggestive, (d) descriptive, and (e) generic.

**3. Explanation:** To classify the trademark ""Jaguar,"" we need to understand what each category means:
   - **Fanciful:** These marks are inherently distinctive and have no meaning prior to their adoption as a trademark (e.g., ""Kodak"").
   - **Arbitrary:** These marks consist of words that exist but are used in a context unrelated to their common meaning (e.g., ""Apple"" for computers).
   - **Suggestive:** These marks suggest qualities or characteristics of the product but require imagination, thought, or perception to reach a conclusion about the nature of the products (e.g., ""Greyhound"" for bus services).
   - **Descriptive:** These marks directly describe a significant ingredient, quality, or characteristic of the goods (e.g., ""World Book"" for encyclopedias).
   - **Generic:** These marks name the general class of goods or services and cannot function as a trademark (e.g., ""Car"" for automobiles).

**4. Analysis:** The term ""Jaguar"" refers to a large wild cat known for its power and grace. For cars, it does not describe any specific characteristic of the car itself but instead evokes certain images or ideas about the vehicle, such as strength, agility, and elegance. It is not a word that describes the product directly but rather suggests qualities associated with it.

**5. Counterarguments:** One might argue that ""Jaguar"" could be seen as a descriptive term if one considers that it directly describes the car's attributes related to speed, power, and elegance, which are significant characteristics. However, this interpretation would be stretching the definition of ""descriptive"" because it does not directly name an attribute or feature of the car.

**6. Conclusion:** Given the analysis, the trademark ""Jaguar"" for cars fits best under the ""arbitrary"" category of the Abercrombie distinctiveness spectrum. While it suggests qualities about the cars, it is primarily a pre-existing term used in a context unrelated",,False,2026-08-28T20:29:01.077907+00:00
abercrombie_41,rule-application_conclusion,treacc,2,2,Qwen/Qwen2.5-32B-Instruct,"Structure your reasoning according to these steps: (1) Topic; (2) Rule; (3) Explanation; (4) Analysis; (5) Counterarguments; (6) Conclusion.
Labels: arbitrary, descriptive, fanciful, generic, suggestive
Context: The mark ""Jaguar"" for cars.
Question: How should this trademark be classified on the Abercrombie distinctiveness spectrum?
End your response with a line in exactly this format: Final Answer: <your answer>","(1) **Topic**: Classification of the trademark ""Jaguar"" for cars on the Abercrombie distinctiveness spectrum.

(2) **Rule**: The Abercrombie distinctiveness spectrum classifies trademarks into five categories based on their level of distinctiveness and the extent to which they identify the source of goods or services:
   - Generic: Words that refer to the general category of goods or services and cannot be trademarked.
   - Descriptive: Words that merely describe a quality or characteristic of the goods or services.
   - Suggestive: Words that suggest a characteristic of the goods or services but do not describe it directly.
   - Arbitrary: Words that have no logical relationship to the goods or services.
   - Fanciful: Words that are made up and have no meaning prior to their use as a trademark.

(3) **Explanation**: The term ""Jaguar"" is the name of a large cat known for its strength, agility, and elegance. When used as a trademark for cars, it does not describe the car itself (e.g., size, speed, color), nor does it refer to any particular feature of the car directly.

(4) **Analysis**: In the context of cars, ""Jaguar"" is neither generic nor descriptive. It doesn't directly describe the car's attributes such as speed, luxury, or design. Instead, it suggests qualities associated with the animal, such as power, grace, and sleekness, which can be metaphorically linked to the characteristics of the car. However, it does not suggest these qualities in a way that requires imagination to make the connection, which would be more typical of a suggestive mark.

Given that ""Jaguar"" is a pre-existing word in the English language but has no inherent connection to the product (cars) other than the symbolic qualities it evokes, it best fits into the category of an arbitrary trademark. An arbitrary mark uses a common word in a context unrelated to its original meaning, thus creating a strong association between the word and the brand.

(5) **Counterarguments**: One might argue that ""Jaguar"" could be seen as suggestive because it implies qualities like speed and power without explicitly stating them. However, the key difference lies in the immediate association versus the need for some level of inference or imagination. For ""Jaguar,"" the connection is immediate and strong, not requiring consumers to make a leap of logic to associate the mark with the qualities of the car.

(6) **Conclusion**: Based on",,False,2026-08-28T20:30:32.399552+00:00
abercrombie_42,rule-application_conclusion,treacc,1,2,Qwen/Qwen2.5-32B-Instruct,"Analyze this using the TREACC method, addressing each part in order: (1) Topic; (2) Rule; (3) Explanation; (4) Analysis; (5) Counterarguments; (6) Conclusion.
Labels: arbitrary, descriptive, fanciful, generic, suggestive
Context: The mark ""Tape"" for adhesive materials.
Question: How should this trademark be classified on the Abercrombie distinctiveness spectrum?
End your response with a line in exactly this format: Final Answer: <your answer>","(1) **Topic:** The classification of the trademark ""Tape"" for adhesive materials within the Abercrombie distinctiveness spectrum.

(2) **Rule:** The Abercrombie distinctiveness spectrum categorizes trademarks into five categories: (a) fanciful, (b) arbitrary, (c) suggestive, (d) descriptive, and (e) generic. Each category carries different levels of inherent distinctiveness and protection under trademark law.

(3) **Explanation:** 
- **Fanciful** marks are invented words that have no meaning other than as a trademark (e.g., Kodak).
- **Arbitrary** marks are common words used in a way that has nothing to do with their ordinary meaning (e.g., Apple for computers).
- **Suggestive** marks suggest a characteristic of the product but require some imagination or thought (e.g., Coppertone).
- **Descriptive** marks directly describe a significant ingredient, quality, or characteristic of the goods (e.g., Window Cleaner).
- **Generic** terms name the general class of goods or services and cannot be trademarked (e.g., computer).

(4) **Analysis:** 
The term ""Tape"" is used here for adhesive materials. Given that ""tape"" is a common word that generally refers to a narrow strip of material, especially one used for fastening or binding things together, it describes the nature or function of the product rather than suggesting it indirectly or being an invented or unrelated term. This makes it a candidate for either the descriptive or generic category. However, since ""tape"" can still be seen as not directly describing a specific quality or characteristic of the adhesive materials beyond its basic function, and because it's not so broad as to be considered generic, it leans more towards being descriptive.

(5) **Counterarguments:** One could argue that ""Tape"" might be seen as too generic if it's used for any kind of adhesive material without specifying what makes it unique (e.g., brand, material, application). However, given that there are many types of tape and ""tape"" itself is not a term exclusively used for all adhesives, it does retain some level of specificity, which supports the argument for it being descriptive.

(6) **Conclusion:** Considering the definitions and analysis of the Abercrombie distinctiveness spectrum, ""Tape"" for adhesive materials is best classified as a descriptive mark because it directly describes the nature or function of the goods, albeit with a degree of generality that doesn't",,False,2026-08-28T22:51:54.188449+00:00
abercrombie_43,rule-application_conclusion,treacc,0,2,Qwen/Qwen2.5-32B-Instruct,"Work through the following steps before answering: (1) Topic; (2) Rule; (3) Explanation; (4) Analysis; (5) Counterarguments; (6) Conclusion.
Labels: arbitrary, descriptive, fanciful, generic, suggestive
Context: The mark ""Shell"" for gas stations.
Question: How should this trademark be classified on the Abercrombie distinctiveness spectrum?
End your response with a line in exactly this format: Final Answer: <your answer>","(1) **Topic**: Classification of the trademark ""Shell"" for gas stations on the Abercrombie distinctiveness spectrum.

(2) **Rule**: The Abercrombie distinctiveness spectrum classifies trademarks into five categories based on their level of distinctiveness and the strength they provide to their owners: (a) Arbitrary or Fanciful, (b) Suggestive, (c) Descriptive, (d) Generic, and (e) Arbitrary.

(3) **Explanation**: The Abercrombie test is used in U.S. trademark law to determine the strength and protectability of a trademark. It ranks marks from the strongest (Arbitrary or Fanciful) to the weakest (Generic). Arbitrary or Fanciful marks are inherently distinctive and need no proof of secondary meaning; Suggestive marks suggest qualities or characteristics of the goods without directly describing them; Descriptive marks convey an immediate idea of the ingredients, qualities, or characteristics of the goods and require proof of secondary meaning; Generic marks are common terms that name the product itself and can never function as a trademark.

(4) **Analysis**: ""Shell"" as a trademark for gas stations does not fall under the category of being entirely fanciful (inherently unrelated to the product) nor is it arbitrary in the sense that it has no logical connection to gas stations. Instead, it suggests something about the product, potentially alluding to protection or strength (""shell"" as a protective outer covering), which relates metaphorically to the service of providing fuel for vehicles, a sort of 'fueling shell'. However, ""Shell"" could also be seen as a stretch since it's not directly descriptive of the product but rather evokes an abstract association.

(5) **Counterarguments**: One might argue that ""Shell"" is too close to being descriptive because it could be seen as referring to the protective casing around fuel tanks or the concept of a safe haven for refueling. However, ""Shell"" doesn’t directly describe the gas itself or its properties. Another argument could be that ""Shell"" is so widely recognized as a brand name for gas stations that it has developed a secondary meaning beyond any literal interpretation, thus suggesting it might be considered arbitrary or fanciful. However, given the nature of its use and the common understanding of what ""shell"" means, this argument is less compelling.

(6) **Conclusion**: Considering the Abercrombie spectrum and the analysis above, ""Shell"" as a trademark for gas stations is best categorized as a Suggestive",,False,2026-08-29T01:24:50.802740+00:00
abercrombie_43,rule-application_conclusion,ireac,1,0,Qwen/Qwen2.5-32B-Instruct,"Analyze this using the IREAC method, addressing each part in order: (1) Issue; (2) Rule; (3) Explanation; (4) Application; (5) Conclusion.
Labels: arbitrary, descriptive, fanciful, generic, suggestive
Context: The mark ""Shell"" for gas stations.
Question: How should this trademark be classified on the Abercrombie distinctiveness spectrum?
End your response with a line in exactly this format: Final Answer: <your answer>","(1) **Issue**: The issue at hand is to classify the trademark ""Shell"" for gas stations according to the Abercrombie distinctiveness spectrum.

(2) **Rule**: The Abercrombie distinctiveness spectrum is used to categorize trademarks into five categories based on their level of distinctiveness and uniqueness. These categories are: (a) fanciful or coined terms, (b) arbitrary marks, (c) suggestive marks, (d) descriptive marks, and (e) generic terms. Each category has different levels of protection under trademark law, with fanciful or coined terms receiving the highest level of protection and generic terms receiving no protection at all.

(3) **Explanation**:
- **Fanciful or Coined Terms**: These are words that have been invented specifically for use as a trademark (e.g., Exxon). They are inherently distinctive.
- **Arbitrary Marks**: These consist of real words used in connection with goods in a manner unrelated to their literal meaning (e.g., Apple for computers).
- **Suggestive Marks**: These suggest a characteristic or quality of the product without describing it directly (e.g., Coppertone for sunblock).
- **Descriptive Marks**: These describe a feature, quality, or characteristic of the goods or services (e.g., Vision Center for an optical store).
- **Generic Terms**: These are common terms that refer to the general class of goods or services (e.g., “computer” for a personal computer).

The word ""Shell"" does not fit neatly into being a fanciful term since it's a known word. It also doesn't directly describe the service provided by the gas station. However, its use in connection with gas stations does not suggest a characteristic of the product but is instead an arbitrary choice given the meaning of 'shell' does not inherently relate to gasoline or fuel services.

(4) **Application**: Applying the above categories to ""Shell,"" it can be seen that while ""Shell"" is a real word, its use for gas stations does not relate directly to the nature of the service (gasoline). Therefore, it does not suggest qualities about the product but rather uses a word in a completely different context from its usual usage. This makes it fall under the category of an arbitrary mark.

(5) **Conclusion**: Based on the analysis, the trademark ""Shell"" for gas stations is best classified as an arbitrary mark on the Abercrombie distinctiveness spectrum. Arbitrary marks receive strong protection under trademark law because they are unique and distinguishable",,False,2026-08-29T01:29:47.401179+00:00
abercrombie_44,rule-application_conclusion,irac,1,1,Qwen/Qwen2.5-32B-Instruct,"Analyze this using the IRAC method, addressing each part in order: (1) Issue; (2) Rule; (3) Application; (4) Conclusion.
Labels: arbitrary, descriptive, fanciful, generic, suggestive
Context: The mark ""GreenBull"" for formal wear.
Question: How should this trademark be classified on the Abercrombie distinctiveness spectrum?
End your response with a line in exactly this format: Final Answer: <your answer>","To analyze how the trademark ""GreenBull"" for formal wear should be classified on the Abercrombie distinctiveness spectrum, we will use the IRAC method:

**Issue:** 
Determine the appropriate classification of the trademark ""GreenBull"" under the Abercrombie distinctiveness spectrum, which includes categories such as fanciful, arbitrary, suggestive, descriptive, and generic.

**Rule:** 
The Abercrombie distinctiveness spectrum is used to classify trademarks based on their level of distinctiveness and the likelihood that they will be recognized as unique identifiers of a product or service rather than merely descriptive terms. The spectrum ranks from most to least distinctive: fanciful (most distinctive), arbitrary, suggestive, descriptive, and generic (least distinctive).

- **Fanciful Marks** are words made up solely for the purpose of operating as a trademark. They are inherently distinctive.
- **Arbitrary Marks** use real words but apply them in a way that has no relation to the goods or services they identify. They are also inherently distinctive.
- **Suggestive Marks** suggest some quality or characteristic of the goods or services without describing them directly. These require imagination, thought, or perception to reach a conclusion about the nature of the products.
- **Descriptive Marks** directly describe the product or service. They are not inherently distinctive and can only achieve protection through secondary meaning.
- **Generic Marks** name the product or service itself and cannot function as trademarks.

**Application:**
Analyzing ""GreenBull"" as applied to formal wear:
- ""GreenBull"" does not directly describe the product (formal wear). It does not tell us anything specific about the style, color, or any other characteristic of the formal wear.
- ""GreenBull"" is not a fanciful term since both ""green"" and ""bull"" are common English words.
- The term ""GreenBull"" is not arbitrary because it somewhat relates to an image that one might associate with formality (such as a powerful figure) when combined creatively, although it doesn't directly describe the formality of the wear.
- However, it's more closely aligned with being suggestive rather than descriptive or generic because it requires some degree of imagination to connect ""GreenBull"" with the characteristics of formal wear like elegance or luxury.

**Conclusion:**
Based on the analysis, ""GreenBull"" for formal wear is best classified as a suggestive mark on the Abercrombie distinctiveness spectrum. It hints at qualities that might be associated with the brand",,False,2026-08-29T03:37:01.338096+00:00
abercrombie_44,rule-application_conclusion,treacc,0,0,Qwen/Qwen2.5-32B-Instruct,"Work through the following steps before answering: (1) Topic; (2) Rule; (3) Explanation; (4) Analysis; (5) Counterarguments; (6) Conclusion.
Labels: arbitrary, descriptive, fanciful, generic, suggestive
Context: The mark ""GreenBull"" for formal wear.
Question: How should this trademark be classified on the Abercrombie distinctiveness spectrum?
End your response with a line in exactly this format: Final Answer: <your answer>","### Topic:
The topic involves the classification of the trademark ""GreenBull"" for formal wear within the context of the Abercrombie distinctiveness spectrum.

### Rule:
The Abercrombie & Fitch Co. v. Hunting World, Inc. case established a spectrum of distinctiveness for trademarks, categorizing them into five types: fanciful, arbitrary, suggestive, descriptive, and generic. Each category reflects the level of inherent distinctiveness and the legal protection afforded to the trademark.

### Explanation:
- **Fanciful:** These marks are inherently distinctive because they consist of words that have been invented solely for use as trademarks. Examples include Kodak or Exxon.
- **Arbitrary:** These marks comprise words that exist but have no relation to the goods or services for which they are used. For example, Apple for computers.
- **Suggestive:** These marks suggest rather than describe some quality or aspect of the goods. They require imagination, thought, or perception to reach a conclusion about the nature of the product. An example would be Coppertone for sunblock.
- **Descriptive:** These marks directly describe a significant ingredient, quality, characteristic, function, feature, purpose, or use of the product. They cannot be protected unless they have acquired secondary meaning.
- **Generic:** These terms refer to the general class of goods or services and are not protectable.

### Analysis:
Analyzing ""GreenBull"" for formal wear:
- The term ""Green"" is a color descriptor, which does not have any inherent connection to formal wear.
- ""Bull"" is an animal name and also does not have a direct relationship to formal wear.
- The combination of these words does not immediately convey a quality or characteristic of the formal wear, suggesting that it requires a step of imagination or association to understand its relevance to the product.

Given these points, ""GreenBull"" seems to fall under the category of being either arbitrary or suggestive. However, since ""GreenBull"" uses words that already exist but do not inherently describe formal wear and do not suggest a quality of formal wear without further imagination, it leans more towards being arbitrary rather than suggestive.

### Counterarguments:
One might argue that ""GreenBull"" could be considered suggestive if one imagines a brand of formal wear that aims to convey strength or masculinity associated with bulls, combined with a green color theme, suggesting something fresh, new, or innovative. However, this interpretation requires a significant leap in imagination and is not immediately apparent from the mark itself.

###",,False,2026-08-29T03:50:11.248437+00:00
abercrombie_44,rule-application_conclusion,treacc,0,1,Qwen/Qwen2.5-32B-Instruct,"Work through the following steps before answering: (1) Topic; (2) Rule; (3) Explanation; (4) Analysis; (5) Counterarguments; (6) Conclusion.
Labels: arbitrary, descriptive, fanciful, generic, suggestive
Context: The mark ""GreenBull"" for formal wear.
Question: How should this trademark be classified on the Abercrombie distinctiveness spectrum?
End your response with a line in exactly this format: Final Answer: <your answer>","### Topic:
The classification of the trademark ""GreenBull"" for formal wear according to the Abercrombie distinctiveness spectrum.

### Rule:
The Abercrombie spectrum is used to categorize trademarks into five levels of distinctiveness: (1) Generic, (2) Descriptive, (3) Suggestive, (4) Arbitrary, and (5) Fanciful. The classification affects the level of protection a trademark receives under trademark law.

### Explanation:
- **Generic**: Refers to the general class of goods or services (e.g., ""Apple"" for apples).
- **Descriptive**: Immediately conveys an immediate idea of the ingredients, qualities, or characteristics of the goods or services (e.g., ""Red Shoes"" for red-colored shoes).
- **Suggestive**: Requires imagination, thought, or perception to reach a conclusion about the nature of the products (e.g., ""Coppertone"" for sunscreen, suggesting a copper-like tone).
- **Arbitrary**: A known word used in a context unrelated to its meaning (e.g., ""Amazon"" for online retail).
- **Fanciful**: Invented or coined terms with no dictionary meaning (e.g., ""Kodak"").

### Analysis:
For the mark ""GreenBull"":
- It does not describe directly any characteristic of formal wear (like fabric type, color, or style). Hence, it is not descriptive.
- It does not immediately suggest something about the product either, but requires some imagination to connect a green bull with formal wear, such as associating strength or class. Therefore, it might lean towards being suggestive.
- However, ""GreenBull"" is a combination of a color and an animal name which do not have a direct connection to formal wear, making it more than just suggestive but less than fanciful since both words have pre-existing meanings.

### Counterarguments:
One could argue that ""GreenBull"" could be considered descriptive if the color green and the imagery of a bull were to directly describe the product's attributes in a specific cultural context or design theme. This would make it fall under the descriptive category. However, this interpretation would be quite narrow and not commonly accepted without specific evidence linking these elements directly to the nature of the formal wear.

### Conclusion:
Given the analysis and considering the established criteria of the Abercrombie spectrum, ""GreenBull"" as a trademark for formal wear most closely fits into the arbitrary category. It combines two existing words that do not naturally relate to formal wear",,False,2026-08-29T03:50:46.357831+00:00
abercrombie_44,rule-application_conclusion,treacc,1,0,Qwen/Qwen2.5-32B-Instruct,"Analyze this using the TREACC method, addressing each part in order: (1) Topic; (2) Rule; (3) Explanation; (4) Analysis; (5) Counterarguments; (6) Conclusion.
Labels: arbitrary, descriptive, fanciful, generic, suggestive
Context: The mark ""GreenBull"" for formal wear.
Question: How should this trademark be classified on the Abercrombie distinctiveness spectrum?
End your response with a line in exactly this format: Final Answer: <your answer>","(1) **Topic**: The topic of discussion is the classification of the trademark ""GreenBull"" for formal wear under the Abercrombie distinctiveness spectrum.

(2) **Rule**: According to the Abercrombie & Fitch Co. v. Hunting World, Inc. case, trademarks are placed along a spectrum of distinctiveness from the most to least distinctive: fanciful, arbitrary, suggestive, descriptive, and generic.

(3) **Explanation**: The Abercrombie spectrum helps assess the legal strength of a trademark based on its inherent distinctiveness. This distinctiveness is critical in determining the level of protection that the trademark will receive under the law.

(4) **Analysis**: 
- **Fanciful**: These are made-up words with no meaning outside the trademark context. ""GreenBull"" does not fit here as it combines an existing color (green) and an animal name (bull).
- **Arbitrary**: These consist of existing words applied to products or services in a way that has no logical relationship. ""GreenBull"" could potentially fall into this category if one were to argue that ""green"" and ""bull"" do not have a direct relation to formal wear.
- **Suggestive**: These are marks that hint at qualities or characteristics of the goods without directly describing them, requiring some imagination to connect the mark to the product. ""GreenBull"" might suggest strength and elegance but does not directly describe formal wear.
- **Descriptive**: These marks directly tell consumers something about the product, and thus cannot be protected unless they acquire secondary meaning through use. ""GreenBull"" does not describe formal wear directly.
- **Generic**: These are common terms that refer to a general class of products rather than a specific brand and cannot be trademarked. ""GreenBull"" is not a generic term for formal wear.

(5) **Counterarguments**:
- One could argue that ""GreenBull"" is too descriptive because it might be seen as referring to the color and style of the formal wear (elegant and strong), making it suggestive.
- However, since ""GreenBull"" does not directly describe the product (formal wear) and requires a leap of imagination to understand its connection, it leans more towards being suggestive rather than descriptive.

(6) **Conclusion**: Based on the analysis, ""GreenBull"" for formal wear best fits into the suggestive category of the Abercrombie distinctiveness spectrum. It requires consumers to make an indirect association between the mark",,False,2026-08-29T03:51:54.024609+00:00
