index,text,answer,document_name,split
0,"Party A grants all-round exclusive rights to Party B to construct, maintain and operate the Cooperation channel.",Yes,LEJUHOLDINGSLTD_03_12_2014-EX-10.34-INTERNET CHANNEL COOPERATION AGREEMENT.PDF,train
1,"Subject to Section 2(e), the foregoing appointment is exclusive such that Ehave shall not appoint any other Person to, nor may Ehave itself, sell or resell the use of the Ehave Companion Solution within the Field of Use anywhere in the Territory.",Yes,EhaveInc_20190515_20-F_EX-4.44_11678816_EX-4.44_License Agreement_ Reseller Agreement.pdf,train
2,"EHS and EHN shall have the exclusive rights in and to all ingredients, product specifications, goodwill, and all other intellectual property rights associated with any Product(s); provided, however, that EHS and EHN shall not have any rights in or to Dr. Murray's name or likeness except as expressly granted in writing herein or via electronic transmission by Dr. Murray.",Yes,EmeraldHealthBioceuticalsInc_20200218_1-A_EX1A-6 MAT CTRCT_11987205_EX1A-6 MAT CTRCT_Development Agreement.pdf,train
3,"Except to Affiliates of Valeant, Valeant's rights and obligations under this Section 2.1 are non-transferable, non-assignable, and non-delegable.",No,DovaPharmaceuticalsInc_20181108_10-Q_EX-10.2_11414857_EX-10.2_Promotion Agreement.pdf,train
4,"No Party may assign its rights or delegate its obligations under this Agreement, whether by operation of law or otherwise, without the prior written consent of the other Party, and any assignment in contravention hereof will be null and void.",No,"HC2HOLDINGS,INC_05_14_2020-EX-10.1-COOPERATION AGREEMENT.PDF",train
5,"This Supply Agreement shall be governed by, and construed and enforced in accordance with, the laws of the State of California, without regard to any conflict of laws rules to the contrary.",No,"VAXCYTE,INC_05_22_2020-EX-10.19-SUPPLY AGREEMENT.PDF",train
0,"For purposes of this Agreement, ""Competitive Company"" means any company that eDiets reasonably presents as, and Women.com reasonably agrees is, a direct competitor to eDiets by distributing on-line content principally relating to diets and diet counseling, including, but not limited to, Weight Watchers, Jenny Craig, NutriSystem, Nutrio, Asimba, DietSmart and uMagic.",Yes,EdietsComInc_20001030_10QSB_EX-10.4_2606646_EX-10.4_Co-Branding Agreement.pdf,test
1,Distributor shall (a) procure the Products solely from STAAR (or its affiliates),Yes,StaarSurgicalCompany_20180801_10-Q_EX-10.37_11289449_EX-10.37_Distributor Agreement.pdf,test
2,"During the Term, Zogenix shall retain and have the sole and exclusive right to supply or have supplied all of Distributors' and its Affiliates' and Sub-distributors' requirements of the Product for sale in the Field in the Territory.",Yes,ZogenixInc_20190509_10-Q_EX-10.2_11663313_EX-10.2_Distributor Agreement.pdf,test
3,"During the Term, CEIS agrees not to appoint any other licensees for the distribution of the Content in the People's Republic of China.",Yes,XinhuaSportsEntertainmentLtd_20070221_F-1_EX-99.4_645553_EX-99.4_Content License Agreement.pdf,test
4,"Within 30 days after the Effective Date, Neoforma shall provide a copy of all Neoforma Laboratory Product Listings existing as of the Effective Date to VerticalNet for use on the VerticalNet Sites on an exclusive basis (even as to Neoforma), to the extent Neoforma has the right to do so.",Yes,NeoformaInc_19991202_S-1A_EX-10.26_5224521_EX-10.26_Co-Branding Agreement.pdf,test
5,"Without limiting the foregoing, Distributor will have the exclusive right and responsibility in the Field in the Territory for the following: (i) designing the Commercialization strategy and tactics for the Product, subject to JSC approval of the Commercialization Plan; (ii) undertaking all promotional activities for the Product;<omitted>(iii) establishing and implementing post-marketing surveillance studies for the Product in the Territory as required or recommended by a Regulatory Authority; (iv) receiving, accepting and filling orders for the Product from customers; (v) warehousing and distributing the Product to customers; (vi) controlling invoicing, order processing and collection of accounts receivable for sales of the Product; (vii) recording sales of the Product in the Territory in its books of account for sales; and (viii) providing results of sales of the Product in the Territory for purposes of periodic safety reports and exposure estimates.",Yes,ZogenixInc_20190509_10-Q_EX-10.2_11663313_EX-10.2_Distributor Agreement.pdf,test
6,"Provided that Constellation is not then in breach of its obligations pursuant to this Agreement, including without limitation Section 2.1 hereof, and provided that Constellation has available for purchase a product or service which meets the needs of the HOF Entities at competitive market pricing, (a) neither of the HOF Entities shall purchase, at any time during the Term, any commodity electricity or gas from any person or entity other than Constellation and its affiliates and (b) in the event and to the extent mutually agreed by the Parties, neither of the HOF Entities shall grant or award to any company designated by Constellation (and mutually agreeable to the HOF Entities) any project which the Parties mutually agree shall not be granted or awarded to such company",Yes,GpaqAcquisitionHoldingsInc_20200123_S-4A_EX-10.8_11951679_EX-10.8_Service Agreement.pdf,test
7,"Nantz Communications and Nantz expressly agree that the Endorsement will not be granted to anyone other than the Company for use during the Term in connection with the advertisement and promotion of sportswear apparel, hats and shoes.",Yes,"ASHWORTHINC_01_29_1999-EX-10.(D)-PROMOTION AGREEMENT AND NANTZ COMMUNICATIONS, INC..PDF",test
8,"During the Term, subject to the terms and conditions of this Agreement, Dova hereby grants to Valeant the right, on a co-exclusive basis (solely with Dova and its Affiliates), to Detail and promote the Product in the Specialty in the Territory in the Field, and to conduct the Valeant Activities and the activities of the institutional account management team (pursuant to and subject to the terms of Section 4.1.5) for the Product in the Territory in the Field in accordance with the terms and conditions of this Agreement.",Yes,DovaPharmaceuticalsInc_20181108_10-Q_EX-10.2_11414857_EX-10.2_Promotion Agreement.pdf,test
9,"Distributor shall have the exclusive right to market, promote, sell, offer for sale, import, package and otherwise Commercialize the Product in the Field in the Territory, at its sole cost and expense, in accordance with Applicable Laws and the Commercialization Plan and subject to the terms and conditions of this Agreement.",Yes,ZogenixInc_20190509_10-Q_EX-10.2_11663313_EX-10.2_Distributor Agreement.pdf,test
10,"Without limiting the foregoing, Vyera shall have the exclusive right and responsibility throughout the Territory for the following: (a) receiving and accepting orders for the Licensed Product from customers; (b) distributing the Licensed Product to customers; (c) controlling invoicing and collection of accounts receivable for Licensed Product sales; (d) recording Licensed Product sales in its books of account for sales (in accordance with Vyera's accounting standards consistently applied (currently GAAP)); (e) subject to Section 5.5, determining pricing for the Licensed Product and all aspects of the promotion (including promotional materials) to be used in Commercializing Licensed Products; (f) negotiating with Third Parties, including without limitation, payors, pharmacy benefit managers and distributors, with respect to sales and distribution of Licensed Product; and (g) paying all rebates, chargebacks and other amounts due to customers in respect of Licensed Products (it being understood that all such amounts shall be deducted in calculating Net Sales).",Yes,CytodynInc_20200109_10-Q_EX-10.5_11941634_EX-10.5_License Agreement.pdf,test
11,"We grant to you, upon the terms and conditions contained in this Agreement, the exclusive right to establish and operate a Franchised Business and a license to use the methods, procedures and products developed by us in the business of selling and servicing Unit Franchises in the territory described on Attachment A attached to this Agreement and incorporated into this Agreement by reference (the ""Master Territory"").",Yes,SoupmanInc_20150814_8-K_EX-10.1_9230148_EX-10.1_Franchise Agreement1.pdf,test
12,"If DIALOG decides to discontinue Sales of any Product, it will notify ENERGOUS at least [***] prior to such discontinuance, and following such notification, the exclusivity rights, if any, associated with that Product will cease; provided, however, this provision will not apply in the event that DIALOG continues Sales of Product Updates, repackaged Product Dies or MCMs.",Yes,ENERGOUSCORP_03_16_2017-EX-10.24-STRATEGIC ALLIANCE AGREEMENT.PDF,test
13,"For clarity, the exclusive license granted to Licensee pursuant to Section 2.1 shall extend to all Intellectual Property Rights and Know-How Controlled by Bioeq and embodied within, or claiming or covering the Bioeq Improvements.",Yes,CoherusBiosciencesInc_20200227_10-K_EX-10.29_12021376_EX-10.29_Development Agreement.pdf,test
14,"Subject to the terms and conditions of this Distributor Agreement, Company hereby appoints and grants Distributor the exclusive right to sell and distribute the Products to customers that Distributor introduce and confirmed by Company, (in all territory of United State of America (USA) and to render other services as a distributor for Company as set forth herein.",Yes,GentechHoldingsInc_20190808_1-A_EX1A-6 MAT CTRCT_11776814_EX1A-6 MAT CTRCT_Distributor Agreement.pdf,test
15,"PPG Shanghai or any of its direct or indirect affiliates shall not sell any of its products directly to the Auto Center or to any of the Auto Center's affiliates in China or throughout the world, unless PPG Shanghai obtains Distributor's written approval.",Yes,NEOMEDIATECHNOLOGIESINC_12_15_2005-EX-16.1-DISTRIBUTOR AGREEMENT.PDF,test
16,"In exchange for the exclusive distribution right and license granted to Distributor pursuant to this Agreement, during the Term, Distributor hereby agrees to purchase the Products from Vendor, where such Products are fit for purpose and ready for sale in the Territory, as determined by Distributor, as follows: 5.1.1. As of the Effective Date, one hundred (100) units of the PokerOne™ Shuffler at a price of Four Thousand Nine Hundred Dollars ($4,950.00 U.S.) per unit, where Vendor shall ship the units no later than the end of January 2005; 5.1.2. Upon the delivery of two (2) units of the Random Plus™ Shuffler to Distributor and the expiration of a review period ending thirty (30) calendar days after the receipt of delivery by Distributor,, where such review by Distributor determines that the Random Plus™ Shuffler is fit for purpose and ready for commercial sale in the Territory, one hundred (100) units of the Random Plus™ Shuffler at a price of Four Thousand Nine Hundred Fifty Dollars ($4,950.00 U.S.) per unit, where Vendor shall ship the units no later than 30 days after the review period; -5- 5.1.3. Upon the receipt of any necessary approvals or approval waivers and the expiration of a review period ending thirty (30) calendar days after the receipt of delivery by Distributor of two (2) units of the Continuous Plus™ Shuffler, where such review by Distributor determines that the Continuous Plus™ Shuffler is fit for purpose and ready for commercial sale in the Territory, one hundred (100) units of the Continuous Plus™ Shuffler at a price of Five Thousand Nine Hundred Fifty Dollars ($5,950.00 U.S.); 5.1.4. Within thirty (30) days of the one (1) year anniversary of the Effective Date, an additional two hundred (200) units of the Products comprising any mix of the shuffler products offered by Vendor; and 5.1.5. Any additional number of units of the Products as may be submitted by Distributor to Vendor pursuant to a Purchase Order (as defined herein).",Yes,ENTERTAINMENTGAMINGASIAINC_02_15_2005-EX-10.5-DISTRIBUTOR AGREEMENT.PDF,test
17,LKPL shall have the exclusive right to market and sell AMR Product Suites to entities whose corporate headquarters are physically located outside the United States and its territories.,Yes,LinkPlusCorp_20050802_8-K_EX-10_3240252_EX-10_Affiliate Agreement.pdf,test
18,MBE shall not enter into any agreement or arrangement with any provider of an online or Internet-based manifest system other than the Company.,Yes,StampscomInc_20001114_10-Q_EX-10.47_2631630_EX-10.47_Co-Branding Agreement.pdf,test
19,"In the event of a Triggering Event, Customer's Exclusive Purchase Requirement with respect to each and every Product that is the subject of the Triggering Event shall be temporarily suspended until such time as Manufacturer notifies Customer that Manufacturer is able to resume the manufacture and supply of the subject Product(s) on the terms and conditions of this Agreement (such period referred to as the ""Exclusive Purchase Requirement Suspension Period""); provided that, (i) during such Exclusive Purchase Requirement Suspension Period, Customer shall use commercially reasonable efforts to limit its orders for the subject Product(s) to the quantities specified in the last Forecast that preceded the Triggering Event for the applicable period(s) and promptly notify Manufacturer in the event and to the extent that Customer's orders exceed such quantities specified in such Forecast and (ii) Customer shall be entitled to take delivery of Product(s) ordered during the Exclusive Purchase Requirement Suspension Period even if such delivery is scheduled for or actually occurs subsequent to the Exclusive Purchase Requirement Suspension Period.",Yes,UpjohnInc_20200121_10-12G_EX-2.6_11948692_EX-2.6_Manufacturing Agreement_ Supply Agreement.pdf,test
20,"following the occurrence of the closing under this Agreement, which shall occur no later than April 19, 2018 (the ""Closing""), subject to payment of the Cash Purchase Price (as defined below) and Purchaser's compliance with its other obligations hereunder, Agent shall have the exclusive right to market and sell, and/or otherwise designate the purchasers, licensees, and/or assignees of, any or all of the Assets free and clear of all liens, claims, and encumbrances thereon without further order of the Bankruptcy Court;",Yes,BONTONSTORESINC_04_20_2018-EX-99.3-AGENCY AGREEMENT.PDF,test
21,"Distributor shall be the only distributor appointed by NETGEAR in the Territory, subject to Distributor conducting mutually agreed to marketing activities as described in the Marketing Plan to be developed and agreed to by and between the parties and which shall be attached to and made a part of this Agreement as Exhibit 4.",Yes,"NETGEAR,INC_04_21_2003-EX-10.16-DISTRIBUTOR AGREEMENT.pdf",test
22,"During the term of this Agreement, or any extensions of this Agreement, Endorser and the Lender hereby agree and warrant that it will not enter into any other endorsement agreement for the use of Endorser's name, image and/or likeness for advertising, marketing and/or endorsement of any other dietary supplements during the Term of this Agreemen",Yes,MusclepharmCorp_20170208_10-KA_EX-10.38_9893581_EX-10.38_Co-Branding Agreement.pdf,test
23,"Subject to the terms and conditions of this Agreement, HEMISPHERX agrees to exclusively supply Product to SCIEN in the Territory with a minimum expiry of 6 months from the date of shipment.",Yes,"HEMISPHERX - Sales, Marketing, Distribution, and Supply Agreement.PDF",test
24,"Accordingly, (i) with respect to RemainCo's right and interest in and to the Foundational Software, RemainCo, for itself and as representative of all other members of the RemainCo Group, hereby grants to SpinCo (x) a perpetual, irrevocable, exclusive, royalty-free, worldwide right and license to use the Foundational Software, including any Intellectual Property embodied therein, for the continued operation of the SpinCo Business and any future extensions of the SpinCo Business in the SpinCo Core Field and (y) a perpetual, irrevocable, non-exclusive, royalty-free, worldwide right and license to use the Foundational Software, including any Intellectual Property embodied therein, for the continued operation of the SpinCo Business and any future extensions of the SpinCo Business in any field other than the SpinCo Core Field or the RemainCo Core Field; and (ii) with respect to SpinCo's right and interest in and to the Foundational Software, SpinCo, for itself and as representative of all other members<omitted>of the SpinCo Group, hereby grants to RemainCo (x) a perpetual, irrevocable, exclusive, royalty-free, worldwide right and license to use the Foundational Software, including any Intellectual Property embodied therein, for the continued operation of the RemainCo Business and any future extensions of the RemainCo Business in the RemainCo Core Field and (y) a perpetual, irrevocable, non-exclusive, royalty-free, worldwide right and license to use the Foundational Software, including any Intellectual Property embodied therein, for the continued operation of the RemainCo Business and any future extensions of the RemainCo Business in any field other than the SpinCo Core Field or the RemainCo Core Field. The foregoing licenses includes the right to reproduce, prepare derivative works, distribute, perform and otherwise exploit such Foundational Software and to use the Foundational Software to design, develop, manufacture, have manufactured, sell and support products and services.",Yes,"BABCOCK_WILCOXENTERPRISES,INC_08_04_2015-EX-10.17-INTELLECTUAL PROPERTY AGREEMENT between THE BABCOCK _ WILCOX COMPANY and BABCOCK _ WILCOX ENTERPRISES, INC..PDF",test
25,"Subject to the terms and conditions of this Agreement, SIGA hereby grants to MMT an exclusive right and license, with the right to grant sublicenses as permitted under Section 2.1(b), under the SIGA Intellectual Property solely to Promote the Product in the Field in the Territory.",Yes,SigaTechnologiesInc_20190603_8-K_EX-10.1_11695818_EX-10.1_Promotion Agreement.pdf,test
26,"T&B hereby grants to LEA, and LEA hereby accepts from T&B, during the Term, the sole and exclusive worldwide right and license in and to the Licensed Intellectual Property, which right and license shall be limited to that which is necessary for LEA to (i) develop and create Educational Materials and (ii) develop, promote and conduct the Business worldwide , unless the license is earlier terminated as provided herein.",Yes,LegacyEducationAllianceInc_20200330_10-K_EX-10.18_12090678_EX-10.18_Development Agreement.pdf,test
27,IGER will not collaborate with or perform any activities for the benefit of or grant any rights to any not-for-profit third party with respect to GERMPLASM IMPROVEMENT of COLLABORATION CROPS without the prior written consent of CERES.,Yes,"CERES,INC_01_25_2012-EX-10.20-Collaboration Agreement.PDF",test
28,"PPI hereby grants EKR the exclusive right and license (with the right to sublicense) to use, market, promote, sell, distribute and warehouse the Products (the ""Distribution Rights"") in the Field in the Territory during the Term, as well as to make or have made the Products anywhere in the world for import or sale in the Field in the Territory in each case, under the PPI IP provided that PPI retains all rights necessary to manufacture and supply the Products to EKR in accordance with this Agreement and the Supply Agreement.",Yes,"PACIRA PHARMACEUTICALS, INC. - A&R STRATEGIC LICENSING, DISTRIBUTION AND MARKETING AGREEMENT .PDF",test
29,"Excite will not permit the display of advertising banners, promotional buttons, promotional links or other promotional materials for any retail sale of Music Products on the Excite Site, except those Music Products offered by Sponsor, nor advertising by any other Retail Music Store.",Yes,N2KINC_10_16_1997-EX-10.16-SPONSORSHIP AGREEMENT.PDF,test
30,"Rubicon hereby grants to ISA during the Term (as defined below) and subject to the exclusions described in 2.4 below an exclusive, non-transferable license in the United States to market, sell, use, display, perform, sublicense and distribute the Rubicon Offerings, the Documentation and, subject to Section 2.2, any upgrades thereto, subject to the conditions set forth in this Agreement",Yes,"DUOSTECHNOLOGIESGROUP,INC_04_21_2009-EX-10.1-STRATEGIC ALLIANCE AGREEMENT.PDF",test
31,"VerticalNet hereby grants Neoforma an exclusive license, even as to<omitted>VerticalNet, to use, modify, enhance, reproduce, display, perform and transmit the VerticalNet Medical Product Listings, subject to and in accordance with the terms, conditions and provisions of this Agreement, to the extent that VerticalNet has the right to do so.",Yes,NeoformaInc_19991202_S-1A_EX-10.26_5224521_EX-10.26_Co-Branding Agreement.pdf,test
32,"During the Term,<omitted>(b) eDiets will be the exclusive third party provider of content and interactive tools for diets and diet counseling to Women.com within the Diet Center;",Yes,EdietsComInc_20001030_10QSB_EX-10.4_2606646_EX-10.4_Co-Branding Agreement.pdf,test
33,"The Professional hereby grants an exclusive, worldwide license to the Company to use the name, likeness, image and personal identification of the Professional, during the Term and for a period of six (6) months after the Term as provided in Section 2.8, in connection with the creation, manufacture, marketing, sale and promotion of the Products.",Yes,WOMENSGOLFUNLIMITEDINC_03_29_2000-EX-10.13-ENDORSEMENT AGREEMENT.PDF,test
34,"The Manufacturer agrees to give the Customer exclusive rights to the marketing, promotion and sales of the new products should the Customer decide to take on the new products.",Yes,AgapeAtpCorp_20191202_10-KA_EX-10.1_11911128_EX-10.1_Supply Agreement.pdf,test
35,"FG shall have the worldwide exclusive right (itself or through third party vendors) to manufacture (or have manufactured) Lead Compounds. Astellas and its Affiliates and Sublicensees shall not directly or indirectly make, produce or manufacture any Lead Compounds.",Yes,FIBROGENINC_10_01_2014-EX-10.11-COLLABORATION AGREEMENT.PDF,test
36,"The Manufacturer hereby appoints the Customer to be the sole and exclusive agent for the promotion, sales, marketing, distribution and administration of the products listed in schedule A of this agreement based on minimum annual product purchase requirements as listed in Schedule B of this agreement.",Yes,AgapeAtpCorp_20191202_10-KA_EX-10.1_11911128_EX-10.1_Supply Agreement.pdf,test
37,"During the Term, VerticalNet shall have the exclusive right to arrange for the sale of all advertising on the Co-Branded Sites, subject to reasonable approval of each such advertiser by Neoforma.",Yes,NeoformaInc_19991202_S-1A_EX-10.26_5224521_EX-10.26_Co-Branding Agreement.pdf,test
38,"Subject to the terms and conditions set forth herein, Consolidated Artists grants to TPC the exclusive right and license, within the Contract Territory and during the Contract Period, to use the Ogle Endorsement in connection with the manufacture, distribution, advertisement, promotion and sale of the Endorsed Product.",Yes,TEARDROPGOLFCO_10_23_1996-EX-10.12-ENDORSEMENT AGREEMENT.PDF,test
39,"In the event of a termination of this Agreement, FG shall have an irrevocable, exclusive, license, with the right to grant and authorize sublicenses, to any trademarks used by Astellas in association with the Lead Compounds hereunder to make, use, sell, import and otherwise exploit products within the Field in the Astellas Territory.",Yes,FIBROGENINC_10_01_2014-EX-10.11-COLLABORATION AGREEMENT.PDF,test
40,"Subject to Licensee's on­going compliance with Section 3.2 and all other terms and conditions of this Agreement, Licensor grants to Licensee an exclusive (save for rights reserved to Licensor hereunder), non-transferable (except as provided in Section 11.7) and non- sublicensable license, during the License Term, to reproduce, perform, display, transmit and distribute the Licensed Content on the Licensee Siteand Related Media intended solely for use by End Usersin the Territory within the scope set forth in Schedule 1 (License Scope), which is attached hereto and incorporated herein by this reference.",Yes,GopageCorp_20140221_10-K_EX-10.1_8432966_EX-10.1_Content License Agreement.pdf,test
41,"FG shall have the exclusive right and obligation to supply the Lead Compounds to Astellas and its Affiliates and Sublicensees for all development and commercial purposes, and Astellas and its Affiliates and Sublicensees shall purchase such Lead Compounds exclusively from FG.",Yes,FIBROGENINC_10_01_2014-EX-10.11-COLLABORATION AGREEMENT.PDF,test
42,"Upon the Effective Date, Harpoon hereby grants to AbbVie the exclusive right, but not the obligation, to obtain the licenses set forth in Section 5.1.3 (the ""License Option"").",Yes,HarpoonTherapeuticsInc_20200312_10-K_EX-10.18_12051356_EX-10.18_Development Agreement.PDF,test
43,"Subject to the terms contained herein, PAPA JOHN'S and ABG agree and acknowledge that during the Term of this Agreement and for one (1) year thereafter, ABG shall be prohibited from granting any rights for CELEBRITY identical or similar to the rights granted to PAPA JOHN'S hereunder to any entity other than PAPA JOHN'S for the purpose of directly promoting, advertising, making an appearance on behalf of, or endorsing Competitive Products; provided, however, that in the event this Agreement is terminated pursuant to Section 7.B. of this Agreement, the prohibition referenced above shall be for a period of six (6) months, except that the prohibition shall referenced above shall not apply (or shall immediately cease to apply, as applicable) in the event of any one or more of the following: (i) the Agreement is terminated due to PAPA JOHN'S failure to pay to ABG any monies under this Agreement, as set forth herein, (ii) the Agreement is terminated due to PAPA JOHN'S failure to grant, issue, or cause to vest any of the RSUs (as hereinafter defined) under this Agreement, as set forth herein, (iii) PAPA JOHN'S failure to pay to ABG any monies under Section 7.D.a. or Section 7.D.b. of this Agreement, as set forth herein, or (iv) PAPA JOHN'S failure to grant, issue, or cause to vest any of the RSUs under Section 7.E.a. or Section 7.E.b. of this Agreement, as set forth herein.",Yes,PapaJohnsInternationalInc_20190617_8-K_EX-10.1_11707365_EX-10.1_Endorsement Agreement.pdf,test
44,"Subject to XENCOR's adherence to the obligations under this Agreement, BII hereby grants XENCOR a worldwide, irrevocable, exclusive, sublicensable and royalty free license to use the Process and all reasonably necessary related BII Confidential Information and Know- How, BII Technology and BII Intellectual Property for the sole purpose of making and having made the Product; provided that such license shall become effective only upon complete payment of the Technology Access Fee, as applicable.",Yes,XENCORINC_10_25_2013-EX-10.24-COLLABORATION AGREEMENT (3).PDF,test
45,"In the event that Zanotti fails to secure purchases amounting to the Minimum Order for any particular period, the exclusive supplier rights granted pursuant to this Article 2 shall become non- exclusive commencing immediately following such period in which the Minimum Order was not achieved and Aura shall have full discretion to purchase or otherwise obtain Product from sources other than Zanotti.",Yes,AURASYSTEMSINC_06_16_2010-EX-10.25-STRATEGIC ALLIANCE AGREEMENT.PDF,test
46,"Dolphin will provide photo-editing services exclusively, at DGT option, when the number of downloaded photos to be edited by Dolphin totals 50,000 in a single year;",Yes,HUBEIMINKANGPHARMACEUTICALLTD_09_19_2006-EX-10.1-OUTSOURCING AGREEMENT.PDF,test
47,SpinCo shall have the sole right to use the title Steam/its generation and use to publish future editions of the Steam Book.,Yes,"BABCOCK_WILCOXENTERPRISES,INC_08_04_2015-EX-10.17-INTELLECTUAL PROPERTY AGREEMENT between THE BABCOCK _ WILCOX COMPANY and BABCOCK _ WILCOX ENTERPRISES, INC..PDF",test
48,"Licensee shall have the non-exclusive right and license to develop and distribute ICE AGE 2 Wireless Products during the Term of the Agreement for all Wireless Products set forth in this Paragraph 2(c) except the Game, for which Licensee shall have the exclusive right and license to develop and distribute until December 31, 2006.",Yes,GluMobileInc_20070319_S-1A_EX-10.09_436630_EX-10.09_Content License Agreement2.pdf,test
49,"Following the Exclusivity Period (and during the Exclusivity Period, with respect to Product SKU quantities in excess of the Exclusive Purchase Requirement in accordance with the preceding sentence), nothing in this Agreement shall prevent Customer or any of its Affiliates from manufacturing Product for itself, or having Product manufactured by a Third Party, including in amounts in addition to the Purchase Orders for Product issued to Manufacturer in accordance with this Agreement.",Yes,UpjohnInc_20200121_10-12G_EX-2.6_11948692_EX-2.6_Manufacturing Agreement_ Supply Agreement.pdf,test
50,"Upon the effective date of this agreement COMWARE shall have the exclusive right to purchase, at the DISCOUNTS described below, and resell Products to potential customers during the Initial Distribution Period,",Yes,"OPTIMIZEDTRANSPORTATIONMANAGEMENT,INC_07_26_2000-EX-6.6-DISTRIBUTOR AGREEMENT.PDF",test
51,Licensor agrees not to grant the right to use the Duval Identification to anyone other than Company in connection with the advertisement and promotion of Products.,Yes,MOSSIMOINC_04_14_2000-EX-10.14-ENDORSEMENT AGREEMENT.PDF,test
52,"Where Oak Ridge has identified a specific market opportunity which has been qualified together with Leclanché pursuant to 5.3 above, the Parties shall undertake to work exclusively with each other on such opportunities; Otherwise there is no exclusivity expressed or implied by either Party.",Yes,LECLANCHÉ S.A. - JOINT DEVELOPMENT AND MARKETING AGREEMENT.PDF,test
53,"Further, during the Term of this Agreement, PPD agrees that it shall not enter into commitments which are the same or substantially similar to the PPD commitments set forth in Section 3 with any other imaging vendor for the performance of Preferred Services.",Yes,"VIRTUALSCOPICS,INC_11_12_2010-EX-10.1-STRATEGIC ALLIANCE AGREEMENT.PDF",test
54,"Cargill hereby grants Bioamber, and Bioamber hereby accepts, an exclusive, royalty-free license to Cargill Improvements and Joint Improvements for use in the Field during the term of this Development Agreement with a reservation of right for Cargill to practice such Cargill Improvements and Joint Improvements for use in the field of succinic acid and salts thereof during the term of this Development Agreement.",Yes,BIOAMBERINC_04_10_2013-EX-10.34-DEVELOPMENT AGREEMENT (1).pdf,test
55,"In exchange for the exclusive distribution right and license provided in Section 2 of this Agreement, Distributor hereby agrees during the Term to use its best commercial efforts to promote, advertise and distribute the Products throughout the Territory, including, without limitation, the following:",Yes,ENTERTAINMENTGAMINGASIAINC_02_15_2005-EX-10.5-DISTRIBUTOR AGREEMENT.PDF,test
56,"Neoforma hereby grants VerticalNet an exclusive license, even as to Neoforma, to use, modify, enhance, reproduce, display, perform and transmit the Neoforma Laboratory Product Listings, subject to and in accordance with the terms, conditions and provisions of this Agreement, to the extent Neoforma has the right to do so.",Yes,NeoformaInc_19991202_S-1A_EX-10.26_5224521_EX-10.26_Co-Branding Agreement.pdf,test
57,"During the initial one year period beginning on the Amendment Date, Distributor shall be the only distributor appointed by NETGEAR in [*], subject to Distributor conducting mutually agreed to marketing activities as described in the Marketing Plan for [*] to be developed and agreed to by and between the parties and which shall be attached to and made a part of this Agreement as Exhibit 4a.",Yes,"NETGEAR,INC_04_21_2003-EX-10.16-AMENDMENT TO THE DISTRIBUTOR AGREEMENT BETWEEN INGRAM MICRO AND NETGEAR-.pdf",test
58,University hereby grants to ArTara an exclusive license to use the Program Data solely for the Project and in Regulatory Filings in the Field in the Territory.,Yes,ArtaraTherapeuticsInc_20200110_8-K_EX-10.5_11943350_EX-10.5_License Agreement.pdf,test
59,Qualigen shall supply Sekisui with all of Sekisui's commercial requirements for the Product in the Applicable Markets.,Yes,RitterPharmaceuticalsInc_20200313_S-4A_EX-10.54_12055220_EX-10.54_Development Agreement.pdf,test
60,"During the Term, eDiets will not buy, sell, display or distribute advertising from (including, but not limited to, banner ads, buttons, badges, text links, hyperlinks or editorial mentions) or otherwise promote any Women.com Compettive Company on any page of the eDiets Site that is within two clicks from the Gateway Page of the Diet Center.",Yes,EdietsComInc_20001030_10QSB_EX-10.4_2606646_EX-10.4_Co-Branding Agreement.pdf,test
61,World Book shall not license to any third parties or otherwise use the Content as Affinities in any digital form during the term of the license.,Yes,RemarkHoldingsInc_20081114_10-Q_EX-10.24_2895649_EX-10.24_Content License Agreement.pdf,test
62,"SIERRA hereby appoints ENVISION as its exclusive distributor for the Product in any blend with Krill Oil within the Territory subject to ENVISION fulfilling the terms and conditions of the best efforts marketing requirements set forth herein in Sections 4, 5, and 9.",Yes,"LEGACYTECHNOLOGYHOLDINGS,INC_12_09_2005-EX-10.2-DISTRIBUTOR AGREEMENT.PDF",test
63,"SIERRA shall cease making sales to any customer or distributor who, during the term of this Agreement, violates ENVISION's exclusivity.",Yes,"LEGACYTECHNOLOGYHOLDINGS,INC_12_09_2005-EX-10.2-DISTRIBUTOR AGREEMENT.PDF",test
64,"Commencing on October 1, 2008, and continuing for so long as IntriCon continues to make minimum payments as defined in 4.3, Dynamic Hearing agrees that it will not license any Dynamic Hearing Technology for Hearing Aids, subject to Clause 3.5.",Yes,INTRICONCORP_03_10_2009-EX-10.22-Strategic Alliance Agreement.PDF,test
65,"Subject to Articles 5.1 and 5.2, IGER grants CERES an exclusive, world-wide license, with the right to grant sublicenses, to use and exploit commercially (a) IGER's interest in any JOINT INTELLECTUAL PROPERTY (including but not limited to RELEASED VARIETIES) and OTHER RESEARCH RESULTS; (b) IGER INTELLECTUAL PROPERTY and (c) when and only to the extent necessary for the commercialization or use of JOINT INTELLECTUAL PROPERTY and/or OTHER RESEARCH RESULTS and/or IGER INTELLECTUAL PROPERTY for the COLLABORATION CROPS, IGER BACKGROUND INTELLECTUAL PROPERTY, subject to paying IGER reasonable remuneration (whether as a royalty or in some other form as the Parties may agree) to be negotiated in good faith.",Yes,"CERES,INC_01_25_2012-EX-10.20-Collaboration Agreement.PDF",test
66,"Logan's also shall have the exclusive right to promote its Logan's trademark on the side of the helmet, as shown on Exhibit B to this Agreement.",Yes,LOGANSROADHOUSEINC_03_27_1998-EX-10.17-SPONSORSHIP AGREEMENT.PDF,test
67,"Hydraspin hereby grants to Distributor an exclusive non-transferable and royalty-free right and license to use Hydraspin's Marks in connection with the advertising, promotion, marketing, distribution and sale of the Products in the Territory in accordance with Hydraspin's standards and instructions",Yes,WaterNowInc_20191120_10-Q_EX-10.12_11900227_EX-10.12_Distributor Agreement.pdf,test
68,"PageMaster Corporation shall not engage in the same or similar promotion with any other On-Line Casinos from June 1, 1999 through June 1, 2000.",Yes,GOCALLINC_03_30_2000-EX-10.7-Promotion Agreement.PDF,test
69,"During the Term, VerticalNet shall have the exclusive right to arrange for the sale of ***** of the third party advertising inventory (which shall consist of a minimum of one advertisement per page on each of the ""Co-Branded Equipment,"" ""Co-Branded Careers,"" ""Resources"" and ""Home Page"" sections or successor, replacement or substitute sections) of the PaperExchange Site and shall be consistent with the amount of advertising on other business to business vertical sites on the PaperExchange Site (the ""Third Party Advertising Allocation"").",Yes,PaperexchangeComInc_20000322_S-1A_EX-10.4_5202103_EX-10.4_Co-Branding Agreement.pdf,test
70,"In order to keep your exclusivity, you agree to purchase a minimum of the following: $170,000.00 of soup from us in 2015 $1,600,00.00 of soup from us in 2016 $3,200,000.00 of soup from us in 2017 $5,000,000.00 of soup from us in 2018 and shall increase 10% each year thereafter.",Yes,SoupmanInc_20150814_8-K_EX-10.1_9230148_EX-10.1_Franchise Agreement1.pdf,test
71,"Following the Immunotherapy Exclusivity Period, FMI shall have the right to work with Third Parties in the field of cancer immunotherapy, and to otherwise commercialize the Immuno-Biomarker Discovery Platform, subject to the Related Agreements.",Yes,"FOUNDATIONMEDICINE,INC_02_02_2015-EX-10.2-Collaboration Agreement.PDF",test
72,We will not grant other franchises nor establish our own Unit Franchises within the Master Territory during the term of this Agreement unless you do not meet the Minimum Development Quota.,Yes,SoupmanInc_20150814_8-K_EX-10.1_9230148_EX-10.1_Franchise Agreement1.pdf,test
73,"Under no circumstances shall Licensee enter into an exclusive distribution agreement with a CSP other than VGSL in the following territories (""VGSL Territories"") covered under the VGSL Agreement: (1) United Kingdom; (2) Ireland; (3) Germany; (4) Spain; (5) France; (6) Sweden; (7) Switzerland; (8) Portugal; (9) Netherlands; (10) Greece; (11) Italy; (12) Australia; (13) New Zealand; (14) Egypt; (15) Slovenia; (16) Belgium; (17) Austria; (18) Hungary; (19) Malta; (20) Croatia; (21) South Africa; and (22) Japan.",Yes,GluMobileInc_20070319_S-1A_EX-10.09_436630_EX-10.09_Content License Agreement1.pdf,test
74,"Distributor hereby grants Zogenix an irrevocable, perpetual, royalty-free, fully paid-up, exclusive license with the right to grant sublicenses to use such Data solely generated and co-owned by Distributor outside of the Territory and a co-exclusive license in the Territory upon expiration or termination of the Agreement.",Yes,ZogenixInc_20190509_10-Q_EX-10.2_11663313_EX-10.2_Distributor Agreement.pdf,test
75,"Neoforma shall not place any Link on a Neoforma Site to, or a Neoforma Link on the Site of, any other provider or host of a service similar to the Co-Branded Training and Education Center or to any other training or education service websites.",Yes,NeoformaInc_19991202_S-1A_EX-10.26_5224521_EX-10.26_Co-Branding Agreement.pdf,test
76,"(If exclusive agreement, add ""Developer expressly acknowledges that the exclusive rights granted herein apply only to the right to develop new restaurants in the Territory, and no exclusive territory or radius protection for the term of any Franchise Agreement is granted herein and any such protection shall be set forth in the particular Franchise Agreement to be signed."")",Yes,ElPolloLocoHoldingsInc_20200306_10-K_EX-10.16_12041700_EX-10.16_Development Agreement.pdf,test
77,Party A irrevocably undertakes that Party A will take Party B as its exclusive and sole partner to provide the business consultancy and technical services as well as technical consultancy to Party A and its subsidiaries,Yes,TUNIUCORP_03_06_2014-EX-10-COOPERATION AGREEMENT.PDF,test
78,"During the term of this Agreement, Consultant will not, directly or indirectly (whether for compensation or without compensation) engage in or provide consulting services, or enter into any agreement either written or oral, that would present a material conflict with any of the provisions of this Agreement, or would preclude Consultant from complying with the terms and conditions hereof.",Yes,"ADUROBIOTECH,INC_06_02_2020-EX-10.7-CONSULTING AGREEMENT(1).PDF",test
79,Other AIRSOPURE franchisees will not be permitted to solicit customers for Products by advertising in Your Exclusive Territory.,Yes,AIRTECHINTERNATIONALGROUPINC_05_08_2000-EX-10.4-FRANCHISE AGREEMENT.PDF,test
80,IGER will not collaborate with or perform any activities for the benefit of or grant any rights to any for-profit third party in the field of the COLLABORATION CROPS without the prior written consent of CERES.,Yes,"CERES,INC_01_25_2012-EX-10.20-Collaboration Agreement.PDF",test
81,"IMPCO expressly agrees that during the existence of this Agreement, IMPCO shall not enter into any other Joint Venture Agreement or Marketing/Distribution Agreement, with any company or person(s) in the Territory with respect to the Products.",Yes,IMPCOTECHNOLOGIESINC_04_15_2003-EX-10.65-JOINT VENTURE AGREEMENT.PDF,test
82,"orders of, and applicable restrictions imposed by, governmental authorities (collectively, the ""Applicable General Laws""), other than all applicable laws, rules and regulations in respect of ""going out of business"", ""store closing"" or similar-themed sales and permitting (collectively, the ""Liquidation Sale Laws"")",Yes,BONTONSTORESINC_04_20_2018-EX-99.3-AGENCY AGREEMENT.PDF,test
83,"NTC hereby grants to ALFA AESAR, and its subsidiaries and affiliates, the exclusive right to market, sell and distribute Research Quantities of the Products within the Territory, ALFA AESAR hereby accepts such right and agrees to use its reasonable efforts to promote the marketing, sale and distribution of Research Quantities of the Products throughout the Territory in accordance with the terms and conditions of this Agreement using normal and standard practices.",Yes,NANOPHASETECHNOLOGIESCORP_11_01_2005-EX-99.1-DISTRIBUTOR AGREEMENT.PDF,test
84,"Pursuant to the terms and conditions set forth in this Agreement, Aura appoints Zanotti as its exclusive supplier of the Products within the Territory and Field of Use and Zanotti hereby accepts such appointment.",Yes,AURASYSTEMSINC_06_16_2010-EX-10.25-STRATEGIC ALLIANCE AGREEMENT.PDF,test
85,"During the Term and subject to the limitations set forth in this Agreement, Naked shall have an exclusive right and license in the Territory to use Athlete's name, nickname, initials, autograph, image, likeness, photographs, biographical details, facsimile signature, voice, videos, electronic media depictions, any words, symbols or other depictions, as well as any other identifying attributes that would identify Athlete to the public, including any trade mark(s), copyrights which Wade has, as set forth on Schedule A attached hereto, and all multimedia assets that Wade owns or has right to use (collectively, the ""Wade Image"") solely for the advertising, endorsement, promotion, or sale of the Naked Products (including the Wade Products) in the Territory as follows:",Yes,NakedBrandGroupInc_20150731_POS AM (on S-1)_EX-10.75_9196027_EX-10.75_Endorsement Agreement.pdf,test
86,"Subject to the terms and conditions of this Agreement, Todos hereby grants the Reseller a non-sublicensable, non-transferable, exclusive right to distribute and sell the Products to Customers in the Territory; provided, however, that Reseller may sub-license or transfer its distribution rights to a subsidiary or affiliate of the Reseller.",Yes,TodosMedicalLtd_20190328_20-F_EX-4.10_11587157_EX-4.10_Marketing Agreement_ Reseller Agreement.pdf,test
87,"If THI does not make the obligatory payments as stated in 3(a) by the dates stated, the Exclusive License will revert back to Premier, provided, however, that in such event, THI would still be entitled to a proportionate interest in any Covid-19 Licensed Products, such portion being equal to a fraction, the numerator of which shall be the actual amount paid and the denominator of which shall be $2,000,000.",Yes,PREMIERBIOMEDICALINC_05_14_2020-EX-10.2-INTELLECTUAL PROPERTY AGREEMENT.PDF,test
88,"Pey Dirt expressly agrees that the right to use Manning Identification will not be granted to anyone other than Company for use within the Contract Territory during the Contract Period in connection with the advertisement, promotion and sale of Products.",Yes,WARNINGMANAGEMENTSERVICESINC_12_10_1999-EX-10-ENDORSEMENT AGREEMENT.PDF,test
89,"During the Term, ebix shall be the exclusive integrated online insurance provider in the Channels and Guide Sites listed in Section 3.1 [DEVELOPMENT, OPERATION AND ADMINISTRATIO...] above. [**]",Yes,EbixInc_20010515_10-Q_EX-10.3_4049767_EX-10.3_Co-Branding Agreement.pdf,test
90,"As between the Parties, and without limiting MD Anderson's assistance obligations under Section 7.2(b), LBIO shall have the sole and exclusive right to file patents covering or claiming Inventions and shall bear all costs with respect to the prosecution and maintenance thereof.",Yes,"IOVANCEBIOTHERAPEUTICS,INC_08_03_2017-EX-10.1-STRATEGIC ALLIANCE AGREEMENT.PDF",test
91,"During the Exclusive Roundup Sale Period, neither Monsanto nor any of its Affiliates shall, directly or indirectly through its or their agents, employees or representatives or otherwise, solicit, or cause the solicitation of, or in any way encourage the making of, any offer, proposal or indication of interest involving a Roundup Sale or negotiate with, respond to any inquiry from (except for ""no comment"" or another statement agreed to by the Agent), cooperate with or furnish or cause or authorize to be furnished any information to, any third party or its agents, employees or representatives with respect thereto, or disclose to any third party that a Roundup Sale Notice has been provided to the Agent.",Yes,Monsanto Company - SECOND A&R EXCLUSIVE AGENCY AND MARKETING AGREEMENT .PDF,test
92,"Network hereby grants to Affiliate the exclusive right via Broadcast Television, and Affiliate hereby accepts such exclusive right and the obligation during the Term to broadcast the Service via Broadcast Television (i) over the transmission facilities of each Station identified on Exhibit A, which is licensed by the FCC to serve the community for each such Station (the ""Licensed Community""), for receipt by TV Households in the DMA in which the Licensed Community is located, as such DMA is identified on Exhibit A, and (ii) over the transmission facilities of any Acquired Station, except to the extent that, as of the date Affiliate notifies Network in writing of its binding agreement to acquire such Acquired Station, (A) another Broadcast Television station in the same DMA as the Acquired Station has exclusive rights to broadcast the Service, or (B) the Acquired Station is obligated to broadcast other material that precludes it from also carrying the Service",Yes,TubeMediaCorp_20060310_8-K_EX-10.1_513921_EX-10.1_Affiliate Agreement.pdf,test
93,"During the entire validity of this Agreement, Licensor hereby grants to License an exclusive and royaltyfree right to use the Trademark in",Yes,NlsPharmaceuticsLtd_20200228_F-1_EX-10.14_12029046_EX-10.14_Development Agreement.pdf,test
94,"Accordingly, (i) with respect to RemainCo's right and interest in and to the Shared Library Materials, RemainCo, for itself and as representative of all other members of the RemainCo Group, hereby grants to SpinCo (x) a perpetual (subject to Section 4.4), irrevocable, exclusive, royalty-free, worldwide right and license with the right to grant sublicenses (solely as set forth in Section 5.6) to use the Shared Library Materials, including all Know-How and Copyrights embodied therein, for any purpose in the SpinCo Core Field and (y) a perpetual (subject to Section 4.4), irrevocable, non-exclusive, royalty-free, worldwide right and license with the right to grant sublicenses (solely as set forth in Section 5.6) to use the Shared Library Materials, including all Know-How and Copyrights embodied therein, for any purpose in any field other than the RemainCo Core Field or the SpinCo Core Field and (ii) with respect to SpinCo's right and interest in and to the Shared Library Materials, SpinCo, for itself and as representative of all other members of the SpinCo Group, hereby grants to RemainCo (x) a perpetual (subject to Section 4.4), irrevocable, exclusive, royalty-free, worldwide right and license with the right to grant sublicenses (solely as set forth in Section 5.6) to use the Shared Library Materials, including all Know-How and Copyrights embodied therein, for any purpose in the RemainCo Core Field and (y) a perpetual (subject to Section 4.4), irrevocable, non- exclusive, royalty-free, worldwide right and license with the right to grant sublicenses (solely as set forth in Section 5.6) to use the Shared Library Materials, including all Know-How and Copyrights embodied therein, for any purpose in any field other than the SpinCo Core Field or the RemainCo Core Field.",Yes,"BABCOCK_WILCOXENTERPRISES,INC_08_04_2015-EX-10.17-INTELLECTUAL PROPERTY AGREEMENT between THE BABCOCK _ WILCOX COMPANY and BABCOCK _ WILCOX ENTERPRISES, INC..PDF",test
95,"Each Item listed in Exhibit 3 (""Main Elements covered under this Agreement"") and Exhibit 6 (""LRUs covered by repair and standardexchange Services"") withdrawn from the Stock and used by the Company shall be exclusively repaired by the Repairer.",Yes,AzulSa_20170303_F-1A_EX-10.3_9943903_EX-10.3_Maintenance Agreement1.pdf,test
96,"If, after the date of this Agreement and continuing as long as either Party is a partner, member, or shareholder of the Operating Company, such Party or any of its Affiliates receives or discovers any opportunity within the Field of Agreement, including without limitation developing or completing the development of, or discovering, or acquiring proprietary rights over, a product or process that falls within the Field of Agreement, the Operating Company then shall have exclusive rights to exploit such opportunity, but only within the Field of Agreement.",Yes,IGENEBIOTECHNOLOGYINC_05_13_2003-EX-1-JOINT VENTURE AGREEMENT.PDF,test
97,Schoolpop shall have the exclusive right to resell Cards in the NPO Marketplace.,Yes,LOYALTYPOINTINC_11_16_2004-EX-10.2-RESELLER AGREEMENT.PDF,test
98,"During the Term, and without limiting Section 4.2, Achaogen hereby grants to Microgenics a royalty-free, exclusive, worldwide license to use the Achaogen<omitted>Know-How, Achaogen Patents, and Achaogen Materials to research, develop, manufacture, use, market and sell the Assay in the Territory. [***].",Yes,Microgenics Corporation - Collaborative Development and Commercialization Agreement.PDF,test
99,"CEIS hereby grants XFN and its Affiliates an exclusive license (free of all third-party liens, claims and encumbrances) to, and to permit others to, during the Term in the Territory:<omitted>(a) store or cache the Content in one or more host computers controlled directly or indirectly by XFN or its Affiliates; (b) adapt, translate, modify, reproduce, copy, amend, revise or encode the Content; and (c) publish, broadcast, distribute, re-distribute, transmit, display, make available to the public or otherwise exploit the Content in any manner by any device or in media now or hereafter known.",Yes,XinhuaSportsEntertainmentLtd_20070221_F-1_EX-99.4_645553_EX-99.4_Content License Agreement.pdf,test
100,"Subject to the terms of this Agreement, subject to Manufacturer meeting EMV's requirements for quality, price and lead- time, EMV hereby grants Manufacturer an exclusive, non-transferable, license (without the right to sublicense) under EMV's Proprietary Rights in the Territory, during the term of this Agreement, to use the Specifications solely for the purpose of manufacturing the Products to fulfil Purchase Orders for EMV.",Yes,ELECTRAMECCANICA VEHICLES CORP. - Manufacturing Agreement .PDF,test
101,"Except for Excepted Activities, for the lesser of (i) […***…] after the Effective Date or (ii) […***…] (the ""Immunotherapy Exclusivity Period""), FMI will work exclusively with Roche with respect to […***…]. Except with regard to Excepted Activities, FMI will not (i) work directly or indirectly with any Third Party in the field of […***…], (ii) use for the benefit of any Third Party the […***…] or (iii) transfer to or otherwise enable any Third Party to make use of any data, technology or results from the Immunotherapy Testing Platform Development Program for […***…].",Yes,"FOUNDATIONMEDICINE,INC_02_02_2015-EX-10.2-Collaboration Agreement.PDF",test
102,"During the Exclusivity Period, on a Product SKU-by-Product SKU and country-by-country basis within the applicable Territory, Customer shall purchase from Manufacturer, in accordance with the terms and conditions of this Agreement, at least the Exclusive Purchase Requirement of its requirements for such Product SKU in such country; provided, however, that In-Flight or Shared Volume Products shall be excluded from the exclusivity requirements set forth in this Section 2.1(e)(i).",Yes,UpjohnInc_20200121_10-12G_EX-2.6_11948692_EX-2.6_Manufacturing Agreement_ Supply Agreement.pdf,test
103,"In all of Allied's actions and publications (in all media and formats) in connection with the marketing and conducting of the Events, where possible and appropriate, Allied shall where reasonably practicable communicate that Newegg is the exclusive sponsor of the Arena for the technology e-commerce and online retailer categories.",Yes,AlliedEsportsEntertainmentInc_20190815_8-K_EX-10.34_11788308_EX-10.34_Sponsorship Agreement.pdf,test
104,The only reservation service or system you may use for outgoing reservations referred by or from the Hotel to other Network Hotels will be the Reservation Service or other reservation services we designate;,Yes,"HOSPITALITYINVESTORSTRUST,INC_04_07_2014-EX-10.26-FRANCHISE AGREEMENT.PDF",test
105,"Subject to compliance by Pfizer with the terms of this Section 3.2(d), during the Term, Exact agrees (A) not to enter into any new binding arrangement with any media vendor for Advertising of the Product without the written consent of Pfizer, which consent shall not be unreasonably withheld, (B) not to meet with any advertising agency or media vendor to discuss any Advertising proposals for content development and creative direction of the Product, without providing Pfizer with a reasonable opportunity for a representative of Pfizer present and participate and (C) to promptly inform Pfizer if it enters into any arrangement with any advertising agency with respect to the Product.",Yes,ExactSciencesCorp_20180822_8-K_EX-10.1_11331629_EX-10.1_Promotion Agreement.pdf,test
106,"Except as otherwise provided in this Agreement and provided that Franchise is in full compliance with this Agreement, Pretzel Time and its Affiliates will not during the term of this Agreement operate or grant franchises for the operation of Pretzel Time Units within the Territory other than the Franchise granted to Franchisee pursuant to this Agreement.",Yes,MRSFIELDSORIGINALCOOKIESINC_01_29_1998-EX-10-FRANCHISE AGREEMENT.PDF,test
107,"Upon the [***], Harpoon (on behalf of itself and its Affiliates) hereby grants to AbbVie a co-exclusive (with Harpoon), royalty-free (subject to [***] [***]) license, with the right to grant sublicenses in accordance with Section 5.3, under the Harpoon Patents, the Harpoon Know-How, and Harpoon's interests in the Joint Patents and the Joint Know- How, to Develop and Manufacture the Licensed Compounds and Licensed Products solely to the extent necessary for AbbVie to perform [***].",Yes,HarpoonTherapeuticsInc_20200312_10-K_EX-10.18_12051356_EX-10.18_Development Agreement.PDF,test
108,"AIRSOPURE hereby grants to You the exclusive right to solicit customers for the Products by direct mail advertising, or other approved means, but not including the World Wide Web (Internet) nor by printed catalogues, in<omitted>the Exclusive Territory described above and in Exhibit A.",Yes,AIRTECHINTERNATIONALGROUPINC_05_08_2000-EX-10.4-FRANCHISE AGREEMENT.PDF,test
109,"Array shall own rights to, and shall be responsible, at its own expense, for registering and maintaining, the Internet domain names listed on Exhibit 12.6 (each of the foregoing, a ""Domain Name"") and agrees to grant, and hereby grants to Ono a royalty-free, fully paid-up exclusive license to use those particular Domain Names which Ono elects to use (and actually uses) in connection with Ono's commercialization of the Product in the Ono Territory in accordance with this Agreement.",Yes,"Array BioPharma Inc. - LICENSE, DEVELOPMENT AND COMMERCIALIZATION AGREEMENT.PDF",test
110,"Bosch hereby grants to Client the exclusive rights to sell and distribute the Product, subject to the Territory as set forth below, to certain select companies in the Automotive Industry, each of which shall be approved by Bosch in writing as requested by the Client on a case by case basis.",Yes,"XLITECHNOLOGIES,INC_12_02_2015-EX-10.02-STRATEGIC ALLIANCE AGREEMENT.PDF",test
111,"The Parties recognize the importance of fully developing the market for Products in the Exclusive Territory, and a substantial part of the consideration for and inducement to AIRSOPURE to enter into this Agreement is Your agreement to devote Your best efforts to market, sell and support Products to customers located in Your Exclusive Territory. You agree to concentrate Your marketing efforts to customers located in Your Territory, and You agree not to advertise the Products using media or publications whose primary coverage area is outside Your Exclusive Territory.",Yes,AIRTECHINTERNATIONALGROUPINC_05_08_2000-EX-10.4-FRANCHISE AGREEMENT.PDF,test
112,"If IGER receives an exclusive license from Defra rather than an assignment of rights, the following will apply. 18.1 To the extent the license grant to CERES on IGER BACKGROUND INTELLECTUAL PROPERTY in Article 5.3.2 relates to IGER BACKGROUND INTELLECTUAL PROPERTY that constitutes Intellectual Property to which rights vest in Defra or the Crown or the Secretary of State, the word ""license"" will be read as ""sublicense"" and all other terms of such Article will remain unchanged. 18.2 To the extent that IGER INTELLECTUAL PROPERTY or JOINT INTELLECTUAL PROPERTY created in a RESEARCH PROJECT constitutes or includes Intellectual Property to which rights vest in Defra or the Crown or the Secretary of State, any conveyance or grant of rights or licenses by IGER to CERES in this Agreement with respect to such IGER INTELLECTUAL PROPERTY or JOINT INTELLECTUAL PROPERTY, will be read as the grant of an exclusive sublicense under IGER's exclusive license from Defra.",Yes,"CERES,INC_01_25_2012-EX-10.20-Collaboration Agreement.PDF",test
113,"Subject to the terms and conditions of this Agreement, Zogenix hereby appoints Distributor, and Distributor accepts appointment, as the exclusive distributor (even as to Zogenix) of the Product in the Field in the Territory during the Term, and grants to Distributor the exclusive rights to maintain Regulatory Approval of (while Distributor is the MAH Party), package, promote, market, offer for sale, sell, import and distribute the Product in the Field in the Territory during the Term",Yes,ZogenixInc_20190509_10-Q_EX-10.2_11663313_EX-10.2_Distributor Agreement.pdf,test
114,"Short Term Product Exclusives. For a period of fourteen (14) days following release of any new NAI Goods or major version releases (i.e., version 3.0 to 4.0) of existing NAI Goods, Co-Host shall be the exclusive online seller of any such<omitted>release released during the Term.",Yes,BEYONDCOMCORP_08_03_2000-EX-10.2-CO-HOSTING AGREEMENT.PDF,test
115,"As of the Effective Date, there are no rights with respect to the Product or the SIGA Trademarks in the Territory granted by SIGA, in each case, to any Person or entity other than MMT;",Yes,SigaTechnologiesInc_20190603_8-K_EX-10.1_11695818_EX-10.1_Promotion Agreement.pdf,test
116,"During the Term, Snap will not grant any third party any right to sponsor any products or services in the Exclusive Category on or through the Snap Web Site.",Yes,EmbarkComInc_19991008_S-1A_EX-10.10_6487661_EX-10.10_Co-Branding Agreement.pdf,test
117,"MediWound shall have an exclusive license under patents and other intellectual property, to develop, use, manufacture, market and sell the Product for burn treatment in humans;",Yes,MEDIWOUNDLTD_01_15_2014-EX-10.6-SUPPLY AGREEMENT.PDF,test
118,The license granted pursuant to this Section 10.3 shall be non­exclusive in the Territory and exclusive in the rest of the world outside the Territory.,Yes,MACROGENICSINC_08_02_2013-EX-10-COLLABORATION AGREEMENT.PDF,test
119,"Sponsor shall receive exclusive branding and entitlement at the Stadium at (i) a ticketed entryway for the suite tower guests (currently referred to as ""Suite Tower Gate F""); (ii) an open communal space in front of the suite tower (currently referred to as the ""Suite Tower Plaza""); (iii) first floor welcome lobby of suite tower and individual suite corridors (currently referred to as the ""Suite Tower Atrium""); and (iv) an on­site meeting space (currently referred to as the ""Executive Briefing Center"") located adjacent to the suite described below and Forty Niners SC will provide a *** credit towards buildout of the Executive Briefing Center.",Yes,VIOLINMEMORYINC_12_12_2012-EX-10.14-SPONSORSHIP AGREEMENT.PDF,test
120,"Subject to the terms and conditions of this Agreement, including without limitation Array's retained rights under Section 2.1(e) below, Array hereby grants to Ono an exclusive license, with the right to grant sublicenses as provided in Section 2.2, under the Array Patents, Array Know-How and Array's interests in the Joint Patents and Joint Know- How to Develop the Products in accordance with the Development Plan and Joint Development Plan(s) in the Ono Territory solely for purposes of obtaining Marketing Approval for use of the Product in the Field in the Ono Territory.",Yes,"Array BioPharma Inc. - LICENSE, DEVELOPMENT AND COMMERCIALIZATION AGREEMENT.PDF",test
121,"Subject to the terms and conditions of this Agreement, PivX hereby grants to Detto a non-transferable, exclusive license to distribute PivX's Qwik-Fix Pro and any documentation supporting Qwik-Fix Pro provided from time to time by PivX (the ""Documentation"") within North America, solely to third parties to whom Detto licenses Qwik-Fix Pro (""Third Parties""), and as governed by the terms set forth in Exhibit A (PivX/Detto Reseller Agreement Addendum).",Yes,"ADIANUTRITION,INC_04_01_2005-EX-10.D2-RESELLER AGREEMENT.PDF",test
122,"AIRSOPURE grants to You, and You accept from AIRSOPURE, the right and license to operate an AIRSOPURE Center (or the ""Franchise"") for the sale or lease of AIRSOPURE's exclusive line of Products or at a location in the Exclusive Territory to be approved in writing by AIRSOPURE and listed in attached Exhibit A (the ""Exclusive Territory and Center Location""), to purchase Products from AIRSOPURE or its affiliates for resale at the Center to customers in the Exclusive Territory, and to use the Licensed Marks only in connection with the operation of the Franchise in accordance with the terms and conditions of this Agreement.",Yes,AIRTECHINTERNATIONALGROUPINC_05_08_2000-EX-10.4-FRANCHISE AGREEMENT.PDF,test
123,"In consideration of the fees paid by Sponsor as set out herein, Charity Tunes agrees that during the period beginning October 1, 2009 and ending March 31, 2010, Charity Tunes shall not enable another program sponsorship for all competitive products/product categories distributed/sold within the total Canadian consumer/retail/wholesale market place, inclusive of: - Total Frozen Handhelds - Total Corporation General Mills Handhelds - Total Pizza Pops Handhelds / total Pillsbury Mini Pizzas - Total Corporation McCain Foods Handhelds - Total Pizza Pockets / total McCain Mini Pizzas - Total Corporation Heinz Handhelds - Total Heinz Hot bites (Bagel Bites and Taco Bites) / total Anchor Poppers - Total Corporation Schneider Foods Handhelds - Total Hot Stuffs / total Lean Stuffs - Total Resers Burritos - Total Corp les Plats du Chef Handhelds - Total Hinsdale Farms Corndogs",Yes,ON4COMMUNICATIONSINC_07_02_2009-EX-10.1-PROMOTION AGREEMENT.PDF,test
124,"During the Term of this Agreement, except as otherwise permitted by this Section 3(a)(v), VS agrees that it shall not enter into the same or substantially similar Commitments with any other company or entity which performs clinical research services the same or similar to those provided by PPD or any PPD affiliate (collectively, ""PPD Competitor""), nor shall VS provide preferred pricing to a PPD Competitor which is better than that provided by VS hereunder to PPD.",Yes,"VIRTUALSCOPICS,INC_11_12_2010-EX-10.1-STRATEGIC ALLIANCE AGREEMENT.PDF",test
125,"For the Initial Term of this Agreement, iVillage agrees that Ford shall be the exclusive automobile manufacturer sponsor and advertiser throughout the Network, with respect to entities whose primary business is that of an automotive manufacturer and/or retailer.",Yes,IVILLAGEINC_03_17_1999-EX-10.16-SPONSORSHIP AGREEMENT.PDF,test
126,"Consistent with the NASCAR rules and regulations, and excluding any patches required by NASCAR, Logan's shall have the exclusive right to promote its Logan's logo on uniforms and Driver's suit on the areas depicted on Exhibit A to this Agreement.",Yes,LOGANSROADHOUSEINC_03_27_1998-EX-10.17-SPONSORSHIP AGREEMENT.PDF,test
127,"During the Term of this Agreement and within the Contract Territory, North agrees not to enter into an agreement with another company or entity for the purpose of endorsing or promoting products similar to the Endorsed Products.",Yes,PerformanceSportsBrandsInc_20110909_S-1_EX-10.10_7220214_EX-10.10_Endorsement Agreement.pdf,test
128,"During the term of this Agreement, CONSULTANT shall exclusively play/use the MANDATORY PRODUCT.",Yes,ADAMSGOLFINC_03_21_2005-EX-10.17-ENDORSEMENT AGREEMENT.PDF,test
129,"Theismann represents and warrants that, except as otherwise disclosed herein, he has not granted nor will he grant during the Term and for a period of one (1) year thereafter to any other party any right, permission, or license to use the Property in connection with the advertisement, sale, or promotion of the Network or in connection with networks that are identical or substantially similar to the Network.",Yes,BizzingoInc_20120322_8-K_EX-10.17_7504499_EX-10.17_Endorsement Agreement.pdf,test
130,"NCB appoints NPC, and NPC agrees to serve, as NCB's sole agent (i) to provide authorization, processing and settlement services with respect to Visa and MasterCard transactions (""Merchant Processing Services"") to merchants who desire to receive Merchant Processing Services from NCB or NPC (""Merchants"") and (ii) to enter into contracts with merchants (""Merchant Contracts"") for the provision of Merchant Processing Services as agent of NCB; provided, however, that nothing herein shall limit NPC's right to provide, as agent for other members of Visa and MasterCard, Merchant Processing Services to merchants who desire to receive such services from NCB or others.",Yes,NATIONALPROCESSINGINC_07_18_1996-EX-10.4-SPONSORSHIP AGREEMENT.PDF,test
131,"Agent shall have the exclusive right to use the Stores and all other Assets for the purpose of conducting the GOB Sale, free of any interference from any entity or person, subject to compliance with the Sale Guidelines (as defined below) and Approval Order;",Yes,BONTONSTORESINC_04_20_2018-EX-99.3-AGENCY AGREEMENT.PDF,test
132,"Pursuant to the DA, and subject to its terms, ARGO agreed to appoint YEC as the exclusive distributor of its products in the Territory specified therein, and YEC agreed to market and distribute Argo's products in a professional manner",Yes,REWALKROBOTICSLTD_07_10_2014-EX-10.2-STRATEGIC ALLIANCE AGREEMENT.PDF,test
133,"Exclusivity Date means October 1, 2008, the date Intricon makes its first quarterly payment of the Minimum Payment;<omitted>Commencing on the Exclusivity Date, and continuing for so long as IntriCon continues to make such payments, the license granted to IntriCon under this Agreement will, subject to the terms and conditions of this Agreement, be exclusive for Hearing Aids.",Yes,INTRICONCORP_03_10_2009-EX-10.22-Strategic Alliance Agreement.PDF,test
134,"The licenses granted herein are exclusive worldwide licenses to: 1. make, have made, use, lease, sell and import Licensed Products for the legal purposes of researching, developing, manufacturing, assembling, distributing, and selling the Licensed Products; 2. make, have made, use and import machines, tools, materials and other instrumentalities, insofar as such machines, tools, materials and other instrumentalities are involved in or incidental to the research, development, manufacture, testing or repair of Licensed Products which are or have been made, used, leased, owned, sold or imported by the Licensee; and 3. convey to any customer of the Licensee, with respect to any Licensed Product which is sold or leased to such customer, rights to use and resell such Licensed Product as sold or leased by Licensee (whether or not as part of a larger combination); provided, however, that no rights may be conveyed to customers with respect to any Invention which is directed to (i) a combination of such Licensed Product (as sold or leased) with any other product, (ii) a method or process which is other than the inherent use of such Licensed Product itself (as sold or leased), or (iii) a method or process involving the use of a Licensed Product to manufacture (including associated testing) any other product.",Yes,PREMIERBIOMEDICALINC_05_14_2020-EX-10.2-INTELLECTUAL PROPERTY AGREEMENT.PDF,test
135,"In consideration of the exclusivity rights granted to LEA, commencing with the seventh (7t h) month of the Term and continuing each year of the Term thereafter, the minimum Royalties payable to T&B each month shall be the greater of the (i) applicable monthly Base Royalty and Marketing Royalty or (ii) $200,000.",Yes,LegacyEducationAllianceInc_20200330_10-K_EX-10.18_12090678_EX-10.18_Development Agreement.pdf,test
136,"During the Term, each Party hereby provides a worldwide, exclusive, royalty free, perpetual license of such Intellectual Property Rights for use by each licensee in its business in connection with the development and marketing and commercialization of the Product.",Yes,"CARDAX,INC_08_19_2014-EX-10.1-COLLABORATION AGREEMENT.PDF",test
137,NETGEAR's agreement not to appoint additional distributors of NETGEAR Products in the Territory during the [*] of this Agreement is predicated upon Distributor performing the mutually agreed upon activities included in the Marketing Plan attached as Exhibit 4.,Yes,"NETGEAR,INC_04_21_2003-EX-10.16-DISTRIBUTOR AGREEMENT.pdf",test
138,Axiometric shall have the exclusive right to market and sell AMR Product Suites to entities whose corporate headquarters are physically located in the United States and U.S. territories with the exception of Datamatic as defined in 3.3.1 and 3.3.2 below,Yes,LinkPlusCorp_20050802_8-K_EX-10_3240252_EX-10_Affiliate Agreement.pdf,test
139,"MediWound's rights as per Section 3.1 will be exclusive in the sense that CBC shall not nor shall permit any Affiliate or third party to manufacture, use, supply<omitted>or sell Bromelain SP for utilization as an ingredient of any product which directly or indirectly competes with the Product.",Yes,MEDIWOUNDLTD_01_15_2014-EX-10.6-SUPPLY AGREEMENT.PDF,test
140,"You must:<omitted>5.1.13 not engage, directly or indirectly, in any cross-marketing or cross-promotion of the Hotel with any Other Hotel or related business, without our prior written consent. You agree to refer guests and customers, wherever reasonably possible, only to System Hotels or Network Hotels.",Yes,"HOSPITALITYINVESTORSTRUST,INC_04_07_2014-EX-10.26-FRANCHISE AGREEMENT.PDF",test
141,"The Professional hereby grants to the Company an exclusive license to use her name, likeness, image and personal identification, singly or in any combination, in connection with the production, use, marketing and sale of a ""Kathy Whitworth"" signature line of women's golf clubs (the ""Products""), as described more fully in Section 3 below.",Yes,WOMENSGOLFUNLIMITEDINC_03_29_2000-EX-10.13-ENDORSEMENT AGREEMENT.PDF,test
142,No marketing exclusivity in any category or with respect to any competitors of Sponsor is conferred or implied by this Agreement except to the extent explicitly set forth in the Agreement Summary.,Yes,RUBIOSRESTAURANTSINC_03_31_2008-EX-10.75-SPONSORSHIP AGREEMENT.PDF,test
143,"Subject to the terms of this Agreement, including without limitation Section 2.2, Theravance hereby grants to GSK, and GSK accepts, an exclusive license in the Field under the Theravance Patents, Theravance Know-How and Theravance's rights in the Joint Inventions to make, have made use, sell, offer for sale and import Collaboration Products in the Territory.",Yes,"INNOVIVA,INC_08_07_2014-EX-10.1-COLLABORATION AGREEMENT.PDF",test
144,"Kitov hereby grants to Dexcel a fully paid, limited license right to use all of its Confidential Information and Intellectual Property Rights (including, inter alia, the Kitov Foreground IP, Kitov Data, Kitov's share of the Joint IP, and the Trademark (""Kitov Product IP"")) necessary in order for Dexcel to manufacture, Label, package with the Livery, test and release the Product for shipment, exclusively for Kitov, for and during the Term.",Yes,KitovPharmaLtd_20190326_20-F_EX-4.15_11584449_EX-4.15_Manufacturing Agreement.pdf,test
145,University hereby grants to ArTara an exclusive Right of Reference to all Program Regulatory Filings by University in support of the Product.,Yes,ArtaraTherapeuticsInc_20200110_8-K_EX-10.5_11943350_EX-10.5_License Agreement.pdf,test
146,"Qualigen hereby appoints Sekisui, and Sekisui accepts the appointment to act on an exclusive basis pursuant to the terms and conditions of this Agreement, as a distributor for the sale of the Products in the Territory.",Yes,RitterPharmaceuticalsInc_20200313_S-4A_EX-10.54_12055220_EX-10.54_Development Agreement.pdf,test
147,"During the term of this Agreement, Sabco will not ----------- represent or accept as a primary, secondary, or associate sponsor any other company reasonably deemed to be competitive with Prolong products.",Yes,PROLONGINTERNATIONALCORP_03_23_1998-EX-10.16-SPONSORSHIP AGREEMENT.PDF,test
148,"If the Client, in its reasonable discretion, consents, the Client is hereby granted an exclusive, worldwide, royalty-free, perpetual, irrevocable license to use, distribute, modify, publish, and otherwise exploit the incorporated items in connection with the work product developed for the Client.",Yes,ClickstreamCorp_20200330_1-A_EX1A-6 MAT CTRCT_12089935_EX1A-6 MAT CTRCT_Development Agreement.pdf,test
149,"Subject to Client's prior written approval in each case, EFS shall have the right to work with Client's manufacturers for the production of Merchandise that will be designed and offered for sale exclusively via the Playboy Commerce Business.",Yes,PlayboyEnterprisesInc_20090220_10-QA_EX-10.2_4091580_EX-10.2_Content License Agreement_ Marketing Agreement_ Sales-Purchase Agreement1.pdf,test
150,"Company hereby appoints Distributor as Company's exclusive distributor within the Market and grants to Distributor the exclusive right to sell and distribute Products within the Market, and Distributor hereby accepts such appointment and such grant, in accordance with the terms and conditions of this Agreement.",Yes,LIMEENERGYCO_09_09_1999-EX-10-DISTRIBUTOR AGREEMENT.PDF,test
151,"Party B and its affiliates will be the exclusive provider of real estate and home furnishing information, products and data in Party A's real estate and home furnishing channel.",Yes,LEJUHOLDINGSLTD_03_12_2014-EX-10.34-INTERNET CHANNEL COOPERATION AGREEMENT.PDF,test
152,"During the Term (the ""Exclusivity Period""), Smith hereby represents, warrants and agrees that he will not: (i) render any services in commercials or advertisements on behalf of any computer game or videogame sports software product or service, or (ii) authorize the use of Smith's Likeness in connection with any computer game or videogame golf instruction related sports software product or service.",Yes,"HALITRON,INC_03_01_2005-EX-10.15-SPONSORSHIP AND DEVELOPMENT AGREEMENT.PDF",test
153,"You must display all material, including brochures and promotional material we provide for System Hotels and Network Hotels, and allow advertising and promotion only of System Hotels and Network Hotels on the Hotel Site, unless we specifically direct you to include advertising or promotion of Other Hotels;",Yes,"HOSPITALITYINVESTORSTRUST,INC_04_07_2014-EX-10.26-FRANCHISE AGREEMENT.PDF",test
154,"BOSCH hereby grants CLIENT the ""Exclusive Distribution License Rights"" sell and distribute the Products within the ""Territory"".",Yes,"XLITECHNOLOGIES,INC_12_02_2015-EX-10.02-STRATEGIC ALLIANCE AGREEMENT.PDF",test
155,PPI hereby grants to EKR a royalty free and exclusive license (with the right to sublicense) to use the Trademarks in the Territory solely in connection with the exercise of the Distribution Rights in the Territory during the Term (and thereafter as set forth in Section 17.4) and EKR shall market and sell the Products under the Trademarks.,Yes,"PACIRA PHARMACEUTICALS, INC. - A&R STRATEGIC LICENSING, DISTRIBUTION AND MARKETING AGREEMENT .PDF",test
156,"Channel Partner accepts iPass as the exclusive provider to Channel Partner for all services of the nature of the Services. In no event may Channel Partner resell or otherwise provide the Service to any third party for purposes of further ""down channel"" resale of the Services, absent iPass' notice and consent.",Yes,IpassInc_20181203_8-K_EX-99.1_11445874_EX-99.1_Reseller Agreement.pdf,test
157,"Subject to the terms of this Agreement, PPI hereby appoints EKR and EKR agrees to be retained as the exclusive distributor, and Authorized Distributor of Record, of the Products in the Field in the Territory during the Term to market, distribute, warehouse and sell the Products.",Yes,"PACIRA PHARMACEUTICALS, INC. - A&R STRATEGIC LICENSING, DISTRIBUTION AND MARKETING AGREEMENT .PDF",test
158,"Biocept will have sole responsibility for performing the Technical Component of all Tests sold by the parties, until and unless Life Technologies obtains the right from Biocept to independently develop its own Tests in accordance with all applicable FDA regulatory requirements, as provided for in Section 7.1.",Yes,BIOCEPTINC_08_19_2013-EX-10-COLLABORATION AGREEMENT.PDF,test
159,"Except as provided in the next sentence, the license granted herein shall be exclusive.",Yes,SimplicityEsportsGamingCompany_20181130_8-K_EX-10.1_11444071_EX-10.1_Franchise Agreement.pdf,test
160,"The Company appoints the Distributor as an exclusive distributor of Products in the Market, subject to the terms and conditions of this Agreement.",Yes,LIMEENERGYCO_09_09_1999-EX-10-DISTRIBUTOR AGREEMENT.PDF,test
161,"Prior to the [ * ], neither Ono or its Affiliates, nor Array or its Controlled Affiliates, shall Commercialize in the Ono Territory: (i) a product that includes, as an active pharmaceutical ingredient, an agent that is a [ * ] (other than Binimetinib), or (ii) a product that includes, as an active pharmaceutical ingredient, an agent that is a [ * ] (other than Encorafenib), or grant the right to a licensee or distributor to Commercialize in the Ono Territory any of the above described products (each a ""Competing Product""). I",Yes,"Array BioPharma Inc. - LICENSE, DEVELOPMENT AND COMMERCIALIZATION AGREEMENT.PDF",test
162,The Driver shall not drive any other race vehicle for any other sponsor than Logan's without prior written notice from SRP to Logan's.,Yes,LOGANSROADHOUSEINC_03_27_1998-EX-10.17-SPONSORSHIP AGREEMENT.PDF,test
163,"Subject to the terms and conditions of this Agreement including Article 12 above, FG hereby grants to Astellas an exclusive license under the FG Technology to: use, package, sell, have sold, import, market and otherwise distribute the Lead Compounds for use solely in the Field in the Astellas Territory",Yes,FIBROGENINC_10_01_2014-EX-10.11-COLLABORATION AGREEMENT.PDF,test
164,"Subject to the terms and conditions of this Agreement, MacroGenics hereby grants to Green Cross an exclusive, royalty- bearing (i) license, with the right to grant sublicenses (subject to Section 10.1(b)), under the MacroGenics Licensed Technology and the MacroGenics Licensed Trademarks; and (ii) to the extent needed under this Section 10.1(a), sublicense under the MacroGenics Licensed Technology licensed pursuant to the Upstream Agreements, in the case of each of (i) and (ii), to conduct the Phase I Clinical Development Plan and Phase II Clinical Development Plan, and to distribute, sell, offer for sale and import Products in the Field in the Territory during the Term.",Yes,MACROGENICSINC_08_02_2013-EX-10-COLLABORATION AGREEMENT.PDF,test
165,"Subject to the terms and conditions of this Agreement, PcoMed hereby grants to Integra and its Affiliates a sole and exclusive worldwide right to sell and commercialize Integra Products treated by PcoMed, with the PcoMed Surface Modification Technology (the ""Right"") for use in the Field in the Territory, including the right to conduct research and development in support of any of the foregoing.",Yes,SEASPINEHOLDINGSCORP_10_10_2018-EX-10.1-SUPPLY AGREEMENT.PDF,test
166,"Auriemma expressly agrees and undertakes that: a) The right to use the Auriemma Identification has not been previously granted nor will it be granted to anyone other than Berkshire for use during the Contract Period within the Contract Territory in connection with the advertisement, promotion and sale of products and services which are the same as or similar to any of the Financial Services;",Yes,BerkshireHillsBancorpInc_20120809_10-Q_EX-10.16_7708169_EX-10.16_Endorsement Agreement.pdf,test
167,"During the first five (5) years of the Term, with respect to the Bulk Vehicle Gel, Intermediate Drug Product and Finished Product, Vericel shall order and purchase such Products exclusively from MediWound in accordance with the terms of this Agreement; provided, however, Vericel may Manufacture or have Manufactured the Products (a) upon the occurrence of a Supply Failure with respect to any Product hereunder, or (b) as otherwise permitted under the terms of the License Agreement or this Agreement.",Yes,VERICELCORP_08_06_2019-EX-10.10-SUPPLY AGREEMENT.PDF,test
168,"Subject to the terms of this Agreement, subject to Manufacturer meeting EMV's requirements for quality, price and lead- time, EMV hereby grants Manufacturer an exclusive, non-transferable, license (without the right to sublicense) under EMV's Proprietary Rights in the Territory, during the term of this Agreement, to copy the EMV firmware as may be provided by EMV from time to time onto Product units in the manufacturing process at each EMV-approved Manufacturer manufacturing facility.",Yes,ELECTRAMECCANICA VEHICLES CORP. - Manufacturing Agreement .PDF,test
169,"Go Call shall not engage in the same or similar promotions during the Term of this Agreement with any other entity providing paging services, equipment or other related products and services.",Yes,GOCALLINC_03_30_2000-EX-10.7-Promotion Agreement.PDF,test
170,"Distributor shall be entitled to advertise, promote, market or<omitted>solicit any Customers that have a business presence outside the Territory, except that Distributor shall not conduct solicitation activities in any outside territory where Hydraspin is bound to an exclusive distributor agreement with a third party, provided that Hydraspin has notified Distributor in writing of its arrangements with the other distributor and of the territory which is subject to exclusivity in favor of the other distributor.",Yes,WaterNowInc_20191120_10-Q_EX-10.12_11900227_EX-10.12_Distributor Agreement.pdf,test
171,"Pey Dirt grants to Company the exclusive right and license to use Manning Identification within the Contract Territory during the Contract Period in connection with the advertisement and promotion by Company of Products in television, radio, print and point of purchase.",Yes,WARNINGMANAGEMENTSERVICESINC_12_10_1999-EX-10-ENDORSEMENT AGREEMENT.PDF,test
172,"Solely in the event that this Agreement is terminated by Bioeq pursuant to Sections 15.2.1, 15.2.2, 15.2.3, 15.2.4, 15.2.8 or 15.2.9 or by Licensee pursuant to Section 15.2.5 , Licensee shall grant, and hereby grants to Bioeq an exclusive, royalty-free, fully paid, sublicenseable, license to use the Licensee-Controlled Trademarks which were actually used by Licensee to Commercialize the Licensed Products in the Territory in connection with Bioeq's Commercialization of the Licensed Products in the Territory.",Yes,CoherusBiosciencesInc_20200227_10-K_EX-10.29_12021376_EX-10.29_Development Agreement.pdf,test
173,"In order to allow SC&W to expand the distribution system in Nevada with select and controlled subagents, an exclusive agency agreement will be negotiated which will spell out the terms and conditions of the relationship.",Yes,AMERICANPHYSICIANSCAPITALINC_03_31_2003-EX-10.26-AGENCY AGREEMENT.PDF,test
174,Franchisee also acknowledges that Pretzel Time has granted the Franchise to Franchisee in consideration of and reliance upon Franchisee's agreement to deal exclusively with Pretzel Time.,Yes,MRSFIELDSORIGINALCOOKIESINC_01_29_1998-EX-10-FRANCHISE AGREEMENT.PDF,test
175,"Notwithstanding the foregoing, Women.com shall be entitled to (aa) provide mini and micro web sites and Women.com promotions and sponsorships to Jenny Craig; (bb) sell, display, or distribute advertisements, including banner advertisements, newsletter placements, internet radio, commerce placements and market research, or otherwise promote Competitive Companies on pages other than the Gateway Page of the Diet Center.",Yes,EdietsComInc_20001030_10QSB_EX-10.4_2606646_EX-10.4_Co-Branding Agreement.pdf,test
176,"Without Party A's consent, Party B may not enter into with any third party any agreement or cooperation which is identical with or similar to this Agreement.",Yes,PhoenixNewMediaLtd_20110421_F-1_EX-10.17_6958322_EX-10.17_Content License Agreement.pdf,test
177,Any and all references in the Distributor Agreement to the rights granted to Licensee as non-exclusive rights are hereby amended to provide that such rights are<omitted>exclusive rights (including without limitation such references in Sections 2.1,Yes,NEONSYSTEMSINC_03_01_1999-EX-10.5-DISTRIBUTOR AGREEMENT_Amendment.pdf,test
178,"You will not sell or lease Products at any location other than within Your Exclusive Territory, engage in mail order sales of Products or supply Products to others for resale or lease at any other location.",Yes,AIRTECHINTERNATIONALGROUPINC_05_08_2000-EX-10.4-FRANCHISE AGREEMENT.PDF,test
179,"Forty Niners SC shall not enter into a sponsorship agreement with a party with respect to the Product and Services Category, provided however, that Forty Niners SC shall be permitted to enter into a sponsorship agreement with any party that enters into a naming rights agreement with SCSA for the Stadium, provided that if SCSA enters into a naming rights agreement for the Stadium with a party that is in the Products and Services Category, Sponsor may immediately terminate this Agreement and receive a pro rated refund of any amounts paid by Sponsor for the unexpired Contract Year in which the termination occurs.",Yes,VIOLINMEMORYINC_12_12_2012-EX-10.14-SPONSORSHIP AGREEMENT.PDF,test
180,"Aucta, for itself and its Affiliates, hereby grants to ETON in accordance with the terms and conditions of this Agreement, an exclusive (even as to and against Aucta in the Territory) right and license, including the right to sublicense, to the Products (or any components thereof), Dossiers, and all current and future Aucta Background Intellectual Property that is owned or controlled by Aucta or its Affiliates for ETON to develop, manufacture, import, use, promote, distribute, market, advertise, offer for sale or sell (collectively, ""Market"") the Products in and for the Territory.",Yes,EtonPharmaceuticalsInc_20191114_10-Q_EX-10.1_11893941_EX-10.1_Development Agreement.pdf,test
181,"""Exclusivity"" shall mean that Franchisor shall not grant any further licenses to third parties in the Trademarks for use in connection with Smaaash Centres in the Territory, and the Franchisee shall not enter into any arrangement or agreement with any third parties for establishing or operating any gaming and entertainment centres identical or similar to Smaaash Centres, in the Territory except as otherwise provided in this Agreement; provided, however, that Franchisor may continue to use the Trademarks in the Territory in connection with the operation of Franchisor's entertainment centers already set up as of the Effective Date in the Territory. The restriction contained in this Agreement shall apply on the parties throughout the Term.",Yes,SimplicityEsportsGamingCompany_20181130_8-K_EX-10.1_11444071_EX-10.1_Franchise Agreement.pdf,test
182,"CytoDyn hereby grants to Vyera, and Vyera hereby accepts, an exclusive royalty-bearing license (or sublicense, as the case may be), under the CytoDyn Patents, the CytoDyn Know-How and the Inventions (if any) solely to Commercialize, use, have used, offer for sale and sell Licensed Products in the Field in the Territory.",Yes,CytodynInc_20200109_10-Q_EX-10.5_11941634_EX-10.5_License Agreement.pdf,test
183,"For the avoidance of doubt, the parties acknowledge that the foregoing restriction applies only to persistent sponsorship placement as judged by Sponsor at its discretion, and not to run-of-site banner advertisements or other rotating promotional placements.",Yes,EmbarkComInc_19991008_S-1A_EX-10.10_6487661_EX-10.10_Co-Branding Agreement.pdf,test
184,"In the event the Distributor loses exclusivity on a territory due to not meeting Performance Benchmarks, the Distributor shall maintain exclusivity on any and all existing Products that are in the field and operating at them time exclusivity if forfeited.",Yes,WaterNowInc_20191120_10-Q_EX-10.12_11900227_EX-10.12_Distributor Agreement.pdf,test
185,"Party A irrevocably undertakes that, without Party B's consent, Party A shall not conduct any other business or make any commercial arrangement, including without limitation being engaged in or otherwise participating in any commercial activities and businesses independently or together with any other person or entity, nor shall it carry out any activities that may be competitive with or cause adverse effect to Party B's business.",Yes,TUNIUCORP_03_06_2014-EX-10-COOPERATION AGREEMENT.PDF,test
186,"In consideration of the payments, through the issuance of securities to AJR as provided for in Section 3 hereof, AJR agrees to designate XC as an associate sponsor and the ""exclusive technology sponsor"" for wearable computer technology"" of the Team for the Season and grants to XC the rights and benefits of such sponsorship as more fully set forth herein.",Yes,XYBERNAUTCORP_07_12_2002-EX-4-SPONSORSHIP AGREEMENT.PDF,test
187,"The Professional grants to the Company the exclusive worldwide right and license to use his name, autograph, likeness, photographs, electronic media depiction, signature and any other words, symbols or depiction's which would identify the Professional to the public in connection with the advertising, promotion, publicizing, sale and distribution of Haley apparel by the Company.",Yes,SPORTHALEYINC_09_29_1997-EX-10.2-10-ENDORSEMENT AGREEMENT.PDF,test
188,"In exchange for Company's contributions and obligations under this Agreement, Reed's grants Company the exclusive right to manufacture, package, promote, sell and distribute the Products (if and to the extent approved by the Development Committee), subject to the terms and conditions of a separate Manufacturing and Distribution Agreement to be entered into by the parties concurrently with this Agreement, as it may be amended, modified, supplemented or restated from time to time (the ""Manufacturing and Distribution Agreement"").",Yes,ReedsInc_20191113_10-Q_EX-10.4_11888303_EX-10.4_Development Agreement.pdf,test
189,"Although we will not seek to operate or grant others the right to operate a The Joint Corp. Location within the same general area as the Premises, we make no guarantee of any protected territory.",Yes,JOINTCORP_09_19_2014-EX-10.15-FRANCHISE AGREEMENT.PDF,test
190,"The Company and the Trust (together, the ""Issuers"") hereby appoint Barclays as exclusive remarketing agent (the ""Remarketing Agent""), and Barclays hereby accepts appointment as Remarketing Agent, for the purpose of (i) remarketing the Remarketing Securities on behalf of the holders thereof and (ii) performing such other duties as are assigned to the Remarketing Agent in the Remarketing Procedures, all in accordance with and pursuant to the Remarketing Procedures.",Yes,"Reinsurance Group of America, Incorporated - A&R REMARKETING  AGREEMENT.PDF",test
191,"In addition, such license for Translated Content shall be Exclusive for Display on the Open Free Web.",Yes,RemarkHoldingsInc_20081114_10-Q_EX-10.24_2895649_EX-10.24_Content License Agreement.pdf,test
192,"Neither party will solicit or enter into any agreement with any third party regarding the bundling of the Wireless Products with any other property (including a Fox property) or with any other products and services including preloading, OEM and soft bundling, except as mutually agreed between the parties.",Yes,GluMobileInc_20070319_S-1A_EX-10.09_436630_EX-10.09_Content License Agreement1.pdf,test
193,"During the License Term (which is identified in the Deal Terms), Producer agrees that ConvergTV has the exclusive right to exercise the rights granted to it under this Agreement with respect to the Program, including those in Section 1, within the Licensed Territory.",Yes,FulucaiProductionsLtd_20131223_10-Q_EX-10.9_8368347_EX-10.9_Content License Agreement.pdf,test
194,"Subject to Section 2(e), the grant set out in Clause 2(b)(i) is exclusive such that Ehave shall not license any other Person to, nor may Ehave itself, license, sub-license the use of, or provide services similar to, the Ehave Companion Solution within the Field of Use anywhere in the Territory.",Yes,EhaveInc_20190515_20-F_EX-4.44_11678816_EX-4.44_License Agreement_ Reseller Agreement.pdf,test
195,"Zogenix shall supply (or have supplied) to Distributor, in accordance with the terms set forth on Exhibit 2.3, and Distributor shall purchase exclusively from Zogenix, Distributor's and its Affiliates' and Sub- distributors' Unlabeled Drug Product requirements of the Product for sale by Distributor or its Affiliates or Sub-distributors in the Territory in the Field, subject to and under the provisions of Section 5.2 and the Supply Agreement.",Yes,ZogenixInc_20190509_10-Q_EX-10.2_11663313_EX-10.2_Distributor Agreement.pdf,test
196,"Celebrity represents and warrants that during the Term and in the Territory, Celebrity will not endorse or make any appearances or advertisements on behalf of any other multivitamin.",Yes,PharmagenInc_20120803_8-KA_EX-10.1_7693204_EX-10.1_Endorsement Agreement.pdf,test
197,"SFJ shall use commercially reasonable efforts to obtain from each Third Party contractor that SFJ or its Affiliate proposes to engage to conduct activities under or in connection with this Agreement on behalf of SFJ or its Affiliates (i) an assignment, (ii) an exclusive, worldwide, royalty-free, fully-paid, freely-assignable license, with the right to sublicense through multiple tiers, or (iii) a non‑exclusive, worldwide, royalty-free, fully-paid, freely-assignable license, with the right to sublicense through multiple tiers ((i) through (iii) in order of preference), to PB of any Trial Invention that such Third Party contractor conceives, discovers, develops or otherwise makes in connection with activities conducted relating to this Agreement.",Yes,PhasebioPharmaceuticalsInc_20200330_10-K_EX-10.21_12086810_EX-10.21_Development Agreement.pdf,test
198,"If and to the extent that, as a matter of Law in any jurisdiction, ownership, title, or any rights or interest in or to any of the Assigned IP cannot be assigned as provided in Section 2.1(b)(i), (A) the Seller irrevocably agrees to (and shall cause the other Seller Parties to) assign and transfer, and the Seller hereby assigns and transfers (and shall cause the other Seller Parties to assign and transfer) to the Purchaser Assignees all rights (including all economic and commercialization rights) that can be assigned pursuant to Section 2.1(b)(i) to the fullest extent permissible, and (B) the Seller hereby grants to the Purchaser Assignees, and hereby agrees to cause the other Seller Parties to grant to the Purchaser Assignees, an unlimited, exclusive, irrevocable, assignable, transferable, sublicenseable, worldwide, perpetual, royalty-free, fully-paid up license to use, exploit, and commercialize in any manner now known or in the future discovered and for whatever purpose, any and all rights to Assigned IP that cannot be assigned as contemplated by Section 2.1(b)(i).",Yes,ZEBRATECHNOLOGIESCORP_04_16_2014-EX-10.1-INTELLECTUAL PROPERTY AGREEMENT.PDF,test
199,"The license hereby granted shall be exclusive as to the products described in subparagraphs 2.(a)(1) and (2) of this Agreement, but nonexclusive as to all other products covered by this Agreement.",Yes,AMBASSADOREYEWEARGROUPINC_11_17_1997-EX-10.28-ENDORSEMENT AGREEMENT.PDF,test
200,In no event will Excite enter into arrangements to make available opportunities to purchase Music Products from parties other than Sponsor that would prevent Sponsor from being the exclusive source of such Music Products on the Excite Site once the Music Products become available through Sponsor.,Yes,N2KINC_10_16_1997-EX-10.16-SPONSORSHIP AGREEMENT.PDF,test
201,"HDI shall have the exclusive right to use of the ""Deerskin"" brand for a self-contained web site for the offering of Deerskin Products directly to the consumer on the Internet.",Yes,AMERICASSHOPPINGMALLINC_12_10_1999-EX-10.2-SITE DEVELOPMENT AND HOSTING AGREEMENT.PDF,test
202,"The Professional agrees that, with respect to men's apparel, he will exclusively endorse and use exclusively in play, practice, exhibits, clinics and other events open to the media or public, Haley brand apparel which shall consist of shirts, vests, jackets, sweaters, pants and shorts (if permitted by applicable rules).",Yes,SPORTHALEYINC_09_29_1997-EX-10.2-10-ENDORSEMENT AGREEMENT.PDF,test
203,"PaperExchange hereby grants VerticalNet an exclusive license to use, modify, enhance, reproduce, display, perform and transmit the PaperExchange Content, subject to and in accordance with the terms, conditions and provisions of this Agreement.",Yes,PaperexchangeComInc_20000322_S-1A_EX-10.4_5202103_EX-10.4_Co-Branding Agreement.pdf,test
204,"ALFA AESAR agrees not to manufacture, buy, sell, distribute, deal in or be the agent for any products with the specifications of any of the Products, excluding any preexisting ALFA AESAR products.",Yes,NANOPHASETECHNOLOGIESCORP_11_01_2005-EX-99.1-DISTRIBUTOR AGREEMENT.PDF,test
205,"Without limitation of the preceding sentence or any other provision of this Agreement, Allied shall identify and name Newegg as a Founding Partner, and as the exclusive Technology E-Commerce (or E-tail) Partner, of the Arena and in all of Allied's marketing materials in connection with the Arena where reasonably practicable.",Yes,AlliedEsportsEntertainmentInc_20190815_8-K_EX-10.34_11788308_EX-10.34_Sponsorship Agreement.pdf,test
206,"The License Rights are exclusive to Berkshire and may not be assigned or in any way conveyed by Berkshire without Auriemma's express written consent, except in the event of a merger by Berkshire with another entity offering Banking Services.",Yes,BerkshireHillsBancorpInc_20120809_10-Q_EX-10.16_7708169_EX-10.16_Endorsement Agreement.pdf,test
207,"Distributor will not purchase Products for resale to any Reseller from any person or entity other than Cisco, provided that Distributor may accept returned Product from Resellers if Distributor initially sold the Product to be returned to such Reseller. [*****]",Yes,ScansourceInc_20190822_10-K_EX-10.38_11793958_EX-10.38_Distributor Agreement1.pdf,test
208,"From and after the expiration of this Agreement, Ono shall have the exclusive, fully paid up, royalty- free right to use (i) Product Trademarks assigned to Ono under Section 12.2, and (ii) those Domain Names licensed to Ono under Section 12.6, in each case solely for purposes of, and to the extent necessary, for Ono to continue to Commercialize the Products in the Field in the Ono Territory.",Yes,"Array BioPharma Inc. - LICENSE, DEVELOPMENT AND COMMERCIALIZATION AGREEMENT.PDF",test
209,Fox has not granted and will not grant any exclusive distribution rights with respect to the Wireless Products to VGSL or any other party,Yes,GluMobileInc_20070319_S-1A_EX-10.09_436630_EX-10.09_Content License Agreement1.pdf,test
210,"Upon the terms and subject to the conditions of this Agreement, Developer hereby grants to Distributor an exclusive, non-transferable fight and license to market and distribute the Products in the Territory.",Yes,HYPERIONSOFTWARECORP_09_28_1994-EX-10.47-EXCLUSIVE DISTRIBUTOR AGREEMENT.PDF,test
211,"SIERRA hereby grants ENVISION an exclusive, royalty-free sub-license of the Product's future patents, and patent applications to distribute, sell and market the Finished Product.",Yes,"LEGACYTECHNOLOGYHOLDINGS,INC_12_09_2005-EX-10.2-DISTRIBUTOR AGREEMENT.PDF",test
212,"Subject to the terms of this Agreement, including without limitation Section 2.2, Theravance grants to GSK an exclusive license in the Field under the Theravance Patents, Theravance Know-How and Theravance's rights in the Joint Inventions to make and have made API Compound or formulated Collaboration Product in the Territory.",Yes,"INNOVIVA,INC_08_07_2014-EX-10.1-COLLABORATION AGREEMENT.PDF",test
213,"Notwithstanding the foregoing, VerticalNet's activities in connection with its ""Storefronts"" and ""E-Commerce Centers"" (as conducted today, in a fashion substantially similar to the manner in which such activities are conducted today or as otherwise mutually agreed upon by the parties, which agreement shall not be unreasonably withheld or delayed) shall not be considered to be a breach of Section 2.1 [MEDICAL PRODUCTS], 2.2 [MEDICAL PRODUCTS] or 2.3 [MEDICAL PRODUCTS].",Yes,NeoformaInc_19991202_S-1A_EX-10.26_5224521_EX-10.26_Co-Branding Agreement.pdf,test
214,"Auriemma grants to Berkshire the exclusive right and license (the ""License Rights"") to use the Auriemma Identification during the Contract Period and throughout the Contract Territory solely in connection with the advertisement and promotion of Berkshire and the Financial Services;",Yes,BerkshireHillsBancorpInc_20120809_10-Q_EX-10.16_7708169_EX-10.16_Endorsement Agreement.pdf,test
215,"Starting on the Effective Date, Antares or its Subcontractor shall provide the Manufacturing Services in order to manufacture Devices, Products, sample Products and Trainers exclusively for AMAG for the Territory, all in accordance with the Specifications, Applicable Laws, Quality Agreement and this Agreement.",Yes,"Antares Pharma, Inc. - Manufacturing Agreement.PDF",test
216,"During the Term, [***], ACSI will not offer or sell through the ACSI Site, or authorize any third party to sell through the ACSI Site, any Exclusive Spoken-Word Audio Products; [***].",Yes,AudibleInc_20001113_10-Q_EX-10.32_2599586_EX-10.32_Co-Branding Agreement_ Marketing Agreement_ Investment Distribution Agreement.pdf,test
217,"Sekisui shall purchase the Products exclusively from Qualigen, and Qualigen shall supply the Products exclusively to Sekisui, in each case for the Territory.",Yes,RitterPharmaceuticalsInc_20200313_S-4A_EX-10.54_12055220_EX-10.54_Development Agreement.pdf,test
218,"ALFA AESAR agrees that, so long as NTC provides ALFA AESAR with Products for ALFA AESAR' S marketing, sale and distribution of Research Quantities of the Products within the Territory, ALFA AESAR shall purchase all its requirements of the Products (including nanomaterials with physical or chemical properties substantially the same as the Products) exclusively from NTC during the term of this Agreement, ALFA AESAR shall: i) buy the Products in quantities listed in Schedule A and repackage into the research sample quantities as it deems reasonable and appropriate for distribution and sale on a worldwide basis at such resale prices it shall determine from time to time, provided that any such repackaging shall comply with applicable safety laws and regulations; ii) attempt to keep reasonably sufficient stocks of the Products to meet customer orders and to store such stocks in such conditions as NTC may recommend from time to time to prevent deterioration or damage.",Yes,NANOPHASETECHNOLOGIESCORP_11_01_2005-EX-99.1-DISTRIBUTOR AGREEMENT.PDF,test
219,"The Professional agrees to use only the golf clubs and golf bags of the Company in any golf event, whether professional or social, during the Term.",Yes,WOMENSGOLFUNLIMITEDINC_03_29_2000-EX-10.13-ENDORSEMENT AGREEMENT.PDF,test
220,"Subject to the terms of this Agreement, including without limitation Section 2.2, Theravance grants to GSK, and GSK accepts, an exclusive (except as to Theravance and its Affiliates) license in the Field under the Theravance Patents, Theravance Know-How and Theravance's rights in the Joint Inventions to make, have made, use and Develop Collaboration Products for Commercialization in the Territory.",Yes,"INNOVIVA,INC_08_07_2014-EX-10.1-COLLABORATION AGREEMENT.PDF",test
221,"During the Term of the Agreement, and subject to the following requirements respecting Canadian content levels as set out in paragraphs 3(f), (g) and (h), HCI shall be the exclusive health content partner in the health section of the Sympatico web site, provided however, that nothing contained herein shall prevent MediaLinx from entering into an agreement with other parties for: i) a health based web directory; or ii) other health related content whose content does not compete with the content contained on the Co-Branded Site; which in no event shall receive no more than one fifth (1/5th) of the promotion and which shall constitute no more than one fifth (1/5th) of the total health related content which resides on the home page of the Sympatico Health section.",Yes,HealthcentralCom_19991108_S-1A_EX-10.27_6623292_EX-10.27_Co-Branding Agreement.pdf,test
222,"Subject to Section 1.2, Franchisor hereby grants to Franchisee the exclusive right, (a) to establish and operate Smaaash Centres in the Territory, (b) to sub-license the right to establish and operate Smaaash Centres to third party franchisees in and for the Territory, (c) a license to use the products and other services developed by Franchisor with respect to the Smaaash Centres (including a right to authorise the use of products and services developed by the Franchisor by third party franchisees), in the Territory, and (d) to identify third party franchisees for the Smaaash Centres in the Territory.",Yes,SimplicityEsportsGamingCompany_20181130_8-K_EX-10.1_11444071_EX-10.1_Franchise Agreement.pdf,test
223,"Subject to paragraph (b) of this Section 2.5, ENERGOUS will not, and will not enable any Semiconductor Supplier, to manufacture, have manufactured, offer for sale, sell, import or export the Products or Product Die in commercial volumes, except a Semiconductor Supplier to the Key Customer for use in the Excluded Applications.",Yes,ENERGOUSCORP_03_16_2017-EX-10.24-STRATEGIC ALLIANCE AGREEMENT.PDF,test
224,"If you propose to offer for sale at the Franchised Restaurant any brand of product, or to use in the operation of the Franchised Restaurant any brand of food ingredient or other material or supply which is not then approved by us as meeting its minimum specifications and quality standards, or to purchase any product from a supplier that is not then designated by us as an approved supplier, you must first notify us and shall upon our request submit samples and such other information as we require for examination and/or testing or to otherwise determine whether such product, material or supply, or such proposed supplier meets its specifications and quality standards.",Yes,BUFFALOWILDWINGSINC_06_05_1998-EX-10.3-FRANCHISE AGREEMENT.PDF,test
225,Lucid appoints the Distributor and the Distributor accepts appointment as an exclusive authorized Lucid Distributor.,Yes,LUCIDINC_04_15_2011-EX-10.9-DISTRIBUTOR AGREEMENT.PDF,test
226,"HEMISPHERX hereby grants to SCIEN and SCIEN hereby accepts the right, privilege and exclusive license to use of ""Interferon alfa-n3 (human leukocyte derived)"" solely in connection with the terms of the Sales, Marketing, Distribution and Supply Agreement of Product in the Territory for the Term of this Agreement. S",Yes,"HEMISPHERX - Sales, Marketing, Distribution, and Supply Agreement.PDF",test
227,"In order to maintain the exclusivity granted hereunder, Zanotti shall provide Aura with orders for a minimum of (i) one thousand (1,000) AETRU Systems during the first twenty-four (24) months of this Agreement and (ii) seven hundred and fifty (750) AETRU Systems per year thereafter for so long as this Agreement remains in effect (the ""Minimum Order"").",Yes,AURASYSTEMSINC_06_16_2010-EX-10.25-STRATEGIC ALLIANCE AGREEMENT.PDF,test
228,"T&B shall not, during the Term, grant any third party a license to use the Licensed Intellectual Property within the Exclusive Field of Use.",Yes,LegacyEducationAllianceInc_20200330_10-K_EX-10.18_12090678_EX-10.18_Development Agreement.pdf,test
229,All such Contractors must process Merchant applications and transactions exclusively through Network 1.,Yes,UsioInc_20040428_SB-2_EX-10.11_1723988_EX-10.11_Affiliate Agreement 2.pdf,test
230,"CONSULTANT hereby gives and grants to ADAMS GOLF the exclusive right and license to use CONSULTANT'S ENDORSEMENT in connection with the manufacture, sale, distribution, advertising and promotion of PRODUCT in the CONTRACT TERRITORY.",Yes,ADAMSGOLFINC_03_21_2005-EX-10.17-ENDORSEMENT AGREEMENT.PDF,test
231,"For purposes of this Agreement, ""Women.com Competitive Company"" means any company that Women.com reasonably presents as, and eDiets reasonably agrees is, a direct competitor to Women.com by providing an on-line portal for women, including, but not limited to, Oxygen Media and iVillage,",Yes,EdietsComInc_20001030_10QSB_EX-10.4_2606646_EX-10.4_Co-Branding Agreement.pdf,test
232,"Subject to the provisions of this Agreement, Airspan hereby appoints Distributor as an independent, exclusive distributor to assist Airspan in marketing the Airspan Products to customers in the Territory, and Distributor hereby accepts such appointment as of the Effective Date of this Agreement.",Yes,AIRSPANNETWORKSINC_04_11_2000-EX-10.5-Distributor Agreement.PDF,test
233,"Company agrees that no other Distributor will be appointed in any other state as a Distributor unless it is either the Company or Distributor, save and except for the state of Florida.",Yes,SmartRxSystemsInc_20180914_1-A_EX1A-6 MAT CTRCT_11351705_EX1A-6 MAT CTRCT_Distributor Agreement.pdf,test
234,"Subject to the provisions of Section 8.2, if the Company determines to solicit additional equity financing subsequent to exercise of the Option but prior to Commencement of Production (hereinafter defined) at the El Aguila project, it shall provide written notice to that effect to HOC and HOC shall be entitled to exclusively provide such financing upon the terms and conditions hereinafter set forth.",Yes,GOLDRESOURCECORP_12_11_2008-EX-10.1-STRATEGIC ALLIANCE AGREEMENT.PDF,test
235,Agent's appointment shall be exclusive for the Kallo Mobile care suite of products and services marked in Schedule A to this Agreement.,Yes,KALLOINC_11_03_2011-EX-10.1-STRATEGIC ALLIANCE AGREEMENT.PDF',test
236,"Each Party agrees that it will not circumvent or attempt to circumvent the other by contacting or participating with any third party with respect to, or otherwise attempting to consummate, the transactions contemplated by this Agreement, except in participation with each other.",Yes,USASYNTHETICFUELCORP_10_21_2010-EX-10.10-STRATEGIC ALLIANCE AGREEMENT.PDF,test
237,"Subject to the terms and conditions hereof, Monsanto hereby appoints and agrees to use the Agent, and the Agent hereby agrees to serve, as Monsanto's exclusive agent in the Lawn and Garden Market, commencing on the Effective Date, to provide certain services in connection with Monsanto's marketing, sales, and distribution of Roundup Products to Customers.",Yes,Monsanto Company - SECOND A&R EXCLUSIVE AGENCY AND MARKETING AGREEMENT .PDF,test
238,"Subject to the terms and conditions of this Agreement, PACIFICAP ENTERTAINMENT hereby grants to THE HENRY FILM AND ENTERTAINMENT CORPORATION, under PACIFICAP ENTERTAINMENT'S full ownership and or fully authorized licensing Rights of Content (a) A 10 year exclusive, worldwide license to use, modify, reproduce, distribute, display and transmit any and all PACIFICAP ENTERTAINMENT nostalgic television show library Content.",Yes,PacificapEntertainmentHoldingsInc_20051115_8-KA_EX-1.01_4300894_EX-1.01_Content License Agreement.pdf,test
239,"Rubicon hereby grants to ISA during the Term and subject to the exclusions described in 2.4 below an exclusive, non-transferable license in the United States to grant licenses to use, display, perform and distribute the Rubicon Offerings and the Documentation to other resellers, including, but not limited to, distributors, Original Equipment Manufacturers, system integrators and Value-Added Resellers, for further sale and distribution to End Users for their use as described above, subject to the conditions set forth in this Agreement.",Yes,"DUOSTECHNOLOGIESGROUP,INC_04_21_2009-EX-10.1-STRATEGIC ALLIANCE AGREEMENT.PDF",test
240,The Parties acknowledge that Defra is expected to assign or license exclusively to IGER any rights in Intellectual Property which would vest in Defra or the Crown or the Secretary of State pursuant to the DEFRA agreement NF 0426.,Yes,"CERES,INC_01_25_2012-EX-10.20-Collaboration Agreement.PDF",test
241,Kiromic is committed to sharing patents and know-how in relation to the following products which will be licensed to the JV exclusively for the application in the specific and limited field of sars-cov-2 threat and relative disease COVID-19: (i) VAPAs-Viral Antigen Proteins Associated © (Kiromic-2020) derived from Diamonds AI - Artificial Intelligence Platform for Discovery and Prediction Antigen Protein (ii) Platform of DC Vaccines (dendritic cell vaccine) - for therapeutic purposes - nominated BSK 01; (iii) Oral Delivery Platform for Prophylactic Vaccine - accompanying immuno-boosting therapy - therapeutic vaccine administration - nominated BSK02 (iv) Other patents eventually applicable in the specific field.,Yes,"KIROMICBIOPHARMA,INC_04_08_2020-EX-10.28-JOINT VENTURE AGREEMENT.PDF",test
242,"Hydraspin certifies, stipulates, and agrees that the Hydraspin will deal exclusively with and through the Distributor in relation to the distribution of the Products in the Territory",Yes,WaterNowInc_20191120_10-Q_EX-10.12_11900227_EX-10.12_Distributor Agreement.pdf,test
243,"The Company shall not enter into any agreement or arrangement, including without limitation any sale, license, service agreement, co-branding agreement, co-marketing agreement or linking agreement with any provider of manifesting or shipping services through non-carrier retail shipping locations; provided, however, that: (A) the Company may provide listings of carrier drop-boxes or carrier-owned counter drop-off locations specific to a particular carrier (including, without limitation, locations within retail establishments) on the Company Site, provided that such listings do not include retail shipping locations, including UPS authorized shipping outlets, FedEx authorized shipping centers and other commercial mail receiving agencies; and (B) the Company may enter into any such agreement or arrangement so long as MBE is given advance written notice of such agreement or arrangement and such agreement or arrangement prohibits the use of the Manifest or any Company Technology to manifest or ship packages for retail customers and provided further that Company terminates service to any such entity that uses the Manifest or any Company Technology to serve retail customers.",Yes,StampscomInc_20001114_10-Q_EX-10.47_2631630_EX-10.47_Co-Branding Agreement.pdf,test
244,"Subject to the provisions of this Agreement, Bioeq hereby grants to Licensee an exclusive (even as to Bioeq), milestone- and royalty-bearing, non-transferable license (including the right to grant sublicenses only to the extent permitted by Section 2.1.2) under the Licensed Technology (including the Licensed Patents) to use, sell, have sold, import, have imported or otherwise Commercialize the Licensed Products in the Field in the Territory.",Yes,CoherusBiosciencesInc_20200227_10-K_EX-10.29_12021376_EX-10.29_Development Agreement.pdf,test
245,"The Fund hereby appoints [●], and [●] hereby accepts such appointment, as the exclusive Remarketing Agent of the VRRM-MFP Shares for the Variable Rate Remarketed Mode for the purpose of establishing on each Business Day the Dividend Rate in respect of the VRRM-MFP Shares and, in connection with a tender, remarketing such VRRM-MFP Shares on behalf of the Beneficial Owners or Holders thereof, as applicable, and calculating the Purchase Price therefor, among other things; and performing such other duties as are assigned to the Remarketing Agent in the Supplement, all pursuant to the procedures set forth in the Supplement and this Agreement.",Yes,NUVEEN - REMARKETING AGREEMENT.PDF,test
246,"In the event that such assignment would be unlawful, Vyera shall, and hereby does, grant to CytoDyn an exclusive, irrevocable, worldwide, sublicensable (including through multiple tiers), transferrable (without consent) royalty free license to any and all right, title and/or interest that it may have in or to an Invention.",Yes,CytodynInc_20200109_10-Q_EX-10.5_11941634_EX-10.5_License Agreement.pdf,test
247,"If the Board elects to pursue such Neutraceutical Opportunity, the Operating Company then shall have exclusive rights to exploit such Neutraceutical Opportunity, but solely with respect to use of Astaxanthin as a Neutraceutical, and, subject to Article 8.1, the Party (or its Affiliate) that has developed, discovered or acquired such opportunity, product or process will, however, be entitled to exploit such opportunity, product or process for application outside of use of Astaxanthin as a Neutraceutical.",Yes,IGENEBIOTECHNOLOGYINC_05_13_2003-EX-1-JOINT VENTURE AGREEMENT.PDF,test
248,"Nothing in this Agreement shall be construed to prevent KI, Inc. from granting any other licenses for the use of KI's name or likeness, or from utilizing KI's name and likeness in any manner whatsoever, except that KI, Inc. agrees that except as provided herein it will grant no other licenses for the territory to which this license extends for the use of KI's name and likeness in connection with the sale of the products described in subparagraphs 2.(a)(1) and (2) of this Agreement effective during the term of this Agreement.",Yes,AMBASSADOREYEWEARGROUPINC_11_17_1997-EX-10.28-ENDORSEMENT AGREEMENT.PDF,test
249,"Within 30 days after the Effective Date, VerticalNet shall provide a copy of all VerticalNet Medical Product Listings for New Medical Products existing as of the Effective Date to Neoforma for use on Neoforma Plan, Neoforma Shop and Neoforma Auction on an exclusive basis (even as to VerticalNet), to the extent VerticalNet has the right to do so.",Yes,NeoformaInc_19991202_S-1A_EX-10.26_5224521_EX-10.26_Co-Branding Agreement.pdf,test
250,"Prior to the earlier of Investor exercising the Option and the expiration of the Option Period, Company will not grant to any Third Party any rights to the Patents or to the Technical Information that extend beyond the expiration of the Option Period.",Yes,RareElementResourcesLtd_20171019_SC 13D_EX-99.4_10897534_EX-99.4_Intellectual Property Agreement.pdf,test
251,"Allied shall not endorse, or permit the marketing of any other company whose principal business is as an e-commerce provider at or in connection with the Arena.",Yes,AlliedEsportsEntertainmentInc_20190815_8-K_EX-10.34_11788308_EX-10.34_Sponsorship Agreement.pdf,test
252,"The Manufacturer covenants not to sell any product listed in this agreement, or product name (as listed in schedule A of this agreement) to any other party without prior written consent of the Customer.",Yes,AgapeAtpCorp_20191202_10-KA_EX-10.1_11911128_EX-10.1_Supply Agreement.pdf,test
253,"Except as otherwise provided herein, and subject to the Restrictions, Nantz Communications agrees that such Products may prominently bear the Company's logo and shall not bear any other logos.",Yes,"ASHWORTHINC_01_29_1999-EX-10.(D)-PROMOTION AGREEMENT AND NANTZ COMMUNICATIONS, INC..PDF",test
254,You receive a Designated Area within which we and our affiliates shall not operate or grant to anyone else a franchise to operate a Buffalo Wild Wings or bw-3 Restaurant so long as this Agreement is in force and effect.,Yes,BUFFALOWILDWINGSINC_06_05_1998-EX-10.3-FRANCHISE AGREEMENT.PDF,test
255,"Watchit shall have the exclusive right to sell third party advertising as sponsors of their content and will have the right to brand the content under the Watchit brand and place a ""bug"" on the screen identifying the content with a Watchit trademark.",Yes,WatchitMediaInc_20061201_8-K_EX-10.1_4148672_EX-10.1_Content License Agreement.pdf,test
256,"Bioamber hereby grants Cargill, and Cargill hereby accepts, an exclusive, worldwide, royalty-free license with an unlimited right to sublicense under and to Bioamber Improvements for use outside the Field during the term of this Development Agreement",Yes,BIOAMBERINC_04_10_2013-EX-10.34-DEVELOPMENT AGREEMENT (1).pdf,test
257,The Distributor is appointed as an exclusive Distributor within the following territories: [*].,Yes,LUCIDINC_04_15_2011-EX-10.9-DISTRIBUTOR AGREEMENT.PDF,test
258,"Licensor and Licensee do hereby agree that this Amendment shall effect a change in the nature of the distributorship granted to Licensee pursuant to the Distributor Agreement from a non-exclusive to an exclusive distributorship (provided, however, that with respect to Licensor's Partitioned Database Facility product, Licensor also may license such product to International Business Machines Corporation for sublicensing and distribution).",Yes,NEONSYSTEMSINC_03_01_1999-EX-10.5-DISTRIBUTOR AGREEMENT_Amendment.pdf,test
259,"Agent, as the exclusive agent for Merchant, is authorized to conduct, advertise, post signs, utilize sign-walkers, and otherwise promote the GOB Sale as a ""going out of business"", ""store closing"", ""sale on everything"", ""everything must go"", or similar themed sale, in accordance with the Sale Guidelines (as the same may be modified and approved by the Bankruptcy Court), subject to compliance with the Sale Guidelines, the Approval Order, and all applicable federal, state, and local laws, regulations and ordinances, including, without limitation, all laws and regulations relating to advertising, privacy, consumer protection, occupational health and safety and the environment, together with all applicable statutes, rules, regulations and",Yes,BONTONSTORESINC_04_20_2018-EX-99.3-AGENCY AGREEMENT.PDF,test
260,"From time to time during the Term, VerticalNet shall provide a copy of all VerticalNet Medical Product Listings received by VerticalNet after the Effective Date to Neoforma as such Product Listings are made available to VerticalNet for use on Neoforma Plan, Neoforma Shop and Neoforma Auction on an exclusive basis (even as to VerticalNet), to the extent VerticalNet has the right to do so.",Yes,NeoformaInc_19991202_S-1A_EX-10.26_5224521_EX-10.26_Co-Branding Agreement.pdf,test
261,"Notwithstanding the foregoing, Wade agrees that for a period of ninety (90) days prior to the expiration of the Term (unless the Agreement is terminated by Wade as permitted hereunder), Naked shall have the exclusive right to negotiate for continued endorsement by Athlete of the Naked Products.",Yes,NakedBrandGroupInc_20150731_POS AM (on S-1)_EX-10.75_9196027_EX-10.75_Endorsement Agreement.pdf,test
262,"Upon the License Option Exercise Closing Date, Harpoon (on behalf of itself and its Affiliates) hereby grants to AbbVie: (a) an exclusive (including with regard to Harpoon and its Affiliates, except as provided in Section 5.6) license (or sublicense), with the right to grant sublicenses in accordance with Section 5.3, under the Harpoon Patents, the Harpoon Know-How, and Harpoon's interests in the Joint Patents and the Joint Know-How, to Exploit the Licensed Compounds and Licensed Products in the Field in the Territory; (b) an exclusive (including with regard to Harpoon and its Affiliates, except as provided in Section 5.6) license and right of reference, with the right to grant sublicenses and further rights of reference in accordance with Section 5.3, under the Regulatory Approvals and any other Regulatory Documentation that Harpoon or its Affiliates may Control with respect to the Licensed Compounds or Licensed Products solely for purposes of Exploiting the Licensed Compounds and Licensed Products in the Field in the Territory.",Yes,HarpoonTherapeuticsInc_20200312_10-K_EX-10.18_12051356_EX-10.18_Development Agreement.PDF,test
263,"Subject to Section 8.3, Distributor's right to market, distribute and sell the Products in the Territory shall be exclusive.",Yes,StaarSurgicalCompany_20180801_10-Q_EX-10.37_11289449_EX-10.37_Distributor Agreement.pdf,test
264,"Subject to the terms set forth in this agreement, Erchonia grants Distributor the exclusive, non- transferable right and license to promote, distribute and sell the Products identified in Exhibit A to those type of customer specified in Exhibit B and only within the Territory specified in Exhibit B.",Yes,InnerscopeHearingTechnologiesInc_20181109_8-K_EX-10.6_11419704_EX-10.6_Distributor Agreement.pdf,test
265,"During the Term, except as expressly provided in this Agreement, including Section 3.6 (Policy Trailer; Branded Slots); those provisions of Part A of Exhibit A that permit Network Affiliate to engage in certain Lobby Promotions; Section 3.11 (Grand Openings, Employee Uniforms), collectively, the ""Exclusivity Exceptions"", Network Affiliate shall subscribe for and NCM shall be the exclusive provider to the theatres of the services specifically set forth in the definition of the ""Service.""",Yes,DigitalCinemaDestinationsCorp_20111220_S-1_EX-10.10_7346719_EX-10.10_Affiliate Agreement.pdf,test
266,"Neoforma hereby grants VerticalNet an exclusive license to use, modify, enhance, reproduce, display, perform and transmit the Neoforma T&E Content, subject to and in accordance with the terms, conditions and provisions of this Agreement.",Yes,NeoformaInc_19991202_S-1A_EX-10.26_5224521_EX-10.26_Co-Branding Agreement.pdf,test
267,"Oceanic Time Warner Cable will use the content solely on channel 777, the Las Vegas channel.",Yes,WatchitMediaInc_20061201_8-K_EX-10.1_4148672_EX-10.1_Content License Agreement.pdf,test
268,"Without limiting Section 4(a) above, the Parties agree that *** are, at the Effective Date, primarily or exclusively known as suppliers or providers in the Product and Services Category. Accordingly, Forty Niners SC shall not solicit or enter into sponsorships with such Parties.",Yes,VIOLINMEMORYINC_12_12_2012-EX-10.14-SPONSORSHIP AGREEMENT.PDF,test
269,"Party A shall not establish any same or similar cooperative relationship with any third party in respect of such businesses nor shall it make any same or similar arrangement, unless with the prior written consent of Party B.",Yes,TUNIUCORP_03_06_2014-EX-10-COOPERATION AGREEMENT.PDF,test
270,"In this regard, it is specifically understood and agreed that CONTENT PROVIDER will not during the Term of this Agreement take any action to exploit or otherwise use, reproduce, distribute, transmit and publicly display any of the Content via the internet to Universities and College students in the People's Republic of China except for the benefit of the COMPANY.",Yes,MidwestEnergyEmissionsCorp_20080604_8-K_EX-10.2_3093976_EX-10.2_Content License Agreement.pdf,test
271,"""The Vitamin Shoppe is the proud exclusive vitamin sponsor of drkoop.com.""",Yes,DRKOOPCOMINC_04_21_1999-EX-10.28-SPONSORSHIP AGREEMENT.PDF,test
272,"Neoforma hereby grants VerticalNet an exclusive license to use, modify, enhance, reproduce, display, perform and transmit the Neoforma Career Content, subject to and in accordance with the terms, conditions and provisions of this Agreement.",Yes,NeoformaInc_19991202_S-1A_EX-10.26_5224521_EX-10.26_Co-Branding Agreement.pdf,test
273,"PaperExchange shall retain the right to place advertisements for its own account on the remaining ***** of the Third Party Advertising Allocation; provided, however, that if any portion of such Third Party Advertising Allocation remains unsold 45 days after it becomes available for advertising, VerticalNet shall have the exclusive right to arrange for third party advertising on such unsold Third Party Advertising Allocation.",Yes,PaperexchangeComInc_20000322_S-1A_EX-10.4_5202103_EX-10.4_Co-Branding Agreement.pdf,test
274,"Subject to payment of the Annual Minimum Commitment (""AMC"" - defined herein), Diversinet hereby grants to Reseller an exclusive, non- transferable and non-assignable right to market, sell, and sub-license those Diversinet products listed in Schedule 2 (the ""Products"") within the territory listed in Schedule 3 (the ""Territory"") to Canadian headquartered companies, and governmental and broader public sector entities located in Canada.",Yes,DIVERSINETCORP_03_01_2012-EX-4-RESELLER AGREEMENT.PDF,test
275,"If, at any time during the Term of this Agreement, HCI fails to meet the content requirements set out in paragraphs 3(f), (g) and (h), HCI shall no longer be entitled to be the exclusive health content partner in the health section of the Sympatico web site.",Yes,HealthcentralCom_19991108_S-1A_EX-10.27_6623292_EX-10.27_Co-Branding Agreement.pdf,test
276,"Subject to the terms and conditions of this Agreement, Licensor hereby grants to Licensee, and Licensee hereby accepts from Licensor, an exclusive, non-transferable (except as set forth in Section 10.7) and non-sublicensable (except as provided in Section 2.1(c)) license to use the Licensed Content in connection with websites associated with the Licensed Domain Names until the earlier of (i) termination or expiration of this Agreement, or (ii) termination or expiration of the Agency Agreement, provided, however, that in the event the Agency Agreement is amended or restated, such amendment or restatement shall not be deemed a termination or expiration of the Agency Agreement.",Yes,ChinaRealEstateInformationCorp_20090929_F-1_EX-10.32_4771615_EX-10.32_Content License Agreement.pdf,test
277,"The Company hereby appoints and grants Distributor the exclusive right to sell the products of the Company, including the Snotarator™ Nasal Aspirator, (""Products"") listed in the current ""Price List"" (Exhibit ""A"" attached hereto).",Yes,BLACKBOXSTOCKSINC_08_05_2014-EX-10.1-DISTRIBUTOR AGREEMENT.PDF,test
278,"Hydraspin hereby appoints Distributor, and Distributor hereby accepts appointment, as Hydraspin's exclusive distributor of the Products in the Territory during the term of this Agreement, subject to the terms and conditions of this Agreement, including, but not limited to, the satisfaction of the Performance Benchmarks.",Yes,WaterNowInc_20191120_10-Q_EX-10.12_11900227_EX-10.12_Distributor Agreement.pdf,test
279,"Licensor hereby grants to Licensee an exclusive in the Territory to (1) make Sublicense Copies and copies of the Documentation to meet the demand of Redistributors and Customers and (2) market and sublicense Sublicense Copies and copies of the Documentation, together with any copies of promotional and other materials which Licensor may produce or obtain from time to time to assist Licensee in marketing and sublicensing the Licensed Products during the term of this Agreement by any one or more of the following means: (a) TO A REDISTRIBUTOR: To a Redistributor pursuant to a Redistributor Agreement containing substantially the same terms and conditions as are set forth in this Agreement (subject to Section 2.5) and a Sublicense with each Customer of Redistributor in accordance with subsection 2.2(b); or (b) TO CUSTOMERS: Pursuant to a Sublicense signed by the Customer.",Yes,NEONSYSTEMSINC_03_01_1999-EX-10.5-DISTRIBUTOR AGREEMENT_New.pdf,test
280,"For the avoidance of doubt, PFHOF has the exclusive and sole relationship with the NFL, its 32 Member Clubs, NFL Legends and Gold Jackets for any and all PFHOF and HOFV activities; provided, however, that any communication relating to any investment by the NFL in any Village Media Company project, may be made directly through the President of PFHOF or the Chief Executive Officer of HOFV; and, provided further, that the Village Media Company shall have the right to present opportunities related to any of the above for approval by PFHOF.",Yes,GpaqAcquisitionHoldingsInc_20200123_S-4A_EX-10.6_11951677_EX-10.6_License Agreement.pdf,test
281,"Furthermore, Fox grants to Licensee a limited, exclusive (except as may otherwise be provided in this Agreement), non-transferable (except as permitted in Paragraph 17(d)) right and license to make, have made, reproduce, modify, create derivative works of, advertise, promote, distribute, sell and license the Wireless Products, including any PSM included therein, solely (i) for use on mobile or cellular telephones (the ""Wireless Platform""); (ii) in the Territory (as defined in Paragraph 3), (iii) during the Term (as defined in Paragraph 4), (iv) for distribution by Licensee through the Distribution Channels (as defined in Paragraph 2(c)) granted herein; and (v) by means of periodic subscription fee, a per-download basis, or through a retail purchase",Yes,GluMobileInc_20070319_S-1A_EX-10.09_436630_EX-10.09_Content License Agreement1.pdf,test
282,Vyera shall purchase all of its requirements for supply of Licensed Product exclusively from CytoDyn in accordance with the terms and conditions of the Supply Agreement.,Yes,CytodynInc_20200109_10-Q_EX-10.5_11941634_EX-10.5_License Agreement.pdf,test
283,"MediWound hereby grants to Vericel an exclusive (even as to MediWound), sublicensable, royalty- free, fully paid-up, license in the Territory to use the Licensed Trademarks (as defined in the License Agreement) and a non- exclusive, sublicensable, royalty-free, fully paid-up, license to use the MediWound name and trademark, in<omitted>each case, in connection with the Manufacture of Licensed Products in or for the Territory.",Yes,VERICELCORP_08_06_2019-EX-10.10-SUPPLY AGREEMENT.PDF,test
284,"Subject to the terms and conditions of this Agreement, Xencor hereby grants to Aimmune during the Term an exclusive, worldwide, payment-bearing license under and with respect to Xencor Patents and Xencor's interest in Joint Collaboration Patents, and a non-exclusive, payment bearing license under and with respect to Xencor Know-How, in each case, with the right to sublicense solely in accordance with Section 2.3.2, solely to Develop, Manufacture and Commercialize the Product in and for the Licensed Field; provided that notwithstanding the foregoing, Xencor shall retain the right under and with respect to Xencor Patents and Xencor's interest in Joint Collaboration Patents to the extent necessary to perform its obligations under this Agreement.",Yes,AimmuneTherapeuticsInc_20200205_8-K_EX-10.3_11967170_EX-10.3_Development Agreement.pdf,test
285,The manufacturing license granted in this Agreement is exclusive within the Territory.,Yes,ELECTRAMECCANICA VEHICLES CORP. - Manufacturing Agreement .PDF,test
286,"During the term of this Agreement, unless otherwise authorized at the sole discretion of ADAMS GOLF in writing, CONSULTANT shall not: A.give the right to use or permit the use of CONSULTANT'S name, facsimile signature, nickname, voice or likeness to any other manufacturer or seller of PRODUCT; B.sponsor or endorse PRODUCT made or sold by any other manufacturer or seller; or C.serve as a CONSULTANT or advisor of any other manufacturer or seller of PRODUCT.",Yes,ADAMSGOLFINC_03_21_2005-EX-10.17-ENDORSEMENT AGREEMENT.PDF,test
287,All sales towards customers for bunker fuel will be carried out exclusively by Bunker One in accordance to the terms set forth herein.,Yes,VertexEnergyInc_20200113_8-K_EX-10.1_11943624_EX-10.1_Marketing Agreement.pdf,test
288,"Logan's shall have the exclusive use of the hood, the rear quarter panel area above the tire and the bottom of the deck lid (rear facing panel, TV panel) of the Race Car, as shown on Exhibit C to this Agreement.",Yes,LOGANSROADHOUSEINC_03_27_1998-EX-10.17-SPONSORSHIP AGREEMENT.PDF,test
289,"Subject to the terms and conditions of this Agreement, Supplier agrees that it will, on a non-exclusive basis (but exclusive for supply of the Product in the United States of America including Puerto Rico and the U.S. Virgin Islands), Manufacture (directly or through a designee) for and provide and supply to CUTANEA, and CUTANEA agrees that it will purchase exclusively from Supplier, all of its requirements of the Products as follows: Supplier shall supply Products in accordance with the Specifications and in sufficient quantity to meet CUTANEA's Forecasted Needs for the length of this Agreement. All deviations from the Specifications must be approved by CUTANEA, in writing, prior to Supplier Manufacturing the Product.",Yes,BIOFRONTERAAG_04_29_2019-EX-4.17-SUPPLY AGREEMENT.PDF,test
290,"SpinCo, for itself and as representative of all other members of the SpinCo Group, hereby grants to RemainCo (x) a perpetual, irrevocable, exclusive, royalty-free, worldwide right and license with the right to grant sublicenses (solely as set forth in Section 5.6) to use the SpinCo Know- How currently or previously used in connection with the RemainCo Business or otherwise in the possession of RemainCo or any member of the RemainCo Group as of Distribution Date (the ""Licensed SpinCo Know-How""), for the continued operation of the RemainCo Business and any future extensions of the RemainCo Business in the RemainCo Core Field and (y) a perpetual, irrevocable, non-exclusive, royalty-free, worldwide right and license with the right to grant sublicenses (solely as set forth in Section 5.6) to use the Licensed SpinCo Know-How for the continued operation of the RemainCo Business and any future extensions of the RemainCo Business in any field other than the RemainCo Core Field or the SpinCo Core Field; provided, however, the foregoing licenses shall not extend to (i) SpinCo Know-How<omitted>licensed by SpinCo or any other member of the SpinCo Group if and to the extent the licensing of same to RemainCo would constitute a breach of an agreement with any Third Party executed prior to the Effective Date or result in any expense to SpinCo or any member of the SpinCo Group for payments to such Third Party or (ii) any intellectual property not owned by one or more members of the SpinCo Group, or as to which no member of the SpinCo Group has the right to grant sublicenses, as of the Effective Date.",Yes,"BABCOCK_WILCOXENTERPRISES,INC_08_04_2015-EX-10.17-INTELLECTUAL PROPERTY AGREEMENT between THE BABCOCK _ WILCOX COMPANY and BABCOCK _ WILCOX ENTERPRISES, INC..PDF",test
291,"Astellas shall have the exclusive right to market, sell and distribute the Lead Compounds supplied by FG for use in the Astellas Territory within the Field under the license granted in Article 13.",Yes,FIBROGENINC_10_01_2014-EX-10.11-COLLABORATION AGREEMENT.PDF,test
292,"If this Agreement is extended beyond the Initial Term, as hereinafter defined, the number of Customer Locations to be secured to maintain exclusivity during the pendency of the Agreement shall be increased to 50 from 25.",Yes,WaterNowInc_20191120_10-Q_EX-10.12_11900227_EX-10.12_Distributor Agreement.pdf,test
293,"During the term of this Agreement, ENVISION will exclusively purchase the Product from SIERRA.",Yes,"LEGACYTECHNOLOGYHOLDINGS,INC_12_09_2005-EX-10.2-DISTRIBUTOR AGREEMENT.PDF",test
294,"Upon the occurrence of the Closing, Agent shall have the exclusive right to market and sell, and/or otherwise designate the purchasers, licensees, transferees, and/or<omitted>assignees of (which may in certain circumstances be Purchaser, any of the entities comprising Purchaser, any of their respective affiliates, and/or a new entity created by any of the foregoing), any or all of the Assets free and clear of all liens, claims, and encumbrances thereon, without further order of the Bankruptcy Court (the ""Asset Designation Rights"").",Yes,BONTONSTORESINC_04_20_2018-EX-99.3-AGENCY AGREEMENT.PDF,test
295,"Company hereby appoints Distributor as Company's exclusive Distributor for the State of Texas, and Distributor accepts the appointment and agrees to represent the Products within the Territory.",Yes,SmartRxSystemsInc_20180914_1-A_EX1A-6 MAT CTRCT_11351705_EX1A-6 MAT CTRCT_Distributor Agreement.pdf,test
296,"The Parties will issue a joint press release promptly upon concluding Advertising. this Agreement, which press release shall be subject to the Party's mutual approval, which shall in any event state that Company is the exclusive provider on the ACSI Site of premium spoken-word audio product for download or streaming over the world wide web.",Yes,AudibleInc_20001113_10-Q_EX-10.32_2599586_EX-10.32_Co-Branding Agreement_ Marketing Agreement_ Investment Distribution Agreement.pdf,test
297,Neither MD Anderson nor Principal Investigator shall seek or accept reimbursement from any third-party payor for any Study items or procedures supplied by or paid for by Adaptimmune under this Agreement.,Yes,ADAPTIMMUNETHERAPEUTICSPLC_04_06_2017-EX-10.11-STRATEGIC ALLIANCE AGREEMENT.PDF,test
298,"Subject only to the Exclusivity Exceptions, NCM shall be Network Affiliate's exclusive representative with respect to the procurement of Inventory (including without limitation all on-screen advertising) for the Advertising Services.",Yes,DigitalCinemaDestinationsCorp_20111220_S-1_EX-10.10_7346719_EX-10.10_Affiliate Agreement.pdf,test
299,"Subject to the terms and conditions of this Agreement, Licensor hereby grants to Licensee, and Licensee hereby accepts from Licensor, an exclusive, non-transferable (except as set forth in Section 10.7) and non-sublicensable (except as provided in Section 2.1(c)) license to use the Licensed Domain Names in connection with the Business during the Term",Yes,ChinaRealEstateInformationCorp_20090929_F-1_EX-10.32_4771615_EX-10.32_Content License Agreement.pdf,test
300,"Neither party may solicit or enter into any agreement with any third party regarding third-party promotional opportunities with respect to the Wireless Products without the other party's prior written consent; provided that the foregoing will not limit Licensee's rights to market and promote the Wireless Products directly and through (i) CSPs, subject to any Fox approval rights set forth elsewhere in this Agreement, or (ii) Fox's right to engage in third party promotions for the Properties involving wireless content otherwise sourced or created.",Yes,GluMobileInc_20070319_S-1A_EX-10.09_436630_EX-10.09_Content License Agreement1.pdf,test
301,"Subject to the conditions and limitations set forth in this Agreement, the Licensor hereby grants to the Licensee, and the Licensee hereby accepts, (i) an exclusive, fee-bearing, non-transferable distribution right of the Licensed Product in the Territory during the Term (the ""Distribution""), (ii) an exclusive, royalty-free, non-transferable license to the Licensor's Patents and Trademarks to register, import, export, store, handle, commercialize, have commercialized, promote, have promoted, distribute, have distributed, sell and have sold the Licensed Product during the Term, without the right to sublicense (the ""License""), and (iii) an exclusive, royalty-bearing, non-transferable license to the Intellectual Property (except Patents and Trademarks ) and the Developed Intellectual Property and a right to obtain the technology transfer of the Know-How to manufacture the Licensed Product in the Territory during the Term, pursuant to the conditions set forth in Article 2.3 below and elsewhere in this Agreement (the ""Technology Transfer""), all to register, import, export, store, handle, commercialize, have commercialized, promote, have promoted, distribute, have distributed, manufacture, have manufactured, sell and have sold the Licensed Product during the Term, without the right to sublicense.",Yes,NlsPharmaceuticsLtd_20200228_F-1_EX-10.14_12029046_EX-10.14_Development Agreement.pdf,test
302,"HPS agrees to outsource to SHPS, and hereby appoints SHPS as the exclusive provider of, Care Management Services to the Clients, subject to the terms and conditions set forth in this Agreement.",Yes,SYKESHEALTHPLANSERVICESINC_04_24_1998-EX-10.14-OUTSOURCING AGREEMENT.PDF,test
303,"AEIS, on its own behalf, reserves the right to market its Cards and other products and services directly as 1 well as through additional firms on terms and conditions that it selects in its sole discretion, provided that no such sales shall take place within the NPO Marketplace.",Yes,LOYALTYPOINTINC_11_16_2004-EX-10.2-RESELLER AGREEMENT.PDF,test
304,"Aimmune hereby grants to Xencor an exclusive license under and with respect to Aimmune Patents, and a non-exclusive license under and with respect to Aimmune Know-How, in each case, where such license is an irrevocable, perpetual, royalty-bearing license, with the right to sublicense, to Develop, Manufacture and Commercialize the Product(s), as the Product(s) exist as of the effective date of such termination, or optimized",Yes,AimmuneTherapeuticsInc_20200205_8-K_EX-10.3_11967170_EX-10.3_Development Agreement.pdf,test
305,"FMI hereby grants to Roche (i) an exclusive, royalty-free, sublicensable, worldwide and perpetual license to any intellectual property rights arising from the ctDNA Development Platform Program that are necessary for Roche to develop, make, have made, use, offer for sale, sell, import and commercialize Roche products other than diagnostic products (including the use, formulation, methods of treatment, clinical data or other data, information or results relating to the Roche therapeutic product) solely for use in connection with such activities and such Roche products and (ii) a non-exclusive, royalty-free, worldwide and perpetual license, with the right to grant sublicenses solely to Roche Affiliates, to any intellectual property rights arising from the ctDNA Development Platform Program, for internal research purposes.",Yes,"FOUNDATIONMEDICINE,INC_02_02_2015-EX-10.2-Collaboration Agreement.PDF",test
306,"Except as permitted by the Exclusivity Exceptions, during the Term, Network Affiliate shall neither engage nor permit a third party (excluding third party designees of NCM as provided hereunder) to provide, or itself provide, to any of Network Affiliate's theatres any of the services specifically set forth in the definition of Service.",Yes,DigitalCinemaDestinationsCorp_20111220_S-1_EX-10.10_7346719_EX-10.10_Affiliate Agreement.pdf,test
307,"If Sanofi provides a Notice of Interest to RevMed within [***], then (i) RevMed shall, upon request of Sanofi, provide Sanofi with reasonable access to all other then-existing Know-How in RevMed's Control that exists in either paper or electronic form and pertains to the relevant SHP1-SHP2 Dual Inhibitor and (ii) the Parties shall negotiate exclusively in good faith and on a commercially reasonable basis the terms of a definitive agreement under which Sanofi would be granted SHP1-SHP2 Dual Inhibitor License Rights for [***] after RevMed receives such Notice of Interest (such period, the ""SHP1-SHP2 Dual Inhibitor Licensing Negotiation Period",Yes,RevolutionMedicinesInc_20200117_S-1_EX-10.1_11948417_EX-10.1_Development Agreement.pdf,test
308,"Smith hereby grants to TDA the following rights (the ""Rights""):<omitted>(d) the exclusive right to use and reuse the results and proceeds of the in connection with TDA's Golf Instruction Related Products;",Yes,"HALITRON,INC_03_01_2005-EX-10.15-SPONSORSHIP AND DEVELOPMENT AGREEMENT.PDF",test
309,The Manufacturer grants exclusive rights to the Customer for the term of ten (10) years from the date of the signing of this agreement and for an indefinite period upon the customer fulfilling the minimum annual purchase requirement as listed in Schedule B. of this agreement.,Yes,AgapeAtpCorp_20191202_10-KA_EX-10.1_11911128_EX-10.1_Supply Agreement.pdf,test
310,"During the Term, Charterer agrees that Owner will be the sole and exclusive provider of marine transportation services for #2 fuel oil and high sulfur diesel owned by Charterer or owned by others and in transit for sale to Charterer so long as Owner has the required equipment available.",Yes,MARTINMIDSTREAMPARTNERSLP_01_23_2004-EX-10.3-TRANSPORTATION SERVICES AGREEMENT.PDF,test
311,"The Professional hereby grants to the Company an exclusive license to use her name, likeness, image and personal identification in the Company's catalog of products.",Yes,WOMENSGOLFUNLIMITEDINC_03_29_2000-EX-10.13-ENDORSEMENT AGREEMENT.PDF,test
312,"HCI shall not either directly or indirectly license or deliver content to or carry on or be engaged with any other Canadian portal web site, being a Web site which aggregates and markets a variety of content directed to multiple communities of interest and which offers products, Source: HEALTHCENTRAL COM, S-1/A, 11/8/1999 tools and services to a broad base of Canadian end users.",Yes,HealthcentralCom_19991108_S-1A_EX-10.27_6623292_EX-10.27_Co-Branding Agreement.pdf,test
313,"All act which may damage the right of user of Baidu promotion, damage user experience, disturb market cooperation order of the Union, adversely affect Baidu product and business reputation of Baidu, constitute unfair competition against Baidu or violate legal right of Baidu are forbidden by the Union, including but not limited to:<omitted>5. Breach of exclusivity clause Breach the exclusivity agreement with Baidu to engage in competing business.",Yes,CHEETAHMOBILEINC_04_22_2014-EX-10.43-Cooperation Agreement.PDF,test
314,You have been granted an exclusive trade area by this Agreement.,Yes,AIRTECHINTERNATIONALGROUPINC_05_08_2000-EX-10.4-FRANCHISE AGREEMENT.PDF,test
315,"As described in Section 1(b) above, the Professional has granted the company an exclusive worldwide right and license to use his name, autograph, likeness, photographs, electronic media depiction, signature and any other words, symbols or depiction's (hereinafter the ""Professional's Image"") which will identify the Professional to the public in connection with the advertising, promotion, publicizing, sale and distribution of Haley apparel.",Yes,SPORTHALEYINC_09_29_1997-EX-10.2-10-ENDORSEMENT AGREEMENT.PDF,test
316,"If the Option is exercised before the expiration of the Option Period, the license grants set forth in Articles 3.00 and 3.01 will become exclusive to Investor for a perpetual term, shall not be subject to a licensing fee, the granted licenses in favor of the Investor shall be deemed fully paid-up, and the rights granted to Investor under Articles 3.00 and 3.01 shall include the right to grant sublicenses to Third Parties.",Yes,RareElementResourcesLtd_20171019_SC 13D_EX-99.4_10897534_EX-99.4_Intellectual Property Agreement.pdf,test
317,"Subject to the condition above, HEMISPHERX hereby grants SCIEN the exclusive license to sell, market, and distribute Product for use in the Field in the Territory for Direct Access/EAP and Regulatory Agency-Approved (RAA) purposes.",Yes,"HEMISPHERX - Sales, Marketing, Distribution, and Supply Agreement.PDF",test
318,"During the Term, neither Vertex nor any affiliate of Vertex may sell any Product to any customers for their use as bunker fuel other than pursuant to the terms of this JSMA.",Yes,VertexEnergyInc_20200113_8-K_EX-10.1_11943624_EX-10.1_Marketing Agreement.pdf,test
319,"Distributor shall not obtain, purchase, receive or source any other card shuffling machine from any third party or other source under any circumstance other than from Vendor with the exception of all Shuffle Master, Inc. shuffling machines which are held in stock at the Effective Date which Distributor is free to sell, rent purchase or lease until all of the said stock has been depleted.",Yes,ENTERTAINMENTGAMINGASIAINC_02_15_2005-EX-10.5-DISTRIBUTOR AGREEMENT.PDF,test
320,"The Professional hereby grants to the Company the exclusive and worldwide right to use her name, likeness, image and personal identification, singly or in any combination, during the Term and for a period of six (6) months after the Term as provided in Section 2.8, in the creation of two (2) print advertisements per year and one (1) television advertisement per year (together, the ""Advertisements"") for any golf equipment, along with all rights in any images, videos, advertisement copy or other materials created by the Professional or others.",Yes,WOMENSGOLFUNLIMITEDINC_03_29_2000-EX-10.13-ENDORSEMENT AGREEMENT.PDF,test
321,"If THI does not make the obligatory payments as stated in 2(b) by the dates stated, the Exclusive License will revert back to Premier.",Yes,PREMIERBIOMEDICALINC_05_14_2020-EX-10.2-INTELLECTUAL PROPERTY AGREEMENT.PDF,test
322,"In consideration of CERES' development of new markets for the COLLABORATION CROPS and the significant activities associated with the development of this market, IGER agrees to grant CERES exclusive access to IGER's plant improvement activities specifically involving the COLLABORATION CROPS, whether through plant breeding, transformation, propagation methods or otherwise, subject however to the exceptions expressly set forth in this Agreement.",Yes,"CERES,INC_01_25_2012-EX-10.20-Collaboration Agreement.PDF",test
323,"For the avoidance of doubt, Licensee's right and license to develop and distribute the Game in connection with the Property ""ICE AGE 2"" shall become non-exclusive after December 31, 2006.",Yes,GluMobileInc_20070319_S-1A_EX-10.09_436630_EX-10.09_Content License Agreement2.pdf,test
324,"Throughout the Term and for a period of six (6) months after the expiration or termination of this Agreement, neither Calm nor any of its affiliates shall, directly or indirectly, sell, offer for sale, market or promote any digital meditation or digital sleep products in any retail location located in an airport other than in collaboration with XSPA, without the express prior written consent of XSPA.",Yes,XpresspaGroupInc_20190401_10-K_EX-10.28_11599457_EX-10.28_Marketing Agreement.pdf,test
325,"Subject to the terms and conditions of this Agreement, Licensor hereby grants to Licensee, and Licensee hereby accepts from Licensor, an exclusive, non-transferable (except as set forth in Section 10.7) and non-sublicensable (except as provided in Section 2.1(c)) license to use the Licensed Domain Names in connection with the Business during the Term.",Yes,ChinaRealEstateInformationCorp_20090929_F-1_EX-10.32_4771615_EX-10.32_Content License Agreement.pdf,test
326,"The term of the license for the Content delivered to HSWI as part of the Affinities, and the Affinities themselves, shall be perpetual, Exclusive, and irrevocable.",Yes,RemarkHoldingsInc_20081114_10-Q_EX-10.24_2895649_EX-10.24_Content License Agreement.pdf,test
327,"All communication with the National Football League (the ""NFL""), its 32 Member Clubs, NFL Legends and Gold Jackets shall be made exclusively and directly through PFHOF.",Yes,GpaqAcquisitionHoldingsInc_20200123_S-4A_EX-10.6_11951677_EX-10.6_License Agreement.pdf,test
328,"Co-Host shall be the exclusive reseller of software products (""Software"") at the Originating Locatio",Yes,BEYONDCOMCORP_08_03_2000-EX-10.2-CO-HOSTING AGREEMENT.PDF,test
329,Party A irrevocably undertakes that it will make best efforts to assist and endeavor to achieve the exclusive operation of thecooperative business to the extent permitted by laws.,Yes,TUNIUCORP_03_06_2014-EX-10-COOPERATION AGREEMENT.PDF,test
330,"RemainCo, for itself and as representative of all other members of the RemainCo Group, hereby grants to SpinCo (x) a perpetual, irrevocable, exclusive, royalty-free, worldwide right and license with the right to grant sublicenses (solely as set forth in Section 5.6) to use the RemainCo Know-How currently or previously used in connection with the SpinCo Business or otherwise in the possession of SpinCo or any member of the SpinCo Group as of the Distribution Date (the ""Licensed RemainCo Know-How""), for the continued operation of the SpinCo Business and any future extensions of the SpinCo Business in the SpinCo Core Field and (y) a perpetual, irrevocable, non-exclusive, royalty-free, worldwide right and license with the right to grant sublicenses (solely as set forth in Section 5.6) to use the Licensed RemainCo Know-How for the continued operation of the SpinCo Business and any future extensions of the SpinCo Business in any field other than the RemainCo Core Field or the SpinCo Core Field; provided, however, the foregoing licenses shall not extend to (i) RemainCo Know-How licensed by RemainCo or any other member of the RemainCo Group if and to the extent the licensing of same to SpinCo would constitute a breach of an agreement with any Third Party executed prior to the Effective Date or result in any expense to RemainCo or any member of the RemainCo Group for payments to such Third Party or (ii) any intellectual property not owned by one or more members of the RemainCo Group, or as to which no member of the RemainCo Group has the right to grant sublicenses, as of the Effective Date.",Yes,"BABCOCK_WILCOXENTERPRISES,INC_08_04_2015-EX-10.17-INTELLECTUAL PROPERTY AGREEMENT between THE BABCOCK _ WILCOX COMPANY and BABCOCK _ WILCOX ENTERPRISES, INC..PDF",test
331,"Based on the foregoing, and subject to the terms and conditions contained in this Agreement, the Agents severally and not jointly agree to act as, and the Corporation appoints the Agents as, the exclusive agents of the Corporation to offer the Offered Shares for sale on the Closing Date (as defined herein) in the Selling Jurisdictions (as defined herein) on a private placement basis at the Offering Price.",Yes,OLDAPIWIND-DOWNLTD_01_08_2016-EX-1.3-AGENCY AGREEMENT1.pdf,test
332,"Company shall not sell or otherwise supply, directly or indirectly, the Products to any Distributor's Customer's, except by sale through the Distributor.",Yes,GentechHoldingsInc_20190808_1-A_EX1A-6 MAT CTRCT_11776814_EX1A-6 MAT CTRCT_Distributor Agreement.pdf,test
333,"LKPL shall have the exclusive right to market and sell AMR Product Suites to Datamatic LTD, a Plano TX corporation (hereafter Datamatic).",Yes,LinkPlusCorp_20050802_8-K_EX-10_3240252_EX-10_Affiliate Agreement.pdf,test
334,"It is agreed that only Bunker One will be marketing this JSMA and the JSMA Output towards various customers, but if a Party receives a Nomination (being a written or oral request by/from a customer to a Party stating delivery place, delivery date and window etc.) or any other communication from a customer regarding the supply of Product (either spot or whole cargo) in the Area, the Party is obliged to forward the Nomination to Bunker One and refer the customer to Bunker One.",Yes,VertexEnergyInc_20200113_8-K_EX-10.1_11943624_EX-10.1_Marketing Agreement.pdf,test
335,Reseller shall not obtain the TouchStar Software or Support Services (or any software or services which compete with the TouchStar Software) for sale from any Entity other than TouchStar or its authorized agents.,Yes,WORLDWIDESTRATEGIESINC_11_02_2005-EX-10-RESELLER AGREEMENT.PDF,test
336,"If condition (A) or (B) applies, the Acquired Station shall have no obligations hereunder, and Network shall have the right to license the transmission of the Service to another Broadcast Television station in such DMA, including on an exclusive basis.",Yes,TubeMediaCorp_20060310_8-K_EX-10.1_513921_EX-10.1_Affiliate Agreement.pdf,test
337,"During the term of this Agreement, DISTRIBUTOR shall have the exclusive right for selling the Products to Beijing Sino-US Jinche Yingang Auto Technological Services Limited (the ""Auto Center"").",Yes,NEOMEDIATECHNOLOGIESINC_12_15_2005-EX-16.1-DISTRIBUTOR AGREEMENT.PDF,test
338,"Except as specifically provided in the Distribution Agreement, Conformis shall be prohibited from developing or assisting another in developing, or causing another to develop, Patient-Specific Instrumentation for Off-The-Shelf Knee Implants for any Third Party in the field of orthopedics until January 1, 2032 (or earlier, to the extent set forth in Section 2.3.3.4 or Section 2.3.5 of the Distribution Agreement), with the exception that Conformis (including any entity involved in a Change of Control of Conformis, any such entity an ""Acquirer""), may develop Patient-Specific Instrumentation for any Off-The- Shelf Implants of Conformis, an Acquirer or any of their Affiliates.",Yes,ConformisInc_20191101_10-Q_EX-10.6_11861402_EX-10.6_Development Agreement.pdf,test
339,"Subject to the terms and conditions of this Agreement, Array hereby grants to Ono an exclusive license, with the right to grant sublicenses and appoint distributors as provided in Section 2.2, under the Array Patents, Array Know-How and Array's interests in the Joint Patents and Joint Know-How to Commercialize the Products in the Field in the Ono Territory.",Yes,"Array BioPharma Inc. - LICENSE, DEVELOPMENT AND COMMERCIALIZATION AGREEMENT.PDF",test
340,"In exchange for the marketing and selling of the Products provided in Section 3, Vendor hereby agrees: 4.1. To provide Distributor with the appropriate product brochures, and two (2) fully working and fit for purpose samples of each model of shuffling machine free of charge; 4.2. To prominently display and advertise that Distributor is the sole and exclusive distributor of Vendor for the Products in the Territory; 4.3. Subject to Section 2.6 of this Agreement, not to market, distribute, sell or supply the Products covered by this Agreement to any individual or entity in the Territory directly in response to a request from that person or entity without the prior written consent of Distributor; 4.4. Subject to Section 4.5 of this Agreement, for a period of twenty-four (24) months after the Effective Date, not to develop, manufacture, market, distribute, sell or supply anywhere in the world to any individual or entity a gaming chip-sorting machine for use in a casino; and",Yes,ENTERTAINMENTGAMINGASIAINC_02_15_2005-EX-10.5-DISTRIBUTOR AGREEMENT.PDF,test
341,"FG shall have the exclusive right, including the right to authorize others, to market, sell and distribute the Lead Compounds for any use in the FG Territory. Subject to the restrictions contained in Section 8.3.4 hereof, FG retains the exclusive right, including the right to authorize others, to market, sell and distribute worldwide the Lead Compounds for use outside the Field.",Yes,FIBROGENINC_10_01_2014-EX-10.11-COLLABORATION AGREEMENT.PDF,test
342,NFLA agrees not to grant the right to use the NFLAs Identification to anyone other than Company in connection with the advertisement and promotion of Products.,Yes,GridironBionutrientsInc_20171206_8-K_EX-10.1_10972555_EX-10.1_Endorsement Agreement.pdf,test
343,"During the term of this Agreement, Party B and its affiliates will be the exclusive cooperator of Party A's real estate and home furnishing cooperation channel.",Yes,LEJUHOLDINGSLTD_03_12_2014-EX-10.34-INTERNET CHANNEL COOPERATION AGREEMENT.PDF,test
344,"Effective upon the date that AbbVie commences performing Initial Development Activities pursuant to Section 3.1.2, Harpoon (on behalf of itself and its Affiliates) shall grant and hereby grants AbbVie a co- exclusive (with Harpoon), royalty-free license, with the right to grant sublicenses in accordance with Section 5.3, under the Harpoon Patents, the Harpoon Know-How, and Harpoon's interests in the Joint Patents and the Joint Know-How, solely to the extent necessary for AbbVie to conduct Initial Development Activities assumed by AbbVie in accordance with Section 3.1.2 (if any).",Yes,HarpoonTherapeuticsInc_20200312_10-K_EX-10.18_12051356_EX-10.18_Development Agreement.PDF,test
345,"Notwithstanding anything to the contrary contained herein, the exclusive appointment and license set out in Sections 2(a) and 2(b) shall become non-exclusive if: (i) at any time during the Term hereof, CHT breaches Section 2(d) as determined by arbitration in accordance with Section 19(c) or by a final non-appealable judgment of a court of competent jurisdiction; or (ii) at any time after November 1, 2010 CHT fails to achieve annual revenues of $500,000.",Yes,EhaveInc_20190515_20-F_EX-4.44_11678816_EX-4.44_License Agreement_ Reseller Agreement.pdf,test
346,Dynamex agrees not to provide sameday delivery services for any other provider of next day or multiple day courier services.,Yes,DYNAMEXINC_06_06_1996-EX-10.4-TRANSPORTATION SERVICES AGREEMENT.PDF,test
347,"Depomed agrees to grant and hereby grants to King an exclusive option (exercisable at King's sole discretion by providing written notice of intent at any time, but in no event later than 180 days after the Effective Date) to obtain an exclusive license in the Territory to certain of Depomed's proprietary drug delivery technology in combination with both metformin hydrochloride and any other active pharmaceutical ingredients (a ""Combination Product License"").",Yes,KINGPHARMACEUTICALSINC_08_09_2006-EX-10.1-PROMOTION AGREEMENT.PDF,test
348,"During the Term, neither Nantz Communications nor Nantz shall enter into any activity, employment, independent contract, or other business arrangement which conflicts with Nantz Communications' or Nantz's obligations under this Agreement or perform any service which reasonably appears to be an endorsement of the sportswear apparel, hats and shoes of a third party without the Company's prior written approval.",Yes,"ASHWORTHINC_01_29_1999-EX-10.(D)-PROMOTION AGREEMENT AND NANTZ COMMUNICATIONS, INC..PDF",test
349,"Except as may be provided in any Schedule, Customer agrees that, during the Term, Metavante shall be Customer's sole and exclusive provider of all Services included in Metavante's Integrated Banking Solution (deposit and loan processing services provided by Metavante as of the Commencement Date).",Yes,OFGBANCORP_03_28_2007-EX-10.23-OUTSOURCING AGREEMENT.PDF,test
350,"""Exclusive Purchase Requirement"" means, on a Product SKU-by-Product SKU and country-by country basis within the applicable Territory, (a) in the first two (2) years of the Initial Term, one hundred percent (100%) of Customer's total requirements for such Product SKU and (b) in the third (3rd) year of the Initial Term, fifty percent (50%) of Customer's total requirements for such Product SKU; provided, however, that (x) such quantities of Product reasonably procured by Customer to qualify a back-up supplier for such Product shall be excluded from the Exclusive Purchase Requirement, and (y) for the avoidance of doubt, Customer may commercialize such quantities of Product procured under (x) above without violating the applicable Exclusive Purchase Requirement or related provisions in Section 2.1(e).",Yes,UpjohnInc_20200121_10-12G_EX-2.6_11948692_EX-2.6_Manufacturing Agreement_ Supply Agreement.pdf,test
351,"The Driver shall not appear in a race uniform or driving suit other than the Logan's uniform/suit in connection with or portraying involvement in NASCAR LMSC racing, whether or not used in product advertising or promotion.",Yes,LOGANSROADHOUSEINC_03_27_1998-EX-10.17-SPONSORSHIP AGREEMENT.PDF,test
352,"World Book shall have no right to allow any party other than HSWI, including World Book, to publish, distribute, duplicate, or otherwise use the Reference Content that comprises the Affinities on the Open Free Web for purposes of creating any materials that are the same or similar to the Affinities and published online or in any other free digital media.",Yes,RemarkHoldingsInc_20081114_10-Q_EX-10.24_2895649_EX-10.24_Content License Agreement.pdf,test
353,The Distributor shall not order or purchase Products from any source other than the Company.,Yes,LIMEENERGYCO_09_09_1999-EX-10-DISTRIBUTOR AGREEMENT.PDF,test
354,"Within 30 days after the Effective Date, VerticalNet shall provide a copy of all VerticalNet Medical Product Listings for Used and Excess Medical Products existing as of the Effective Date to Neoforma for use on Neoforma Plan, Neoforma Shop and Neoforma Auction on an exclusive basis (even as to VerticalNet), to the extent VerticalNet has the right to do so.",Yes,NeoformaInc_19991202_S-1A_EX-10.26_5224521_EX-10.26_Co-Branding Agreement.pdf,test
355,"Subject to the terms and conditions of this Agreement, RevMed hereby grants to Sanofi an exclusive option, under the Patent Rights and Know-How claiming or embodied in the [***].",Yes,RevolutionMedicinesInc_20200117_S-1_EX-10.1_11948417_EX-10.1_Development Agreement.pdf,test
356,All sales towards customers for bunker fuel will be carried out exclusively by Bunker One in accordance to the terms set forth herein. As such all communication with customers shall go via Bunker One unless otherwise is specific written agreed in advance.,Yes,VertexEnergyInc_20200113_8-K_EX-10.1_11943624_EX-10.1_Marketing Agreement.pdf,test
357,"The Publishers grant HealthGate an exclusive right to carry out the Services, with the exception that the Publishers shall honour current contracts with third parties and Publisher may publish and licence content themselves as long as it does not materially reduce HealthGate's revenue.",Yes,HEALTHGATEDATACORP_11_24_1999-EX-10.1-HOSTING AND MANAGEMENT AGREEMENT (1).pdf,test
358,"Subject to the terms and conditions of this Agreement, RevMed hereby grants to Sanofi an exclusive (even as to RevMed and its Affiliates), royalty-bearing license (which shall be sub-licensable solely as provided in Section 3.4) under the RevMed Licensed Technology, to Research, Develop, Manufacture, use, sell, offer for sale, import and otherwise Commercialize and exploit Products (including, for clarity, any Companion Diagnostics with respect to such Products) in the Field in the Licensed Territory.",Yes,RevolutionMedicinesInc_20200117_S-1_EX-10.1_11948417_EX-10.1_Development Agreement.pdf,test
359,"During the Term hereof and for a period of six (6) months following the termination of this Agreement or the discontinuation of any of the Company Products, (i) the Reseller shall have the exclusive right to commission for any Registered Referrals, (ii) the Company shall not market, promote, sell, or distribute Company Products or solicit or procure orders for the Company Products, or for any product(s) or service(s) similar to the Company Products, in the Territory other than through the Reseller and pursuant to this Agreement, except with the prior written consent of the Reseller, and (iii) without limitation to the foregoing, the Company shall not, directly or through other parties (whether agents, representatives, intermediaries, resellers or other parties), market, promote, sell, distribute, solicit or procure orders to any existing or prospective customer of the Reseller.",Yes,BravatekSolutionsInc_20170418_8-K_EX-10.1_10205739_EX-10.1_Reseller Agreement.pdf,test
360,"AMI/MEA Agreement"" shall mean that certain Amended and Restated Area of Mutual Interest and Midstream Exclusivity Agreement dated April 14, 2015 among PennTex North Louisiana, LLC, Customer, PennTex NLA Holdings, LLC and MRD WHR LA Midstream LLC, as such agreement may be amended, supplemented or otherwise modified from time to time.<omitted>During the Term, subject to the terms of the AMI/MEA Agreement, Customer dedicates and commits to this Agreement, and shall deliver or cause to be delivered to the Transportation System for transportation hereunder, all of Customer's owned or controlled residue Gas delivered from any of the Plants.",Yes,PenntexMidstreamPartnersLp_20150416_S-1A_EX-10.4_9042833_EX-10.4_Transportation Agreement.pdf,test
361,"The Insurance Center shall be hosted solely by ebix and contained in an About Wrapper and ebix shall, during the Term, provide site maintenance services relative to the Insurance Center substantially as provided for the ebix Site from time to time, subject to the uptime requirements as set forth in Section 13.4 [TERMINATION AND SURVIVAL].",Yes,EbixInc_20010515_10-Q_EX-10.3_4049767_EX-10.3_Co-Branding Agreement.pdf,test
362,"TL will hold exclusive worldwide rights to promote and sell the product through the following distribution channels: Outgoing telemarketing, General Market retail, and General Market catalogs, and exclusive rights within the United States for Television Direct response.",Yes,IntegrityMediaInc_20010329_10-K405_EX-10.17_2373875_EX-10.17_Co-Branding Agreement.pdf,test
363,"Throughout the Term and for a period of six (6) months after the expiration or termination of this Agreement, neither XSPA nor any of its affiliates shall, directly or indirectly, sell, offer for sale, market or promote any digital meditation or digital sleep products (other than the Products), including online or in any Store in the Territory, without the express prior written consent of Calm.",Yes,XpresspaGroupInc_20190401_10-K_EX-10.28_11599457_EX-10.28_Marketing Agreement.pdf,test
364,"Fox grants to Licensee a limited, exclusive (except as otherwise may be provided in this Agreement), non-transferable (except as permitted in Paragraph 17(d)) right and license to use, make, have made (as set forth in Paragraph 1(a)(i) below), reproduce, modify, and create derivative works of<omitted>the PSM in each Property, solely for the purpose of developing the wireless applications specifically set forth for each of the Properties on Exhibits B through M attached hereto (""Wireless Products""), some of which Wireless Products are defined in the Glossary attached hereto as Exhibit N",Yes,GluMobileInc_20070319_S-1A_EX-10.09_436630_EX-10.09_Content License Agreement1.pdf,test
365,"Paragraph 1(a) of the Agreement is amended to provide that Fox grants Licensee a worldwide, exclusive (except as otherwise may be provided in the Agreement), non-transferable right and license to distribute video clips for the property ""KINGDOM OF HEAVEN"" (""KOH Video Clips"")",Yes,GluMobileInc_20070319_S-1A_EX-10.09_436630_EX-10.09_Content License Agreement2.pdf,test
366,Sponsor will be the exclusive retail music store sponsor of the Excite Site and the Excite Broadcast Pages.,Yes,N2KINC_10_16_1997-EX-10.16-SPONSORSHIP AGREEMENT.PDF,test
367,"Integrity will hold exclusive worldwide rights to promote and sell the product to/through the following distribution channels: Christian retail (CBA or Christian Booksellers Association markets), direct mail (including continuity sales, church sales, digital and e-commerce sales.)",Yes,IntegrityMediaInc_20010329_10-K405_EX-10.17_2373875_EX-10.17_Co-Branding Agreement.pdf,test
368,"MD Anderson also hereby grants to Adaptimmune Limited an exclusive option to negotiate an<omitted>exclusive (subject to MD Anderson's perpetual, irrevocable, no-cost right to use such Invention for non-commercial internal research, academic and patient care purposes), royalty-bearing license to any Invention in which MD Anderson has an ownership interest, provided that Adaptimmune Limited pays all reasonably incurred patent expenses for such Invention in the event Adaptimmune Limited exercises its option.",Yes,ADAPTIMMUNETHERAPEUTICSPLC_04_06_2017-EX-10.11-STRATEGIC ALLIANCE AGREEMENT.PDF,test
369,"Forty Niners SC acknowledges and agrees that, except as otherwise provided herein, the rights granted to Sponsor herein are exclusive to Sponsor within the Product and Services Category with respect to Forty Niners SC at the Stadium.",Yes,VIOLINMEMORYINC_12_12_2012-EX-10.14-SPONSORSHIP AGREEMENT.PDF,test
370,"Subject to the terms and conditions herein set forth, the Company and the Bank hereby appoint the Agent as their exclusive financial advisor and marketing agent (i) to utilize its best efforts to solicit subscriptions for Common Shares and to advise and assist the Company and the Bank with respect to the Company's sale of the Shares in the Offering and (ii) to participate in the Offering in the areas of market making and in syndicate formation (if necessary).",Yes,"ATHENSBANCSHARESCORP_11_02_2009-EX-1.2-AGENCY AGREEMENT , 2009.PDF",test
371,"Commencing on the Launch Date, Exact and its Affiliates hereby grant to Pfizer and its Affiliates, on an exclusive basis for the Co-Promote Field (except as to Exact and its Affiliates), and Pfizer accepts, the right and obligation to Promote and Detail the Product in the Territory during the Term jointly with Exact, in accordance with the terms and conditions of this Agreement, all Applicable Laws and the applicable Annual Marketing Plan.",Yes,ExactSciencesCorp_20180822_8-K_EX-10.1_11331629_EX-10.1_Promotion Agreement.pdf,test
372,"Notwithstanding the foregoing, during the term and for a period of one (1) year thereafter, Theismann shall not use, permit the use of, or license to others the Property in connection with the advertisement, promotion, and sale of any network or Internet service, including but limited to all computer/video games, CD-ROMs, and/or interactive video of any form, except for a pre-existing license by Theismann.",Yes,BizzingoInc_20120322_8-K_EX-10.17_7504499_EX-10.17_Endorsement Agreement.pdf,test
373,"If, within five (5) business days of receipt of such notice from Aura, Zanotti does not agree to match such price, the exclusive supplier rights granted pursuant to Article 2 above shall, upon Aura's sole election, immediately become non-exclusive with respect to such specific Product to which the lower price applies and Aura shall have full discretion to purchase or otherwise obtain such Product from sources other than Zanotti.",Yes,AURASYSTEMSINC_06_16_2010-EX-10.25-STRATEGIC ALLIANCE AGREEMENT.PDF,test
374,"IGER hereby grants CERES under IGER'S interest in any JOINT INTELLECTUAL PROPERTY and OTHER RESEARCH RESULTS, the IGER INTELLECTUAL PROPERTY set forth in ANNEX I, and the IGER BACKGROUND INTELLECTUAL PROPERTY set forth in ANNEX I: (a) the exclusive right and license to produce COMMERCIAL PROPAGULES of the LICENSED VARIETY in the TERRITORY, including intermediate propagation material; and<omitted>(b) the exclusive right and license to use, sell and commercially exploit the COMMERCIAL PROPAGULES of the LICENSED VARIETY in the TERRITORY.",Yes,"CERES,INC_01_25_2012-EX-10.20-Collaboration Agreement.PDF",test
375,"In consideration for the purchase of the Products by Distributor from Vendor, Vendor grants Distributor the exclusive right to market, sell, rent, lease, service and maintain the Products and all improvements thereon within the Territory (as defined herein) according to the terms and conditions as set forth herein.",Yes,ENTERTAINMENTGAMINGASIAINC_02_15_2005-EX-10.5-DISTRIBUTOR AGREEMENT.PDF,test
376,"You shall not purposely solicit sales and service to customers located outside Your Exclusive Territory, provided such activity in not within an assigned Exclusive Territory.",Yes,AIRTECHINTERNATIONALGROUPINC_05_08_2000-EX-10.4-FRANCHISE AGREEMENT.PDF,test
377,"Subject to the terms and conditions herein set forth, the Blue Hills Parties hereby appoint the Agent as their exclusive financial advisor and conversion agent (i) to utilize its best efforts to solicit subscriptions for Shares and to advise and assist the Holding Company and the Bank with respect to the sale of the Shares in the Offering and (ii) to participate in the Offering in the areas of market making and in syndicate formation or to act as sole book-running manager in the Underwritten Offering (if necessary).",Yes,"BLUEHILLSBANCORP,INC_05_20_2014-EX-1.1-AGENCY AGREEMENT.PDF",test
378,"Commencing on the Effective Date and continuing for eighteen (18) months, World Book shall work exclusively with HSWI to publish Chinese language Content for the Open Free Web and shall not itself, directly or indirectly, publish Chinese language Content for the Open Free Web.",Yes,RemarkHoldingsInc_20081114_10-Q_EX-10.24_2895649_EX-10.24_Content License Agreement.pdf,test
379,"If the Term is renewed as described in Section 2(b), Network and Affiliate will negotiate exclusively and in good faith concerning further renewal of this Agreement upon mutually-agreed terms and conditions; provided, that unless Network and Affiliate otherwise agree in writing, the exclusive negotiation period will end six (6) months before the expiration of the Term.",Yes,TubeMediaCorp_20060310_8-K_EX-10.1_513921_EX-10.1_Affiliate Agreement.pdf,test
380,"The license granted by SIGA to MMT under this Section 2.1(a) will be exclusive even as to SIGA with respect to rights to Promote the Product in the Field in the Territory, except as set forth in Section 2.4 below.",Yes,SigaTechnologiesInc_20190603_8-K_EX-10.1_11695818_EX-10.1_Promotion Agreement.pdf,test
381,Products must be ordered in the minimum and/or standard lot size quantities specified in the Price Schedule.,No,"NETGEAR,INC_04_21_2003-EX-10.16-DISTRIBUTOR AGREEMENT.pdf",test
382,"Without limiting the generality of the foregoing, MacroGenics shall prosecute and maintain Jointly Owned Patents using outside counsel acceptable to Green Cross, and shall instruct such counsel to provide copies of correspondence and filings directly to Green Cross and otherwise permit Green Cross to participate with MacroGenics in any of the activities of such counsel with respect to the Patent and Trademark Prosecution of such Jointly Owned Patents.",No,MACROGENICSINC_08_02_2013-EX-10-COLLABORATION AGREEMENT.PDF,test
383,"Eutectix agrees that in the event any Licensed Products shall be sold (1) to any Affiliate (as defined herein), or (2) to a corporation, firm, or association with which, or individual with whom Eutectix or its stockholders or Affiliates shall have any agreement, understanding, or arrangement (such as, among other things, an option to purchase stock, or an arrangement involving a division of profits or special rebates or allowances) without which agreement, understanding, or arrangement, prices paid by such a corporation, firm, association or individual for the Licensed Products would be higher than the Net Sales Price reported by Eutectix, or if such agreement, understanding, or arrangement results in extending to such corporation, firm, association, or individual lower prices for Licensed Products than those charged to outside concerns buying similar products in similar amounts and under similar conditions, then, and in any such events, the royalties to be paid hereunder in respect of such Licensed Products shall be computed based on an assumed or deemed Net Sales Price equal to those charged to such outside concerns.",No,LiquidmetalTechnologiesInc_20200205_8-K_EX-10.1_11968198_EX-10.1_Development Agreement.pdf,test
384,"Notwithstanding anything contained in this Agreement to the contrary, neither Party shall be liable to the other Party for any special, consequential, incidental or punitive damages, however caused, based on any theory of liability except to the extent such damages are payable by such Party (a) pursuant to its indemnification obligations under Section 3.15 and infringement indemnification obligations under Section 3.17, (b) arising out of or resulting from such Party's breach of its confidentiality obligations set forth in this Agreement (including Section 3.16, Section 3.48, Section 4.2 and Exhibit A attached hereto) or (c) in connection with a Third Party Loss arising out of or resulting from such Party's violation of applicable Law.",No,AtnInternationalInc_20191108_10-Q_EX-10.1_11878541_EX-10.1_Maintenance Agreement.pdf,test
385,"This Agreement shall commence on the Effective Date and, except as set forth in Subsection (ii), continue in full force and effect through the Delivery Period.",No,RemarkHoldingsInc_20081114_10-Q_EX-10.24_2895649_EX-10.24_Content License Agreement.pdf,test
386,"We will have the right (but not the duty), to be exercised by notice of intent to do so within sixty (60) days after termination or expiration, to purchase for cash any or all assets of the Franchised Restaurant, including leasehold improvements, equipment, supplies, and other inventory, advertising materials, and all items bearing the Marks, at your cost or fair market value, whichever is less.",No,BUFFALOWILDWINGSINC_06_05_1998-EX-10.3-FRANCHISE AGREEMENT.PDF,test
387,"Unless terminated earlier in accordance with the specific terms of this Agreement, the term of this Agreement will begin on the Launch Date and will not end until Excite displays a total of [*****] impressions of the Client advertising banners and promotional placements on the Excite Network as described in this Agreement and pushes [*****] emails using the email vehicles specified in Exhibit B",No,VITAMINSHOPPECOMINC_09_13_1999-EX-10.26-SPONSORSHIP AGREEMENT.PDF,test
388,"If LKPL deems itself unable to continue to provide Axiometric work space without expanding LKPL's facilities, and if LKPL determines it will be in its own best interests to expand its facilities, then LKPL will afford Axiometric the opportunity to lease space in the new facilities under a mutually acceptable separate commercial rental agreement.",No,LinkPlusCorp_20050802_8-K_EX-10_3240252_EX-10_Affiliate Agreement.pdf,test
389,The policy hereof shall not expire by failure of payment of the premium and said premium shall not be revocable in a unilateral manner neither by the insurance company nor by the contractor.,No,GRANTIERRAENERGYINC_05_07_2012-EX-10.6-TRANSPORTATION CONTRACT.PDF,test
390,The Agent and Monsanto shall each maintain true and complete records in connection with this Agreement and shall retain all such records for at least forty-eight (48) months following the termination or expiration of this Agreement.,No,Monsanto Company - SECOND A&R EXCLUSIVE AGENCY AND MARKETING AGREEMENT .PDF,test
391,"Before expiration of the Term, either Party may terminate this Agreement upon: (i) any material breach of the Agreement by the other Party, if such breach is not remedied to the reasonable satisfaction of the non-breaching Party within ten (10) business days after written notice; (ii) ten (10) business days written notice to the other Party whenever the notifying Party in its sole discretion determines that the continuation of the Agreement will damage its reputation or good will; or (iii) written notice in the event one Party (a) becomes or is declared insolvent or bankrupt or is subject to the appointment of a trustee or receiver or any equivalent thereof, (b) is the subject of any proceeding related to its liquidation or insolvency (whether voluntary or involuntary) which is not dismissed within ninety (90) days, (c) makes an assignment for the benefit of creditors, or (d) is subject to any sale, lease or other transfer of all or substantially all of its assets to any entity; or (e) is subject to a change of control (whether by merger, stock transfer or otherwise), except in the case of an initial public offering.",No,FreezeTagInc_20180411_8-K_EX-10.1_11139603_EX-10.1_Sponsorship Agreement.pdf,test
392,"In accordance with items 9.3, 9.4, and 10.3, this Contract shall come into force on the Effective Date, remain effective throughout the Initial Term, and be prolonged, or further extended automatically for a period of 12<omitted>months, each such extension commencing at the end of the last day of the Initial Term or the relevant anniversary thereof, unless either Party serves written notice of termination on the other Party at least 65 days prior to the end of the Initial Term, or any subsequent extension.",No,CHAPARRALRESOURCESINC_03_30_2000-EX-10.66-TRANSPORTATION CONTRACT.PDF,test
393,"Licensee furthermore shall use all commercially reasonable efforts to achieve the following market penetration targets in Europe for the Major Releases (""Market Penetration Targets""): (1) distribution of the Wireless Products for the Major Releases through CSP's that hold at least ***** (*****%) of the subscribers in Western Europe during the ***** of this Agreement; and (2) distribution of the Wireless Products for the Major Releases through CSP's that hold at least ***** percent (*****%) of the subscribers in Western Europe during the ***** of this Agreement. If",No,GluMobileInc_20070319_S-1A_EX-10.09_436630_EX-10.09_Content License Agreement1.pdf,test
394,"In the event any warranty claim is due to or arises from an Epidemic Defect, ENERGOUS will be responsible for all costs and expenses directly incurred by DIALOG or its Affiliates or their respective customers as a result of reasonable inspection, servicing, repairs, replacements, recall notices, recalls and responses with respect thereto, provided that ENERGOUS' aggregate liability to DIALOG and its Affiliates and their respective customers under this paragraph (d) will not exceed [***] per occurrence of an Epidemic Defect.",No,ENERGOUSCORP_03_16_2017-EX-10.24-STRATEGIC ALLIANCE AGREEMENT.PDF,test
395,"Within [***] after assignment of such Product Filings in the applicable country, SFJ shall deliver to PB: (a) true, correct and complete copies of all Product Filings in such country (in each case, whether held in the name of SFJ or any of its Affiliates), and disclose to PB in writing all previously-undisclosed Research Results within the Trial Data Package; (b) formally transfer or assign, or cause to be formally transferred or assigned, into the name of PB or its designee all Product Filings in such country (in each case, whether held in the name of SFJ or any of its Affiliates); and (c) take such other actions and execute such other instruments, assignments and documents as may be necessary to effect, evidence, register and record the transfer, assignment or other conveyance of such rights to PB or its designee.",No,PhasebioPharmaceuticalsInc_20200330_10-K_EX-10.21_12086810_EX-10.21_Development Agreement.pdf,test
396,"Upon not less than thirty (30) days' prior written notice and not more than once in any calendar year, Affiliate shall have the right, at its sole cost and expense, during the Term and for one (1) year thereafter, to examine during normal business hours the books and records of Network for up to the prior calendar year and the then-current calendar year solely to the extent reasonably necessary to verify the Revenue Share Records.",No,TubeMediaCorp_20060310_8-K_EX-10.1_513921_EX-10.1_Affiliate Agreement.pdf,test
397,"If for any reason, Integrity and TL are subject to lower ""free goods"" limits by any third party license, the foregoing shall be adjusted to comply with any such license(s).",No,IntegrityMediaInc_20010329_10-K405_EX-10.17_2373875_EX-10.17_Co-Branding Agreement.pdf,test
398,E.piphany warrants the Application media is free from material defects in materials and workmanship under normal use for ninety (90) days from the applicable Order Form.,No,"OASYSMOBILE,INC_07_05_2001-EX-10.17-OUTSOURCING AGREEMENT.PDF",test
399,"MD Anderson further acknowledges and agrees that all original works of authorship that are made by MD Anderson (solely or jointly with others) in the performance of the Research, excluding any publication made in accordance with Section 6.4 (a ""Work"") and that are protectable by copyright are ""works made for hire,"" as that term is defined in the United States Copyright Act.",No,"IOVANCEBIOTHERAPEUTICS,INC_08_03_2017-EX-10.1-STRATEGIC ALLIANCE AGREEMENT.PDF",test
400,"Each Party shall cause such insurance policies to provide that the other Party shall be given at least thirty (30) days' notice of any cancellation, termination or change in such insurance.",No,KitovPharmaLtd_20190326_20-F_EX-4.15_11584449_EX-4.15_Manufacturing Agreement.pdf,test
401,"We grant you the right, and you accept the obligation, to use the Proprietary Marks and the System to operate one Restaurant (the ""Franchised Business"") at the Premises, in accordance with the terms of this Agreement.",No,PfHospitalityGroupInc_20150923_10-12G_EX-10.1_9266710_EX-10.1_Franchise Agreement1.pdf,test
402,Distributor will not assign all or any part of this Agreement or any of its rights under this Agreement without the prior written consent of WGT.,No,EUROPEANMICROHOLDINGSINC_03_06_1998-EX-10.6-DISTRIBUTOR AGREEMENT.PDF,test
403,"SpinCo hereby covenants not to sue RemainCo under any Licensed SpinCo Know-How and under SpinCo's right, title and interest in and to Shared Library Materials and Foundational Software, including, without limitation, all applicable Patents, Copyrights, and Know-How, for infringement or misappropriation based upon any action that occurs in connection with the continued operation of the RemainCo Business and any future extensions of the RemainCo Business in any field other than the SpinCo Core Field after the Distribution Date",No,"BABCOCK_WILCOXENTERPRISES,INC_08_04_2015-EX-10.17-INTELLECTUAL PROPERTY AGREEMENT between THE BABCOCK _ WILCOX COMPANY and BABCOCK _ WILCOX ENTERPRISES, INC..PDF",test
404,"Notwithstanding anything to the contrary in this Supply Agreement, this Supply Agreement may be terminated: 10.2.1 in its entirety or with respect to one or more Products, on a Product-by-Product basis, by mutual written consent of Sutro and SutroVax; 10.2.2 in its entirety by a Party if the other Party materially breaches any of the material terms, conditions or agreements contained in this Supply Agreement to be kept, observed or performed by the other Party, by giving the Party who committed the breach [***] days' prior written notice, unless the notified Party shall have cured the breach within such [***]-day period; and 10.2.3 in its entirety or with respect to one or more Products, on a Product-by-Product basis, by SutroVax upon [***] days' prior written notice to Sutro for any reason.",No,"VAXCYTE,INC_05_22_2020-EX-10.19-SUPPLY AGREEMENT.PDF",test
405,Excite@Home shall not offer any Excite-branded or Excite-co-branded service during the Term of this Agreement that is substantially similar in functionally to the Co-Branded Application.,No,InvendaCorp_20000828_S-1A_EX-10.2_2588206_EX-10.2_Co-Branding Agreement.pdf,test
406,"Franchisee shall not do anything or suffer anything to be done which may adversely affect any rights of Franchisor in and to any Franchisor Property, or any registrations thereof or which, directly or indirectly, may<omitted>disparage or detract from Franchisor's reputation.",No,SimplicityEsportsGamingCompany_20181130_8-K_EX-10.1_11444071_EX-10.1_Franchise Agreement.pdf,test
407,"Cisco's policy is that Software, whether Standalone or Embedded, is not transferable, except where a listed exception below applies, and except, of course, where Cisco's contract expressly allows it.",No,ScansourceInc_20190822_10-K_EX-10.38_11793958_EX-10.38_Distributor Agreement1.pdf,test
408,"During the term of this Agreement and for a period of two (2) years after expiration or termination for any reason of this Agreement, Maimon agrees not to: (a) compete with the business of the Company, whether individually or through any entity, or to use (or permit the use of) any Confidential Information, directly or indirectly, for the purpose of competing with the business of the Company;",No,SCOUTCAMINC_05_12_2020-EX-10.22-SERVICES AGREEMENT.PDF,test
409,"Licensor reserves the right to terminate this Agreement immediately upon written notice for any reason, including if the usage of the Brand is not in compliance with the standards and policies.",No,MorganStanleyDirectLendingFund_20191119_10-12GA_EX-10.5_11898508_EX-10.5_Trademark License Agreement.pdf,test
410,"The term of this Agreement shall commence on the Effective Date and shall continue for the longer of the first anniversary of the Effective Date or the duration of the Manufacturing and Distribution Agreement (the ""Term"").",No,ReedsInc_20191113_10-Q_EX-10.4_11888303_EX-10.4_Development Agreement.pdf,test
411,"The Repairer shall at its own expense procure and maintain in force, with insurers of internationally recognized reputation acceptable to the Company an Aviation Liability insurance which should include: (i) Aviation Products Liability insurance: the Repairer shall maintain or shall cause its Subcontractors to maintain a Products Liability Insurance during the performance of the Services up to an amount not less than [*****] per occurrence and in the annual aggregate; and, (ii) Hangar Keeper Liability insurance: the Repairer shall maintain or shall cause its Subcontractors to maintain during the performance ofthe Services an Hangar Keeper Liability Insurance in an amount of not less than [*****] any one occurrence.",No,AzulSa_20170303_F-1A_EX-10.3_9943903_EX-10.3_Maintenance Agreement1.pdf,test
412,"Guaranteed Minimum Royalty during the Second Additional Term: In the event that the Second Renewal Threshold is achieved in the Sixth Contract Year, during the Second Additional Term the Minimum Royalty and Timing of Payment shall be as follows: Contract Year Minimum Royalty Timing of Payment Seven $5,000,000 $1,666,666.66 payment due on the following dates: July 23, 2019; October 1, 2019; February 1, 2020 Eight $5,000,000 $1,666,666.66 payment due on the following dates: July 23, 2020; October 1, 2020; February 1, 2021 Nine $5,000,000 $1,666,666.66 payment due on the following dates: July 23, 2021; October 1, 2021; February 1, 2022",No,MusclepharmCorp_20170208_10-KA_EX-10.38_9893581_EX-10.38_Co-Branding Agreement.pdf,test
413,"The right of first refusal granted hereunder may not be assigned or transferred, except that such right is assignable by SMBC to any of its respective Wholly-Owned Subsidiaries.",No,MOELIS&CO_03_24_2014-EX-10.19-STRATEGIC ALLIANCE AGREEMENT.PDF,test
414,"In addition to the other restrictions contained herein, Nexstar shall not enter into any material contractual obligation with respect to WYZZ-TV without first consulting with WYZZ to determine whether or not WYZZ (or its affiliates) is able to obtain more favorable terms with respect to the subject matter of such contract.",No,NEXSTARFINANCEHOLDINGSINC_03_27_2002-EX-10.26-OUTSOURCING AGREEMENT.PDF,test
415,"EXCEPT AS OTHERWISE SET FORTH IN SECTION 23.2, IN NO EVENT WILL ANY PARTY BE LIABLE UNDER THIS AGREEMENT FOR ANY LOST PROFITS OR FOR ANY CONSEQUENTIAL, INCIDENTAL, INDIRECT, EXEMPLARY, SPECIAL, OR PUNITIVE DAMAGES, REGARDLESS OF WHETHER SUCH PARTY HAS BEEN NOTIFIED OF THE POTENTIAL FOR SUCH DAMAGES, OR WHETHER SUCH DAMAGES WERE REASONABLY FORESEEABLE, OR WHETHER ANY CLAIM FOR RECOVERY IS BASED ON THEORIES OF CONTRACT, TORT, OR OTHERWISE.",No,"PHREESIA,INC_05_28_2019-EX-10.18-STRATEGIC ALLIANCE AGREEMENT.PDF",test
416,AFSL and TPH-A shall cause the Board to approve the share transfer of the Put Shares on or prior to the Put Closing Date.,No,"TRANSPHORM,INC_02_14_2020-EX-10.12(1)-JOINT VENTURE AGREEMENT.PDF",test
417,"In addition to the payment in Section 2.1, Bioamber shall pay Cargill a total of [***] U.S. Dollars ($[***] per year per full-time equivalent (FTE) person to perform the Work Plan, and Cargill will make available up to [***] FTE persons per year to perform the work as outlined in the Work Plan.",No,BIOAMBERINC_04_10_2013-EX-10.34-DEVELOPMENT AGREEMENT (1).pdf,test
418,"If, during said ninety (90)-day period, Affiliate notifies Network in writing of its desire to add the New Channels to this Agreement, then both parties shall work diligently together and in good faith to enter into an agreement within ninety (90) days of such notice to include the terms and conditions pursuant to which the New Channels may be distributed by Affiliate.",No,TubeMediaCorp_20060310_8-K_EX-10.1_513921_EX-10.1_Affiliate Agreement.pdf,test
419,"""Term"" means, on a Country-by-Country and Collaboration Product-by-Collaboration Product basis, the period from the Effective Date until the later of (a) the expiration or termination of the last Valid Claim of a Patent Right covering the Pooled Compound in such Collaboration Product in such Country, and (b) fifteen (15) years from First Commercial Sale in such Country, unless this Agreement is terminated earlier in accordance with Article 14.",No,"INNOVIVA,INC_08_07_2014-EX-10.1-COLLABORATION AGREEMENT.PDF",test
420,"ArTara, Affiliates, and sublicensees will obtain and maintain commercial general liability insurance with a reputable and financially secure insurance carrier prior to clinical testing, making, using, importing, offering to sell, or selling any licensed Product or engaging in any other act involving any licensed Product or the patent rights, if such act could possibly create risk of a claim against University Indemnitees for personal injury or property damage.",No,ArtaraTherapeuticsInc_20200110_8-K_EX-10.5_11943350_EX-10.5_License Agreement.pdf,test
421,"Vendor shall provide to AT&T (or its third party delegate), upon request and at no charge, its parent company, ATN International, Inc.'s bona fide and unedited: (a) financial statements for each quarter of each fiscal year during the term of the Build Addendum and (b) audited fiscal year financial statements for each fiscal year during the Term hereof.",No,AtnInternationalInc_20191108_10-Q_EX-10.1_11878541_EX-10.1_Maintenance Agreement.pdf,test
422,"The term of this Agreement will commence on the Effective Date and continue for a period of three (3) years after the Effective Date (the ""Initial Term"").",No,BIOCEPTINC_08_19_2013-EX-10-COLLABORATION AGREEMENT.PDF,test
423,"Except as otherwise specified in the previous sentence, Licensee may not sublicense any of its rights under Section 2(a) without Licensor's prior written consent, which shall not be unreasonably withheld or delayed.",No,IdeanomicsInc_20151124_8-K_EX-10.2_9354744_EX-10.2_Content License Agreement.pdf,test
424,"This Agreement shall commence on the Effective Date and, unless terminated earlier pursuant to this Article 13, shall continue in full force and effect, on a Product-by-Product and country-by-country basis until the Secondary Royalty Term with respect to such Product expires, at which time this Agreement shall expire in its entirety with respect to such Product in such country.",No,"Array BioPharma Inc. - LICENSE, DEVELOPMENT AND COMMERCIALIZATION AGREEMENT.PDF",test
425,"In addition, AJR's obligations under Section 11(a) above shall survive for a period of one (1) year after the date of this Agreement.",No,XYBERNAUTCORP_07_12_2002-EX-4-SPONSORSHIP AGREEMENT.PDF,test
426,"To the extent that any such copyrightable work is not a ""work made for hire,"" CONSULTANT hereby assigns and agrees to assign to the Company all right, title and interest, including a copyright, in and to such copyrightable work.",No,"MEDALISTDIVERSIFIEDREIT,INC_05_18_2020-EX-10.1-CONSULTING AGREEMENT.PDF",test
427,"""Minimum Revenue Targets"" shall mean: (i) in the first (1st) year of the Term, Aggregate Revenues of not less than Nine Million Dollars ($9,000,000) and (ii) in the second (2nd) year of the Term, Aggregate Revenues of not less than Twelve Million Dollars ($12,000,000).",No,BEYONDCOMCORP_08_03_2000-EX-10.2-CO-HOSTING AGREEMENT.PDF,test
428,"For the term of the Agreement, Excite will not enter into any agreement to display and shall not display on the Excite Site content created by Excite promoting NetGrocer's ""Competitors"", content created by NetGrocer's Competitors, promotional placements and/or advertising banners from NetGrocer's Competitors or make available on the Excite Site online supermarket sales offered by NetGrocer's Competitors",No,NETGROCERINC_07_31_1998-EX-10.15-SPONSORSHIP AGREEMENT.PDF,test
429,"WITHOUT AFFECTING STRICT PRODUCT LIABILITY UNDER MANDATORY APPLICABLE LAW, THE FOREGOING PROVISIONS OF THIS SECTION SET FORTH ACCURAY'S SOLE AND EXCLUSIVE LIABILITY AND DISTRIBUTOR'S SOLE AND EXCLUSIVE REMEDY FOR ANY CLAIMS OF INFRINGEMENT OR MISAPPROPRIATION OF INTELLECTUAL PROPERTY RIGHTS OR PROPRIETARY RIGHTS OF ANY KIND.",No,ACCURAYINC_09_01_2010-EX-10.31-DISTRIBUTOR AGREEMENT.PDF,test
430,"THIS STRATEGIC ALLIANCE AGREEMENT (the ""Agreement""), made effective this 17t h day of February 2016, through February 16, 2019 (the ""Initial Term"") i",No,"FTENETWORKS,INC_02_18_2016-EX-99.4-STRATEGIC ALLIANCE AGREEMENT.PDF",test
431,"Unless otherwise required by a particular Sponsor, PPD shall not refer that opportunity to any other third party provider unless VS declines to bid on such opportunity or does not offer the service in question.",No,"VIRTUALSCOPICS,INC_11_12_2010-EX-10.1-STRATEGIC ALLIANCE AGREEMENT.PDF",test
432,The Distributor will not challenge any intellectual property rights claimed by JRVS in such trademarks.,No,ImineCorp_20180725_S-1_EX-10.5_11275970_EX-10.5_Distributor Agreement.pdf,test
433,"Neither Party may transfer or assign any of its rights or obligations under this Agreement without the prior written consent of the other Party, except that either Party may assign this Agreement to any entity controlled by it, its parents, subsidiaries, or affiliates, or to any purchaser of the business to which this Agreement relates subject to the other Parties consent which will not be unreasonably withheld or delayed.",No,"BELLRINGBRANDS,INC_02_07_2020-EX-10.18-MASTER SUPPLY AGREEMENT.PDF",test
434,"Each party agrees that, during the Term of this Agreement and for a period of five (5) years thereafter, neither will make written or oral comments regarding the other that are negative, disparaging, tend to bring the other into disrepute or call into question the business acumen, character, honesty or integrity of the other.",No,"OMINTO,INC_03_29_2004-EX-10-RESELLER AGREEMENT.PDF",test
435,"In no event will IBM be liable for any lost profits, lost savings, incidental damages, or other economic consequential damages, even if IBM has been advised of the possibility of such damages.",No,MANUFACTURERSSERVICESLTD_06_05_2000-EX-10.14-OUTSOURCING AGREEMENT.PDF,test
436,"If DIALOG provides such a notice, for a period of [***] following ENERGOUS' receipt of such notice, ENERGOUS and DIALOG will negotiate in good faith the terms pursuant to which such New Product will be added as a Product to this Agreement.",No,ENERGOUSCORP_03_16_2017-EX-10.24-STRATEGIC ALLIANCE AGREEMENT.PDF,test
437,"For two (2) years after the expiration or termination of this Agreement or an approved Transfer to a new franchisee, you may not directly or indirectly own, manage, engage in, be employed by, advise, make loans to, consult for, or have any other interest in any Competitive Business that is, or intends to operate, within three (3) mile radius of the Premises of your Franchised Business or within a three (3) mile radius of any Restaurant then-operating or under construction to operate under the System, except as permitted by any Franchise Agreements that remain in effect between you and us. .",No,PfHospitalityGroupInc_20150923_10-12G_EX-10.1_9266710_EX-10.1_Franchise Agreement1.pdf,test
438,"Subject to the terms and conditions of this Agreement, Company hereby grants to MA the right to advertise, market and sell to corporate users, government agencies and educational facilities (""Clients"") for their own internal language learning, soft skills and communication purposes only, and not for remarketing or redistribution, and not for use in a data center environment for multiple users Clients, unless otherwise agreed to by Company prior in writing, the Technology listed in Schedule A of this Agreement, and to sell and/or bundle Technology Maintenance for the Technology and to provide first line technical support and implementation services for the Technology in the territories listed in Schedule A of this Agreement, providing MA meets the criteria required for delivering services according to Schedule A.",No,CybergyHoldingsInc_20140520_10-Q_EX-10.27_8605784_EX-10.27_Affiliate Agreement.pdf,test
439,"License Grant. Subject to the terms and conditions of this Agreement, WGT grants to Distributor a nontransferable license to do the following in the Territory during the Term: (a) market and distribute the Product to resellers; (b) demonstrate the Product to potential resellers; (c) use the Product internally for the sole purpose of providing this product support specified in paragraph 4.1(c); (d) use and display the Trademarks in connection with marketing and distributing the Product in the Territory pursuant to paragraphs (a) and (b) above.",No,EUROPEANMICROHOLDINGSINC_03_06_1998-EX-10.6-DISTRIBUTOR AGREEMENT.PDF,test
440,Any purported assignment in violation of this paragraph shall be void and ineffectual and shall not operate to transfer or assign any interest or title to the purported assignee.,No,"Antares Pharma, Inc. - Manufacturing Agreement.PDF",test
441,"In consideration of the license of Liquidmetal Technical Information and the Licensed Equipment granted by Liquidmetal, Eutectix agrees to pay Liquidmetal a cash royalty based on a percentage of the invoice price of any Licensed Products (but not including Liquidmetal Products) sold by Eutectix or its permitted sublicensees and for which payment was actually received by Eutectix.",No,LiquidmetalTechnologiesInc_20200205_8-K_EX-10.1_11968198_EX-10.1_Development Agreement.pdf,test
442,Such insurance shall be with a reputable insurance company and where reasonably possible (taking into account the availability of such insurance) shall be maintained for not less than [**] ([**]) years following the expiry or termination of this Agreement.,No,"PACIRA PHARMACEUTICALS, INC. - A&R STRATEGIC LICENSING, DISTRIBUTION AND MARKETING AGREEMENT .PDF",test
443,"Miltenyi hereby grants to Bellicum, subject to all the terms and conditions of this Agreement, a limited non-exclusive right and license under the Miltenyi Technology incorporated or embodied in the Miltenyi Products supplied hereunder), solely to use such Miltenyi Products for the Permitted Use.",No,"BELLICUMPHARMACEUTICALS,INC_05_07_2019-EX-10.1-Supply Agreement.PDF",test
444,"This Agreement and all matters pertaining hereto shall be governed by and construed under the laws of the State of Louisiana, except to the extent that the conflict of law rules of said state would require that the laws of another state would govern its validity, construction, or interpretation.",No,TRUENORTHENERGYCORP_02_08_2007-EX-10.1-DEVELOPMENT AGREEMENT.PDF,test
445,"NETGEAR reserves the right to change a warranty period for a specific Product but only for orders placed after the effective date of such change, provided that the minimum warranty period for all Products is ninety days, except for those Products specifically identified in the Price List as provided "" AS IS"" with no warranties.",No,"NETGEAR,INC_04_21_2003-EX-10.16-DISTRIBUTOR AGREEMENT.pdf",test
446,"No action, case, suit or proceeding, regardless of form, arising out of or related to this Agreement, may be brought by either party more than one (1) year after the cause of action has arisen, or in the case of nonpayment, more than two (2) years from the date of the last payment.",No,LinkPlusCorp_20050802_8-K_EX-10_3240252_EX-10_Affiliate Agreement.pdf,test
447,"Notwithstanding the foregoing, if any Party to this Agreement (or any of its successors or permitted assigns) (a) shall enter into a consolidation or merger transaction in which such Party is not the surviving entity and the surviving entity acquires or assumes all or substantially all of such Party's assets, (b) shall transfer all or substantially all of such Party's assets to any Person or (c) shall assign this Agreement to such Party's Affiliates, then, in each such case, the assigning Party (or its successors or permitted assigns, as applicable) shall ensure that the assignee or successor- in-interest expressly assumes in writing all of the obligations of the assigning Party under this Agreement, and the assigning Party shall not be required to seek consent, but shall provide written notice and evidence of such assignment, assumption or succession to the non-assigning Party.",No,GarrettMotionInc_20181001_8-K_EX-2.4_11364532_EX-2.4_Intellectual Property Agreement.pdf,test
448,"If Licensee shall fail to give notice of the exercise of its right of first<omitted>refusal under this Section within such ninety (90) day period, or if Licensee shall notify the Offeree within such ninety (90) day period that Licensee has waived such right, then the Offeree shall have the right to sell, transfer or convey all or the applicable portion of the stock in, or assets of, Licensor (as specified in the Offering Notice) pursuant to the terms of the specific offer described in the applicable Offering Notice, but not otherwise.",No,NEONSYSTEMSINC_03_01_1999-EX-10.5-DISTRIBUTOR AGREEMENT_Amendment.pdf,test
449,"Neither party may assign, or otherwise transfer, its rights or delegate its duties or obligations under this Agreement without prior written consent.",No,MANUFACTURERSSERVICESLTD_06_05_2000-EX-10.14-OUTSOURCING AGREEMENT.PDF,test
450,"Without prejudice to any term and condition under this Agreement, the Company shall maintain in force, at all times during the Term and [*****], at its own costs and expenses, with insurers of internationally recognized<omitted>reputation reasonably acceptable to the Repairer, insurances in accordance with industry standards with respect to the undertakings of the Company in Clause 15 (""Liability and Indemnity"") of this Agreement including",No,AzulSa_20170303_F-1A_EX-10.3_9943903_EX-10.3_Maintenance Agreement1.pdf,test
451,"This Agreement shall be governed by and interpreted pursuant to the laws of the People's Republic of China that are promulgated and are publicly available, provided that the general international business practices shall apply if the laws of the People's Republic of China that are promulgated and are publicly available do not involve any matter in relation to this Agreement.",No,TUNIUCORP_03_06_2014-EX-10-COOPERATION AGREEMENT.PDF,test
452,"After the termination of this Agreement, Party B shall strictly perform the Financial Leasing Agreement signed with the Driver User until the lease expires.",No,SENMIAOTECHNOLOGYLTD_02_19_2019-EX-10.5-Collaboration Agreement.PDF,test
453,Neither party may assign this Agreement without the prior written consent of the other.,No,ASIANDRAGONGROUPINC_08_11_2005-EX-10.5-Reseller Agreement.PDF,test
454,REVENUE SHARING FEES: 1. Corio Customer Application Management Revenue: Corio to pay Changepoint *** of all Application Management Revenue from Corio Customers for use of Changepoint Software subject to the following limitations. A. The Corio invoice amounts used to calculate the revenues subject to this revenue share shall not include Professional Service fees or Network access fees. B. These Application Management Revenue fees shall begin accruing when the Corio Customer first commences making payments to Corio for the Corio Services. Software support and maintenance fees are included in the 10% Revenue Sharing Fee.,No,CHANGEPOINTCORP_03_08_2000-EX-10.6-LICENSE AND HOSTING AGREEMENT.PDF,test
455,Neither this Agreement nor any right created by it shall<omitted>be assignable by either party without the prior written consent of the other or as stated herein.,No,"MARSHALLHOLDINGSINTERNATIONAL,INC_04_14_2004-EX-10.15-ENDORSEMENT AGREEMENT.PDF",test
456,This Agreement shall be governed by and interpreted and enforced in accordance with the laws of the Province of Ontario and the Parties agree to abide by the jurisdiction of the Courts of Ontario.,No,HealthcentralCom_19991108_S-1A_EX-10.27_6623292_EX-10.27_Co-Branding Agreement.pdf,test
457,"Contractor represents and warrants that, for the Warranty Period, the Products (i) will be free from defects in workmanship, material (only to the same extent as the original manufacturer of the material warrants the Contractor), and manufacture; (ii) will comply the Specifications IPC610.B standard (in all material respects and unless otherwise was instructed by Customer).",No,InmodeLtd_20190729_F-1A_EX-10.9_11743243_EX-10.9_Manufacturing Agreement.pdf,test
458,"Unless earlier terminated pursuant to the provisions hereof, the term of this Agreement and the licenses and other grants of rights (and related obligations) under this Agreement shall (i) with respect to the Arizona Licensed Trademarks, be for the Arizona Trademark License Term, (ii) with respect to the Diamond Licensed Trademarks, be for the Diamond Trademark License Term, (iii) with respect to the Phase- Out Marks, be for the term set forth in Section 6.6, and (iv) with respect to Copyrights, Know-How and Patents, be in perpetuity.",No,ArmstrongFlooringInc_20190107_8-K_EX-10.2_11471795_EX-10.2_Intellectual Property Agreement.pdf,test
459,Products repaired or replaced by Philips within the Warranty Term are warranted for the remainder of the original Warranty Term of said Products.,No,PROFOUNDMEDICALCORP_08_29_2019-EX-4.5-SUPPLY AGREEMENT.PDF,test
460,This Agreement shall be binding on the Parties as of the date hereof and is to be construed in accordance with and governed by the internal laws of the State of Delaware without giving effect to any choice of law rule that would cause the application of the laws of any jurisdiction other than the internal laws of the State of Delaware to the rights and duties of the Parties.,No,DigitalCinemaDestinationsCorp_20111220_S-1_EX-10.10_7346719_EX-10.10_Affiliate Agreement.pdf,test
461,Excite@Home may designate no more than 10 companies as Named Competitors.,No,InvendaCorp_20000828_S-1A_EX-10.2_2588206_EX-10.2_Co-Branding Agreement.pdf,test
462,"HSNS will pay to E.piphany a minimum sell through revenue commitment of $750,000.00 (""MINIMUM SELL-THROUGH COMMITMENT"") during the initial three year term of this Agreement on the dates and in the minimum amounts (""Minimum Quarterly Payments"") as follows.",No,"OASYSMOBILE,INC_07_05_2001-EX-10.17-OUTSOURCING AGREEMENT.PDF",test
463,"In the event that Ginkgo uses any of the BLI Proprietary Workflows identified in Exhibit D to conduct Commercial Services for a Third Party customer and such Commercial Services [***] result in the discovery of an Antibody to be used as the active ingredient in a therapeutic product for which a Third Party [***] (each such Antibody subject to this Section 7.4.2 (Milestone Payments), a ""Discovered Antibody""), then, on a Discovered Antibody-by-Discovered Antibody basis, in the event such Third Party (a) achieves any of the milestone events noted below in Table 7.4.2 (each, a ""Milestone Event"") with respect to a Discovered Antibody and (b) makes a payment to Ginkgo in connection with such Milestone Event, then Ginkgo will pay BLI [***] percent ([***]%) of such payment received by Ginkgo from such Third Party up to the amount of the corresponding ""Maximum Milestone Payment"" for such milestone event set forth below in Table 7.4.2 (each, a ""Milestone Payment"".",No,"BERKELEYLIGHTS,INC_06_26_2020-EX-10.12-COLLABORATION AGREEMENT.PDF",test
464,"Any payments made in order to satisfy the ""Minimum Fee"" which can be characterized as an advance of amounts due from advertising clients which is ""earned but not yet paid"" shall be deducted from the following year's payments when such amounts have in fact been collected.",No,DigitalCinemaDestinationsCorp_20111220_S-1_EX-10.10_7346719_EX-10.10_Affiliate Agreement.pdf,test
465,BII grants to XENCOR the license set forth in Section 5.2.5 as provided therein.,No,XENCORINC_10_25_2013-EX-10.24-COLLABORATION AGREEMENT (3).PDF,test
466,"Nantz agrees to be available for up to four photography sessions (2 in Southern California during the week and 2 to be at Nantz's site locations or tournaments), two speaking engagements, and three store appearances each Contract Year, at times and places mutually convenient for Nantz and the Company but in no event at times which adversely impact on the schedules of Nantz Communications or Nantz.",No,"ASHWORTHINC_01_29_1999-EX-10.(D)-PROMOTION AGREEMENT AND NANTZ COMMUNICATIONS, INC..PDF",test
467,"Additionally commencing on the Effective Date and continuing for eighteen (18) months, World Book shall offer HSWI a right of first refusal to create any paid-subscription Chinese language websites, which do not exist as of the date hereof, using the Content on equal or better terms as agreed to between World Book and a third party.",No,RemarkHoldingsInc_20081114_10-Q_EX-10.24_2895649_EX-10.24_Content License Agreement.pdf,test
468,"Without limiting the terms set forth in Section 6.09 of the Separation Agreement, none of Nuance, SpinCo or any other member of either Group shall in any event have any Liability to the other or to any other member of the other's Group under this Agreement for any indirect, special, punitive or consequential damages, whether or not caused by or resulting from negligence or breach of obligations hereunder and whether or not informed of the possibility of the existence of such damages.",No,CerenceInc_20191002_8-K_EX-10.4_11827494_EX-10.4_Intellectual Property Agreement.pdf,test
469,"This Agreement shall be effective as of the Effective Date and shall expire on the Expiration Date set forth above (the ""Initial Term""), unless earlier terminated in accordance with Section 3(b).",No,WebmdHealthCorp_20050908_S-1A_EX-10.7_1027007_EX-10.7_Content License Agreement.pdf,test
470,"To the extent, if any, that ownership of the Hose Materials does not automatically vest in Tadeo by virtue of this Agreement or otherwise, Diplomat hereby transfers and assigns to Tadeo all rights, title and interest which Diplomat may have in and to the Host Materials.",No,DYNTEKINC_07_30_1999-EX-10-ONLINE HOSTING AGREEMENT.PDF,test
471,"Unless otherwise agreed to in advance, no appearance shall exceed a total of two (2) hours in duration.",No,BerkshireHillsBancorpInc_20120809_10-Q_EX-10.16_7708169_EX-10.16_Endorsement Agreement.pdf,test
472,"This Agreement is effective on the day of May 1, 2013 and the effective term is the same as the Cooperation Term.",No,CHEETAHMOBILEINC_04_22_2014-EX-10.43-Cooperation Agreement.PDF,test
473,"Licensee shall be entitled to grant sublicenses under its license pursuant to Section 2.1 to Affiliates only, provided that any sublicense granted by Licensee under this Section 2.1.2 shall be made through a written agreement in the English language and shall be consistent with the terms of this Agreement.",No,CoherusBiosciencesInc_20200227_10-K_EX-10.29_12021376_EX-10.29_Development Agreement.pdf,test
474,"If Sponsor rejects said offer or fails to notify Excite of its acceptance within the [****] period, Excite shall have the right thereafter to enter into the agreement with such third party, provided the terms and conditions of the agreement (if entered into within the subsequent ninety (90) days) are not less favorable to Excite than previously offered by Sponsor.",No,N2KINC_10_16_1997-EX-10.16-SPONSORSHIP AGREEMENT.PDF,test
475,"Either party may cancel this Agreement at any time, with or without supplying a reason, through written notification or by making suitable settings in the respective Control Panel.",No,SouthernStarEnergyInc_20051202_SB-2A_EX-9_801890_EX-9_Affiliate Agreement.pdf,test
476,"At such time that ***** percent (*****%) of the Guarantee Forfeiture Payment is recouped by Licensee, Fox shall earn and Licensee shall pay to Fox Royalties at the rate of ***** percent (*****%) of Licensee's gross receipts from Licensee's sale, license, distribution or other exploitation of the IN HER SHOES Wireless Product.",No,GluMobileInc_20070319_S-1A_EX-10.09_436630_EX-10.09_Content License Agreement2.pdf,test
477,"IN NO EVENT SHALL EITHER PARTY BE LIABLE TO THE OTHER PARTY FOR LOST PROFITS OR ANY CONSEQUENTIAL, SPECIAL, INCIDENTAL, OR INDIRECT DAMAGES OR SUCH OTHER PARTY, HOWEVER CAUSED AND ON ANY THEORY OF LIABILITY, ARISING OUT OF THIS AGREEMENT. THESE LIMITATIONS SHALL APPLY NOTWITHSTANDING ANY FAILURE OF ESSENTIAL PURPOSE OF ANY LIMITED REMEDY. IN NO EVENT SHALL D2'S LIABILITY HEREUNDER EXCEED THE TOTAL AMOUNT PAID OR OWED BY LICENSEE TO D2 UNDER THIS AGREEMENT.",No,SUMMAFOURINC_06_19_1998-EX-10.3-SOFTWARE LICENSE AND MAINTENANCE AGREEMENT.PDF,test
478,"Smith hereby grants to TDA the following rights (the ""Rights""): (a) the right to use and reuse Smith's name, voice, likeness, facsimile signature, personal statistics, biographical information and any reproduction or simulation thereof (""Smith's Likeness"") in TDA's Golf Instruction Related Products and on packaging for TDA's Golf Instruction Related Products in any fashion, said grant of rights being limited to the world (the ""Contract Territory"")""; (b) the right to use and reuse Smith's Likeness in TDA's general internal, non-public corporate promotional materials (such as TDA's Annual Report), corporate advertising and in other forms of publicity; (c) the right to use and reuse Smith's Likeness in and in connection with the marketing, advertising, promoting and publicizing of TDA's Golf Instruction Related Products, by any and all means now known or hereafter developed; (d) the exclusive right to use and reuse the results and proceeds of the in connection with TDA's Golf Instruction Related Products; and (e) with Smith's prior reasonable approval, the right to license to third parties any of the foregoing rights but only in connection with or directly related to the marketing and sale of TDA's Golf Instruction Related Products.",No,"HALITRON,INC_03_01_2005-EX-10.15-SPONSORSHIP AND DEVELOPMENT AGREEMENT.PDF",test
479,"As scheduled, Sekisui may perform an audit during reasonable business hours to confirm ongoing compliance with the Quality System Regulations and confirm adequate process controls",No,RitterPharmaceuticalsInc_20200313_S-4A_EX-10.54_12055220_EX-10.54_Development Agreement.pdf,test
480,The Term shall commence upon the Effective Date and shall continue for an initial term of five (5) years.,No,LegacyEducationAllianceInc_20200330_10-K_EX-10.18_12090678_EX-10.18_Development Agreement.pdf,test
481,AbbVie shall pay to Harpoon the royalty amounts due with respect to a given [***] within [***] after the end of such [***].,No,HarpoonTherapeuticsInc_20200312_10-K_EX-10.18_12051356_EX-10.18_Development Agreement.PDF,test
482,"Sabco shall provide at its expense and maintain throughout --------- the term of this Agreement and any option period spectator liability insurance in an amount not less than $1 million single limit coverage with respect to any liability relating to the activities of Sabco in the performance of this Agreement. Sabco shall, within 90 days of the execution of this Agreement, supply Prolong with a copy of such policy of insurance or a certificate thereof, and such policies shall be cancelable only upon 10 days written notice to Prolong.",No,PROLONGINTERNATIONALCORP_03_23_1998-EX-10.16-SPONSORSHIP AGREEMENT.PDF,test
483,"Subject to Developer's expressly granted rights under this Agreement, Developer acknowledges and agrees that DSS shall own all right, title, and interest in and to the Technology, the Improvements, its Intellectual Property, and all future derivative works derived therefrom or developed hereunder.",No,HfEnterprisesInc_20191223_S-1_EX-10.22_11931299_EX-10.22_Development Agreement.pdf,test
484,"Subject to the terms and conditions set forth herein, DSS hereby grants to Developer, and Developer accepts from DSS, for the Term, a non-exclusive, limited, and non-transferable license to install and use the Technology for the sole purpose of developing the Improvements (as defined hereunder) thereto for the benefit of DSS (the ""Technology Development Services License"").",No,HfEnterprisesInc_20191223_S-1_EX-10.22_11931299_EX-10.22_Development Agreement.pdf,test
485,"If Harpoon decides not to prepare, file, prosecute, or maintain a Harpoon Patent or Joint Patent in a country or other jurisdiction in the Territory, Harpoon shall provide reasonable prior written notice to AbbVie of such intention (which notice shall, in any event, be given no later than [***] prior to the next deadline for any action that may be taken with respect to such Harpoon Patent or Joint Patent in such country or other jurisdiction), AbbVie shall thereupon have the option, in its sole discretion, to assume the control and direction of the preparation, filing, prosecution, and maintenance of such Harpoon Patent or Joint Patent at its expense in such country or other jurisdiction.",No,HarpoonTherapeuticsInc_20200312_10-K_EX-10.18_12051356_EX-10.18_Development Agreement.PDF,test
486,"All rights to Agreement Inventions, patentable or non-patentable, made jointly by employees of iBio and employees of CC-Pharming (""Joint Inventions"") will belong jointly to iBio and CC-Pharming, with inventorship determined as described in 35 U.S.C. § 262 and (Chin Patent Law).",No,IbioInc_20200313_8-K_EX-10.1_12052678_EX-10.1_Development Agreement.pdf,test
487,"ExxonMobil grants FCE a worldwide, non-exclusive, royalty- free, non-sub-licensable (except as set forth herein), perpetual, irrevocable (except as stated in Paragraphs 12.03 (Failure to Perform), 12.04 (Other Termination), and 12.05 (Bankruptcy)), non- transferable (except pursuant to Article 14 (Assignment)) right and license to practice ExxonMobil Background Information and ExxonMobil Background Patents for Generation 1 Technology in any applications outside of Carbon Capture Applications.",No,FuelcellEnergyInc_20191106_8-K_EX-10.1_11868007_EX-10.1_Development Agreement.pdf,test
488,"The Association Marks shall not be placed adjacent to the mark of another organization concerned with diabetes, or those of a company that manufactures products or provides services related to diabetes, without the Association's specific prior written consent, which may be withheld for any reason.",No,FreezeTagInc_20180411_8-K_EX-10.1_11139603_EX-10.1_Sponsorship Agreement.pdf,test
489,"For so long as Rogers is required by Applicable Law to pay copyright royalties relating to Licensed Programs hereunder, Licensor shall reimburse Rogers for 50% of any such royalties actually paid by Rogers, calculated on a rolling basis during the Term and payable monthly.",No,EuromediaHoldingsCorp_20070215_10SB12G_EX-10.B(01)_525118_EX-10.B(01)_Content License Agreement.pdf,test
490,"This Agreement and its formation, operation and performance shall be governed, construed, performed, and enforced in accordance with the laws of the State of California.",No,"ASHWORTHINC_01_29_1999-EX-10.(D)-PROMOTION AGREEMENT AND NANTZ COMMUNICATIONS, INC..PDF",test
491,"Effective as of the Closing Date, and subject to Sections 2.3 and 2.4 and Article III hereof, Equifax agrees, at its expense, to transfer, or cause to be transferred, to Certegy or to a Designated Certegy Member all right, title and interest held by Equifax and/or its Affiliates as of the Closing Date in and to each of the assets identified on Exhibit B hereto, subject to the retained rights described therein.",No,"FIDELITYNATIONALINFORMATIONSERVICES,INC_08_05_2009-EX-10.3-INTELLECTUAL PROPERTY AGREEMENT.PDF",test
492,"September 26, 2018<omitted>""Effective Date"" shall have the meaning set forth in the preamble to this Agreement.",No,DovaPharmaceuticalsInc_20181108_10-Q_EX-10.2_11414857_EX-10.2_Promotion Agreement.pdf,test
493,"Arizona agrees to assign and hereby assigns its entire right, title and interest in and to the Arizona Assigned IP to the Company.",No,ArmstrongFlooringInc_20190107_8-K_EX-10.2_11471795_EX-10.2_Intellectual Property Agreement.pdf,test
494,"EXCEPT WITH RESPECT TO CONTRACTOR'S OBLIGATIONS PURSUANT TO PARAGRAPH 9 HEREOF, CONTRACTOR'S MAXIMUM LIABILITY TO COMPANY ARISING FOR ANY REASON RELATING TO CONTRACTOR'S PERFORMANCE OF SERVICES UNDER A STATEMENT OF WORK SHALL BE LIMITED TO THE AMOUNT OF FEES PAID TO CONTRACTOR FOR THE PERFORMANCE OF SUCH SERVICES.",No,MERITLIFEINSURANCECO_06_19_2020-EX-10.(XIV)-MASTER SERVICES AGREEMENT.PDF,test
495,STAAR shall pay for the return or replacement shipment to Distributor of Products repaired or replaced under the Warranty.,No,StaarSurgicalCompany_20180801_10-Q_EX-10.37_11289449_EX-10.37_Distributor Agreement.pdf,test
496,"The Professional agrees (i) to use no golf bag bearing any identification of a competitor of the Company and (ii) to wear no apparel bearing any identification of a competitor of the Company, and will prohibit any caddy of hers from bearing any such identification.",No,WOMENSGOLFUNLIMITEDINC_03_29_2000-EX-10.13-ENDORSEMENT AGREEMENT.PDF,test
497,"SEV shall be liable for any damage caused to the Premises by its employees, agents, sub-contractors and invitees.",No,SMITHELECTRICVEHICLESCORP_04_04_2012-EX-10.26-FLEET MAINTENANCE AGREEMENT.PDF,test
498,"Except with the prior written consent of an authorized officer of BKC, Franchisee shall not (a) directly or indirectly sell, assign, convey, give away, mortgage, pledge, hypothecate, charge, or otherwise transfer or encumber its rights or obligations under this Agreement, or assign any of Franchisee's rights or delegate any of its duties hereunder; (b) sell, issue, offer, transfer, convey, give away, or otherwise<omitted>grant or deliver any additional equity interests in the Franchisee, or (c) sell, assign, transfer, convey, or give away substantially all of the assets of the Franchised Restaurant.",No,INTERNATIONALFASTFOODCORP_04_04_1997-EX-99-FRANCHISE AGREEMENT.PDF,test
499,"Subject to the terms and conditions of this Agreement commencing as of the Effective Date and for the duration of the Term and any Transition-out Period, Ehave hereby grants to CHT a non-transferable (except as permitted under Section 20(f)), right to: (i) sub-license the use of the Ehave Companion Solution within the Field of Use in the Territory to End Users and their respective Authorized Users, including in operation or by interfacing with other software, hardware, systems, networks and services, in accordance with and subject to the provisions of CHT's Subscription Agreement; and (ii) use the Ehave Companion Solution to support its licensed End Users.",No,EhaveInc_20190515_20-F_EX-4.44_11678816_EX-4.44_License Agreement_ Reseller Agreement.pdf,test
500,"Within [Redacted - Commercially Sensitive - Time Period] of the Effective Date, the parties shall negotiate, acting reasonably and in good faith, a transition plan (the ""Transition Plan"") to provide for a smooth transfer and transition of the manufacturing activities under this Agreement to Customer, an Affiliate of Customer or a third party manufacturer designated by Customer.",No,PROFOUNDMEDICALCORP_08_29_2019-EX-4.5-SUPPLY AGREEMENT.PDF,test
501,"Any invention (whether patentable or not), discoveries, improvements, works-of-authorship or other intellectual property made, conceived or reduced to practice by Bachem in connection with its performance under this Agreement or any Project Plan, which expressly excludes Bachem Intellectual Property (""Magenta Developed Intellectual Property""), shall be exclusively owned by Magenta.",No,"Magenta Therapeutics, Inc. - Master Development and Manufacturing Agreement.PDF",test
502,"EXCLUDING LIABILITY FOR INFRINGEMENT CLAIMS AS DISCUSSED IN SECTION 9 OF THIS AGREEMENT, IN NO EVENT SHALL eGAIN BE LIABLE TO CUSTOMER FOR CONSEQUENTIAL, EXEMPLARY, INDIRECT, SPECIAL OR INCIDENTAL DAMAGES (INCLUDING, WITHOUT LIMITATION, LOST PROFITS), OR BE LIABLE TO ANY THIRD PARTY FOR ANY DAMAGES WHATSOEVER, EVEN IF eGAIN HAS BEEN ADVISED OF THE POSSIBILITY OF SUCH DAMAGES.",No,WEBHELPCOMINC_03_22_2000-EX-10.8-HOSTING AGREEMENT.PDF,test
503,"All such policies shall require at least thirty (30) days' prior notice to Purchaser of cancellation, non- renewal or material change.",No,BONTONSTORESINC_04_20_2018-EX-99.3-AGENCY AGREEMENT.PDF,test
504,MD Anderson shall not subcontract any of its or the Principal Investigator's responsibilities under this Agreement without the prior written consent of Adaptimmune.,No,ADAPTIMMUNETHERAPEUTICSPLC_04_06_2017-EX-10.11-STRATEGIC ALLIANCE AGREEMENT.PDF,test
505,SEV shall remain liable for the repairs described in Clause 4.12 identified by DCL for a period of thirteen weeks from the end of the Contracted Period and shall provide such repairs on a free of charge basis.,No,SMITHELECTRICVEHICLESCORP_04_04_2012-EX-10.26-FLEET MAINTENANCE AGREEMENT.PDF,test
506,"In the case where any specific Product, shipped to IBM from MSL within any [*] month experiences a defect rate of [*]% or greater, resulting from a common cause due to MSL's non-conformance to specifications, drawings, other descriptions furnished or adopted by IBM, or due to workmanship, MSL will accept the cost of a Product Recall.",No,MANUFACTURERSSERVICESLTD_06_05_2000-EX-10.14-OUTSOURCING AGREEMENT.PDF,test
507,"With respect to any Intellectual Property developed by BLI or its Affiliates in collaboration or on behalf of a Third Party during the Term of this Agreement that is [***] for (a) [***] or (b) [***], with respect to each, BLI and its Affiliates shall [***] to [***] that BLI or its Affiliates Control such Intellectual Property so that BLI may grant a license to Ginkgo with respect to such Intellectual Property as set forth in Section 9.1 (Grants to Ginkgo).",No,"BERKELEYLIGHTS,INC_06_26_2020-EX-10.12-COLLABORATION AGREEMENT.PDF",test
508,"If the audit or inspection reveals that the underpayment is willful, or is for five percent (5%) or more of the total amount owed for the period being inspected, you will also reimburse us for all inspection and audit costs, including reasonable travel, lodging, meals, salaries and other expenses of the inspecting or auditing personne",No,"HOSPITALITYINVESTORSTRUST,INC_04_07_2014-EX-10.26-FRANCHISE AGREEMENT.PDF",test
509,The revenue from such occasional use shall be shared by the Parties in accordance with Schedule B,No,STARTECGLOBALCOMMUNICATIONSCORP_11_16_1998-EX-10.30-CONSTRUCTION AND MAINTENANCE AGREEMENT.PDF,test
510,"This Agreement does not provide, and is not intended to be construed or deemed to provide, any policyholder of the Company with recourse to or against any of the assets of AIG.",No,SEPARATEACCOUNTIIOFAGL_05_02_2011-EX-99.(J)(4)-UNCONDITIONAL CAPITAL MAINTENANCE AGREEMENT.PDF,test
511,Owner may terminate this Agreement at any time upon the occurrence of any of the following:<omitted>(e) Without cause on no less than seven (7) days prior written notice.,No,VERTEXENERGYINC_08_14_2014-EX-10.24-OPERATION AND MAINTENANCE AGREEMENT.PDF,test
512,CRO will not assign any right or delegate any obligation under this Agreement without the prior written consent of Client.,No,"PAXMEDICA,INC_07_02_2020-EX-10.12-Master Service Agreement.PDF",test
513,"This Agreement shall be governed by and construed in accordance with the laws of the state of Israel, without giving effect to choice of law rules.",No,NICELTD_06_26_2003-EX-4.5-OUTSOURCING AGREEMENT.PDF,test
514,"The term ""Transfer"" shall mean any sale, assignment, gift, pledge, mortgage or any other encumbrance, transfer by bankruptcy, transfer by judicial order, merger, consolidation, share exchange, transfer by operation of law or otherwise, whether direct or indirect, voluntary or involuntary, of this Agreement or any interest in it, or any rights or obligations arising under it, or of any material portion of your assets, or of any interest in you. You (and your shareholders, partners and members) will not directly or indirectly make a Transfer without our prior written consent. We will not withhold our consent to a Transfer, subject to all of the following conditions being satisfied: 1. You are in full compliance with this Agreement, you have no uncured defaults, all your fees, debts and financial obligations to us, our affiliates and the Fund are current, and you are current in your required local advertising expenditures; 2. You execute a written agreement in a form satisfactory to us in which you and your owners covenant to observe all applicable post-term obligations and covenants contained in this Agreement; 3. The proposed transferee enters into a written agreement in a form satisfactory to us assuming and agreeing to discharge all of your obligations and covenants under this Agreement for the remainder of its term or, at our option, execute our then-current standard form of franchise agreement (which<omitted>may provide for different fees, advertising requirements, duration, and other rights and obligations from those provided in this Agreement); 4. The proposed transferee agrees in writing to perform such maintenance, remodeling and re-equipping of the Restaurant that we determine necessary to bring the Restaurant in compliance with our then-current standards; 5. Prior to the date of the proposed Transfer, the proposed transferee's management team successfully completes such training and instruction as we deem necessary; 6. We are satisfied that the proposed transferee (and if the proposed transferee is an entity, all holders of any interest in such entity) meets all of the requirements for our new franchisees applicable on the date we receive notice of the proposed transfer and including, but not limited to, good reputation and character, business experience, restaurant management experience, and financial strength and liquidity; 7. You and all holders of an interest in you execute a general release, in the form prescribed by us, releasing, to the fullest extent permitted by law, all claims that you or any of your investors may have against us and our affiliates, including our and their respective shareholders, officers, directors and employees, in both their individual and corporate capacities; 8. You pay us a transfer fee equal to one-half (1/2) of the then-current Initial Franchise Fee; and 9. We waive our right of first refusal under Paragraph XX.",No,BUFFALOWILDWINGSINC_06_05_1998-EX-10.3-FRANCHISE AGREEMENT.PDF,test
515,"In no event will Licensor be liable for any indirect, incidental, reliance, special or consequential damages arising out of the performance or non-performance of this Agreement, whether or not Licensor had been advised of the possibility of such damages.",No,MOSSIMOINC_04_14_2000-EX-10.14-ENDORSEMENT AGREEMENT.PDF,test
516,"Upon the death of the Employee, proceeds shall be paid in one sum to the Owner, its successors or assigns, to the extent of its interest in the Policy as described in the Agreement.",No,PrudentialBancorpInc_20170606_8-K_EX-10.4_10474434_EX-10.4_Endorsement Agreement.pdf,test
517,The Professional agrees to serve as a professional golf instructor during up to ten (10) golf clinics hosted by the Company per calendar year at locations within the United States to be determined by the Company.,No,WOMENSGOLFUNLIMITEDINC_03_29_2000-EX-10.13-ENDORSEMENT AGREEMENT.PDF,test
518,"In consideration of the agreement of the Contractor to provide its services as set forth in this Agreement, the Company will pay the Contractor the following amounts: (i) a monthly service fee of $7.50 per note based on the maximum number of notes outstanding during the month, subject to a monthly minimum of $2,500;",No,ASPIRITYHOLDINGSLLC_05_07_2012-EX-10.6-OUTSOURCING AGREEMENT.PDF,test
519,This Agreement shall be governed by the laws of the Province of Ontario and the federal laws of Canada applicable therein.,No,ON4COMMUNICATIONSINC_07_02_2009-EX-10.1-PROMOTION AGREEMENT.PDF,test
520,"SCIEN agrees that it will not during the term of this Agreement, or thereafter, attack the title or any rights of HEMISPHERX in and to Interferon alfa-n3 (human leukocyte derived) or attack the validity of the license granted herein by HEMISPHERX and solely owned by HEMISPHERX.",No,"HEMISPHERX - Sales, Marketing, Distribution, and Supply Agreement.PDF",test
521,"During the period ending on the fifth anniversary of the expiration of the fiscal year during which the closing of the transactions contemplated hereby occurs, the Company will furnish to the Agent (i) as soon as publicly available, a copy of each report or other document of the Company furnished generally to stockholders of the Company or furnished to or filed with the Commission under the Exchange Act or any national securities exchange or system on which any class of securities of the Company is listed, and (ii) from time to time, such other information concerning the Company as the Agent may reasonably request.",No,ALLIANCEBANCORPINCOFPENNSYLVANIA_10_18_2006-EX-1.2-AGENCY AGREEMENT.PDF,test
522,"In such event, the provisions of this Agreement that survive during the Wind Down Period will continue to survive for the remainder of the period of time that DIALOG is authorized to Sell Licensed Products to any customer in accordance with the foregoing sentence.",No,ENERGOUSCORP_03_16_2017-EX-10.24-STRATEGIC ALLIANCE AGREEMENT.PDF,test
523,This Agreement shall be governed by and construed in accordance with the laws of the Illinois without giving effect to its conflict of laws principles.,No,PlayboyEnterprisesInc_20090220_10-QA_EX-10.2_4091580_EX-10.2_Content License Agreement_ Marketing Agreement_ Sales-Purchase Agreement1.pdf,test
524,"Notice of Merger or Acquisition. Until the date that this Agreement terminates or is terminated in accordance with Section 15 hereof, ENERGOUS agrees that, [***].",No,ENERGOUSCORP_03_16_2017-EX-10.24-STRATEGIC ALLIANCE AGREEMENT.PDF,test
525,"In addition, COMPANY shall issue to JHU that number of shares of common stock representing five percent (5%) of the outstanding common and preferred shares on a fully diluted basis of COMPANY pursuant to an agreed upon stock purchase agreement between COMPANY and JHU.",No,VirtuosoSurgicalInc_20191227_1-A_EX1A-6 MAT CTRCT_11933379_EX1A-6 MAT CTRCT_License Agreement.pdf,test
526,"Distributor's appointment as a distributor of the Airspan Products grants to Distributor only a license to resell the<omitted>Airspan Products to Distributor's customers in the Territory, and does not transfer any right, title, or interest in any of the Airspan Software to Distributor.",No,AIRSPANNETWORKSINC_04_11_2000-EX-10.5-Distributor Agreement.PDF,test
527,"This Agreement shall be governed and construed in accordance with the law set forth in the ExxonMobil Selling Affiliate's general terms and conditions, as applicable.",No,WestPharmaceuticalServicesInc_20200116_8-K_EX-10.1_11947529_EX-10.1_Supply Agreement.pdf,test
528,"Prior to a Program Transfer, PB will be responsible for maintaining product liability insurance related to the Development and<omitted>Commercialization of the Product at its expense with SFJ to be named as an additional insured party.",No,PhasebioPharmaceuticalsInc_20200330_10-K_EX-10.21_12086810_EX-10.21_Development Agreement.pdf,test
529,"As of the Closing Date, all right, title<omitted>and interest in and to the Retail Reach source code,<omitted>object code and documentation, including, without<omitted>limitation, all patents, patent rights and copyrights related thereto, shall be and at all times will remain jointly owned by Equifax and Certegy.",No,"FIDELITYNATIONALINFORMATIONSERVICES,INC_08_05_2009-EX-10.3-INTELLECTUAL PROPERTY AGREEMENT.PDF",test
530,This Agreement shall be construed and enforced in accordance with the laws of the State of New Jersey.,No,SEASPINEHOLDINGSCORP_10_10_2018-EX-10.1-SUPPLY AGREEMENT.PDF,test
531,"Purchase orders issued by MediWound to CBC during a certain year for quantities exceeding [***]% of the applicable Annual Forecast shall be binding upon CBC, except that with respect to any amounts exceeding [***]% of the applicable Annual Forecast, CBC's obligation to provide such exceeding quantities shall be based on best efforts and CBC shall have an extended lead time for delivery as shall be agreed upon by the parties on a case by case basi",No,MEDIWOUNDLTD_01_15_2014-EX-10.6-SUPPLY AGREEMENT.PDF,test
532,"Subject to the terms and conditions of this Agreement, Commerce One hereby grants to Corio a nonexclusive, nontransferable (except in accordance with Section 14.1 of this Agreement) royalty-free, fully paid up right and license in the Territory, on Corio Servers, to make a reasonable number of copies of the Demonstration Software solely for demonstration purposes to potential Customer",No,CORIOINC_07_20_2000-EX-10.5-LICENSE AND HOSTING AGREEMENT.PDF,test
533,"Neither Party shall be liable to the other for any special, indirect, incidental, consequential, punitive or exemplary damages, including, but not limited to, lost profits, even if such Party alleged to be liable has knowledge of the possibility of such damages, provided, however, that the limitations set forth in this Section shall not apply to or in any way limit the obligations of the Section entitled ""Indemnity,"" the Section entitled ""Confidentiality and Information Protection,"" or Supplier's gross negligence or willful misconduct.",No,CardlyticsInc_20180112_S-1_EX-10.16_11002987_EX-10.16_Maintenance Agreement1.pdf,test
534,Franchisor shall be named as an additional insured on all such insurance policies and shall be provided with certificates of insurance evidencing such coverage.,No,ElPolloLocoHoldingsInc_20200306_10-K_EX-10.16_12041700_EX-10.16_Development Agreement.pdf,test
535,"The Reseller's exclusive right to market and sell the Products in the Territory is subject to the Reseller achieving the following milestones by the end of each year this Agreement is in effect (the ""Annual Milestones""): Year Annual Milestone(s) Year 1 Not Applicable Each Year Thereafter The parties will agree at the beginning of the year on the Annual Milestone for such year",No,TodosMedicalLtd_20190328_20-F_EX-4.10_11587157_EX-4.10_Marketing Agreement_ Reseller Agreement.pdf,test
536,"In the event that following the delay, Contractor is in compliance with the Due Dates for two immediately consecutive Quarters and there is no delay whatsoever, Contractor will be reimbursed by NICE for liquidated damages already paid for delay in the previous Quarter (before the said 2 Quarters), if paid, without derogating from the previous delay being regarded as a breach hereunder.",No,NICELTD_06_26_2003-EX-4.5-OUTSOURCING AGREEMENT.PDF,test
537,"Sicap Ltd's liability for indirect loss, including consequential loss, loss of profit, lost savings and loss caused by interruption of operations is excluded.",No,SLOVAKWIRELESSFINANCECOBV_03_28_2001-EX-4.(B)(II).3-Maintenance and support contract for SICAP(R) modules.PDF,test
538,"Save the event of gross negligence or willful misconduct, pursuant to the provisions in this numeral 11.2, the responsibility of ECOPETROL under the Contract hereof under no circumstance shall exceed seventy five per cent (75%) of the value of the Crude lost or damaged by causes attributable to ECOPETROL.",No,GRANTIERRAENERGYINC_05_07_2012-EX-10.6-TRANSPORTATION CONTRACT.PDF,test
539,"EXCEPT WITH RESPECT TO THE INDEMNITY OBLIGATIONS IN SECTION 14, THE CONFIDENTIALITY OBLIGATIONS UNDER SECTION 16, AND THE YEAR 2000 COMPLIANCE OBLIGATIONS UNDER SECTION 20, NOTWITHSTANDING ANYTHING TO THE CONTRARY CONTAINED IN THIS AGREEMENT, UNDER NO CIRCUMSTANCES SHALL EITHER PARTY BE LIABLE TO THE OTHER PARTY WITH RESPECT TO THE SUBJECT MATTER OF THIS AGREEMENT UNDER ANY CONTRACT, NEGLIGENCE, 10 STRICT LIABILITY, TORT OR OTHER LEGAL OR EQUITABLE THEORY FOR ANY INDIRECT, INCIDENTAL, CONSEQUENTIAL, SPECIAL OR EXEMPLARY DAMAGES (INCLUDING, WITHOUT LIMITATION, LOSS OF REVENUE OR GOODWILL OR ANTICIPATED PROFITS OR LOST BUSINESS), EVEN IF SUCH PARTY HAS BEEN ADVISED OF THE POSSIBILITY OF SUCH DAMAGES.",No,HealthcentralCom_19991108_S-1A_EX-10.27_6623292_EX-10.27_Co-Branding Agreement.pdf,test
540,"Such license is granted solely in connection with NTC's rights and obligations under this Agreement and, in particular, for the purpose of licensing NTC to use the ALFA AESAR Trademark on the NTC web site as expressly contemplated herein for referral of customers of Research Quantities to ALFA AESAR and is a link/navigational button to the ALFA AESAR Site.",No,NANOPHASETECHNOLOGIESCORP_11_01_2005-EX-99.1-DISTRIBUTOR AGREEMENT.PDF,test
541,"During the cooperation between the parties, Party A agrees not to enter into any form of cooperation with Qihoo 360, unless PartyA needs such cooperation with Qihoo 360 for business or technology and Party B has provided its prior consent.",No,CHEETAHMOBILEINC_04_22_2014-EX-10.43-Cooperation Agreement.PDF,test
542,"Upon termination of this Agreement, other than by reason of a termination for material breach due to a breach by HSNS pursuant to Section 12.1 (""Term and Termination""), (i) HSNS shall have the right to access and use the Application solely to provide Outsourcing Services, but only to the extent necessary to provide Outsourcing Services through the remaining unexpired term of an applicable Agreement with the Outsourcing Customer (without renewal following the termination of this Agreement), but in any extent not beyond twelve (12) months from the effective date of termination.",No,"OASYSMOBILE,INC_07_05_2001-EX-10.17-OUTSOURCING AGREEMENT.PDF",test
543,"Neither Party may assign this Agreement or any of its rights or obligations hereunder, except as expressly permitted hereunder, or delegate any of its obligations under this Agreement, whether by operation of law or otherwise, in whole or in part, without the consent of the other Party, except as follows: (i) Sanofi may, without consent of RevMed, assign this Agreement or its rights and obligations hereunder in whole or in part to any Affiliate of Sanofi, and RevMed may, with the consent of Sanofi (not to be unreasonably withheld, delayed or conditioned), assign this Agreement or its rights and obligations hereunder in whole or in part to any Affiliate of RevMed;",No,RevolutionMedicinesInc_20200117_S-1_EX-10.1_11948417_EX-10.1_Development Agreement.pdf,test
544,"Throughout the term of this Agreement, Contractor shall maintain workers compensation insurance in the amount required by statute, comprehensive general liability insurance with coverage of at least one million dollars ($1,000,000) and professional errors and omissions insurance for bodily injury, property damage or other losses with coverage of at least one million dollars ($1,000,000), in connection with the provision of Services by Contractor pursuant to the terms of this Agreement. At Company's request, Contractor shall provide Company with certificates or other acceptable evidence of insurance or self-insurance evidencing the above coverage and shall provide Company with prompt written notice of any material change.",No,MERITLIFEINSURANCECO_06_19_2020-EX-10.(XIV)-MASTER SERVICES AGREEMENT.PDF,test
545,"In the event that the Software or eGain System is not Year 2000 Compliant, Customer's sole and exclusive remedy and eGain's sole and exclusive liability shall be for eGain, at no additional cost to Customer, to promptly modify the Software or the eGain System so that the Software or eGain System is Year 2000 Compliant.",No,WEBHELPCOMINC_03_22_2000-EX-10.8-HOSTING AGREEMENT.PDF,test
546,"During the Term, for the activities described in this Agreement, IMNTV hereby grants Distributor non-exclusive rights and licenses necessary within the Territory to: (a) copy, store digitally, host and stream the Programming; (b) publicly perform, publicly display, electronically transmit, distribute and broadcast the Programming; (c) promote the Programming and use IMNTV Marks for Distributor's promotion of the Programming as activities described in Section 2.4 above; (d) archive the Programming on Distributor's servers; (e) encode, copy, and create continuous Programming excerpts of up to sixty (60) seconds and transmit, publicly perform, distribute, and redistribute such excerpts to",No,GlobalTechnologiesGroupInc_20050928_10KSB_EX-10.9_4148808_EX-10.9_Content License Agreement.pdf,test
547,"Unless otherwise provided in the applicable Facility Addendum, this Agreement (a) shall commence on the Effective Date and shall continue for a period of four (4) years from such date (the ""Initial Term"" of this Agreement), unless sooner terminated pursuant to Section 7.3, 7.4, 7.5, 7.6 or 7.7, and (b) may be extended for up to three (3) additional periods of twelve (12) months (each, an ""Extension Period"") by written notice given by Customer to Manufacturer not less than twelve (12) months prior to the expiration of the Initial Term or the applicable Extension Period, as the case may be.",No,UpjohnInc_20200121_10-12G_EX-2.6_11948692_EX-2.6_Manufacturing Agreement_ Supply Agreement.pdf,test
548,The frequency of such audits as well as the response time with respect to audit findings shall be governed by the Quality Agreement.,No,ParatekPharmaceuticalsInc_20170505_10-KA_EX-10.29_10323872_EX-10.29_Outsourcing Agreement.pdf,test
549,"Prior to payment under this section, Sonos may audit all relevant documents to ensure that actual losses reasonably approximating the Purchase Order cancellation or Rolling Forecast quantity reduction charge have been suffered by IAC as the result of the cancellation or quantity reduction.",No,"Sonos, Inc. - Manufacturing Agreement .PDF",test
550,"Neither party shall be liable to the other pursuant to this Agreement for any amounts representing loss of profit, loss of business or indirect, consequential, exemplary, or punitive damages of the other party. The foregoing shall not limit the indemnification, defense and hold harmless obligations set forth in this Agreement other than those set forth in Section 5.4 and shall not apply with respect to damages or losses arising from the wrongful termination of this Agreement by LMG, willful misconduct, gross negligence or breach of LMG's obligations under Section 3. 8.",No,REGANHOLDINGCORP_03_31_2008-EX-10-LICENSE AND HOSTING AGREEMENT.PDF,test
551,"If LICENSEE commits to purchase licenses for a minimum of 10,000 processors for the first year after first customer shipments, the fee_per_port will be reduced for $1.00 for the first 5,000 processors.",No,SUMMAFOURINC_06_19_1998-EX-10.3-SOFTWARE LICENSE AND MAINTENANCE AGREEMENT.PDF,test
552,The terms of the Governing Law and Dispute Resolution provisions of the Distribution Agreement will apply to this Addendum.,No,ScansourceInc_20190509_10-Q_EX-10.2_11661422_EX-10.2_Distributor Agreement.pdf,test
553,"In addition, the Parties shall from time to time discuss in good faith and mutually and reasonably agree upon (i) whether one or more Miltenyi Products require a minimum inventory to be held by Bellicum, and (ii) whether there shall be any type of Miltenyi Product that require a minimum inventory to be held by Miltenyi on behalf of Bellicum and under which terms and conditions such minimum inventory shall be reserved for Bellicum.",No,"BELLICUMPHARMACEUTICALS,INC_05_07_2019-EX-10.1-Supply Agreement.PDF",test
554,"No right or interest in this Agreement shall be assigned by Schoolpop without prior written permission of AEIS, which shall not be unreasonably withheld.",No,LOYALTYPOINTINC_11_16_2004-EX-10.2-RESELLER AGREEMENT.PDF,test
555,"Sanofi shall have the first right, but not the obligation, through counsel of its choosing, to negotiate and obtain a license with respect to such Third Party intellectual property right and shall provide RevMed with a copy of such license if it obtains such a license (to the extent permitted by the terms of such license, provided that Sanofi shall use Commercially Reasonable Efforts to obtain such permission to provide such copy).",No,RevolutionMedicinesInc_20200117_S-1_EX-10.1_11948417_EX-10.1_Development Agreement.pdf,test
556,"In the event of a claim under any such policies, Merchant shall be responsible for the payment of all deductibles, retentions or self- insured amounts thereunder (which may be reimbursed as an Expense and/or pursuant to the Wind-Down Payment, subject to the Wind-Down Budget and the Wind-Down Cap), unless it is determined that liability arose by reason of the willful misconduct or grossly negligent acts or omissions of Purchaser, or Purchaser's employees, independent contractors or agents.",No,BONTONSTORESINC_04_20_2018-EX-99.3-AGENCY AGREEMENT.PDF,test
557,Such audits may be conducted upon reasonable notice during the term of this Agreement and for [***] thereafter.,No,"Magenta Therapeutics, Inc. - Master Development and Manufacturing Agreement.PDF",test
558,"Concurrently with execution of this Agreement or, at CHT's option, as soon as practicable after the Effective Date but in no event later than CHT's acceptance of and the launch of the Ehave Companion Solution, CHT and Ehave shall enter into a Source Code Escrow Agreement with a reputable software escrow agent mutually acceptable to the Parties (""Escrow Agent""), in or substantially in the form attached hereto as Schedule ""7"", or otherwise in a form acceptable to the Parties, acting reasonably, and to the Escrow Agent (the ""Escrow Agreement""), providing for the release of the Source Code for the Software, as modified pursuant to Section 3 and all necessary programming documentation, utilities and tools used by Ehave to maintain the Software and to compile the source code into object code (excluding third party utilities and tools licensed by Ehave for which Ehave has not been granted the right to sublicense or otherwise make available such utilities and tools to third parties without additional charge, but including such information as necessary for CHT to obtain licenses to and obtain such third party utilities and tools), all in its then-existing form, to CHT, in the certain circumstances expressly stated in Section 12(b).",No,EhaveInc_20190515_20-F_EX-4.44_11678816_EX-4.44_License Agreement_ Reseller Agreement.pdf,test
559,"Bellicum will order Miltenyi Product in a defined number of units, subject to reasonable minimum order size requirements that may vary according to product type.",No,"BELLICUMPHARMACEUTICALS,INC_05_07_2019-EX-10.1-Supply Agreement.PDF",test
560,"EXCEPT IN CONNECTION WITH A BREACH BY EITHER PARTY OF SECTION 8, NEITHER PARTY WILL BE LIABLE FOR ANY SPECIAL, INDIRECT, CONSEQUENTIAL, EXEMPLARY, PUNITIVE OR INCIDENTAL DAMAGES ARISING OUT OF OR RELATED TO THIS AGREEMENT, HOWEVER CAUSED AND UNDER ANY THEORY OF LIABILITY (INCLUDING NEGLIGENCE), EVEN IF SUCH PARTY HAS BEEN ADVISED OF THE POSSIBILITY OF SUCH DAMAGES.",No,"DUOSTECHNOLOGIESGROUP,INC_04_21_2009-EX-10.1-STRATEGIC ALLIANCE AGREEMENT.PDF",test
561,"This Agreement shall be binding upon, and inure to the benefit of, both parties and their respective successors and assigns, including any corporation with which, or into which, the Company may be merged or which may succeed to its assets or business, provided, however, that the obligations of the Consultant are personal and shall not be assigned by Consultant.",No,PANDIONTHERAPEUTICSHOLDCOLLC_05_22_2020-EX-10.17-CONSULTING AGREEMENT.PDF,test
562,Client may terminate this Agreement on thirty (30) days written notice without cause.,No,"PAXMEDICA,INC_07_02_2020-EX-10.12-Master Service Agreement.PDF",test
563,"Such records shall be made available for reasonable review, audit and inspection upon reasonable notice and with reasonable frequency, upon SutroVax's request for the purpose of verifying Sutro's calculations of amounts due hereunder, the basis for such calculations (including Sutro's calculation of the Fully Burdened Manufacturing Costs) or payments and Sutro's compliance with the terms and conditions of this Supply Agreement.",No,"VAXCYTE,INC_05_22_2020-EX-10.19-SUPPLY AGREEMENT.PDF",test
564,"For purposes of this Section, a sale of stock, or any membership or partnership interest in Developer, or a merger or other combination of Developer shall be considered a transfer of Developer's interest prohibited hereunder.",No,ElPolloLocoHoldingsInc_20200306_10-K_EX-10.16_12041700_EX-10.16_Development Agreement.pdf,test
565,"Notwithstanding any provision herein or in the ISDA Form to the contrary, the obligations of Counterparty hereunder are limited recourse obligations of Counterparty, payable solely from the Trust Estate (as defined in the Pooling and Servicing Agreement) and the proceeds thereof to satisfy Counterparty's obligations hereunder.",No,WELLSFARGOMORTGAGEBACKEDSECURITIES2006-6TRUST_05_11_2006-EX-10.3-Yield Maintenance Agreement.PDF,test
566,"NEITHER PARTY SHALL BE LIABLE TO THE OTHER FOR ANY SPECIAL, CONSEQUENTIAL, INCIDENTAL, PUNITIVE, OR INDIRECT DAMAGES OR FOR LOST PROFITS ARISING FROM OR RELATING TO ANY BREACH OF THIS AGREEMENT, REGARDLESS OF ANY NOTICE OF THE POSSIBILITY OF SUCH DAMAGES.",No,MACROGENICSINC_08_02_2013-EX-10-COLLABORATION AGREEMENT.PDF,test
567,"The Company is, and shall be, the sole owner of all inventions, discoveries and/or enhancements relating to the Service and the Specifications, including all copies, translations, compilations, partial copies, derivative works and updated works, whether partial or complete and whether or not merged into other program materials and whether in written or unwritten form.",No,StampscomInc_20001114_10-Q_EX-10.47_2631630_EX-10.47_Co-Branding Agreement.pdf,test
568,"Constellation shall provide the HOF Entities with certificates of insurance, naming each HOF Entity as an additional insured, evidencing the existence of such insurance policies within ten (10) days after execution of this Agreement.",No,GpaqAcquisitionHoldingsInc_20200123_S-4A_EX-10.8_11951679_EX-10.8_Service Agreement.pdf,test
569,"Dynamex may continue to provide the same day service it currently provides to Alltours customers, provided revenue to Dynamex from this business does not exceed Five Thousand Dollars ($5,000.00) per month provided there is no change in control, direct or indirect, in Alltours.",No,DYNAMEXINC_06_06_1996-EX-10.4-TRANSPORTATION SERVICES AGREEMENT.PDF,test
570,"if IGER would enter into any agreement (or amendment of an existing agreement including without limitation EXISTING AGREEMENTS) after the Effective Date with a not-for-profit third party with respect to research in the field of environmental impact, carbon sequestration, climate change mitigation, agronomy, or compositional or conversion analysis relating to COLLABORATION CROPS, such agreement must provide that (i) IGER will receive the exclusive right (subject to Articles 5.1.2(a) and 5.2) to use and exploit commercially the results obtained pursuant to such agreement for GERMPLASM IMPROVEMENT of COLLABORATION CROPS and (ii) CERES will have access to the results of such research programs to the extent allowed by the relevant agreement between IGER and the third party and IGER will use reasonable efforts to obtain such right for CERES.",No,"CERES,INC_01_25_2012-EX-10.20-Collaboration Agreement.PDF",test
571,"This Distributor Agreement shall be exclusively governed, construed, enforced and controlled by the laws of the United States of America and of the State of Texas.",No,SmartRxSystemsInc_20180914_1-A_EX1A-6 MAT CTRCT_11351705_EX1A-6 MAT CTRCT_Distributor Agreement.pdf,test
572,This Contract shall take effect after it is approved by the Examination and Approval Authority.,No,VALENCETECHNOLOGYINC_02_14_2003-EX-10-JOINT VENTURE CONTRACT.PDF,test
573,All revenue sharing opportunities will be calculated for all parties after any credit card or other third party processing fees are deducted from the gross sale.,No,ICORECONNECTINC_10_13_2010-EX-7.1-Strategic Alliance Agreement.PDF,test
574,"To the extent not terminated previously by AIG pursuant to the foregoing, this Agreement will terminate automatically one year after the closing of any sale of the Company by AIG, and all provisions hereof will be of no further force and effect.",No,SEPARATEACCOUNTIIOFAGL_05_02_2011-EX-99.(J)(4)-UNCONDITIONAL CAPITAL MAINTENANCE AGREEMENT.PDF,test
575,"If the parties have not reached agreement in writing regarding the terms and conditions for the exploitation of the Opportunity within said time period, or if Licensee fails to submit a bid in a timely manner, Fox shall be free to accept any bid from any other party with respect to the Opportunity, or Fox shall be free not to exploit the Opportunity at all.",No,GluMobileInc_20070319_S-1A_EX-10.09_436630_EX-10.09_Content License Agreement1.pdf,test
576,"In addition, the<omitted>obligations of the Remarketing Agents may be terminated by them by notice given to the Company prior to 12:00 noon, New York City time on the Remarketing Settlement Date if, prior to that time, any of the applicable conditions precedent to the obligations of the Remarketing Agents described in Section 5 hereof shall have failed to occur.",No,"MetLife, Inc. - Remarketing Agreement.PDF",test
577,Any such inspection or audit shall be upon reasonable notice and shall not unreasonably interfere with the operations of FCC.,No,FLOTEKINDUSTRIESINCCN_05_09_2019-EX-10.1-SUPPLY AGREEMENT.PDF,test
578,"In consideration for the licenses granted hereunder, Company agrees to pay to CSA as follows: a. A [***]in the amount of [***]of Company's revenues from sales of the Property Training Course and all Products after deductions for VAT, returns, refunds",No,LegacyEducationAllianceInc_20141110_8-K_EX-10.9_8828866_EX-10.9_Endorsement Agreement.pdf,test
579,"The respective Parties shall use their best efforts to accompany each respective Statement with payment, to Skype, if provided by the Company or Online BVI (or their associated third parties set forth above), or to the Company (or Online BVI, as applicable), if provided by Skype (or its associated third parties set forth above), as applicable, of 50% of the Adjusted Net Revenue shown on the respective Statements.",No,TomOnlineInc_20060501_20-F_EX-4.46_749700_EX-4.46_Co-Branding Agreement.pdf,test
580,Axiometric will have the right to terminate the license to use the office space and to move out of the office space at any time upon two weeks notice.,No,LinkPlusCorp_20050802_8-K_EX-10_3240252_EX-10_Affiliate Agreement.pdf,test
581,"If circumstances require VOTOCAST to raise its rates more than ten percent (10%) during any Renewal Term, VOTOCAST will provide Licensee cost related supporting documentation to justify the rate increase.",No,VitalibisInc_20180316_8-K_EX-10.2_11100168_EX-10.2_Hosting Agreement.pdf,test
582,"In case it is necessary for AFSL/FSL to access to any materials or information of the Company prepared or otherwise made on or before the Put Closing Date or the Call Closing Date due to requirement by any Governmental Authority or any third party on or after the Put Closing Date or the Call Closing Date, then, TPH/TPH-A shall fully cooperate, and shall cause the Company to fully cooperate, with AFSL/FSL so that AFSL/FSL can access such materials or information.",No,"TRANSPHORM,INC_02_14_2020-EX-10.12(1)-JOINT VENTURE AGREEMENT.PDF",test
583,"ANTHEMIC will not, at any time during or after the Effective Date, dispute or contest, directly or indirectly, the Sponsor's exclusive ownership in the Sponsor's trademarks.",No,"VNUE,INC_07_10_2015-EX-10.1-SPONSORSHIP AGREEMENT.PDF",test
584,"Bank of America shall own all right, title, and interest in and to the Bank of America Customizations as Work Product in accordance with Section 39.0.<omitted>Work Product all information, data. materials, discoveries, inventions, drawings, works of authorship, documents, documentation, models, software, computer programs, software (including source code and object code), firmware, designs, specifications, processes, procedures, techniques, algorithms, diagrams, methods, and all tangible embodiments of each of the foregoing (in whatever form and media) conceived, created, reduced to practice or prepared by or for Supplier at the request of Bank of America within the scope of services provided under this Agreement, whether or not prepared on Bank of America's premises and all Intellectual Property Rights therein.",No,CardlyticsInc_20180112_S-1_EX-10.16_11002987_EX-10.16_Maintenance Agreement1.pdf,test
585,"This Agreement shall terminate (i) the Business Day immediately following the Remarketing Settlement Date, (ii) at 5:00 p.m., New York City time, on the last date of the Remarketing if the Remarketing is not successful or (iii) on the effective date of the resignation or removal of the Remarketing Agent and the appointment of a new Remarketing Agent.",No,"Reinsurance Group of America, Incorporated - A&R REMARKETING  AGREEMENT.PDF",test
586,"IBM assumes and will assume ownership and MSL assigns and will assign all intellectual and industrial property rights for hardware, software, design and documentation of all Products delivered under this Agreement IBM will also own and MSL will assign any invention made by MSL on Products, and on any invention related to IBM processes and systems that MSL makes while MSL uses those processes and systems in the performance of this Agreement provided that nothing herein shall restrict MSL's right to use such inventions in the performance of its obligations hereunder.",No,MANUFACTURERSSERVICESLTD_06_05_2000-EX-10.14-OUTSOURCING AGREEMENT.PDF,test
587,"The Assignor hereby assigns, transfers, and conveys to and in favor of the Assignee all of the Assignor's right, title, and interest in, to, and under the Transferred Contract, together with its related rights, warranties, remedies, powers, and privileges (collectively, the ""Assigned Rights"").",No,"Loop Industries, Inc. - Marketing Agreement.PDF",test
588,This Agreement shall be ------------------------------------- governed by and construed in accordance with the substantive laws of the State of North Carolina.,No,PROLONGINTERNATIONALCORP_03_23_1998-EX-10.16-SPONSORSHIP AGREEMENT.PDF,test
589,"For each sale administered by element 5 of the Software under this Agreement, element 5 shall receive an additional service fee of 2% of the gross sales price (including taxes, shipping and handling, etc.) as well as the Advertising Cost Compensation defined in II. § 6 (4) and in addition to VAT or sales tax (where applicable).",No,SouthernStarEnergyInc_20051202_SB-2A_EX-9_801890_EX-9_Affiliate Agreement.pdf,test
590,"Upon reasonable notice, Manufacturer may review at any time routine reports relating to all nonconforming materials identified by Subcontractor during the manufacture or inspection of the Manufacturer's Products.",No,"Zounds Hearing, Inc. - MANUFACTURING DESIGN MARKETING AGREEMENT.PDF",test
591,"This Agreement shall commence on the Effective Date and shall extend for a period of Five (5) years thereafter (""Initial Term""), unless this Agreement is terminated earlier as provided herein or is extended by mutual written agreement of the Parties.",No,"Magenta Therapeutics, Inc. - Master Development and Manufacturing Agreement.PDF",test
592,"Western Copper covenants and agrees with Glamis that, for a period of 2 years after the Effective Date, it will not, directly or indirectly, either individually or in partnership or jointly or in conjunction with any Person, which will include being a principal, agent, shareholder, or advisor of such Person or in any other manner whatsoever, (a) carry on or be engaged in Mining Activities, or<omitted>(b) advise, lend money to, guarantee the debts or obligations of or permit its name to be used by any Person who carries on or is engaged in Mining Activities, in the Area of Non-Competition.",No,WESTERN COPPER - NON-COMPETITION AGREEMENT.PDF,test
593,"The Consultant hereby assigns to the Company all Inventions and any and all related patents, copyrights, trademarks, trade names, and other industrial and intellectual property rights and applications therefor, in the United States and elsewhere and appoints any officer of the Company as Consultant's duly authorized attorney to execute, file, prosecute and protect the same before any government agency, court or authority.",No,PANDIONTHERAPEUTICSHOLDCOLLC_05_22_2020-EX-10.17-CONSULTING AGREEMENT.PDF,test
594,"Bachem shall, during the Initial Term and any Renewal Terms, and [***] after the expiration of the last Product is delivered, obtain and maintain, at its own cost and expense and from a qualified insurance company, comprehensive general liability insurance including, but not limited to, contractual liability coverage and standard product liability coverage in an amount commensurate with industry standards.",No,"Magenta Therapeutics, Inc. - Master Development and Manufacturing Agreement.PDF",test
595,"This Agreement shall be construed, enforced, performed and in all respects governed by and in accordance with the laws in the State of Washington.",No,INKTOMICORP_06_08_1998-EX-10.14-SOFTWARE HOSTING AGREEMENT.PDF,test
596,"During the Term of the Agreement, LMG shall maintain and keep in force, at its own expense, the following minimum insurance coverages and minimum limits: workers' compensation insurance, with statutory limits as required by the various laws and regulations applicable to the employees of LMG; employer's liability insurance, for employee bodily injuries and deaths, with a limit of $500,000 each accident; commercial general liability insurance, covering claims for bodily injury, death and property damage, including premises and operations, LMG's vicarious liability for acts of independent contractors, products, services and completed operations (as applicable to the Services), personal injury, contractual, and broad-form property damage liability coverages, with combined single limit of $1,000,000 per occurrence, and a general aggregate limit of $2,000,000, for bodily injury, death and property damage; commercial automobile liability insurance, covering owned, non-owned and hired vehicles, with combined single limit of $1,000,000 per occurrence; umbrella liability insurance, with a minimum limit of $5,000,000 per occurrence and $5,000,000 in the aggregate; special form property insurance, on a replacement cost basis, covering the real and personal property of LMG which LMG is obligated to insure by the Agreement; such real and personal property may include equipment, furniture, fixtures and supply inventory; and employee dishonesty insurance covering dishonest acts of employees; such insurance shall include a Joint Loss Endorsement in favor of TAG and be written for limits not less than $500,000.",No,REGANHOLDINGCORP_03_31_2008-EX-10-LICENSE AND HOSTING AGREEMENT.PDF,test
597,"VerticalNet hereby grant Neoforma the right to frame all pages of the Co-Branded Career Center with a frame, which framed pages shall only be accessible from the Neoforma Sites.",No,NeoformaInc_19991202_S-1A_EX-10.26_5224521_EX-10.26_Co-Branding Agreement.pdf,test
598,"All Joint Inventions shall be owned jointly by Theravance and GSK, and each Party hereby consents to the assignment or license or other disposition by the other Party of its joint interests in Joint Inventions without the need to seek the consent of the other Party to such assignment or license or other disposition; provided that any such assignment, license or other disposition shall at all times be subject to the grant of rights and accompanying conditions under Sections 2.1 and 2.2 and Article 14.",No,"INNOVIVA,INC_08_07_2014-EX-10.1-COLLABORATION AGREEMENT.PDF",test
599,"Each Party shall deliver to the other, prior to commencing to provide the Services and thereafter, annually, a certificate or certificates of insurance evidencing that the required insurance coverages as provided for in paragraph 9.1 are in effect and that each Party shall be given thirty (30) days prior written notice of cancellation or expiry of or material change to such insurance coverages.",No,DYNAMEXINC_06_06_1996-EX-10.4-TRANSPORTATION SERVICES AGREEMENT.PDF,test
600,"Upon successful completion of the acceptance testing, LICENSEE shall make the final ""Development License Fee"" payment described in Exhibit C LICENSEE shall, within thirty (30) days after delivery of any Licensed Technology, either accept such Licensed Technology or reject such Licensed Technology because of nonconformance with the Specifications.",No,SUMMAFOURINC_06_19_1998-EX-10.3-SOFTWARE LICENSE AND MAINTENANCE AGREEMENT.PDF,test
601,This Agreement shall become effective on the date first written above and shall continue in effect for a period of Three (3) years.,No,GentechHoldingsInc_20190808_1-A_EX1A-6 MAT CTRCT_11776814_EX1A-6 MAT CTRCT_Distributor Agreement.pdf,test
602,EACH PARTY'S LIABILITY ARISING OUT OF OR RELATED TO THIS AGREEMENT WILL NOT EXCEED AN AMOUNT EQUAL TO THE AGGREGATE AMOUNTS PAID OR PAYABLE TO LICENSOR IN THE TWELVE (12) MONTHS PRECEDING THE COMMENCEMENT OF THE CLAIM.,No,GopageCorp_20140221_10-K_EX-10.1_8432966_EX-10.1_Content License Agreement.pdf,test
603,"In consideration for various services and activities that Rogers performs for the benefit of Licensor during the Term, Licensor agrees to pay to Rogers an amount which shall be equal to ten (10)% of License Fees, calculated on a rolling basis during the Term and payable monthly.",No,EuromediaHoldingsCorp_20070215_10SB12G_EX-10.B(01)_525118_EX-10.B(01)_Content License Agreement.pdf,test
604,"This Agreement may not be assigned by either party without the express written consent of the other party, which approval will not be unreasonably withheld or delayed, except that either party may (without consent but with notice to the other party) assign this Agreement in its entirety to any successor in the event of a Change of Control of such party.",No,ENERGOUSCORP_03_16_2017-EX-10.24-STRATEGIC ALLIANCE AGREEMENT.PDF,test
605,The costs of any audit of Owner's books or records shall be borne by Owner.,No,SANDRIDGEENERGYINC_08_06_2009-EX-10.6-OPERATIONS AND MAINTENANCE AGREEMENT.PDF,test
606,"During the term hereof, any division, merger, dissolution, liquidation, bankruptcy or other events that lead to changes of Party B in the company nature, qualification and capacity for civil acts shall be notified to Party A in time, and subject to the provisions hereunder about the exit grace period.",No,IDREAMSKYTECHNOLOGYLTD_07_03_2014-EX-10.39-Cooperation Agreement on Mobile Game Business.PDF,test
607,"use of controlled substances, except as prescribed by a licensed medical professional in the treatment of illness or disease;",No,WOMENSGOLFUNLIMITEDINC_03_29_2000-EX-10.13-ENDORSEMENT AGREEMENT.PDF,test
608,"The construction, validity and performance of this Agreement shall be governed in all respects by the laws of Japan.",No,"SUCAMPOPHARMACEUTICALS,INC_11_04_2015-EX-10.2-STRATEGIC ALLIANCE AGREEMENT.PDF",test
609,This Agreement shall be governed by and construed in accordance with the laws of the State of California without reference to conflict of law principles thereof.,No,TICKETSCOMINC_06_22_1999-EX-10.22-SPONSORSHIP AGREEMENT.PDF,test
610,"In the event of termination by Cisco for convenience, termination by Distributor for Cisco's material breach, or expiration of this Agreement where Cisco has provided Distributor with written notice from an authorized representative of its intention not to renew the Agreement, Cisco agrees to repurchase all Product in Distributor's inventory within [*****] days following the effective date of termination or expiration.",No,ScansourceInc_20190822_10-K_EX-10.38_11793958_EX-10.38_Distributor Agreement1.pdf,test
611,"During the term hereof and for a period of five (5) years thereafter, each Party agrees not to, either directly or indirectly, for itself or on behalf of any other person, firm, partnership, corporation or other entity hire, solicit, contract for, attempt to solicit, or cause to be solicited, the employment or services of any current or previous employee of the other Party (unless a period of sixty months has elapsed from the last date that such employee was employed by such party) without the prior written consent of such other Party.",No,"Zounds Hearing, Inc. - MANUFACTURING DESIGN MARKETING AGREEMENT.PDF",test
612,"Pretzel Time will not, as long as this Agreement is in effect and Franchisee is not in default, enfranchise or operate any other Pretzel Time Franchise within the following enclosed mall or building except as otherwise provided herein (hereinafter referred to as ""Territory""): none.",No,MRSFIELDSORIGINALCOOKIESINC_01_29_1998-EX-10-FRANCHISE AGREEMENT.PDF,test
613,"If BII provides written notice of its exercise of the first right to negotiate within such [...***...] period but BII and XENCOR (or its Business Partner) do not enter into such a contract manufacturing agreement within the Clinical Negotiation Period, XENCOR and any Business Partner shall be free to enter into one or more agreements with third parties for the manufacture and supply of Product for use in Phase 2 and 3 clinical trials (which may include an agreement for any Business Partner or its affiliate to manufacture and supply Product for clinical trials), provided that the supply price for Product is no more than [...***...] percent ([...***...]%) of the clinical supply price of Product last proposed by BII during the negotiations between the Parties (or BII and the Business Partner).",No,XENCORINC_10_25_2013-EX-10.24-COLLABORATION AGREEMENT (3).PDF,test
614,"In any event, neither party shall be liable for any special, consequential or incidental damages.",No,TALCOTTRESOLUTIONLIFEINSURANCECO-SEPARATEACCOUNTTWELVE_04_30_2020-EX-99.8(L)-SERVICE AGREEMENT.PDF,test
615,"The Agent hereby grants Monsanto an exclusive (even with respect to the Agent and its Affiliates), non- transferrable, royalty-free license and right to use the trademarks EcoSense and Path Clear (Trademark Application No. 1430287) in Canada (such trademarks, the ""Canada Marks""), only in connection with Natural Products (as defined below) in the natural non-selective weedkiller category for Lawn & Garden Use during the term of this Agreement. Mon",No,Monsanto Company - SECOND A&R EXCLUSIVE AGENCY AND MARKETING AGREEMENT .PDF,test
616,The JSMA will generate either a profit or a loss which shall be distributed between the Parties as set out forth further below in this clause.,No,VertexEnergyInc_20200113_8-K_EX-10.1_11943624_EX-10.1_Marketing Agreement.pdf,test
617,"This Agreement and any claim, controversy or dispute arising out of or related to this Agreement, any of the transactions contemplated hereby and/or the interpretation and enforcement of the rights and duties of the Parties, whether arising in contract, tort, equity or otherwise, shall be governed by and construed in accordance with the domestic laws of the State of Israel (including in respect of the statute of limitations or other limitations period applicable to any such claim, controversy or dispute), without giving effect to any choice or conflict of law provision or rule (whether of the State of Israel or any other jurisdiction) that would cause the application of the laws of any jurisdiction other than the State of Israel.",No,ABILITYINC_06_15_2020-EX-4.25-SERVICES AGREEMENT.PDF,test
618,"Garman hereby grants to Sparkling, for the use of Sparkling and affiliated companies of Sparkling operating at Authorized Locations, a non-transferable and non-exclusive licence to use: (i) the Software, safely in executable object code format, at each AS400 at each of the Authorized Locations; and (ii) the Documentation.",No,SPARKLINGSPRINGWATERHOLDINGSLTD_07_03_2002-EX-10.13-SOFTWARE LICENSE AND MAINTENANCE AGREEMENT.PDF,test
619,"this day of , 2012<omitted>This Agreement shall become effective as of the date first set forth above, and shall continue in full force and effect until terminated as provided below.",No,ASPIRITYHOLDINGSLLC_05_07_2012-EX-10.6-OUTSOURCING AGREEMENT.PDF,test
620,"You must obtain and maintain appropriate insurance coverage for you and for our benefit, including any minimum coverages that we may establish.",No,PfHospitalityGroupInc_20150923_10-12G_EX-10.1_9266710_EX-10.1_Franchise Agreement1.pdf,test
621,In the event that MusclePharm shall sell any Promotional Products above its cost then Endorser shall be entitled to receive 10% of Net Sales from the sale of such Promotional Products.,No,MusclepharmCorp_20170208_10-KA_EX-10.38_9893581_EX-10.38_Co-Branding Agreement.pdf,test
622,The Royalty payable under the Agreement shall be in the form of one (1) common stock purchase warrant of Bizzingo (as further described herein) for each Activated User (as defined above) that occurs during a Royalty Period determined on the last day of each Royalty Period during the Term.,No,BizzingoInc_20120322_8-K_EX-10.17_7504499_EX-10.17_Endorsement Agreement.pdf,test
623,Transporter shall be obligated to provide such minimum pressures only to the extent that capacity is reserved by Shipper and scheduled by Transporter at the Primary Delivery Point(s) described above.,No,KENTUCKYUTILITIESCO_03_25_2003-EX-10.65-TRANSPORTATION AGREEMENT.PDF,test
624,"In the event of a 'Change of Control' of Company, then if CONSULTANT's services are terminated without cause at any time within a twelve (12) month period following such Change of Control, CONSULTANT shall receive a termination fee equal to twelve (12) months compensation hereunder at the then current monthly rate, including any stock compensation.",No,"MEDALISTDIVERSIFIEDREIT,INC_05_18_2020-EX-10.1-CONSULTING AGREEMENT.PDF",test
625,"For the removal of doubt, when determining the liquidated damages due, the applicable sub-section 5.3.1, 5.3.2 OR 5.3.3 will apply.",No,NICELTD_06_26_2003-EX-4.5-OUTSOURCING AGREEMENT.PDF,test
626,Carrier is not required to allocate more than two percent (2%) of the Available Capacity to any individual New Shipper.,No,RangeResourcesLouisianaInc_20150417_8-K_EX-10.5_9045501_EX-10.5_Transportation Agreement.pdf,test
627,"SAP Africa warrants that the entire source code for the SOFTWARE owned by or licensed by SAP AG and/or COMMERCE ONE INC.. (""Source Code""), together with related DOCUMENTATION as it is, or becomes available, shall be deposited into an escrow account by no later than 30 June 2001 which is maintained at Volksbank Wiesloch, Germany (the ""Escrow Agent""), pursuant to an agreement between the Escrow Agent and SAP AG (the ""Escrow Agreement"").",No,TELKOMSALTD_01_30_2003-EX-10-LICENCE AND MAINTENANCE AGREEMENT.PDF,test
628,"If during the acceptance period described in Section 6, the Software has failed to perform in accordance with the Specifications and Garman has been unable to correct the deficiency within 45 business days of written notice being provided to Garman of such failure then Sparkling shall have the option, exercisable on 15 business days written notice to Garman, in lieu of any other remedy, to reject the Software.",No,SPARKLINGSPRINGWATERHOLDINGSLTD_07_03_2002-EX-10.13-SOFTWARE LICENSE AND MAINTENANCE AGREEMENT.PDF,test
629,"As of the Termination Date, EFS shall not process any new orders placed through the Playboy Commerce Business. Notwithstanding the foregoing, EFS may fulfill any outstanding orders placed through the Playboy Commerce Business prior to the Termination Date and may continue collection activities related thereto, which shall be subject to Section 6 hereof.",No,PlayboyEnterprisesInc_20090220_10-QA_EX-10.2_4091580_EX-10.2_Content License Agreement_ Marketing Agreement_ Sales-Purchase Agreement1.pdf,test
630,"Subject to the terms and conditions hereof, Nantz Communications grants to the Company the Endorsement throughout the world during the Term in connection with the advertisement, promotion and sale by the Company of Ashworth Products except in connection with Premium Programs.",No,"ASHWORTHINC_01_29_1999-EX-10.(D)-PROMOTION AGREEMENT AND NANTZ COMMUNICATIONS, INC..PDF",test
631,Any controversy between the parties arising under this Agreement and not resolved by the parties shall be determined in accordance with the laws of the State of Michigan.,No,TcPipelinesLp_20160226_10-K_EX-99.12_9454048_EX-99.12_Transportation Agreement.pdf,test
632,"This Agreement shall be governed, construed and interpreted in accordance with the laws of the State of California (without respect to principles of conflicts of law).",No,BNCMORTGAGEINC_05_17_1999-EX-10.4-LICENSING AND WEB SITE HOSTING AGREEMENT.PDF,test
633,"DEVELOPER'S MAXIMUM LIABILITY HEREUNDER IS EXPRESSLY LIMITED TO THE LESSER OF: THE AMOUNT PAID UNDER THIS AGREEMENT BY DISTRIBUTOR TO DEVELOPER WITHIN THE SIX (6) MONTH PERIOD IMMEDIATELY PRECEDING THE CAUSE GIVING RISE TO THE CLAIM; OR FIVE HUNDRED THOUSAND DOLLARS ($5OO,000).",No,HYPERIONSOFTWARECORP_09_28_1994-EX-10.47-EXCLUSIVE DISTRIBUTOR AGREEMENT.PDF,test
634,"The Village Media Company shall not, and shall cause its Affiliates and their respective permitted sublicensees not to, whether during the Term or thereafter, challenge (a) the rights of PFHOF in and to any PFHOF Work, (b) the validity of any PFHOF Work, (c) PFHOF's right to grant rights or licenses relating to the PFHOF Works or (d) the validity, legality, or enforceability of this Agreement.",No,GpaqAcquisitionHoldingsInc_20200123_S-4A_EX-10.6_11951677_EX-10.6_License Agreement.pdf,test
635,"Without our prior written approval, you may not engage in any other type of sale, including, but not limited to: selling, distributing, or otherwise providing, any services or products to third parties at wholesale, or for resale or distribution by any third party; and selling, distributing or otherwise providing any products and/or services through catalogs, mail order, toll free numbers for delivery, or electronic means (e.g., the Internet).",No,PfHospitalityGroupInc_20150923_10-12G_EX-10.1_9266710_EX-10.1_Franchise Agreement1.pdf,test
636,Either Party may terminate this agreement for non-cause with a sixty (60) written notice.,No,BravatekSolutionsInc_20170418_8-K_EX-10.1_10205739_EX-10.1_Reseller Agreement.pdf,test
637,"""Performance Benchmarks"" shall mean the following requirements necessary for Distributor to maintain the exclusivity granted in Section 2.1 hereof: (a) the execution of contracts to deploy Products in 25 new locations approved in advance by Hydraspin (""Customer Locations"") during each 12 month period following the Effective Date and (b) all Customer Locations in the aggregate shall generate an average of 7,500 barrels of fluid per day on a trailing 12 month basis. Customer Locations must be available for installation within 90 days of approval by Hydraspin to be applied toward the satisfaction of the Performance Benchmark.",No,WaterNowInc_20191120_10-Q_EX-10.12_11900227_EX-10.12_Distributor Agreement.pdf,test
638,"For such purpose, CHT hereby grants to Ehave a non-exclusive, royalty-free, revocable, limited license during the Term and Transition-out Period and within the Territory to use, reproduce, publish and display the CHT Marks solely in connection with the operation of the Ehave Companion Solution for and on behalf of CHT and End Users.",No,EhaveInc_20190515_20-F_EX-4.44_11678816_EX-4.44_License Agreement_ Reseller Agreement.pdf,test
639,"Licensee shall develop and distribute the following Wireless Products in connection with the property ""ICE AGE 2"":<omitted>(iii) up to 5 MMS; (iv) up to 10 Wallpapers; (v) and up to 5 Voicetones (""ICE AGE 2 Wireless Products"") in each of the following five (5) languages: English, French, German, Italian, Spanish, with Portuguese, Greek, Dutch and Swedish to be made available where practicable.",No,GluMobileInc_20070319_S-1A_EX-10.09_436630_EX-10.09_Content License Agreement2.pdf,test
640,Developer may also terminate this Agreement by giving two (2) weeks' notice in writing to VAL.,No,VgrabCommunicationsInc_20200129_10-K_EX-10.33_11958828_EX-10.33_Development Agreement.pdf,test
641,"""Xencor Know-How"" means any and all Know-How, whether or not patented or patentable, (i) to the extent Controlled by Xencor or its Affiliates as of the Effective Date, or, if transferred to Aimmune thereafter during the Term of this Agreement, and that is necessary in connection with the Development, Manufacture, Commercialization or other use of the Antibody or Product or (ii) constituting a Xencor Invention. Notwithstanding the foregoing, in all cases, Xencor Know-How does not include (a) [***], (b) [***], (c) [***], (d) [***], (e) [***], or (f) [***].<omitted>Subject to the terms and conditions of this Agreement, Xencor hereby grants to Aimmune during the Term an exclusive, worldwide, payment-bearing license under and with respect to Xencor Patents and Xencor's interest in Joint Collaboration Patents, and a non-exclusive, payment bearing license under and with respect to Xencor Know-How, in each case, with the right to sublicense solely in accordance with Section 2.3.2, solely to Develop, Manufacture and Commercialize the Product in and for the Licensed Field; provided that notwithstanding the foregoing, Xencor shall retain the right under and with respect to Xencor Patents and Xencor's interest in Joint Collaboration Patents to the extent necessary to perform its obligations under this Agreement.",No,AimmuneTherapeuticsInc_20200205_8-K_EX-10.3_11967170_EX-10.3_Development Agreement.pdf,test
642,"Subject to earlier termination as provided for herein, the term of this Agreement shall commence as of the date hereof and shall terminate at the end of the Season which is scheduled to end on October 12, 2002 (the ""Term"").",No,XYBERNAUTCORP_07_12_2002-EX-4-SPONSORSHIP AGREEMENT.PDF,test
643,This is Accuray's sole and exclusive obligation and Customer's and Distributor's sole and exclusive remedy in relation to defective software.,No,ACCURAYINC_09_01_2010-EX-10.31-DISTRIBUTOR AGREEMENT.PDF,test
644,"Either Party shall have the right to immediately terminate this Agreement in the event the other Party, in such Party's reasonable discretion, engages in illegal, indecent, immoral, harmful or scandalous behavior or activities that may directly or indirectly damage such Party's reputation or goodwill or violates any rules or regulations of Team or the National Football League or if this would otherwise violate League policy or directive.",No,VIOLINMEMORYINC_12_12_2012-EX-10.14-SPONSORSHIP AGREEMENT.PDF,test
645,"If, after the date of this Agreement and continuing as long as either Party is a partner, member, or shareholder of the Operating Company, such Party or any of its Affiliates receives or discovers any opportunity to use Astaxanthin as a Neutraceutical (a ""Neutraceutical Opportunity""), including without limitation developing or completing the development of, or discovering, or acquiring proprietary rights over, a product or process that involves the use of Astaxanthin as a Neutraceutical, such Party shall (or shall cause its Affiliate to) present such opportunity to the Operating Company, providing the Operating Company with such narrative description and budgetary and other information as such Party (or its Affiliates) may have generated or gathered to the extent necessary to evaluate such Neutraceutical Opportunity.",No,IGENEBIOTECHNOLOGYINC_05_13_2003-EX-1-JOINT VENTURE AGREEMENT.PDF,test
646,"The Parties acknowledge and agree that title to and risk of loss of all Prefilled Syringes shall at all times belong to and remain in AMAG; provided that, subject to the limitations on liability set forth in this Section 2.2(b), in the event of loss or damage of any Prefilled Syringes while they are at the Manufacturing Site, Antares shall be only responsible for the replacement costs (as evidenced by AMAG invoices) of such Prefilled Syringes if the damage, loss, theft or destruction was caused by the negligent act or omission or the willful misconduct of Antares or its Subcontractor.",No,"Antares Pharma, Inc. - Manufacturing Agreement.PDF",test
647,This Agreement shall be deemed to have been made in the -------------- state of Washington and shall be construed in accordance with the laws of the state of Washington.,No,MERCATAINC_03_09_2000-EX-10.21-SPONSORSHIP AGREEMENT.PDF,test
648,"LICENSOR grants to plan_b a license to produce, use, distribute, promote and publicly display the Content in any possible way for distribution and marketing purposes.",No,DataCallTechnologies_20060918_SB-2A_EX-10.9_944510_EX-10.9_Content License Agreement.pdf,test
649,"The ""Term"" of this Agreement will commence on the Effective Date and will end on the earlier of: (a) the first anniversary of the expiration date of the last Purchase Schedule (as defined in this next Section); (b) a termination date elected by a Party in a written notice delivered to the other Party any time after the expiration of the last Purchase Schedule; or (c) a termination date elected by a Party in a written notice delivered to the other Party as provided in Subsection 11(d) of this Agreement.",No,ReynoldsConsumerProductsInc_20191115_S-1_EX-10.18_11896469_EX-10.18_Supply Agreement.pdf,test
650,"Except in the event of (i) a Party's gross negligence or willful misconduct and/or (ii) a Party's breach of its confidentiality obligation, the total liability of one Party to the other Party (and its Affiliates) arising out of or in connection with this Agreement or the Products, whether in contract, tort (including negligence), statute or otherwise, shall, to the maximum extent permitted by Applicable Law, be limited to the amount of revenues it receives under this Agreement.",No,"CARDAX,INC_08_19_2014-EX-10.1-COLLABORATION AGREEMENT.PDF",test
651,"Products. Any failure of Endorser to disclose such conflicting interests, or any breach of this Section, shall be deemed a material breach of the Agreement.",No,MusclepharmCorp_20170208_10-KA_EX-10.38_9893581_EX-10.38_Co-Branding Agreement.pdf,test
652,Todos shall have the right to conduct periodic on-site inspections to ensure the quality control of the cancer screening processes and the Reseller's compliance with Todos's protocols.,No,TodosMedicalLtd_20190328_20-F_EX-4.10_11587157_EX-4.10_Marketing Agreement_ Reseller Agreement.pdf,test
653,"This Agreement and all the rights and obligations of Party B hereunder shall not be assigned, pledged, sublicensed without the prior written consent of Party A.",No,JINGWEIINTERNATIONALLTD_10_04_2007-EX-10.7-INTELLECTUAL PROPERTY AGREEMENT.PDF,test
654,"In the event that PB terminates this Agreement pursuant to this Section 14.2.5, then, if PB elects to continue development of the Product and obtains Regulatory Approval following such termination, in exchange for purchasing the Trial Data Package including the Research Results included therein as set forth in Section 11.1.1.4, PB shall remain obligated to pay to SFJ any Approval Payments that become due and payable pursuant to ARTICLE 6 at such time as such Approval Payments become due and payable (if ever) pursuant to ARTICLE 6 (except to the extent of the amount of any Buy-Out Payment paid by PB pursuant<omitted>to Section 6.7), provided that such Approval Payments (or Buy-Out Payment, as applicable) shall be adjusted as set forth in Section 6.2.",No,PhasebioPharmaceuticalsInc_20200330_10-K_EX-10.21_12086810_EX-10.21_Development Agreement.pdf,test
655,"If a termination notice is delivered pursuant to 15.2, 15.3, 15.4 or if Sonos decides to transfer the manufacturing of a Product from IAC during the Term of the Agreement, IAC shall cooperate fully with Sonos to effect the transfer of the manufacturing of the Products (without any obligation that IAC transfers IAC Property from IAC to Sonos, or a third party designated by Sonos, in order to help minimize any potential disruption in the continuity of supply. I",No,"Sonos, Inc. - Manufacturing Agreement .PDF",test
656,"In the event that, during the Term of this Agreement, VS desires to enter into the same or substantially similar Commitments with a PPD Competitor for imaging services outside of the Designated Therapeutic Areas (defined herein or in any amendment hereto), VS shall first notify PPD regarding the same and PPD shall have a right, for a period of 45 days following receipt of such notice (the ""Election Period""), to elect to include such imaging services as ""Preferred Services"" hereunder (the ""Right of First Refusal"").",No,"VIRTUALSCOPICS,INC_11_12_2010-EX-10.1-STRATEGIC ALLIANCE AGREEMENT.PDF",test
657,"At least [***] during the Term, upon SFJ's request, Executive Officers of PB shall meet with Executive Officers of SFJ to review and discuss PB's financial condition and operations. [***].",No,PhasebioPharmaceuticalsInc_20200330_10-K_EX-10.21_12086810_EX-10.21_Development Agreement.pdf,test
658,"FOR CLARITY AND NOTWITHSTANDING THE PROVISIONS OF THE FIRST SENTENCE OF THIS SECTION 13.5, ROYALTIES AND MILESTONES PAYABLE TO CYTODYN IN CONNECTION WITH VYERA'S COMMERCIALIZATION OF LICENSED PRODUCTS IN ACCORDANCE WITH THE TERMS OF THIS AGREEMENT COULD CONSTITUTE DIRECT DAMAGES TO THE EXTENT AWARDED IN ACCORDANCE WITH ARTICLE 12.",No,CytodynInc_20200109_10-Q_EX-10.5_11941634_EX-10.5_License Agreement.pdf,test
659,"This Agreement is not assignable by Distributor without prior written consent of Tripath, which will not be unreasonably withheld.",No,"ETELOS,INC_03_09_2004-EX-10.8-DISTRIBUTOR AGREEMENT.PDF",test
660,"Notwithstanding anything in this Agreement to the contrary, the Agent may not transfer or assign any rights, interests or obligations (i) under this Agreement to any Restricted Party or (ii) that are provided pursuant to Sections 10.5(d) or 10.6 of this Agreement.",No,Monsanto Company - SECOND A&R EXCLUSIVE AGENCY AND MARKETING AGREEMENT .PDF,test
661,"Unless earlier terminated as provided below, this Agreement shall remain in effect until the later to occur of the date that is (x) three (3) years from the date hereof and (y) the date on which an affiliate of Freedom Mortgage is not acting as the external manager of Cherry Hill.",No,CHERRYHILLMORTGAGEINVESTMENTCORP_09_26_2013-EX-10.1-Strategic Alliance Agreement.PDF,test
662,"EFS shall deliver to Client, upon execution of the Agreement, certificates of insurance as evidence of the required coverages.",No,PlayboyEnterprisesInc_20090220_10-QA_EX-10.2_4091580_EX-10.2_Content License Agreement_ Marketing Agreement_ Sales-Purchase Agreement1.pdf,test
663,"With respect to Exhibit 1, the Individual Study Budget shall be the one associated with the Minimum Enrollment Target (as defined in Exhibit 1), and in the event that the Parties move to the Maximum Enrollment Target (as defined in Exhibit 1) then this table shall be applied to the incremental additional patients as if the incremental additional patients constitute their own protocol/budget.",No,"IOVANCEBIOTHERAPEUTICS,INC_08_03_2017-EX-10.1-STRATEGIC ALLIANCE AGREEMENT.PDF",test
664,"Except as otherwise expressly provided under this Agreement, neither Party may assign or otherwise transfer this Agreement or any right or obligation hereunder (whether voluntarily, by operation of law or otherwise), without the prior express written consent of the other Party; except however, that either Party shall be permitted to effect such an assignment or transfer without the consent of the other Party to (a) any of its Affiliates or (b) in connection with a sale of all or substantially all of its assets to which this Agreement relates, whether by merger, acquisition, asset sale, stock purchase, or otherwise, but in any event subject to Bioeq's ability to terminate this Agreement in accordance with Section 15.2.9 (for the avoidance of doubt, such termination right pursuant to Section 15.2.9 shall apply mutatis mutandis in case of assignment of the Agreement to a Competitor in all cases listed under subsection (b) above)",No,CoherusBiosciencesInc_20200227_10-K_EX-10.29_12021376_EX-10.29_Development Agreement.pdf,test
665,"Notwithstanding anything to the contrary in the foregoing, and for Calendar Year 2019 only, the €[...***...] amount recited as an element used to determine the Minimum Purchase in a Calendar Year is hereby reduced to €[...***...].",No,"BELLICUMPHARMACEUTICALS,INC_05_07_2019-EX-10.1-Supply Agreement.PDF",test
666,"The Aimmune Know- How shall be transferred pursuant to the procedure to transfer Xencor Know-How, Regulatory Materials, and Regulatory Data in Section 2.7 applied mutatis mutandis.",No,AimmuneTherapeuticsInc_20200205_8-K_EX-10.3_11967170_EX-10.3_Development Agreement.pdf,test
667,"If this Agreement terminates before the Expiration Date, you will pay us Liquidated Damages as follows: 14.4.1.1 If termination occurs before you begin the Hotel Work and before the Opening Date, and you or any Guarantor (or your or any Guarantor's Affiliates) directly or indirectly, enter into a franchise, license, management, lease and/or other similar agreement for or begin construction or commence operation of a hotel, motel, inn, or similar facility at the Hotel Site under a Competitor Brand within one (1) year after termination, then you will pay us Liquidated Damages in an amount equal to $3,600 multiplied by the number of approved Guest Rooms at the Hotel.",No,"HOSPITALITYINVESTORSTRUST,INC_04_07_2014-EX-10.26-FRANCHISE AGREEMENT.PDF",test
668,"As proof of such insurance, a fully paid certificate of insurance naming KI, Inc. and KI as an insured party will be submitted to KI, Inc. by Diplomat for KI, Inc.'s prior approval before any product is distributed or sold, and at the latest within thirty (30) days after the date first written above.",No,AMBASSADOREYEWEARGROUPINC_11_17_1997-EX-10.28-ENDORSEMENT AGREEMENT.PDF,test
669,"The insurance shall be in an amount of: $2,000,000 per occurrence and $2,000,000 aggregate with a $2,000,000 aggregate for products and completed operations.",No,FreezeTagInc_20180411_8-K_EX-10.1_11139603_EX-10.1_Sponsorship Agreement.pdf,test
670,"Except as otherwise provided in Paragraph 12 and Subparagraphs 22.2, 22.3, 22.4 and 22.5, during the term of this Agreement, no Party may assign, sell, transfer or dispose of the whole or any parts of its rights or obligations under this Agreement",No,TELEGLOBEINTERNATIONALHOLDINGSLTD_03_29_2004-EX-10.10-CONSTRUCTION AND MAINTENANCE AGREEMENT.PDF,test
671,"The Company shall make and retain, for a period of three (3) years following the period of each report required by Paragraph 4.4, true and accurate records, files and books of account containing all the data reasonably required for the full computation and verification of sales and other information required in Paragraph 4.4.",No,VirtuosoSurgicalInc_20191227_1-A_EX1A-6 MAT CTRCT_11933379_EX1A-6 MAT CTRCT_License Agreement.pdf,test
672,"Upon a termination of this Agreement, Accuray shall continue to make available to Customers support services on commercially reasonable terms, including, without limitation, spare parts for the Systems for a minimum period of 10 years after the last shipment of a System pursuant to this Agreement.",No,ACCURAYINC_09_01_2010-EX-10.31-DISTRIBUTOR AGREEMENT.PDF,test
673,"Maintenance is defined as scheduled Service outages for Service maintenance or upgrades of which theglobe is notified at least 48 hours in advance, so long as such outages are scheduled for low-usage time periods and do not exceed a total of 20 hours in any 30 day period.",No,TheglobeComInc_19990503_S-1A_EX-10.20_5416126_EX-10.20_Co-Branding Agreement.pdf,test
674,Customer may exercise its inspection rights under this Section 5.3(d) upon receipt of any information that would suggest to a reasonable Person that Manufacturer is not fulfilling its obligations under this Section 5.3.,No,UpjohnInc_20200121_10-12G_EX-2.6_11948692_EX-2.6_Manufacturing Agreement_ Supply Agreement.pdf,test
675,"If the proposed Transfer includes assets not related to the operation of the Franchise, we may purchase only the assets related to the operation of the Franchise or may also purchase the other assets",No,JOINTCORP_09_19_2014-EX-10.15-FRANCHISE AGREEMENT.PDF,test
676,"Subject to the terms and conditions of this Agreement, Licensor hereby grants to Licensee, and Licensee hereby accepts from Licensor, a personal, non-exclusive, royalty-free right and license to use the Licensed Mark solely and exclusively as a component of Licensee's own corporate name and in connection with marketing the investment management, investment consultation and investment advisory services that Investment Advisor may provide to Licensee.",No,PalmerSquareCapitalBdcInc_20200116_10-12GA_EX-10.6_11949289_EX-10.6_Trademark License Agreement.pdf,test
677,"The Agreement shall automatically renew for successive one (1) year terms (each a ""Renewal Term"") unless either party provides the other party written notification of its intent to terminate the Agreement no later than sixty (60) days prior to the end of the then applicable term.",No,IpassInc_20181203_8-K_EX-99.1_11445874_EX-99.1_Reseller Agreement.pdf,test
678,"Operator, with respect to Operator's activities provided for under this Agreement, shall maintain the following insurance coverage with responsible insurance carriers: (a) Workers' Compensation. Operator shall maintain statutory worker's compensation insurance, covering all of its and its Affiliates' employees and statutory employees, in accordance with the benefits afforded by the statutory Worker's Compensation Acts applicable to the state, territory, or district of hire, supervision, or place of accident. In addition, Operator shall maintain employer's liability insurance with a limit of not less than one million dollars ($1,000,000) each accident, one million dollars ($1,000,000) disease each employee, and one million dollars ($1,000,000) disease policy limit. Where not prohibited by law, Operator shall waive its right of subrogation against Owner.",No,VERTEXENERGYINC_08_14_2014-EX-10.24-OPERATION AND MAINTENANCE AGREEMENT.PDF,test
679,The Reseller shall be entitled to enter into agreements with its subsidiaries and affiliates to act as sub-distributors and/or selling agents of the Products in the Territory.,No,TodosMedicalLtd_20190328_20-F_EX-4.10_11587157_EX-4.10_Marketing Agreement_ Reseller Agreement.pdf,test
680,"Operator shall maintain Umbrella Liability Insurance coverage covering in excess of (a), (b), and (c) above, excluding Worker's Compensation, in the amount of ten million dollars ($10,000,000). Insurance, the applicable contractor shall be required to cause its insurers to wave all rights of recovery or subrogation against Owner and Operator, where not prohibited by law.",No,SANDRIDGEENERGYINC_08_06_2009-EX-10.6-OPERATIONS AND MAINTENANCE AGREEMENT.PDF,test
681,"After AMC termination, Reseller shall generate at least the following amount of new sales of the Products in each contract year (for the purpose of this Schedule 3, a contract year shall be each 12-month period commencing after the termination by Reseller of the AMC).",No,DIVERSINETCORP_03_01_2012-EX-4-RESELLER AGREEMENT.PDF,test
682,Agent may not offer or promote competitive products without the consent of Kallo.,No,KALLOINC_11_03_2011-EX-10.1-STRATEGIC ALLIANCE AGREEMENT.PDF',test
683,"This Agreement will be effective beginning on 12:01 a.m., Eastern Time, on the day after the date of last signature to these Base Terms (""Effective Date"") and ending on the expiration and/or termination of all Service Option Attachments, unless the Agreement is terminated earlier in accordance with the terms herein.",No,BLUEFLYINC_03_27_2002-EX-10.27-e-business Hosting Agreement.PDF,test
684,"Joint ownership conveys to each party individually the right to use, sell, modify, and create derived works from said intellectual property, as well as the right to sub-license these rights to others.",No,LinkPlusCorp_20050802_8-K_EX-10_3240252_EX-10_Affiliate Agreement.pdf,test
685,"Licensee shall pay to Licensor for each Licensed Product licensed to a Redistributor or a Customer a licensee fee equal to 50% of all revenues received (without deduction for value added tax, if any, but excluding any revenues for maintenance and support or upgrade services, which revenues are covered in paragraph (b) below) by Licensee under the Redistributor Agreement or Sublicense applicable to such Licensed Product.",No,NEONSYSTEMSINC_03_01_1999-EX-10.5-DISTRIBUTOR AGREEMENT_New.pdf,test
686,"The Licensee shall not otherwise contest, dispute, or challenge the Licensor's right, title, and interest in and to the Licensed Mark.",No,NmfSlfIInc_20200115_10-12GA_EX-10.5_11946987_EX-10.5_Trademark License Agreement.pdf,test
687,"Either Party may, without consent of the other Party, assign this Agreement in whole to (i) in the case of RevMed, its successor in interest or assignee or purchaser, as applicable, in the case of a Change of Control or (ii) in the case of Sanofi, its successor in interest or assignee or purchaser, as applicable, in connection with the sale of all or substantially all of its assets to which this Agreement relates, or in connection with a merger, acquisition or similar transaction.",No,RevolutionMedicinesInc_20200117_S-1_EX-10.1_11948417_EX-10.1_Development Agreement.pdf,test
688,"The term of this Agreement for the Hosted Site shall commence upon April 1, 1999 and shall continue for a period of six (6) months, unless earlier terminated in accordance with provisions hereof.",No,CENTRACKINTERNATIONALINC_10_29_1999-EX-10.3-WEB SITE HOSTING AGREEMENT.PDF,test
689,"Aimmune hereby grants to Xencor an exclusive license under and with respect to Aimmune Patents, and a non-exclusive license under and with respect to Aimmune Know-How, in each case, where such license is an irrevocable, perpetual, royalty-bearing license, with the right to sublicense, to Develop, Manufacture and Commercialize the Product(s), as the Product(s) exist as of the effective date of such termination, or optimized versions thereof that are Products.",No,AimmuneTherapeuticsInc_20200205_8-K_EX-10.3_11967170_EX-10.3_Development Agreement.pdf,test
690,"Corio shall notify Commerce One in writing if it believes that one of the following events (the ""RELEASE CONDITIONS"") has occurred and that it intends to seek release of the Source Code from the escrow account: (i) Commerce One's dissolution or ceasing to do business in the normal course, or (ii) Commerce One's repeated and material breach of its support and maintenance obligations under Section 5 of this Agreement and such breach is not cured within sixty (60) days of receipt of written notice thereof from Corio. If Commerce One notifies Corio in writing that it disputes whether any such event has occurred, officers of each of the parties shall negotiate for a period of ten (10) business days to attempt to resolve the dispute. At the end of such ten (10) business day period, if the parties have not resolved the dispute, the matter shall be referred to arbitration in the manner provided in Section 14.3 of this Agreement.",No,CORIOINC_07_20_2000-EX-10.5-LICENSE AND HOSTING AGREEMENT.PDF,test
691,"Minimum individual and aggregate Principal Owner ownership percentage required at all times during the term of this Agreement: 4-2.1 During the term of this Agreement, the Principal Owners together must have a ""controlling interest"" of no less than seventy-five percent (75%) of the equity, voting control and profits in the Franchise Owner. 4-2.2 Unless otherwise permitted, the required minimum ""ownership interest"" of each Principal Owner during the term of this Agreement is: Name Ownership Percentage",No,JOINTCORP_09_19_2014-EX-10.15-FRANCHISE AGREEMENT.PDF,test
692,"For clarity, in no event shall any permitted delegation or subcontracting of any activities to be performed in connection with this Agreement release a Party from any of its limitations or obligations under this Agreement.",No,"BELLICUMPHARMACEUTICALS,INC_05_07_2019-EX-10.1-Supply Agreement.PDF",test
693,"This Agreement shall be construed and its provisions interpreted under and in accordance with the internal Laws of the State of Connecticut, without giving effect to principles of conflict or choice of laws of that or any other jurisdiction.",No,PHLVARIABLEINSURANCECOCT_08_17_2009-EX-10.1-STRATEGIC ALLIANCE AGREEMENT.PDF,test
694,"Company agrees that it shall not seek to register or obtain ownership rights in any of Janssen's corporate names, logos, or Product Trademarks (or any confusingly similar trademark).",No,IMMUNOMEDICSINC_08_07_2019-EX-10.1-PROMOTION AGREEMENT.PDF,test
695,"As of the date of this Agreement, the current required contribution to the Ad Fund is one percent (1%) of the gross revenues of the Franchise.",No,JOINTCORP_09_19_2014-EX-10.15-FRANCHISE AGREEMENT.PDF,test
696,"NCM shall maintain with financially sound and reputable insurance companies insurance for its business and Equipment in such amounts and against such perils as NCM deems adequate for its business, including the installation services set forth in Section 2.2 herein.",No,DigitalCinemaDestinationsCorp_20111220_S-1_EX-10.10_7346719_EX-10.10_Affiliate Agreement.pdf,test
697,"This Agreement may not be assigned by any party without the written consent of the other parties, except to a subsidiary or controlled affiliate of such party which succeeds such party's conduct of Covered Businesses.",No,MOELIS&CO_03_24_2014-EX-10.19-STRATEGIC ALLIANCE AGREEMENT.PDF,test
698,"During the term of this Agreement, Zanotti agrees that Aura shall be allowed the full benefit of any and all lower prices and/or any more favorable terms and/or conditions (""MFN"" Terms) contained in any other agreement entered into by Zanotti for the sale of any product substantially similar to the Product in the same or lesser quantities described in this Agreement to third parties",No,AURASYSTEMSINC_06_16_2010-EX-10.25-STRATEGIC ALLIANCE AGREEMENT.PDF,test
699,"If this Agreement is terminated for any reason, WYZZ may continue to use Nexstar's facility (to the extent of, and consistent with, the use immediately prior to the termination) for a period of six (6) months following the date of actual termination, without regard to any continuation which occurs as a result of the immediately succeeding sentence (the ""Continuation Period"").",No,NEXSTARFINANCEHOLDINGSINC_03_27_2002-EX-10.26-OUTSOURCING AGREEMENT.PDF,test
700,"If the average number of Sales Representatives on the Sales Force is less than twenty-five (25) over any forty-five (45)-day period, Janssen will have the right to terminate this Agreement by giving thirty (30) days' notice.",No,IMMUNOMEDICSINC_08_07_2019-EX-10.1-PROMOTION AGREEMENT.PDF,test
701,"Neoforma shall not enter into, and shall cause its Affiliates to not enter into, any agreement with a third party for the on-line listing of Laboratory Products on a VerticalNet Competitor or place any Link to a VerticalNet Competitor on the Neoforma Sites.",No,NeoformaInc_19991202_S-1A_EX-10.26_5224521_EX-10.26_Co-Branding Agreement.pdf,test
702,"Each Party agrees that during the Term of this Agreement and for a period of six (6) months thereafter it shall not, without the prior written consent of the other Party, either on its own account or through its employees or agents or otherwise or on behalf of any other person, firm, company or other organisation and other than by general advertising, solicit, interfere with, procure or entice away (or, in each case, attempt so to do), either directly or indirectly, any employee or contractor of the other Party.",No,"WASTE2ENERGYHOLDINGS,INC_06_03_2010-EX-10.2-STRATEGIC ALLIANCE AGREEMENT.PDF",test
703,"During the Term, (a) Women.com will not buy, sell, display, distribute advertising from (including, but not limited to, banner ads, buttons, badges, text links, hyperlinks or editorial mentions) or otherwise promote a Competitive Company on any page of the Diet Center;<omitted>(c) Women.com will not enter into a relationship with a Competitive Company that involves any of the following; (i) custom developed mini or micro web sites; (ii) content integration; (iii) discounts offered only to Women.com members on the Member Central page of the Women.com Sites; (iv) editorial endorsement (such as<omitted>""Brought to you by...."") or fixed placement of 468x60 (top) and 125x365 (side) banners within eight (8) of the Content Features selected by eDiets; and (v) anchor sponsorship in any multi-sponsor Women.com promotion.",No,EdietsComInc_20001030_10QSB_EX-10.4_2606646_EX-10.4_Co-Branding Agreement.pdf,test
704,The parties agree that Client will not be charged a higher fee than what is being made available by EFS to its other Clients for similar services.,No,PlayboyEnterprisesInc_20090220_10-QA_EX-10.2_4091580_EX-10.2_Content License Agreement_ Marketing Agreement_ Sales-Purchase Agreement1.pdf,test
705,"In the event of any breach of the foregoing warranty, and provided that Converge reports such breach to VNE in writing within 90 days following the date of performance of the Services in question, VNE shall, as its sole obligation and Converge's sole and exclusive remedy, promptly repair, replace or re-perform the Services in question, without additional cost to Converge, so as to correct the warranty non-compliance as promptly as practicable (within 30 days to the extent technically feasible).",No,VERTICALNETINC_04_01_2002-EX-10.19-MAINTENANCE AND SUPPORT AGREEMENT.PDF,test
706,"License Grants. 1. RevMed License to SHP2 Inhibitors. Sanofi shall, effective upon any such termination of this Agreement, and hereby does, grant to RevMed [***], under all [***], and [***], to [***]. Notwithstanding the foregoing, [***] shall not include [***], and [***] shall include [***] (to the extent [***]). 2. RevMed License to Practice Certain Combinations. Sanofi shall, effective upon any such termination of this Agreement, and hereby does, grant to RevMed [***], under [***], and [***] (but excluding [***]). For the avoidance of doubt, [***] licensed under this Section 12.3(c)(ii)(A)(2) do not [***]. 60 Source: REVOLUTION MEDICINES, INC., S-1, 1/17/2020 3. Sanofi License to Practice Certain Combinations. [***] RevMed shall, effective upon any such termination of this Agreement, and hereby does, grant to Sanofi [***], under [***], and [***]. For the avoidance of doubt, [***] licensed under this Section 12.3(c)(ii)(A)(3) do not [***]. If Sanofi [***], Sanofi shall so notify RevMed in writing, and [***].",No,RevolutionMedicinesInc_20200117_S-1_EX-10.1_11948417_EX-10.1_Development Agreement.pdf,test
707,"IN NO EVENT SHALL JRVS BE LIABLE FOR COSTS OF PROCUREMENT OF SUBSTITUTE PRODUCTS OR SERVICES, LOST PROFITS OR ANY CONSEQUENTIAL, SPECIAL, INCIDENTAL, OR INDIRECT DAMAGES, HOWEVER CAUSED AND ON ANY THEORY OF LIABILITY (INCLUDING NEGLIGENCE OR STRICT LIABILITY), ARISING OUT OF THIS AGREEMENT.",No,ImineCorp_20180725_S-1_EX-10.5_11275970_EX-10.5_Distributor Agreement.pdf,test
708,"The cost of storage, monitoring (including any on-going analytical analysis), and insurance before shipment shall be borne by [* * *].",No,ParatekPharmaceuticalsInc_20170505_10-KA_EX-10.29_10323872_EX-10.29_Outsourcing Agreement.pdf,test
709,"Notwithstanding any termination of this Agreement, any Approved Content that includes Zynga's Licensed Property may remain in perpetuity in any media in which such Licensed Property was integrated into during the Term (e.g., televised WPT Tournaments or WPT Invitational Tournaments, social media posts, repurposed integrations for ""best of"" television programs) or for historical purposes (e.g., reference on WPT's website that Zynga-sponsored tour events took place as part of the tour).",No,AlliedEsportsEntertainmentInc_20190815_8-K_EX-10.19_11788293_EX-10.19_Content License Agreement.pdf,test
710,"The validity, implementation and interpretation of this Agreement shall be governed by the laws of PRC.",No,JINGWEIINTERNATIONALLTD_10_04_2007-EX-10.7-INTELLECTUAL PROPERTY AGREEMENT.PDF,test
711,"NEITHER PARTY SHALL NOT BE LIABLE TO THE OTHER FOR ANY DAMAGES, LOSSES OR EXPENSES RESULTING FROM ANY TERMINATION OR EXPIRATION OF THIS AGREEMENT ARISING FROM ANY CLAIMS ASSERTED WHICH ARE BASED UPON LOSS OF GOODWILL, PROSPECTIVE PROFITS OR ANTICIPATED ORDERS, OR ON ACCOUNT OF ANY EXPENDITURES, INVESTMENTS, LEASES OR COMMITMENTS MADE BY SUCH PARTY;",No,AURASYSTEMSINC_06_16_2010-EX-10.25-STRATEGIC ALLIANCE AGREEMENT.PDF,test
712,Neither party shall assign this Agreement or any rights under it except with the prior written consent of the other.,No,NATIONALPROCESSINGINC_07_18_1996-EX-10.4-SPONSORSHIP AGREEMENT.PDF,test
713,"Until expiration or earlier termination of the Agreement, DIALOG agrees that it and its Affiliates will not, without ENERGOUS' written approval, intentionally sell, distribute or work with any third party to develop products incorporating any Uncoupled Power Transfer Technology other than Licensed Products; provided, however, that DIALOG shall not be under any such restrictions in relation to services or products it provides to the Key Customer in the event the Key Customer terminates its agreement with ENERGOUS.",No,ENERGOUSCORP_03_16_2017-EX-10.24-STRATEGIC ALLIANCE AGREEMENT.PDF,test
714,"As consideration for Wade's services under this Agreement, Naked will pay Wade royalties as follows: A. Royalties. Naked will report, and Wade will be paid, royalty payments at [***]",No,NakedBrandGroupInc_20150731_POS AM (on S-1)_EX-10.75_9196027_EX-10.75_Endorsement Agreement.pdf,test
715,"In the event that Array reasonably objects to a proposed usage of the Product Trademark(s), it shall give written notice of such objection to Ono within sixty (60) days of receipt of such sample, specifying the way in which such usage of its Product Trademark(s) fails to meet the style, usage or quality standards for the Product or Product Trademark set forth in the first two sentences of this Section 12.4(c).",No,"Array BioPharma Inc. - LICENSE, DEVELOPMENT AND COMMERCIALIZATION AGREEMENT.PDF",test
716,"LEA and T&B shall jointly own all jointly-created work product including, but not limited to, ideas, any and all concepts, designs, Customer Data (including client lists) generated through the conduct of the Business, programs, software, reports, or other intellectual property and tangible work product, produced for the Business , regardless of whether such were incorporated into or used by the Business (collectively ""Work Product""), shall be and remain the joint property of LEA and T&B when produced provided, however, (i) to the extent LEA has contributed distinct and divisible work product to the Business during the Term (""LEA Work Product""), such LEA Work Product shall remain frozen for a period not to exceed 90 days, during which time T&B may acquire a license for the LEA Work Product by reimbursing LEA direct and verifiable costs LEA incurred in producing the LEA Work Product during the Term and (ii) to the extent T&B has contributed distinct and divisible work product to the Business during the Term (""T&B Work Product""), such T&B Work Product shall remain frozen for a period not to exceed 90 days, during which time LEA may acquire license for the T&B Work Product by reimbursing T&B direct and verifiable costs T&B incurred in producing the T&B Work Product during the Term.",No,LegacyEducationAllianceInc_20200330_10-K_EX-10.18_12090678_EX-10.18_Development Agreement.pdf,test
717,"EXCEPT FOR DAMAGES FOR WHICH A PARTY IS RESPONSIBLE PURSUANT TO ITS INDEMNIFICATION OBLIGATIONS SET FORTH IN SECTION 10 ABOVE, EACH PARTY SPECIFICALLY DISCLAIMS ALL LIABILITY FOR AND SHALL IN NO EVENT BE LIABLE FOR ANY INCIDENTAL, SPECIAL, INDIRECT OR CONSEQUENTIAL DAMAGES, EXPENSES, LOST PROFITS, LOST SAVINGS, INTERRUPTIONS OF BUSINESS OR OTHER DAMAGES OF ANY KIND OR CHARACTER WHATSOEVER ARISING OUT OF OR RELATED TO THIS AGREEMENT OR RESULTING FROM THE MANUFACTURE, HANDLING. MARKETING, SALE, DISTRIBUTION OR USE OF LICENSED PRODUCT REGARDLESS OF THE FORM OF ACTION, WHETHER IN CONTRACT, TORT, STRICT LIABILITY OR OTHERWISE, EVEN IF SUCH PARTY WAS ADVISED OF THE POSSIBILITY OF SUCH DAMAGES",No,FUSIONPHARMACEUTICALSINC_06_05_2020-EX-10.17-Supply Agreement - FUSION.PDF,test
718,"Neither party shall be liable to the other pursuant to this Agreement for any amounts representing loss of profit, loss of business or indirect, consequential, exemplary, or punitive damages of the other party.",No,REGANHOLDINGCORP_03_31_2008-EX-10-LICENSE AND HOSTING AGREEMENT.PDF,test
719,"The Industrial Property Rights on the Results, as well as the Intellectual Property Rights realized in the research activities covered by this JV, are due jointly to the parties in equal shares (50% for each Party), without prejudice to the possibility of agreeing in writing, during the course of every specific activity, about the modification of the respective shares of co-ownership, based upon the actual contribution of each of the Parties to the research activities, and also without prejudice to the recognition of the intellectual rights due to each inventor pursuant to current legislation.",No,"KIROMICBIOPHARMA,INC_04_08_2020-EX-10.28-JOINT VENTURE AGREEMENT.PDF",test
720,This Agreement shall be governed by and construed in accordance with the laws of the State of New York without regard to principles of conflicts of law.,No,"BLUEHILLSBANCORP,INC_05_20_2014-EX-1.1-AGENCY AGREEMENT.PDF",test
721,"Further, Marketing Affiliate shall not market similar products from competing companies on any Web Site Landing Page containing the Equidata or Marketing Affiliate Web link as long as this Agreement is in effect.",No,SteelVaultCorp_20081224_10-K_EX-10.16_3074935_EX-10.16_Affiliate Agreement.pdf,test
722,"For purposes of this Section 4.4, a ""Change of Control"" shall mean any transaction or series of related transactions that results in (including by way of merger or consolidation), or that is in connection with, the Village Media Company no longer being controlled (as defined in Section 1.2) by or under common control (as defined in Section 1.2) with HOFV.",No,GpaqAcquisitionHoldingsInc_20200123_S-4A_EX-10.6_11951677_EX-10.6_License Agreement.pdf,test
723,"Subject to the terms and conditions of this Agreement, Commerce One hereby grants to Corio a nonexclusive, nontransferable (except in accordance with Section 14.1 of this Agreement), right and license in the Territory to sell and distribute such software licenses to Customers pursuant to this Section 2.4.",No,CORIOINC_07_20_2000-EX-10.5-LICENSE AND HOSTING AGREEMENT.PDF,test
724,"Subject to the other terms and conditions of this Agreement (including the licenses and other rights granted under this Agreement or any Ancillary Agreement), each Party shall have the right to exploit, including license, the Joint Program Technology, without a duty of accounting or any obligation to seek consent from the other Party to exploit such Joint Program Technology.",No,RevolutionMedicinesInc_20200117_S-1_EX-10.1_11948417_EX-10.1_Development Agreement.pdf,test
725,"In the event PAPA JOHN'S wishes to sub-contract any or all of the operation of the Products or its related business hereunder (e.g., design of the Products, advertising of the Products, creation of Products, etc.) to any third party (e.g., ad agencies, photographers, videographers, producers, crew, etc.) (each, a ""Sub-Contractor""), the same may only be done if and after ABG has given its Approval therefor.",No,PapaJohnsInternationalInc_20190617_8-K_EX-10.1_11707365_EX-10.1_Endorsement Agreement.pdf,test
726,"to deliver to Client, upon termination or expiration of this Agreement, all materials which were provided to CRO under the terms of this Agreement and which relate to the business of, or belong to, Client or which were provided by Client for the use of its employees, contractors or consultants;",No,"PAXMEDICA,INC_07_02_2020-EX-10.12-Master Service Agreement.PDF",test
727,"In the event that either Wade or Naked wishes to extend the Term of the Agreement as contemplated above, it shall provide the other Party with written notice at least ninety (90) days prior to the expiration of the Term.",No,NakedBrandGroupInc_20150731_POS AM (on S-1)_EX-10.75_9196027_EX-10.75_Endorsement Agreement.pdf,test
728,"No Party shall assign this Agreement or any rights or obligations hereunder or, except as expressly set forth in the Agreement with respect to the PHL Services and Investors Capital Services, delegate any of their respective duties and obligations hereunder, without the prior written consent of the other Parties, which, in view of the unique and specialized nature of each Party's obligations hereunder, may be declined by any Investors Capital Party on the one hand or any PHL Party, on the other hand, as the case may be, for any reason. Any attempted assignment or delegation in violation of this Section shall be void. A Change of Control, as defined below, shall be considered an assignment under this Section 16.01 and Sections 16.02.1(c) (4) and 16.02.1(e)(4).",No,PHLVARIABLEINSURANCECOCT_08_17_2009-EX-10.1-STRATEGIC ALLIANCE AGREEMENT.PDF,test
729,"NEITHER PARTY SHALL BE LIABLE TO THE OTHER PARTY FOR ANY LOST PROFITS, OR ANY SPECIAL, CONSEQUENTIAL, INCIDENTAL, OR INDIRECT DAMAGES ARISING FROM OR RELATING TO ANY BREACH OF THIS AGREEMENT, REGARDLESS OF ANY NOTICE OF THE POSSIBILITY OF SUCH DAMAGES. NOTWITHSTANDING THE FOREGOING, NOTHING IN THIS SECTION 11.4 IS INTENDED TO OR SHALL LIMIT OR RESTRICT THE INDEMNIFICATION RIGHTS OR OBLIGATIONS OF ANY PARTY UNDER SECTION 11.1 or 11.2, OR DAMAGES AVAILABLE FOR A PARTY'S BREACH OF CONFIDENTIALITY OBLIGATIONS UNDER ARTICLE 12.",No,AimmuneTherapeuticsInc_20200205_8-K_EX-10.3_11967170_EX-10.3_Development Agreement.pdf,test
730,"In the case of a Designated Mineral Property that Glamis intends to abandon, Glamis wall, if requested by Western Copper, transfer such Designated Mineral Property to Western Copper at no cost save and except for the reasonable costs of transfer incurred by Glamis.",No,WESTERN COPPER - NON-COMPETITION AGREEMENT.PDF,test
731,"In the event of termination, neither party, their heirs nor successors shall issue any challenge whatsoever to contest the termination.",No,PrecheckHealthServicesInc_20200320_8-K_EX-99.2_12070169_EX-99.2_Distributor Agreement.pdf,test
732,"The Developer expressly acknowledges and agrees that any all proprietary materials prepared by the Developer under this Agreement shall be considered ""works for hire"" and the exclusive property of the Client unless otherwise specified.",No,ClickstreamCorp_20200330_1-A_EX1A-6 MAT CTRCT_12089935_EX1A-6 MAT CTRCT_Development Agreement.pdf,test
733,"In the event that the Product fails to conform to the Product Specifications, and/or GMP, Ultragenyx may reject the Product by giving written notice to Cremer within [***] days after receipt of the Product and all documentation (except such [***] day period will not apply for any latent defect).",No,ULTRAGENYXPHARMACEUTICALINC_12_23_2013-EX-10.9-SUPPLY AGREEMENT.PDF,test
734,"Any Transfer that is made without our approval will constitute a breach of this Agreement and convey no rights to or interests in this Agreement, you, the Franchise, or any other The Joint Corp. franchise.",No,JOINTCORP_09_19_2014-EX-10.15-FRANCHISE AGREEMENT.PDF,test
735,"COMPANY will pay JHU a fee equal one percent (1%) of the Aggregate Consideration received by the COMPANY, or the total amount received by stockholders of COMPANY, upon the occurrence of a Liquidity Event.",No,VirtuosoSurgicalInc_20191227_1-A_EX1A-6 MAT CTRCT_11933379_EX1A-6 MAT CTRCT_License Agreement.pdf,test
736,"Each licensee Party acknowledges, understands, and agrees that it shall not perform, do, or cause any act to be done, or fail to take any action, during or after the Term, or assist any third party in performing, doing, and/or causing any act to be done, which would in any way or manner be detrimental to, injure or impair, in any way or to any degree: (A) the licensor Party's Marks (or any of them); (B) any applications for registration and/or registrations therefor; (C) the goodwill related to the licensor Party's Marks (or any of them); (D) a licensor Party's federal, state and/or common law and other rights in or to the licensor Party's Marks; (E) a licensor Party's right, title, interest, and ownership in and to the licensor Party's Marks; and/or (F) the validity or enforceability of the any of the foregoing.",No,GpaqAcquisitionHoldingsInc_20200123_S-4A_EX-10.8_11951679_EX-10.8_Service Agreement.pdf,test
737,All Products supplied by Qualigen to Sekisui shall have on the date of shipment by Qualigen a shelf life of not less than a minimum three (3) month shelf life for products shipped within the United States and not less than a minimum four (4) month shelf life for products shipped outside the United States (or such longer shelf-life as may be mutually agreed by Qualigen and a Sekisui customer with respect to a specific customer order).,No,RitterPharmaceuticalsInc_20200313_S-4A_EX-10.54_12055220_EX-10.54_Development Agreement.pdf,test
738,"Such reserved non-exclusive license shall be solely for use by the Company and its Affiliates and shall not be transferable to any Third Party, except in connection with a merger, consolidation, or the sale or transfer of substantially all of the Company's assets associated with the performance of this IP Agreement.",No,RareElementResourcesLtd_20171019_SC 13D_EX-99.4_10897534_EX-99.4_Intellectual Property Agreement.pdf,test
739,"Furthermore, SRP shall not permit any associate or secondary sponsor to suggest in any manner that its sponsorship role is as great as that of Logan's.",No,LOGANSROADHOUSEINC_03_27_1998-EX-10.17-SPONSORSHIP AGREEMENT.PDF,test
740,"Such books and records shall be kept for at least three (3) years following the end of the calendar month to which they pertain, and shall be open for inspection by an independent certified public accountant reasonably acceptable to Corio, and made subject to Corio's standard non-disclosure agreement, for the sole purpose of verifying the amounts payable to Changepoint under this Agreement.",No,CHANGEPOINTCORP_03_08_2000-EX-10.6-LICENSE AND HOSTING AGREEMENT.PDF,test
741,"As between the Parties, Dova shall own all right, title and interest in and to any Product Materials (and all content contained therein) and any Product Labeling (and all content contained therein), including applicable copyrights and trademarks (other than any name, trademark, trade name or logo of Valeant or its Affiliates that may appear on such Product materials or Product Labeling), and to the extent Valeant (or any of its Affiliates) obtains or otherwise has a claim to any of the foregoing, Valeant hereby assigns (and shall cause any applicable Affiliate to assign) all of its right, title and interest in and to such Product Materials (and content) and Product Labeling (and content) (other than any name, trademark, trade name or logo of Valeant or its Affiliates that may appear on such Product materials or Product Labeling) to Dova and Valeant agrees to (and shall cause its applicable Affiliate to) execute all documents and take all actions as are reasonably requested by Dova to vest title to such Product Materials (and content) and Product Labeling (and content) in Dova (or its designated Affiliate).",No,DovaPharmaceuticalsInc_20181108_10-Q_EX-10.2_11414857_EX-10.2_Promotion Agreement.pdf,test
742,"Distributor's appointment is for a term of one year from the Effective Date, renewable automatically unless terminated under Section 18",No,"ETELOS,INC_03_09_2004-EX-10.8-DISTRIBUTOR AGREEMENT.PDF",test
743,"Subject to Section 17(c), in no event shall either Party be liable to the other for any consequential, incidental, exemplary or punitive damages even if advised in advance of the possibility of such damages.",No,EhaveInc_20190515_20-F_EX-4.44_11678816_EX-4.44_License Agreement_ Reseller Agreement.pdf,test
744,Changes to the *** Run Fee based on increased capacity will be determined upon completion of the appropriate process validations.,No,SEASPINEHOLDINGSCORP_10_10_2018-EX-10.1-SUPPLY AGREEMENT.PDF,test
745,"With respect to Vendor's performance under this Agreement, and in addition to Vendor's obligation to indemnify, Vendor shall at its sole cost and expense: (i) maintain the insurance coverages and limits required by this Section and any additional insurance and/or bonds required by Laws: 1. at all times during the term of this Agreement and until completion of all Work associated with this Agreement, whichever is later; and 2. with respect to any coverage maintained in a ""claims-made"" policy, for two (2) years following the term of this Agreement or completion of all Work associated with this Agreement, whichever is later. If a ""claims-made"" policy is maintained, the retroactive date must precede the commencement of Work under this Agreement; (ii) require each Subcontractor who may perform Work under this Agreement or enter upon any Cell Site to maintain coverages, requirements, and limits at least as broad as those listed in this Section, when prorated for the value of the Work to be performed by such Subcontractor from the time when the Subcontractor begins Work, throughout the term of the Subcontractor's Work and, with respect to any coverage maintained on a ""claims made"" policy, if any, for two (2) years thereafter; (iii) procure the required insurance from an insurance company eligible to do business in the state or states where Work will be performed and having and maintaining a Financial Strength Rating of ""A-"" or better and a Financial Size Category of ""VII"" or better, as rated in the A.M. Best Key Rating Guide for Property and Casualty Insurance Companies, except that, in the case of Workers' Compensation insurance, Vendor may procure insurance from the state fund of the state where Work is to be performed; and<omitted>(iv) if requested, provide to AT&T or AT&T's third party administrator certificates of insurance stating the types of insurance and policy limits. Vendor shall provide or have the issuing insurance company provide at least thirty (30) days' advance written notice of cancellation, non-renewal, or reduction in insurance coverage, terms, or limits.",No,AtnInternationalInc_20191108_10-Q_EX-10.1_11878541_EX-10.1_Maintenance Agreement.pdf,test
746,"The ""Estimated Remaining Value"" means the mathematical product of (a) the average monthly fee paid by Customer with respect to the Initial Services during the twelve (12) months immediately preceding the Effective Date of Termination, multiplied by (b) the number of unexpired whole months remaining between the Effective Date of Termination and the expiration of the Initial Term.",No,OFGBANCORP_03_28_2007-EX-10.23-OUTSOURCING AGREEMENT.PDF,test
747,"uch fee shall be paid after only the first to occur of either a Liquidation Event or an Initial Public Offering. The respective fees, when and if payable, shall be paid upon closing; except that if there are additional contingent amounts (""Trailing Consideration"") payable upon the occurrence of subsequent events, then the Trailing Consideration shall be due and payable to JHU within thirty (30) days after receipt thereof by COMPANY.",No,VirtuosoSurgicalInc_20191227_1-A_EX1A-6 MAT CTRCT_11933379_EX1A-6 MAT CTRCT_License Agreement.pdf,test
748,This Agreement shall be interpreted and enforced according to the laws of the State of California without regard to principles of conflict of laws.,No,RUBIOSRESTAURANTSINC_03_31_2008-EX-10.75-SPONSORSHIP AGREEMENT.PDF,test
749,"Commencing with ****, Dexcel may adjust the Supply Price for the next following Year not more often than ****.",No,KitovPharmaLtd_20190326_20-F_EX-4.15_11584449_EX-4.15_Manufacturing Agreement.pdf,test
750,"Surgical agrees that promptly upon termination of this Agreement, Surgical shall deliver to Imprimis all Work Product, either completed or uncompleted, and any documents, reports and other materials which are in Surgical's possession in connection with the performance of Services under this Agreement.",No,"SightLife Surgical, Inc. - STRATEGIC SALES & MARKETING AGREEMENT.PDF",test
751,"Excess coverage with respect to Sections 26.2.2, 26.2.3 and 26.2.4 above with a per occurrence limit of $5,000,000. The limits of liability required In subsections 26.2.2, 26.2.3 and 26.2.4 may be satisfied by a combination of those policies with an Umbrella/Excess Liability policy.",No,CardlyticsInc_20180112_S-1_EX-10.16_11002987_EX-10.16_Maintenance Agreement1.pdf,test
752,"In the event of termination of this Agreement and without limitation of Fox's rights and remedies all of which are expressly reserved, the following payment penalties shall apply: (i) if termination occurs in the first year of the Term, Licensee shall forfeit any Guarantee paid, and shall immediately pay any remaining Guarantee, up to the amount of ***** dollars (US$*****), and any Guarantee payments made in excess of ***** dollars ($*****) shall be refunded by Fox to Licensee; and (ii) if termination occurs in the second year of the Term, Licensee shall forfeit any Guarantee paid, and shall immediately pay any remaining portion of the Guarantee then unpaid, up to the amount of ***** dollars (US$*****). An",No,GluMobileInc_20070319_S-1A_EX-10.09_436630_EX-10.09_Content License Agreement1.pdf,test
753,"Owner covenants that it will maintain at all times during the Term of this Agreement insurance coverage for sudden and accidental pollution of $500,000,000.",No,MARTINMIDSTREAMPARTNERSLP_01_23_2004-EX-10.3-TRANSPORTATION SERVICES AGREEMENT.PDF,test
754,"If Parent enters an agreement to transfer the license granted to it under this Section 3.1 in connection with any sale or transfer of a Parent business, then SpinCo and members of the SpinCo Group shall be made third party beneficiaries under such transfer agreement to enforce breaches of the license",No,INGEVITYCORP_05_16_2016-EX-10.5-INTELLECTUAL PROPERTY AGREEMENT.PDF,test
755,"IN NO EVENT SHALL Erchonia BE LIABLE FOR ANY LOSS OF PROFIT OR ANY OTHER COMMERCIAL DAMAGE, INCLUDING BUT NOT LIMITED TO SPECIAL, INCIDENTAL, CONSEQUENTIAL OR OTHER INDIRECT DAMAGES UNDER ANY CAUSE OF ACTION ARISING OUT OF OR RELATING TO THIS AGREEMENT, INCLUDING, WITHOUT LIMITATION, CLAIMS ARISING FROM MALFUNCTION OR DEFECTS IN THE PRODUCTS.",No,InnerscopeHearingTechnologiesInc_20181109_8-K_EX-10.6_11419704_EX-10.6_Distributor Agreement.pdf,test
756,BSP may: (a) assign all or part of this agreement to any person as part of a restructure; and (b) assign or novate all or part of the rights and obligations under this agreement to any of the BSP's Related Company's as part of a re- organisation of its business.,No,ELANDIAINTERNATIONALINC_04_25_2007-EX-10.21-Outsourcing Agreement.PDF,test
757,"Zynga shall permit such records to be examined by authorized representatives of WPT, including such independent auditors as WPT may designate, during usual business hours, with advance notice, to verify to the extent necessary the Royalties paid hereunder, and WPT and its representatives shall use reasonable efforts to minimize disruptions to Zynga's business.",No,AlliedEsportsEntertainmentInc_20190815_8-K_EX-10.19_11788293_EX-10.19_Content License Agreement.pdf,test
758,"Such audit shall not be performed more frequently than […***…] nor more frequently than […***…] with respect to records covering, or impacting in accordance with Article 5, any specific period of time.",No,"FOUNDATIONMEDICINE,INC_02_02_2015-EX-10.2-Collaboration Agreement.PDF",test
759,"To avoid any possibility of confusion of the public, trademark infringement or interference with the rights of the Company, the Professional agrees not to endorse, license or otherwise authorize the use of her name, likeness or image in connection with another company's golf clubs or golf-related clothing or equipment during the Term and for a period of two (2) years thereafter.",No,WOMENSGOLFUNLIMITEDINC_03_29_2000-EX-10.13-ENDORSEMENT AGREEMENT.PDF,test
760,The Farids Group shall not deliver more than one ROFR Sale Notice or ROFO Sale Notice in any thirty (30) day period.,No,"ROCKYMOUNTAINCHOCOLATEFACTORY,INC_12_23_2019-EX-10.2-STRATEGIC ALLIANCE AGREEMENT.PDF",test
761,"Subject to the terms herein, MediWound hereby grants to Vericel a non-exclusive, sublicensable (subject to Section 4.2 of the License Agreement) license under the MediWound Technology and MediWound's interest in the Joint Technology, to Manufacture and have Manufactured Licensed Products in the Territory for use in the Field in the Territory.",No,VERICELCORP_08_06_2019-EX-10.10-SUPPLY AGREEMENT.PDF,test
