index,text,answer,split
0,"The appeal from the reassessment dated October 29, 2018 made under the Income Tax Act for the 2017 taxation year is allowed, without costs, and the reassessment is vacated in accordance with the attached reasons for judgment.
Signed at Ottawa, Canada, this 14th day of July 2020.
David E. Spiro
Spiro J.
",allowed,train
1,"This appeal is allowed and the matter is referred back to the Minister for reconsideration and further redeterminations on the bases that the Appellant is entitled to the denied CCTB benefit payments for the beginning of each month within the period July 2013 through to and including March 2015, and also that the Appellant is entitled to the denied GSTC benefit payments for the beginning of each July, October, January and April within the said period July 2013 through to and including March 2015.
Signed at Halifax, Nova Scotia, this 30th day of July 2020.
B.Russell
Russell J.
",allowed,train
2,"The appeal from the reassessments made under the Income Tax Act with respect to the Appellants 2008 and 2009 taxation years is dismissed, without costs, in accordance with the attached Reasons for Judgment.
Signed at Montral, Qubec this 23rd day of April 2014.
Patrick Boyle
Boyle J.
",dismissed,train
3,"The appeal filed by the Appellant against the Respondents decision regarding the calculation of the guaranteed income supplement that she was entitled to under the Old Age Security Act for the months of February to June 2014 (included within the payment period of July 1, 2013 to June 30, 2014) is dismissed in accordance with the attached reasons for judgment.
Signed at Ottawa, Canada, this 12th day of December 2018.
Ral Favreau
Favreau J.
",dismissed,train
4,"Pursuant to Rule 172 of the Tax Court of Canada Rules (General Procedure), these amended reasons for judgment are issued in substitution to the reasons for judgment issued on May 26, 2015.
Upon paragraphs [9] and [10] having been inadvertently inverted;
The reasons for judgment issued on May 26, 2015 are therefore amended so that former paragraph [10] now reads as paragraph [9], and former paragraph [9] now reads as paragraph [10], as per the attached amended reasons for judgment.
Signed at Ottawa, Canada, this 10th day of June 2015.
""Gerald J. Rip""
Rip J.
",other,train
5,"(Delivered orally at the hearing of May 2, 2006, at Montral, Quebec.)
Lamarre Proulx J.
[1] These appeals pertain to the 2002 and 2003 taxation years.
[2] The facts are set out as follows in paragraph 18 of the Reply to the Notice of Appeal (""the Reply""):
[TRANSLATION]
(a) The Appellant worked as an investment advisor for Laurentian Bank Securities Inc. (hereinafter ""LBS"") from January 2000 to October 2002.
(b) On June 13, 2000, the Appellant signed an employment agreement with LBS.
...
Signed at Ottawa, Canada, this 15th day of May 2006.
""Louise Lamarre Proulx""
Lamarre Proulx J.
Translation certified true
on this 31st day of October 2006
Monica F. Chamberlain, Reviser
",other,train
0,"The appeal with respect to an assessment made under the Income Tax Act for the 2007 taxation year is allowed, and the assessment is referred back to the Minister of National Revenue for reconsideration and reassessment on the basis that: (1) an income inclusion for investment income in the amount of $525 should be reduced to $231, and (2) the appellant is entitled to a deduction for business expenses in the amount of $1,148.
The appeal with respect to an assessment made under the Income Tax Act for the 2008 taxation year is dismissed.
Each party shall bear their own costs.
Signed at Ottawa, Ontario this 12th day of June 2014.
J.M. Woods
Woods J.
",allowed,test
1,"The appeal from the assessment made under Part IX of the Excise Tax Act (R.S.C. 1985, c. E-15) for the period from August 7, 2006, to August 29, 2009, notice of which is dated April 13, 2010, is allowed, and the assessment is vacated, with costs in favour of the appellant.
Signed at Ottawa, Canada, this 4th day of February 2014.
Alain Tardif
Tardif J.
Translation certified true
on this 12th day of August 2014
Franois Brunet, Revisor
",allowed,test
2,"WHEREAS, after conducting the hearing of evidence and receiving submissions from the parties, the Court delivers its Reasons for Judgment attached.
NOW THEREFORE THIS COURT ORDERS THAT:
The appeals from reassessments made under the Income Tax Act for the Appellants 2012, 2013 and 2014 taxation years are hereby allowed solely on the basis that the penalties imposed pursuant to subsection 163(2) are deleted and that the Appellant shall be entitled to an additional eligible charitable donation in the amount of $20 in the 2013 taxation year;
The appeal from reassessment made under the Income Tax Act for the Appellants 2015 taxation year is hereby dismissed;
The matters are referred back to the Minister of National Revenue for reconsideration and reassessment; and,
There shall be no costs.
Signed at Vancouver, British Columbia, this 11th day of December 2019.
R.S. Bocock
Bocock, J.
",allowed,test
3,"In accordance with the attached Reasons for Judgment:
1. The appeals with respect to reassessments made under the Income Tax Act for the 2000 taxation year of each of the Appellants are allowed, and the reassessments are referred back to the Minister of National Revenue for reconsideration and reassessment on the basis that no amount should be included in either appellants income in respect of the investments made by their respective RRSPs in the Zowtra Mortgage;
2. The gross negligence penalty levied against each of the appellants is vacated; and
3. Costs are awarded to the appellants.
Signed at Ottawa, Canada, this 22nd day of January 2019.
S. DArcy
D'Arcy J.
",allowed,test
4,"In accordance with the attached reasons for judgment, the appeal from the reassessments made pursuant to the Income Tax Act for the 2002, 2003 and 2004 taxation years is allowed with costs to the respondent,[1] and the matter is referred back to the Minister of National Revenue for reconsideration and reassessment, on the basis that the appellant may claim a capital cost allowance for the Sartory bow, but not for the other musical instruments in question.
Signed at Ottawa, Ontario, this 20th day of December 2013.
""Gaston Jorr""
Jorr J.
Translation certified true
On this 18th day of March 2014
Franois Brunet, Revisor
",allowed,test
5,"The appeal under subsection 103(1) of the Employment Insurance Act (the Act) is allowed and the decision of the Minister of National Revenue dated August 30, 2013, is vacated, on the basis that Francine Vincent Allard, the worker, was not employed in insurable employment under paragraph 5(1)(a) of the Act, when she was working for the appellant, for the period from January 1, 2012, to February 13, 2013.
Signed at Ottawa, Canada, this 8th day June 2015.
Johanne DAuray
DAuray J.
Translation certified true
on this 19th day of August
Daniela Guglietta, Translator
",allowed,test
6,"The appeal from the assessment made under Part IX of the Excise Tax Act dated June 22, 2016 for the period from January 1, 2014 to December 31, 2014 is allowed and the assessment for the Goods and Services Tax for the period is vacated in accordance with the attached reasons for judgment.
Signed at Ottawa, Canada, this 20th day of November 2020.
Ral Favreau
Favreau J.
",allowed,test
7,"The appeal with respect to assessments made under the Excise Tax Act for periods from January 17 to December 31, 2005 is allowed, and the assessments are referred back to the Minister of National Revenue for reconsideration and reassessment on the basis that:
(a) for the period from January 17 to March 31, 2005, additional input tax credits in the amount of $1,137 should be allowed,
(b) for the period from April 1 to June 30, 2005, additional input tax credits in the amount of $453.59 should be allowed,
(c) for the period from July 1 to September 30, 2005, goods and services tax collectible should be reduced by $355, and
(d) for the period from October 1 to December 31, 2005, goods and services tax collectible should be reduced by $500.
Each party shall bear their own costs.
Signed at Ottawa, Ontario this 15th day of March 2012.
J. M. Woods
Woods J.
",allowed,test
8,"The appeal from the assessment made under the Income Tax Act for the 2009 taxation year is allowed, with costs, in accordance with the attached reasons for judgment.
Signed at Montreal, Quebec, this 14th day of November 2017.
Johanne DAuray
DAuray J.
Translation certified true
on this 31st day of May 2019.
Janine Anderson, Revisor
",allowed,test
9,"The appeal with respect to assessments made under the Employment Insurance Act and the Canada Pension Plan regarding the engagement of Amelia Woo during 2008 is allowed, and the assessments are vacated.
Each party shall bear their own costs.
The Registry is directed to amend the style of cause to conform with the judgment.
Signed at Ottawa, Ontario this 26th day of April 2012.
J. M. Woods
Woods J.
",allowed,test
10,"The appeal with respect to an assessment made under the Income Tax Act for the 2009 taxation year is allowed, and the assessment is referred back to the Minister of National Revenue for reconsideration and reassessment on the basis that the penalty should not be imposed with respect to funds transferred to a registered retirement savings plan in 2009. Each party shall bear their own costs.
Signed at Toronto, Ontario this 16th day of July 2013.
J. M. Woods
Woods J.
",allowed,test
11,"With respect to an assessment made under the Income Tax Act for the 2010 taxation year, it is ordered that:
1. the motion brought by the appellant regarding the conduct of the respondent is dismissed;
2. the appeal is allowed, and the assessment is referred back to the Minister of National Revenue for reconsideration and reassessment on the basis that the appellant is entitled to a child tax credit in the amount of $4,202; and
3. each party shall bear their own costs.
Signed at Toronto, Ontario this 19th day of September 2013.
J. M. Woods
Woods J.
",allowed,test
12,"The appeal with respect to an assessment made pursuant to section 160 of the Income Tax Act, R.S.C. 1985, c. 1 (5th Supp.), as amended, dated August 22, 2008, is allowed and the matter is referred back to the Minister of National Revenue for reconsideration and reassessment in accordance with the attached reasons for judgment. Each party is to bear her own costs.
Signed at Ottawa, Canada, this 12th day of July 2012.
Robert J. Hogan
Hogan J.
",allowed,test
13,"The appeals from the assessments made under the Income Tax Act for the for 2005, 2006, 2007, 2008, 2009 and 2010 taxation years are allowed and the assessments are referred back to Minister of National Revenue for reconsideration and reassessment on the basis that the purchase price of the subject property be allocated as to $731,081 to vacant land and $948,916 to building.
Signed at Ottawa, Canada, this 10th day of January 2013.
""Gerald J. Rip""
Rip C.J.
",allowed,test
14,"The appeal from the reassessment made under the Excise Tax Act for the
reporting period from August 1, 2009 to July 31, 2010 is allowed, with costs to the Appellant on a party and party basis, in accordance with the attached Reasons for Judgment.
Signed at Vancouver, British Columbia, this 10th day of January 2019.
B.Paris
Paris J.
",allowed,test
15,"The appeal from the assessments made under the Income Tax Act for the Appellants 2011, 2013 and 2014 taxation years is allowed, without costs, and the assessments are referred back to the Minister of National Revenue for reconsideration and reassessment to the extent of recognizing a Canada Employment Credit, as conceded by the Respondent, for each of those taxation years.
The appeal from the assessment made under the Income Tax Act for the Appellants 2012 taxation year is quashed.
Signed at Ottawa, Canada, this 28th day of September 2018.
B. Russell
Russell J.
",allowed,test
16,"IN ACCORDANCE with the Reasons for Judgment attached THIS COURT ORDERS THAT:
1. the appeal is allowed;
2. the Appellant is a selected person within the meaning of section 236.01 of the Excise Tax Act, RSC 1985, c. E-15, as amended and related Regulations and agreements;
3. the Appellant is not required to recapture the specified provincial input tax credit for its baling and shredding operations for the reporting periods from August 1, 2010 to September 30, 2010;
4. the matter is referred back to the Minister for reconsideration and reassessment; and
5. the Court shall receive brief written submissions from the parties on the issue of costs within 30 days of the date of this judgment.
Signed at Ottawa, Canada, this 23rd day of December 2016.
R.S. Bocock
Bocock J.
",allowed,test
17,"The appeal under subsection 103 of the Employment Insurance Act is allowed and the decision of the Minister of National Revenue is vacated, in accordance with the attached Reasons for Judgment.
Signed at Ottawa, Canada, this 5th day of June 2012.
""Franois Angers""
Angers J.
Translation certified true
on this 10th day of August 2012.
Daniela Possamai, Reviser
",allowed,test
18,"The appeal from the reassessments made under the Income Tax Act for the 2008 and 2009 taxation years is allowed and the reassessments are referred back to the Minister of National Revenue for reconsideration and reassessment in accordance with the attached reasons for judgment.
The parties have 30 days to agree on costs, failing which each party is to submit submissions on costs, not to exceed five pages, at the expiration of the aforementioned time.
Signed at Magog, Quebec, this 13th day of August 2014.
Robert J. Hogan
Hogan J.
",allowed,test
19,"In accordance with the attached Reasons for Judgment, the appeals from assessments made under the Excise Tax Act for the periods from August 1, 2006, to January 31, 2007, and from November 1, 2008, to January 31, 2009, notices of which are dated March 3, 2009, and August 5, 2009, respectively, are allowed and the assessments are referred back to the Minister of National Revenue for reconsideration and reassessment, in accordance with the Reasons for Judgment.
With costs to the appellant.
Signed at Ottawa, Canada, this 24th day of October 2013.
""Alain Tardif""
Tardif J.
Translation certified true
on this 11th day of February 2014.
Franois Brunet, Revisor
",allowed,test
20,"The appeal from the reassessment dated August 31, 2009, covering the period from July 1 to September 30, 2008, under the Excise Tax Act is allowed with costs to the appellant.
Signed at Ottawa, Canada, this 16th day of October 2012.
Alain Tardif
Tardif J.
Translation certified true
on this 5th day of March 2013.
Franois Brunet, Revisor
",allowed,test
21,"The reassessments of the Appellants 2006 and 2007 taxation years made under the Income Tax Act are referred back to the Minister of National Revenue for reconsideration and reassessment on the basis that gross negligence penalties pursuant to subsection 163(2) were properly imposed but the amount of income which the Appellant failed to report was $13,171 and $8,798 in 2006 and 2007 respectively.
Signed at Ottawa, Canada, this 10th day of February 2016.
V.A. Miller
V.A. Miller J.
",allowed,test
22,"The appeal from the reassessment made under the Income Tax Act for the 2009 taxation year is allowed and the reassessment is referred back to the Minister of National Revenue for reconsideration and reassessment on the basis that the Appellants payment of $169,775 was a support amount, for which he is entitled to a deduction.
Costs to the Appellant.
Signed at Ottawa, Canada, this 17th day of May 2013.
""Campbell J. Miller""
C. Miller J.
",allowed,test
23,"The Appellants appeal of the reassessments of its reporting periods from January 1, 2005 to June 30, 2009 is allowed and the matter referred back to the Minister of National Revenue for reconsideration and reassessment on the basis that the Appellant was not grossly negligent in claiming the input tax credits disallowed by the Minister.
Signed at Ottawa, Canada this 25th day of November, 2015.
David Graham
Graham J.
",allowed,test
24,"The appeal, instituted under Part IX of the Excise Tax Act, from Notice of Reassessment No. 10BT0201888 dated February 24, 2006, with respect to the reporting periods between January 1, 2002 and January 31, 2004, is allowed, with costs, and the reassessment is referred back to the Minister of National Revenue for reconsideration and reassessment in accordance with the attached Reasons for Judgment.
Signed at Ottawa, Canada, this 3rd day of July 2015.
Diane Campbell
Campbell J.
",allowed,test
25,"The appeal from the assessment dated February 22, 2010, the notice of which bears number 909163, made by the Minister of National Revenue pursuant to section 160 of the Income Tax Act is allowed with costs and the assessment is vacated in accordance with the attached reasons for judgment.
Signed at Ottawa, Canada, this 2nd day of June 2016.
Ral Favreau
Favreau J.
",allowed,test
26,"The appeal is allowed in part and the assessment is referred back to the Minister of National Revenue for reconsideration and reassessment to reflect a 25% reduction of the tax owed by the appellant and adjustments to the interest and penalties, as agreed to by the respondent. Costs are to be determined after hearing both parties. In all other respects, the assessment is confirmed.
Signed this 23rd day of February 2012.
""Franois Angers""
Angers J.
",allowed,test
27,"The appeal from reassessments made under the Income Tax Act, dated April 4, 2011, and February 28, 2013, in respect of the 2005, 2006, 2007, 2008 and 2009 taxation years is allowed, and the reassessments are referred back to the Minister of National Revenue for reconsideration and reassessment in order to give effect to the concessions made by the respondent at the hearing, in accordance with the attached Reasons for Judgment. The penalties will be adjusted accordingly.
Signed at Ottawa, Canada, this 5th day of December 2014.
""Ral Favreau""
Favreau J.
Translation certified true
On this 19th day of January 2015
Margarita Gorbounova, Translator
",allowed,test
28,"The appeal from the assessment made under the Income Tax Act for the 2007 and 2008 taxation years is allowed, without costs, and the matter is referred back to the Minister of National Revenue for reconsideration and reassessment in accordance with the attached reasons for judgment.
Signed at Ottawa, Canada, this 25th day of October 2012.
Robert J. Hogan
Hogan J.
",allowed,test
29,"The appeal under the Employment Insurance Act with respect to the decision of the Minister of National Revenue dated December 13, 2010, is allowed, without costs, in accordance with the attached reasons for judgment.
Signed at Ottawa, Canada, this 8th day of August 2012.
Robert J. Hogan
Hogan J.
",allowed,test
30,"The Appeal is allowed in part, without costs, and the reassessments that are the subject of the Appeal are referred back to the Minister of National Revenue for reconsideration and reassessment on the basis that 10% of the usage of the telephone in the home of the Appellant pertained to the business of 101103269 Saskatchewan Ltd.
Signed at Ottawa, Canada, this 8th day of January 2016.
Don R. Sommerfeldt
Sommerfeldt J.
",allowed,test
31,"The appeal from the reassessment under the Income Tax Act for the 2015 taxation year is allowed, without costs, for the sole purpose of awarding the Appellants deduction for temporary accommodation for a 15-day period at the cost of $25 per night, given the Respondents admission at the hearing; as for the other aspects of the appeal, they are denied as being unfounded, as per the attached reasons for judgment.
Signed at Ottawa, Canada, this 29th day of October 2018.
Alain Tardif
Justice Tardif
",allowed,test
32,"For the attached reasons for judgment, the appeal from the assessments made under the Income Tax Act (the Act) for the 2008 and 2009 taxation years is allowed, without costs, and the matter is referred back to the Minister of National Revenue for reconsideration and reassessment on the basis that:
1. With respect to the 2008 taxation year, the Appellant is to be allowed an amount of $400 in employment expenses and the gross negligence penalty pursuant to subsection 163(2) of the Act is to be adjusted to take account of that change;
2. With respect to the 2009 taxation year:
a. The Appellants net trucking income must be reduced by $12,165 and, in addition,
b. The Appellant may, with respect to the truck, deduct an amount of capital cost allowance not exceeding the maximum amount permissible in accordance with the Act and the Income Tax Regulations. The Appellant shall advise the Minister, within two months of the date of this judgment, what amount, if any, of capital cost allowance she wishes to claim.
c. The amount of the gross negligence penalty pursuant to subsection 163(2) of the Act is to be adjusted to take account of the reduction in the trucking income as a result of a. and b.
Signed at Ottawa, Ontario, this 8th day of June 2017.
Gaston Jorr
Jorr J.
",allowed,test
33,"The appeal from the assessment made under the Income Tax Act, by the Minister of National Revenue for the 2009 taxation year is allowed and the reassessment is vacated in accordance with the attached Reasons for Judgment delivered orally at the hearing.
Signed at Ottawa, Canada, on this 13th day of February 2012.
""Alain Tardif""
Tardif J.
Translation certified true
on this 18th day of October 2012
Franois Brunet, Revisor
",allowed,test
34,"The appeal from the Notices of Reassessment dated April 20, 2012 made under the Income Tax Act for the Appellants 2008, 2009 and 2010 taxation years is allowed and the reassessments are referred back to the Minister of National Revenue for reconsideration and reassessment on the basis that the shareholder benefits are to be reduced to the amounts of $14,525, $14,521, and $4,840.02 in 2008, 2009 and 2010 respectively.
The gross negligence penalties are to be reduced accordingly.
In all other respects, his appeal is dismissed.
Signed at Ottawa, Canada, this 29th day of May 2017.
V.A. Miller
V.A. Miller J.
",allowed,test
35,"The appeal with respect to assessments made under the Income Tax Act for the 2007 and 2008 taxation years is allowed, and the assessments are referred back to the Minister of National Revenue for reconsideration and reassessment on the basis that the appellant is entitled to additional deductions in the amounts of $9,000 and $3,500 for 2007 and 2008, respectively. Each party shall bear their own costs.
Signed at Ottawa, Ontario this 6th day of September 2012.
J. M. Woods
Woods J.
",allowed,test
36,"The Appeal pursuant to section 28 of the Canada Pension Plan (the Plan) is allowed, without costs, and the decision of the Minister of National Revenue dated February 5, 2018, and the assessment made under section 27 of the Plan is vacated on the basis that the worker, Ray Zibrik, was not engaged in pensionable employment with the Appellant within the meaning of paragraph 6(1)(a) of the Plan in 2012, 2013 and 2014.
Signed at Ottawa, Canada, this 30th day of April 2019.
R. MacPhee
MacPhee J.
",allowed,test
37,"The appeal from the reassessments made under the Income Tax Act for the taxation years ending October 31, 2006 and October 31, 2007 are allowed and the matter is referred back to the Minister of National Revenue for reconsideration and reassessment in accordance with the attached reasons for judgment.
The parties will have until February 14, 2013 to arrive at an agreement on costs, failing which they are directed to file their submissions on costs no later than February 28, 2013. The respondent will have until March 29, 2013 to file reply submissions on costs. Such submissions are not to exceed five pages.
The amended judgment and amended reasons for judgment are issued in substitution for the judgment and reasons for judgment dated January 31, 2013.
Signed at Ottawa, Canada, this 13th day of February 2013.
Robert J. Hogan
Hogan J.
",allowed,test
38,"The appeal from an assessment made under the Income Tax Act for the 2006 taxation year is allowed, but only to the extent of permitting the following concessions made by the Respondent:
1. The amount to be included in the Appellants income is reduced to a revised amount of $285,647.19.
2. The Appellant shall be permitted to deduct legal fees in the amount of $16,700 as an expense pursuant to subsection 60(0.1) of the Act.
The assessment is referred back to the Minister for reconsideration and reassessment in accordance with the attached Reasons for Judgment.
Costs shall be to the Respondent.
Signed at Ottawa, Canada, this 28th day of April 2015.
Diane Campbell
Campbell J.
",allowed,test
39,"The appeal from the assessment made pursuant to Part IX of the Excise Tax Act, the notice of which is dated July 15, 2013 and covers the 16 quarterly reporting periods between January 1, 2009 and December 31, 2012 (the period), is allowed, without costs, and the assessment is referred back to the Minister of National Revenue for reconsideration and reassessment to reduce from $23,768.85 to $12,802.35 the amount added in the calculation of the appellants net tax for the period and the interest and penalties shall be adjusted accordingly, all in accordance with the attached Reasons for Judgment.
Signed at Ottawa, Canada, this 14th day of September 2016.
Dominique Lafleur
Lafleur J.
",allowed,test
40,"In accordance with the attached reasons for judgment, the appeal with respect to the assessment bearing number 930819 made under the Income Tax Act for the 2007 taxation year is allowed, in part, to reduce the amount of the assessment to the amount shown on the certificate registered in the Federal Court of Canada.
There will be no order as to costs.
Signed at Ottawa, Canada, this 25th day of March 2015.
S. DArcy
D'Arcy J.
",allowed,test
41,"The appeal from the redeterminations of the Minister of National Revenue (Minister) made May 19, 2017 under Income Tax Act (Canada), in respect of the Canada Child Benefit (CCB) for the appellants 2013, 2014 and 2015 base taxation years is allowed, without costs, and the matter is referred back to the Minister for reconsideration and redetermination(s) on the basis that during the respective periods July 2014 to June 2015, July 2015 to June 2016 and July 2016 to June 2017 the appellant was not a shared-custody parent, due to the significantly greater time that she, relative to the father, committed to provision of custodial care of their children.
Signed at Toronto, Ontario, this 31st day of October 2018.
B. Russell
Russell J.
",allowed,test
42,"The appeal with respect to an assessment made under the Income Tax Act for the 2009 taxation year is allowed, and the assessment is referred back to the Minister of National Revenue for reconsideration and reassessment on the basis that the appellant is entitled to the medical expense tax credit in respect of tuition paid to the TALC Academy. The appellant is entitled to her costs.
Signed at Toronto, Ontario this 22nd day of August 2012.
J. M. Woods
Woods J.
",allowed,test
43,"The appeal from the assessment made under the Income Tax Act for the 2013 taxation year is allowed and the assessment is referred back to the Minister of National Revenue so that the reassessment may be modified in accordance with the attached Reasons for Judgment.
Signed at Ottawa, Canada, this 15th day of March 2017.
Johanne DAuray
DAuray J.
",allowed,test
44,"The appeal from the reassessment made under the Income Tax Act for the 2009 taxation year is allowed, and the matter is referred back to the Minister of National Revenue for reconsideration and reassessment in accordance with the attached reasons for judgment.
Signed at Ottawa, Canada, this 27th day of May 2013.
Robert J. Hogan
Hogan J.
",allowed,test
45,"The appeal from the assessment made pursuant to Part IX of the Excise Tax Act, for which the notice is dated March 15, 2011, and has no distinctive number, for the two quarterly periods of October 1, 2008, to December 31, 2008, and January 1, 2009, to March 31, 2009, is allowed with costs and the assessment is referred back to the Minister of National Revenue for reconsideration and reassessment in accordance with the attached Reasons for Judgment.
Signed at Montral, Quebec, this 21st day of March 2013.
""Rommel G. Masse""
Masse D.J.
Translation certified true
on this 3rd day of May 2013.
Elizabeth Tan, Translator
",allowed,test
46,"The appeal from the assessment of goods and services tax made under the Excise Tax Act, notice of which is dated December 7, 2000 and bears number 08BP-115823411, for the period October 1, 1991 to September 30, 1996, is allowed, and the assessment is referred back to the Minister of National Revenue for reconsideration and reassessment on the basis that:
(i) Mr. Robert Morrison is an employee of Ayerswood Development Corporation;
(ii) the superintendents are all employees of the owner companies;
(iii) the maintenance workers are all employees of the Appellant;
(iv) the Appellant is entitled to additional input tax credits in the amount of $1,906.09; and
(v) the Appellant is not liable to a penalty under section 280 of the Act.
Signed at Ottawa, Canada, this 12th day of March, 2004.
""E.A. Bowie""
J.T.C.C.
",allowed,test
47,"The appeal from the reassessment made under the Income Tax Act for the 2007 taxation year is allowed and the reassessment is referred back to the Minister of National Revenue for reconsideration and reassessment on the basis that the appellant, in the computation of his medical expense tax credit, is entitled to have the additional amounts of $267.40 and $153.00 taken into account.
Signed at Ottawa, Canada, this 1st day of October, 2009.
E.A. Bowie
Bowie J.
",allowed,test
48,"The appeal from the assessment made under the Excise Tax Act concerning the period from October 1, 1993, to October 31, 1997, notice of which is dated December 15, 1999, and bears number T99-B-0082, is allowed, with costs to the appellant, in accordance with the attached Reasons for Judgment.
Signed at Montreal, Quebec, this 12th day of June 2003.
""Louise Lamarre Proulx""
J.T.C.C.
[OFFICIAL ENGLISH TRANSLATION]
",allowed,test
49,"The Appeal from the reassessment made under the Excise Tax Act for the reporting periods from May 1, 2009 to December 31, 2011, by Notice of Reassessment dated July 26, 2013, is hereby granted and the matter is referred back to the Minister for reconsideration and reassessment on the basis that the food products described as crystallized ginger and granola were zero?rated while the sticks were excluded, all in accordance with the attached Reasons for Judgment.
The Appellant is entitled to costs in accordance with the applicable Tariff reflecting its success on two of the three products. Alternatively, the parties may choose to apportion costs pro?rata to the volume of sales of the subject products during the reporting periods. If the parties are unable to agree, written submissions shall be submitted to the Court within 60 days from the date hereof.
Signed at Ottawa, Canada, this 12th day of April 2017.
Guy Smith
Smith J.
",allowed,test
50,"BOWMAN, A.C.J.
A. Introduction
[1] This appeal is from an assessment for the 1993 taxation year of Commcorp Financial Services Inc. (""Commcorp"") one of a number of companies that amalgamated to form the appellant, which was formerly called Newcourt Financial Ltd.
[2] Originally, there were several issues but the parties have settled all but two. After the remaining issues have been dealt with by the Court, counsel have agreed to prepare a draft judgment in which all of the issues are disposed of.
[3] The remaining issues have to do with capital cost allowance (""CCA"") on software acquired by Commcorp in 1993. The Minister of National Revenue characterized the series of transactions and each transaction within the series whereby Commcorp acquired the software and then leased it back ultimately to the person who had developed it and used it in its business as an avoidance transaction within the meaning of the General Anti-Avoidance Rule (""GAAR"") and determined the tax consequences to Commcorp to be that it was not entitled to claim any CCA on the software.
[4] The alternative position is that Commcorp acquired the software from a person with whom it was not dealing at arm's length and the cost to it should be reduced to the fair market value (""fmv""), which the respondent says was not greater than $13,100,000.
[5] The appellant concedes that Commcorp acquired the software from a person with whom it was not dealing at arm's length, but contends that the value at the date of the acquisition was $33,091,255.
...
[75] The appeal is allowed and the reassessment is referred back to the Minister of National Revenue for reconsideration and reassessment on the basis that the software was acquired by Commcorp from 1004583 at its fair market value of Cnd.$13,100,000.
[76] The parties are directed to prepare a draft judgment incorporating the conclusions stated in these reasons as well as any other matters in this litigation that they have settled.
[77] Failing agreement on costs the parties should communicate with the Court to determine a suitable date for making representations.
Signed at Ottawa, Canada this 5th day of September, 2003.
""D.G.H. Bowman""
A.C.J.
",allowed,test
51,"In accordance with the attached reasons for judgment:
The appeal from the reassessment made under Part IX of the Excise Tax Act for the period from January 1, 2001 to December 31, 2003, the notice of which is dated April 23, 2008, is allowed and the reassessment is vacated.
The appeal from the reassessment made under the Income Tax Act for the 2001 taxation year is allowed and the reassessment is vacated.
The appeal from the reassessment made under the Income Tax Act for the 2002 taxation year is dismissed.
The appeal from the reassessment made under the Income Tax Act for the 2003 taxation year is dismissed.
It is further ordered that the filling fee of $200 be reimbursed to the Appellant.
In light of the divided result, there is no award of costs.
...
It is further ordered that the filling fee of $200 be reimbursed to the Appellant.
In light of the divided result, there is no award of costs.
This Amended Judgment is issued in substitution of the Judgment dated January 6, 2011.
Signed at Ottawa, Canada, this 12th day of December 2011.
""Robert J. Hogan""
Hogan J.
",allowed,test
52,"The appeal from the assessment made under Part IX of the Excise Tax Act for the period from June 1, 1992, to June 30, 1995, the notice of which is dated June 10, 1998, and numbered PM-98-0115, is allowed with costs and the said assessment is vacated.
Signed at Ottawa, Canada, this 19th day of March 2002.
""Lucie Lamarre""
J.T.C.C.
Translation certified true
on this 22nd day of May 2003.
Erich Klein, Revisor
[OFFICIAL ENGLISH TRANSLATION]
Date: 20020319
",allowed,test
53,"The appeal with respect to the decision made under the Employment Insurance Act dated April 14, 2014 is allowed and the decision is varied on the basis that the Appellant was an employee when he worked for McHatten Builders Ltd.
Signed at Ottawa, Canada, this 20th day of November 2015.
V.A. Miller
V.A. Miller J.
",allowed,test
54,"The appeal from the assessment of goods and services tax made pursuant to the Excise Tax Act, the notice of which is dated July 21, 2004, and bears number PM-11528, is allowed, with costs, and the assessment is referred back to the Minister of National Revenue for reconsideration and reassessment in accordance with the attached reasons for judgment.
Signed at Ottawa, Canada, this 28th day of June 2005.
""Louise Lamarre Proulx""
Lamarre Proulx, J.
",allowed,test
55,"(delivered orally from the Bench
on June 9, 2005 at Vancouver, British Columbia)
Woods J.
[1] These are appeals by Bruno and Elaine DePedrina in respect of assessments made under the Income Tax Act for the 1998 taxation year. The question concerns the tax consequences resulting from the sale of a property that was formerly owned by Mr. DePedrina's parents.
[2] The property that was sold is a five acre parcel of land in Langley, British Columbia on which Mr. DePedrina's parents resided. In 1978, the parents signed and registered a deed in respect of the property, prepared by a firm of solicitors. Under this document, the property was transferred to Mr. DePedrina, his brother and their respective wives, with a life interest reserved to the parents. The parents did not tell the DePedrinas about the transfer before signing the deed and simply told them afterwards that ""their inheritance had been taken care of."" Mr. DePedrina's brother constructed a home on the property and it became his principal residence along with the parents. Mr. DePedrina did not do this, out of deference to his parents.
[3] Mr. DePedrina's father died in 1983 and his mother died in 1997. As a consequence, the life interest expired in 1997. In 1998, the children sold the property for a total consideration of $1,850,000.
[4] The Minister of National Revenue issued assessments of tax to Mr. and Mrs. DePedrina in respect of the sale in 1998. Each was taxed in respect of a capital gain of $384,833. In the computation of the adjusted cost base, the Minister took into account the appraised value of the remainder interest in 1978.
...
[12] In my analysis, the taxpayers' understanding of the parents' intent cannot override the legal effect of the deed that the parents signed. In any event, I am not able to conclude on the evidence that the parents did not understand that the deed resulted in a legal transfer of the property. The deed was prepared by solicitors who should have been satisfied that the parents understood what they were signing. Further, it is clear that the parents intended to provide an inheritance for the children and that is in effect what the deed did.
[13] Mr. and Mrs. DePedrina suggest that the parents would not have signed the deed if they had known the tax consequences of doing so. That may be so but it does not follow that the parents did not intend to transfer the property when they signed the deed in 1978.
[14] As a result, I cannot give the relief that the taxpayers seek except to agree to the reduction in the capital gain conceded by the Crown. This would result in a reduction in the capital gain to each taxpayer in the amount of $17,500. The appeals will be allowed to that extent. As for costs, I have concluded that it is not appropriate to order costs in this case.
Signed at Toronto, Ontario this 1st day of September, 2005.
""J. Woods""
Woods J.
",allowed,test
56,"The appeal from the assessment made under the Income Tax Act with respect to the Appellants 2006 taxation year is allowed, without costs, and the matter is referred back to the Minister of National Revenue for reconsideration and reassessment in accordance with the attached Reasons for Judgment.
It is further ordered that the filing fee in the amount of $100 be reimbursed to the Appellant.
Signed at Ottawa, Canada, this 2nd day of February 2010.
""Robert J. Hogan""
Hogan J.
",allowed,test
57,"The appeal from an assessment of tax made under the Income Tax Act for the 1993 taxation year is allowed, with costs, and the assessment is referred back to the Minister of National Revenue for reconsideration and reassessment on the basis that the Penticton Property was a ""qualified farm property"" within the meaning of subsection 110.6(1) of the Act.
Signed at Ottawa, Canada, this 20th day of September, 2004.
""Campbell J. Miller""
Miller J.
",allowed,test
58,"Upon preliminary application by counsel for the respondent for an order;
and upon hearing what was alleged by the parties;
the application is granted and the purported appeals from the assessments made under the Income Tax Act for the 1993, 1994 and 1995 taxation years are set aside, in accordance with the attached Reasons for Judgment.
Signed at Ottawa, Canada, this 6th day of December 2002.
""Alain Tardif""
J.T.C.C.
Translation certified true
...
Services Financiers Fillion & Associs inc. (1999-3877(IT)G)
on February 7 and 8, 2002, at Qubec, Quebec, by
the Honourable Judge Alain Tardif
Appearances
Counsel for the Appellant: Gatan Drolet
Counsel for the Respondent: Johanne M. Boudreau
",allowed,test
59,"The appeals from the assessments made under the Income Tax Act for the 1997 and 1998 taxation years are allowed, with costs, and the assessments are referred back to the Minister of National Revenue for reconsideration and reassessment for the reasons set out in the attached Reasons for Judgment.
Signed at Ottawa, Canada, this 13th day of October 2006.
""J.E. Hershfield""
Hershfield J.
",allowed,test
60,"The appeals are allowed in part and the matter is referred back to Minister of National Revenue for reassessment in accordance with the attached Amended Reasons for Judgment.
Signed at Ottawa, Canada, this 25th day of September 2013.
B.Paris
Paris J.
",allowed,test
61,"Bowman, C.J.
[1] These appeals are from assessments made under the Goods and Services Tax (GST) provisions of the Excise Tax Act (ETA) for the periods October 15, 2001 to October 15, 2003 and January 1, 2002 to March 31, 2004.
[2] Essentially the issue is whether fees paid by the appellant (CMPA) to certain investment managers are exempt from GST because they are financial services. The investment managers have the discretionary power to manage the investment of the funds contained in the appellants reserve for claim.
[3] The parties entered into a Partial Agreed Statement of Facts (ASF). It is attached as Schedule A to these reasons.
[4] The ASF was supplemented by the evidence of two witnesses called by the appellant and one by the respondent.
[5] The appellant is a not for profit body corporate. It provides professional liability protection for members of the medical profession as a mutual defence organization. It pays for the legal costs of defending doctors sued for malpractice and, if an award is made against a doctor, the appellant pays it. Despite its strong denials that it is an insurance company, it bears a striking resemblance to insurer except that it is not licensed and it says that, unlike an insurance company, it has no legal obligation to defend a doctor against whom a malpractice claim is made or to pay such a claim. This might come as something of a surprise to a physician who has paid substantial sums of money to the appellant for this sort of protection.
[6] Physicians pay the appellant and the amounts received form part of CMPAs reserve for claims. The appellant retains the services of investment managers (IMs) who invest the appellants funds on a fully discretionary basis in two types of accounts: segregated funds and pooled funds.
...
[60] The GMCL case was factually far more complex than this case. In the case of CMPA it is clear beyond any doubt on the evidence that the IMs were not providing advice. It is equally clear that GMCL exercised a great deal of control over the decisions of the investment managers and relied upon the advice given to it by them. Justice Campbell made a finding of fact that the service was the providing of advice, albeit with expertise and skill. The finding that the IMs rendered advice to CMPA is not open to me on the evidence in this case.
[61] The appeals are allowed with costs and the matter is referred back to the Minister of National Revenue for reconsideration and reassessment on the basis that the fees paid to the IMs (except those which the appellant concedes are taxable) are exempt financial services.
[62] To ensure that there are excluded from the operation of this judgment precisely the fees which the appellant has conceded are taxable, I am directing that the parties prepare a draft judgment and submit it to the Court within two weeks of the issuance of these reasons.
Signed at Ottawa, Canada, this 10th day of April 2008.
D.G.H. Bowman
Bowman, C.J.
",allowed,test
62,"The appeal of the reassessment raised April 13, 2016 under the federal Income Tax Act for the Appellants 2007 taxation year, which reassessment was validly raised albeit beyond the applicable normal reassessment period, is allowed, without costs. The reassessment is referred back to the Minister for reconsideration and reassessment solely on the two following bases:
(a) that no penalty is to be assessed per subsection 162(1) of the Act; and
(b) that the $113,000 capital gain on the deemed disposition of the Lynnbrook property is reduced to $87,889, resulting in an adjustment of the total taxable capital gain on the two properties of $250,000 as currently reassessed to the lesser amount of $237,444.50.
This Amended Judgment is issued in substitution for the Judgment dated August 27th 2019.
Signed at Ottawa, Canada, this 29th day of October 2019.
B.Russell
Russell J.
",allowed,test
63,"The parties having made a reference under section 173 of the Income Tax Act as to whether the Minister of National Revenue validly reassessed tax for the Appellant's 1995 and 1996 taxation years prior to May 3, 2002.
The Court has determined that the Minister of National Revenue did not validly reassess tax for the Appellant's 1995 and 1996 taxation years prior to May 3, 2002, all in accordance with the attached Reasons for Judgment.
The Appellant is entitled to costs.
Signed at Ottawa, Canada, this 8 th day of December, 2005.
""R.D. Bell""
Bell, J.
",allowed,test
64,"The appeal with respect to assessments made under the Income Tax Act for the 2003 and 2004 taxation years is allowed, and the assessments are referred back to the Minister of National Revenue for reconsideration and reassessment on the basis that:
1. the deductions for maintenance and repair on 205 Graham should be increased by $500 in each taxation year subject to an adjustment for personal use; and
2. the personal use of 205 Graham in the 2003 taxation year is 50 percent.
Each party shall bear their own costs.
Signed at Toronto, Ontario this 5th day of November 2008.
J. Woods
Woods J.
",allowed,test
65,"The appeal from the assessment made under the Excise Tax Act, notice of which is dated May 17, 1999 and bears number 981830071129P1, is allowed and the matter is referred back to the Minister of National Revenue for reconsideration and reassessment on the basis that of the Appellant is entitled to a refund of the goods and services tax collected and remitted by the investment managers between July 1, 1994 and May 31, 1998.
The Appellant is entitled to costs, with counsel fees for one leading counsel and one junior counsel.
Signed at Ottawa, Canada, this 4th day of September, 2003.
""E.A. Bowie""
Bowie J.
",allowed,test
66,"The appeals from the reassessments made under the Income Tax Act (the Act) in relation to the Appellants 2001, 2002, 2003 and 2004 taxation years are allowed, with costs, and the matter is referred back to the Minister of National Revenue for reconsideration and reassessment on the basis that:
(a) the income, for the years under appeal, of the partnership between the Appellant and Gregory Norton is to be reduced by the following amounts:
Description
2001
2002
2003
2004
...
and
(b) the $215.04 spent by the Appellant and Gregory Norton to acquire a police scanner in 2002 is to be added to the undepreciated capital cost of the Class 8 assets of the partnership.
It is further ordered that the filing fee of $100 be refunded to the Appellant.
Signed at Ottawa, Canada, this 2nd day of February, 2010.
Wyman W. Webb
Webb J.
",allowed,test
67,"The appeals from the reassessments made under the Income Tax Act for the 1999 and 2000 taxation years are allowed, and the reassessments are referred back to the Minister of National Revenue for reconsideration and reassessment in accordance with the attached Reasons for Judgment.
Signed at Regina, Saskatchewan this 9th day of March, 2004.
""D.W. Beaubier""
Beaubier, J.
",allowed,test
68,"The appeals under sub-section 103(1) of the Employment Insurance Act regarding the decisions of the Minister of National Revenue dated January 25, 2002, and March 27, 2003, are allowed and the assessments are vacated, in accordance with the attached Reasons for Judgment.
Signed at Ottawa, Canada, this 14th day of January, 2004.
""Louise Lamarre Proulx""
Lamarre Proulx J.
Certified true translation
Colette Beaulne
[OFFICIAL ENGLISH TRANSLATION]
",allowed,test
69,"The appeal from the reassessment made by the Minister of National Revenue (Minister) under section 325 of the Excise Tax Act, dated December 4, 2012, and bearing number F-041196 is allowed and the assessment is referred back to the Minister for reconsideration and reassessment for the sole purpose of reducing the assessment amount from $11,287.27 to $10,109.67, as conceded by the respondent at the commencement of the hearing, in accordance with the attached Reasons for Judgment.
The respondent is entitled to her costs.
Signed at Ottawa, Canada, this 13th day of July 2015.
Lucie Lamarre
Lamarre A.C.J.
Translation certified true
On this 26th day of August 2015
Franois Brunet, Revisor
",allowed,test
70,"The appeal from the assessment of tax made under the Income Tax Act for the 1999 taxation year is allowed and the assessment is referred back to the Minister of National Revenue for reconsideration and reassessment on the basis that in computing income, the Appellant is entitled to deduct $10,300 as spousal support payments.
Signed at Ottawa, Canada, this 4th day of October, 2002.
""A.A. Sarchuk""
J.T.C.C.
[1] Exhibit A-1.
[2] Exhibit A-2.
[3] Paragraph 7 of the Judgment reads:
...
[5] 85 DTC 5096 (F.C.A.).
[6] 91 DTC 987.
[7] 56 DTC 1044 (S.C.C.).
[8] [2002] 2 C.T.C. 2368.
[9] See paragraphs 3, 5 and 6 of the Minutes of Settlement.
[10] [2001] 4 C.T.C. 2762.
",allowed,test
71,"The appeals from the assessments made under the Income Tax Act for the 1989, 1990, 1991, 1992 and 1993 taxation years are allowed on the basis that the penalties and related interest shall be cancelled, in accordance with the attached Reasons for Judgment.
Signed at Ottawa, Canada, this 12th day of December 2002.
""Louise Lamarre Proulx""
J.T.C.C.
[OFFICIAL ENGLISH TRANSLATION]
Date: 20021212
",allowed,test
72,"The appeal from the reassessments made under the Income Tax Act for the 1992, 1993 and 1994 taxation years are allowed with costs and the reassessments are referred back to the Minister for reconsideration and reassessment in accordance with the attached Reasons for Judgment.
Signed at Vancouver, British Columbia, this 17th day of May, 2007.
""E. P. Rossiter""
Rossiter, J.
",allowed,test
73,"The appeal from the assessment made under Part IX of the Excise Tax Act, the notice of which is dated April 5, 2005, and bears number 03403542, relating to the period from January 29, 2002, to December 31, 2003, is allowed with costs, and the assessment is referred back to the Minister of National Revenue for reconsideration and reassessment on the basis that the additional tax of $47,080 calculated on additional sales of $261,789 in 2002 and $254,574 in 2003 must be cancelled, as well as all of the interest ($2,719) and penalties ($15,539) related to that additional tax, in accordance with the attached Reasons for Judgment.
Signed at Montreal, Quebec, this 15th day of October 2009.
""Lucie Lamarre""
Lamarre J.
Translation certified true
on this 29th day of January 2010.
Erich Klein, Revisor
",allowed,test
74,"The appeals from the assessments made under the Income Tax Act for the 1998, 1999, 2000, 2001 are quashed.
The appeal from the assessment made under the Income Tax Act for the 2002 taxation year is allowed, without costs, and the assessment is referred back to the Minister of National Revenue for reconsideration and reassessment in accordance with the attached Reasons for Judgment.
Signed at Ottawa, Canada, this 19th day of May 2005.
""Diane Campbell""
Campbell J.
",allowed,test
75,"(delivered orally from the Bench at
Saskatoon, Saskatchewan on February 5, 2003)
Beaubier, J.T.C.C.
[1] This appeal, pursuant to the Informal Procedure, was heard at Saskatoon, Saskatchewan on February 4, 2003. The Appellant was the only witness.
[2] The Appellant is an Investment Advisor employed by CIBC - Wood Gundy in Saskatoon and has been in that employment for over 15 years. He has appealed the disallowance of expenses claimed for his 1998 and 1999 taxation years. For 1998, $2,657.14 expenses remain in dispute (Exhibit A-4), and for 1999, $3881.97 remains in dispute (Exhibit A-5).
[3] The Appellant was under oath. He is believed. In particular, he was frank about some expenses that he claimed which he insisted upon, such as donuts that he purchased on occasion by the dozen and dropped off in CIBC branch lunch rooms from which he was referred clients, and some other claimed expenses which he waived. He also testified that CCRA allows mechanics to deduct small tools priced at under $300, and the Court equates this to small computer items and telephone items for employees such as the Appellant as an investment advisor for CIBC - Wood Gundy. In the Court's view $300 plus sales tax in Saskatchewan, rounded, equals $350 respecting such items. The Appellant also argued that computer depreciation for someone such as he should be allowed; the Court agrees with him in principle, but the Income Tax Act is specific that employee's Capital Cost Allowance is only allowed for automobiles and aircraft (paragraph 8(1)(j)) and therefore the proper tax course is to lease such items (""form matters"", Linden J.A.).
[4] In particular, respecting small items in what might otherwise be described as ""capital"", they are prone to being lost, stolen or ""borrowed"" or to wearing out and for that reason are found to be analogous to ""small tools"". With respect to items like the donuts, that is a logical, goodwill gesture that will result in business being referred. It does not equate to a ""meal"", rather it is similar to dropping off a box of candy in the branch employees' coffee room.
...
[6] For 1999, the appeal is allowed respecting the following items of expenses claimed using dollar signs on pages 3 and 4 of the disallowed column in Exhibit A-5: $7.29, $3.21, $6.37, $2.50, $5.60, $5.60, $38, $150, $309.68, (In particular, the Appellant has no property interest), $129.90, $7.97, $22.59, (A radio claimed at $225.99 is regarded as personal by the Court), $316.38, $12.42, $22.79, $70.64, $45.59, total $1,156.53.
[7] The Appellant raised the question as to whether he was an employee or in business in his work. The Court agrees that it is a legitimate question, but without seeing his employer's statements, documents and controls, and given the fact that at times the Appellant called himself an employee, the Court finds that he was an employee in 1998 and 1999.
[8] The Court refers these findings to the Minister of National Revenue to reconsider and reassess the Appellant for the years in question to allow the additional expenses itemized herein; that is, for 1998, $1,273.52, for 1999, $1,147.53.
Signed at Saskatoon, Saskatchewan this 24th day of April 2003.
""D.W. Beaubier""
J.T.C.C.
",allowed,test
76,"The appeals from the assessments made under the Income Tax Act for the 1995, 1996 and 1997 taxation years are allowed in respect of the amounts of remuneration determined by the auditor of the Minister of National Revenue, as described in Exhibit I-3, and the assessments are referred back to the Minister for reconsideration and reassessment in accordance with the attached Reasons for Judgment.
Costs are awarded to the respondent.
Signed at Ottawa, Canada, this 21st day of February 2002.
""Louise Lamarre Proulx""
J.T.C.C.
[OFFICIAL ENGLISH TRANSLATION]
2000-1702(IT)G
...
Respondent.
Appeals heard on common evidence with the appeals of Mpalex Inc. (2000-1696(IT)G) on October 1, 2001, at Montral, Quebec, by
the Honourable Judge Louise Lamarre Proulx
Appearances
Counsel for the Appellant: Serge Racine
Counsel for the Respondent: Johanne M. Boudreau
",allowed,test
77,"The appeal is allowed and the decision of the Minister is vacated in accordance with the attached Reasons for Judgment.
Signed at Ottawa, Canada, this 17th day of October 2003.
""J. F. Somers""
Somers, D.J.T.C.C.
Translation certified true
on this 25th day of March 2004.
Shulamit Day-Savage, Translator
",allowed,test
78,"The appeals from the assessments made under the Income Tax Act for the 1988, 1989, 1990, 1991, 1992 and 1993 taxation years are allowed, with costs, and the penalties are set aside, in accordance with the attached Reasons for Judgment.
Signed at Ottawa, Canada, this 14th day of June 2005.
""Paul Bdard""
Bdard J.
Translation certified true
on this 3rd day of January 2006.
Garth McLeod, Translator
",allowed,test
79,"The appeal under subsection 103(1) of the Employment Insurance Act concerning the decision of the Minister of National Revenue dated December 18, 2002, is allowed and the Interveners arguments are dismissed, in accordance with the attached Reasons for Judgment.
Signed at Ottawa, Canada, this 15th day of January 2004.
Louise Lamarre Proulx
Lamarre Proulx J.
Certified true translation
Manon Boucher
[OFFICIAL ENGLISH TRANSLATION]
Reference: 2004TCC55
Date: 20040115
",allowed,test
80,"The appeals from the assessments made under the Income Tax Act in respect of the 2002, 2003 and 2004 taxation years are allowed, without costs, and the assessments are referred back to the Minister of National Revenue for reconsideration and reassessment in accordance with the attached Reasons for Judgment.
Signed at Vancouver, British Columbia, this 23rd day of April 2007.
""L.M. Little""
Little J.
",allowed,test
81,"The appeals from the assessments made under the Income Tax Act for the 1995, 1996, 1997, 1998, 1999 and 2000 taxation years are allowed and the assessments are referred back to the Minister of National Revenue for reconsideration and reassessment on the basis that:
i) The amounts of income attributable to flights outside of Canada by the Appellant are:
Vancouver to Toronto 31%
Toronto to Vancouver 49%
ii) The Ministers calculation for other international flights is accepted. The time and distance in Canadian air on flights to Shannon Ireland, London England and those taking a similar route is 168 minutes and 1229 miles.
iii) The disability payments received by the Appellant are taxable in Canada as calculated by the Minister - $8,500 in 1999 and $17,500 in 2000.
iv) As conceded by the Respondent, the remuneration in respect of deadheading for the return flights to and from Winnipeg is allocated as agreed.
...
iv) As conceded by the Respondent, the remuneration in respect of deadheading for the return flights to and from Winnipeg is allocated as agreed.
v) Applying the Respondents concession, remuneration for training in 2000 is not taxable in Canada. All remuneration not related to specific duties are as previously determined by the Minister.
No costs are awarded.
Signed at Ottawa, Canada, this 12th day of October, 2011.
C.H. McArthur
McArthur J.
",allowed,test
82,"The appeal from reassessments made under the Income Tax Act for the 2013, 2014, 2015, and 2016 taxation years is allowed, without costs, on the basis that:
a) the Appellant is entitled to interest expense deductions in the amounts of $17,715, $18,416, and $17,192 for the 2013, 2014, and 2015 taxation years, respectively; and
b) the appeal of the 2016 taxation year is quashed.
Signed at Ottawa, Canada, this 12th day of August 2020.
Susan Wong
Wong J.
",allowed,test
83,"The Appellants appeals in relation to the reassessment of its 2006 and 2007 taxation years are allowed and the matter is referred back to the Minister of National Revenue for reconsideration and reassessment on the basis that the Appellant is entitled to the deductions claimed by the Appellant for an inventory write-down in 2006 of $21,981 and in 2007 of $21,980.56. The Appellant is entitled to costs which are fixed in the amount of $750.
Signed at Halifax, Nova Scotia, this 22nd day of December, 2010.
Wyman W. Webb
Webb, J.
",allowed,test
84,"In accordance with the attached Reasons for Judgment:
The appeal with respect to a determination of eligibility made under the Income Tax Act by notice dated July 27, 2017, as confirmed on December 4, 2017, for disability tax credits is allowed, without costs, and the determination is referred back to the Minister of National Revenue for redetermination and reassessment on the basis that the Appellant is entitled to the disability tax credit for the 2015, 2016 and 2017 taxation years.
Signed at Calgary, Alberta, this 3rd day of April 2019.
K.A. Siobhan Monaghan
Monaghan J.
",allowed,test
85,"The appeal is allowed and the Minister's decision is vacated in accordance with the attached Reasons for Judgment.
Signed at Ottawa, Canada, this 31st day of January 2005.
""B. Paris""
Paris J.
Translation certified true
on this 24th day of February 2005.
Jacques Deschnes, Translator
",allowed,test
86,"The appeals from the assessments made under the Income Tax Act for the 1990, 1991, 1992, 1993 and 1994 taxation years are allowed, to the extent set out in the attached Reasons for Judgment.
The appellant is not entitled to any further relief and costs are awarded to the Respondent.
Signed at Ottawa, Canada, this 2nd day of April 2002.
''Louise Lamarre Proulx''
J.T.C.C.
[OFFICIAL ENGLISH TRANSLATION]
1999-2791(IT)I
...
Appeals heard on common evidence with the appeals of Grard Nron (1999-2369(IT)G) on July 11, 12, 13 and 19, 2001, at Qubec, Quebec by
the Honourable Judge Louise Lamarre Proulx
Appearances
Counsel for the Appellant: Ren Roy
Marie-Hlne Btournay
Counsel for the Respondent: Martin Gentile
",allowed,test
87,"(Delivered orally from the Bench on October 19, 2007,
at Vancouver, British Columbia.)
McArthur J.
[1] This appeal is from a decision of the Minister of National Revenue that the Appellant was not engaged under a contract of service within the meaning of paragraph 5(1)(a) of the Employment Insurance Act, and comparable legislation under the Canada Pension Plan.
[2] The Appellant is a grandmother who immigrated to Canada from India in 2002, having been sponsored by her daughter. She worked on a berry and vegetable farm from June to November, 2002 (period of employment). She was given a Record of Employment by RHD Farm Labour Contractor Ltd. (the payor) indicating that she had worked 1,080 insurable hours and had the amount of $8,985.84 in insurable earnings during the period of employment. The Minister of National Revenue originally determined that she was employed in insurable employment with the payor for only 948 insurable hours, with earnings of $7,885.84 from June 17, 2002 to November 2, 2002. She appealed that ruling and in response, the Minister determined that the Appellant was not employed by the payor.
[3] The Minister relied on the following assumptions of fact:
a) the Payor was a farm labour contractor who provided labourers to Bisset Farms of Ladner and BC & Western Country Farms of Richmond;
...
[8] In an effort to reflect the reality of her situation, and after considering all of the evidence, and in particular that of Mr. Sandhu, whose informed judgment I accept, the appeal is allowed. The Appellant was employed in insurable employment with the payor during the period of employment and she had worked 948 insurable hours with income earned of $7,885.84. This is arrived at in acceptance of what I believe was Mr. Sandhu's recommendation and, in an
attempt to sort out the fiction from the truth, what is the economic reality of the situation.
These Reasons for Judgment are issued in substitution for the Reasons for Judgment issued on January 8, 2008.
Signed at Ottawa, Canada, this 21st day of January, 2008.
C.H. McArthur
McArthur J.
",allowed,test
88,"The appeal from the assessment made under the Income Tax Act for the 2003 taxation year is allowed, with costs, and the assessment is referred back to the Minister of National Revenue for reconsideration and reassessment on the basis that the appellant did not have to add $40,000 to his income for the 2003 taxation year, and the penalty imposed by the Minister for unreported income is cancelled.
Signed at Ottawa, Canada, this 28th day of February 2011.
C.H. McArthur
McArthur J.
Translation certified true
on this 13th day of February 2015
Franois Brunet, Revisor
",allowed,test
89,"The appeal from the reassessment of tax made under the Income Tax Act for 2002 taxation year is allowed and the assessment is referred back to the Minister of National Revenue for reconsideration and reassessment on the basis in computing income, the Appellant is entitled to deduct expenses in the amount of $7,568.60 pursuant to paragraph 8(1)(g).
Signed at Toronto, Ontario, this 19th day of May, 2005.
E.A Bowie
Bowie J.
2004-4037(IT)I
BETWEEN:
MARIA KASABOSKI,
...
By: The Honourable Justice E.A. Bowie
Appearances:
Agent for the Appellant:
Frank Velle
Counsel for the Respondent:
Jonathon Penney
",allowed,test
90,"Paris J.
[1] The appellants are appealing reassessments by which the Minister of National Revenue disallowed the deduction of dividends they received from a non-resident corporation in the 1996 and 1997 taxation years. The reassessments were based on paragraph 95(6)(b) of the of Income Tax Act, an anti-avoidance rule which forms part of the foreign affiliate provisions in the Act.
[2] The issue in these appeals is whether paragraph 95(6)(b) applies to the acquisition of shares by the appellants in the non-resident corporation.
[3] In reassessing the appellants, the Minister also relied on the General Anti?Avoidance Rule (the GAAR) in section 245 of the Act, but that position has now been abandoned.
[4] Another issue raised by the pleadings, but which is now conceded by the respondent, has to do with the disallowance of a deduction taken by CBR Canada under section 112(1) of the Act for certain other dividends totaling $4,463,041 which it received in its 1997 taxation year. The respondent now concedes that CBR Canada is entitled to deduct those dividends.
Statutory scheme
[5] Paragraph 95(6)(b) is found in subdivision i of Division B of Part I of the Act, which deals with income from non-resident corporations.
...
[110] It follows that paragraph 95(6)(b) is not applicable to the appellants acquisition of the NAM LLC shares and the dividends received from NAM LLC are deductible to them under paragraph 113(1)(a).
[111] For these reasons, the appeals are allowed.
[112] At the end of the hearing of these appeals the respondents counsel requested the opportunity to make submissions on costs following the release of my reasons. Both parties will have 30 days from the date of these reasons to make written submissions on costs. If no submissions are received, the appellants will be awarded one set of costs for the three appeals 2009-845(IT)G, 2011-2326(IT)G and 2009-847(IT)G.
Signed at Toronto, Ontario, this 29th day of May 2013.
B.Paris
Paris J.
",allowed,test
91,"The appeal under subsection 103(1) of the Employment Insurance Act (""the Act"") is allowed, and the decision of the Minister of National Revenue is amended in accordance with the attached Reasons for Judgment on the basis that the Appellant held insurable employment under a true contract of service during the periods of April 16 to October 19, 2001, and November 21, 2001 to May 1, 2002.
Signed at Ottawa, Canada, this 27th day of July 2005.
""Alain Tardif""
Tardif J.
on this 13th day of February, 2006.
Garth McLeod, Translator
",allowed,test
92,"The appeals from the assessments made under the Income Tax Act for base taxation years 1996 and 1997 are allowed, and the assessments are referred back to the Minister of National Revenue for reconsideration and reassessment on the basis set forth in these Reasons for Judgment.
Signed at Ottawa, Canada, this 24th day of September 2002.
""Franois Angers""
J.T.C.C.
",allowed,test
93,"In accordance with the attached Reasons for Judgment, the appeal from the assessments made under the Income Tax Act for the 2005 and 2006 taxation years is allowed and the matter is referred back to the Minister of National Revenue for reconsideration and reassessment on the basis that the appellants income is to be reduced by $3,300 for 2005 and by $11,560 for 2006, and that the penalty calculations are to be adjusted accordingly.
The appellant shall pay the respondents costs in accordance with Tariff B of Schedule II of the Tax Court of Canada Rules (General Procedure).
Signed at Ottawa, Ontario, this 30th day of June 2014.
Gaston Jorr
Jorr J.
Translation certified true
on this 16th day of December 2014.
Erich Klein, Revisor
",allowed,test
94,"The appeal from the assessment under the Income Tax Act (the Act) for the 2008 taxation year is allowed and the assessment is referred back to the Minister of National Revenue for reconsideration and reassessment on the basis that the penalty imposed under subsection 163(1) of the Act is cancelled.
Signed at Ottawa, Canada, this 18th day of April 2011.
Gerald J. Rip
Rip C.J.
Translation certified true
On this 30th day of May 2011
Monica F. Chamberlain, Reviser
",allowed,test
95,"This judgment is issued in substitution for the Judgment signed on September 7, 2006;
The appeal from the assessment made under the Excise Tax Act, notice of which is dated November 26, 2004 and bear number 04299503012370005, is allowed and the assessment is referred back to the Minister of National Revenue for reconsideration and reassessment to allow the appellant a GST rebate of $8,750.
There will be no order for costs.
Signed at Ottawa, Canada, this 2nd day of October 2006.
""D.G.H. Bowman""
Bowman, C.J.
",allowed,test
96,"The appeals of the appellant from the assessments made under Part IX of the Excise Tax Act for the period from May 2006 to February 2007 and for the month of July 2007 are allowed and the matter is referred back to the Minister of Revenu Qubec for reconsideration and reassessment in accordance with the attached reasons for judgment.
The parties will have 30 days to agree on costs, failing which each of the respondent, Centre les Voyages Miracle Inc. and the appellant shall file written submissions-not to exceed 10 pages for each partyon costs.
Signed at Vancouver, British Columbia, this 4th day of April 2012.
""Robert J. Hogan""
Hogan J.
",allowed,test
97,"The appeal from the assessment made pursuant to the Income Tax Act (the Act), by the Minister of National Revenue (the Minister) for the 2006 taxation year is allowed, without costs; the file will be referred back to the Minister for reconsideration and reassessment on the basis that the amount of $14,431 is not a taxable benefit in accordance with the attached Reasons for Judgment.
The $100 filing fee will be reimbursed to the Appellant.
Signed at Ottawa, Canada, this 7th day of May 2009.
Alain Tardif
Tardif J.
Translation certified true
on this 25th day of June 2009.
Bella Lewkowicz, Translator
",allowed,test
98,"For the reasons attached hereto, the appeal is allowed and the assessments of the Minister of National Revenue for Employment Insurance Act premiums in the 2007, 2008 and 2009 years are vacated on the basis that the workers were performing their services as independent contractors.
Signed at Ottawa, Canada, this 18th day of May 2011.
G. A. Sheridan
Sheridan J.
",allowed,test
99,"The appeal from the assessments made under the Income Tax Act for the 2001 and 2002 taxation years is allowed, without costs, and the assessments are referred back to the Minister of National Revenue for reconsideration and reassessment on the basis that the Appellant must include in his income 20% of the chiropractic income set out in paragraph 21 and Appendices 2 and 4 of the Reply to the Notice of Appeal, which income was attributed to him by the Minister in the assessments under appeal. The expenses that the Appellant was permitted, under the said assessments, to deduct from chiropractic income, shall be adjusted in the same proportion.
The amounts added to the Appellant's income as a benefit conferred on a shareholder, and the expenses disallowed by the said assessments, shall remain unchanged.
Signed at Ottawa, Canada, this 7th day of September 2006.
""Lucie Lamarre""
Lamarre J.
Translation certified true
on this 29th day of January 2008.
Franois Brunet, Revisor
",allowed,test
100,"It is ordered that the appeal from the assessment made under the Income Tax Act for the 1995 taxation year be dismissed
It is further ordered that the appeal from the assessment made under the Income Tax Act for the 1996 taxation year be allowed and the assessment be referred back to the Minister of National Revenue for reconsideration and reassessment to allow the deduction under subparagraph 8(1)(i)(iii) of $873.31
It is further ordered that the appeal from the assessment made under the Income Tax Act for the 1997 taxation year be quashed.
Signed at Ottawa, Canada, this 23rd day of May 2002.
""D.G.H. Bowman""
A.C.J.
",allowed,test
101,"The appeals from the reassessments made under the Income Tax Act for the 2006, 2007 and 2008 taxation years are dismissed.
Signed at Ottawa, Canada, this 19th day of February 2015.
Lucie Lamarre
Lamarre A.C.J.
",dismissed,test
102,"The appeal from the reassessment made under the Income Tax Act for the 2010 taxation year is dismissed.
Signed at Ottawa, Canada, this 29th day of April 2013.
V.A. Miller
V.A. Miller J.
",dismissed,test
103,"In accordance with the attached Reasons for Judgment, the appeal is dismissed and the decision of the Minister of National Revenue made under the Employment Insurance Act is confirmed.
Signed at Ottawa, Ontario, this 10th day of February 2012.
Gaston Jorr
Jorr J.
Translation certified true
on this 23rd day of May 2012
Margarita Gorbounova, Translator
",dismissed,test
104,"The appeal with respect to an assessment made under the Income Tax Act for the 2008 taxation year is dismissed.
Signed at Toronto, Ontario this 12th day of June 2012.
J. M. Woods
Woods J.
",dismissed,test
105,"The appeal from the reassessment made under the Income Tax Act with respect to the Appellants 2008 taxation year is dismissed in accordance with the attached Reasons for Judgment.
Signed at Ottawa, Canada this 9th day of July 2013.
""Patrick Boyle""
Boyle J.
",dismissed,test
106,"This Court has no jurisdiction to hear a challenge to an assessment of interest on the basis of challenging the underlying tax assessment when there exists a nil assessment of taxes.
The appeal of the reassessment of arrears interest for the Appellants 2007 taxation year is dismissed.
Signed at Ottawa, Canada, this 27th day of November 2013.
F.J. Pizzitelli
Pizzitelli J.
",dismissed,test
107,"The appeal with respect to the Minister of National Revenues Notice of Assessment dated May 16, 2011 made under the Employment Insurance Act for the 2007, 2008 and 2009 years is dismissed and the decision of the Minister of National Revenue is confirmed.
Signed at Ottawa, Canada, this 20th day of January 2014.
V.A. Miller
V.A. Miller J.
",dismissed,test
108,"The appeal from the assessment made under the Excise Tax Act, notice of which is dated November 20, 2012, is dismissed in accordance with the attached Reasons for Judgment.
Signed at Ottawa, Canada, this 8th day of September 2015.
Lucie Lamarre
Lamarre A.C.J.
Translation certified true
on this 21st day of October 2015
Daniela Guglietta, Translator
",dismissed,test
109,"IN ACCORDANCE with the Reasons for Judgment attached, the appeal from the decision of the Respondent in relation to the income of the Appellant for the purposes of determining his entitlement to the Guaranteed Income Supplement under the Old Age Security Act for the payment period from July 1, 2014 to June 30, 2015 is dismissed, without costs.
Signed at Ottawa, Canada, this 24th day of October 2017.
R.S. Bocock
Bocock J.
",dismissed,test
110,"The appeal from the reassessments dated March 19, 2009 concerning the appellants 2003 and 2004 taxation years is allowed as the respondent conceded that those years are statute-barred.
The appeal from the assessment dated April 21, 2008 concerning the appellants 2006 taxation year is dismissed in accordance with the attached reasons for judgment.
Signed at Ottawa, Canada, this 18th day of July 2018.
Ral Favreau
Favreau J.
",dismissed,test
111,"The appeal of the three Canada Pension Plan assessments raised April 26, 2018, April 26, 2018 and May 1, 2018 respectively for taxation years 2015, 2016 and 2017 is dismissed, with costs fixed at $740.
The appeal of the three Employment Insurance Act assessments raised April 26, 2018, April 26, 2018 and May 1, 2018 respectively for taxation years 2015, 2016 and 2017 is dismissed, with costs fixed at $760.
Signed at Halifax, Nova Scotia, this 18th day of March 2021.
B. Russell
Russell J.
",dismissed,test
112,"For the attached reasons for judgment, the appeal from the assessment made under the Income Tax Act for the 2009 taxation year is dismissed with costs.
Signed at Toronto, Ontario, this 1st day of December 2015.
Rommel G. Masse
Masse D.J.
",dismissed,test
113,"The appeal from the assessment made under the Income Tax Act for the 2011 taxation year is dismissed in accordance with the attached Reasons for Judgment.
Signed at Ottawa, Canada, this 26th day of February, 2014.
E.P. Rossiter
Rossiter A.C.J.
",dismissed,test
114,"The appeals from the reassessments dated September 27, 2007, made under the Income Tax Act for the 2004, 2005 and 2006 taxation years are dismissed with costs.
Signed at Ottawa, Canada, this 12th day of April 2012.
Ral Favreau
Favreau J.
Translation certified true
on this 31st day of July 2012.
Erich Klein, Revisor
",dismissed,test
115,"In accordance with the attached Reasons for Judgment, the appeal is dismissed and the decision of the Minister of National Revenue dated April 28, 2010, for the 2005, 2006 and 2007 taxation years is confirmed.
Signed at Ottawa, Ontario, this 29th day of June 2015.
Gaston Jorr
Jorr J.
Translation certified true
On this 7th day of October 2015
Margarita Gorbounova, Translator
",dismissed,test
116,"The appeal from the Minister of National Revenues determination regarding the insurability of the Appellants employment with 9249-7403 Qubec Inc. during the period of August 7, 2017 to November 30, 2017 is dismissed in accordance with the attached Reasons for Judgment.
Signed at Ottawa, Canada, this 14th day of August 2019.
Ral Favreau
Favreau J.
",dismissed,test
117,"The appeal from the Minister of National Revenue's determination dated July 20, 2011, establishing the amount of the Child Tax Benefit to which the appellant was entitled for the 2010 base year that would apply to the payment period of July 2011 to June 2012 pursuant to section 122.6 of the Income Tax Act is dismissed.
Signed at Ottawa, Canada, this 17th day of January 2013.
""Lucie Lamarre""
Lamarre J.
Translation certified true
on this 5th day of February 2013.
Elizabeth Tan, Translator
",dismissed,test
118,"The appeal from the assessment made under Part IX of the Excise Tax Act, notice of which is dated August 1, 2014, for the periods from January 1, 2003 to December 31, 2005, is dismissed without costs.
Signed at Ottawa, Canada, this 8th day of June 2017.
Johanne DAuray
DAuray J.
",dismissed,test
119,"The appeal made under the Employment Insurance Act is dismissed, without costs, and the decision of the Minister of National Revenue is confirmed in accordance with the attached Reasons for Judgment.
Signed at Ottawa, Canada, this 5th day of March 2019.
Diane Campbell
Campbell J.
",dismissed,test
120,"The Appeals from the assessments made under the Income Tax Act for the 2000 and 2002 taxation years are dismissed.
Signed at Ottawa, Canada, this 10th day of June 2013.
""Campbell J. Miller""
C. Miller J.
",dismissed,test
121,"The appeal from the assessment of the appellant made on February 1, 2006, under subsections 270(3) and 270(4) of the Excise Tax Act is dismissed, without costs, in accordance with the attached Reasons for Judgment.
Signed at Ottawa, Canada, this 29th day of August 2013.
Franois Angers
Angers J.
Translation certified true
on this 18th day of December 2013.
Erich Klein, Revisor
",dismissed,test
122,"The appeal from the assessment made under the Income Tax Act with respect to the Notice of Assessment #1083997, dated July 9, 2010 is dismissed with costs to the Respondent.
Signed at Ottawa, Canada, this 28th day of September 2017.
F.J. Pizzitelli
Pizzitelli J.
",dismissed,test
123,"The appeal from the assessment raised December 11, 2015 under the Income Tax Act (Canada) is dismissed, without costs.
Signed at Ottawa, Canada, this 20th day of June 2018.
B. Russell
Russell J.
",dismissed,test
124,"The appeal made pursuant to subsection 28(1) of the Canada Pension Plan is dismissed and the decision rendered by the Minister of National Revenue on August 19, 2010 is confirmed in accordance with the attached reasons for judgment.
Signed at Toronto, Ontario, this 8th day of June 2012.
""Patrick Boyle""
Boyle J.
",dismissed,test
125,"The appeal from the reassessment made by the Minister of National Revenue under the Income Tax Act, on November 26, 2012, for the 2011 taxation year, is dismissed in accordance with the attached Reasons for Judgment.
Signed at Ottawa, Canada, this 5th day of December 2014.
Ral Favreau
Favreau J.
Translation certified true
On this 20th day of January 2015
Martha Sanipe, Translator
",dismissed,test
126,"In accordance with the attached Reasons for Judgment;
The appeal from a reassessment of SR & ED expenditures and related ITCs made under the Income Tax Act in respect of the Appellants taxation year ending June 30, 2013 (the 2013 taxation year), denying that the Appellants claimed expenditures are scientific research and experimental development and disallowing the related investment tax credits claimed by the Appellant, is dismissed;
Costs of the motions and the appeal are awarded to the Respondent. The parties shall have until June 14, 2021 to come to an agreement on costs, failing which each party shall have until July 12, 2021 to file a single written submission on costs. Each such submission shall not exceed 15 pages in length.
Signed at Ottawa, Canada, this 14th day of May 2021.
K.A. Siobhan Monaghan
Monaghan J.
",dismissed,test
127,"The appeal of the reassessments issued under the Income Tax Act is dismissed, without costs, in accordance with the attached reasons for judgment.
Signed at Ottawa, Canada, this 15th day of September 2016.
""B. Paris""
Paris J.
[ENGLISH TRANSLATION]
",dismissed,test
128,"The appeals from the redeterminations dated August 20, 2014 made under the Income Tax Act for the 2011 and 2012 taxation years with respect to the Canada Child Tax Benefit are dismissed, without costs, on the basis that the Minister of National Revenue correctly determined that Ms. Gouskos was not eligible to receive the Canada Child Tax Benefit (CCTB) since her net family income exceeded the maximum income allowable for receiving the CCTB for both taxation years, 2011 and 2012.
Signed at Ottawa, Canada, this 8th day of October 2020.
Johanne DAuray
DAuray J.
",dismissed,test
129,"The appeal from the redeterminations made by the Minister of National Revenue with regard to the Canada Child Tax Benefit for the 2009 (period from November 2010 to June 2011) and 2010 (period from July 2011 to April 2012) base taxation years, respectively, dated May 18 and October 18, 2012, is dismissed in accordance with the attached Reasons for Judgment.
Signed at Ottawa, Canada, this 28th day of October 2013.
""Ral Favreau""
Favreau J.
Translation certified true
on this 4th day of December 2013
Mary Jo Egan, Translator
",dismissed,test
130,"The appeal from the reassessment dated October 23, 2009, made by the Minister of Revenue of Quebec pursuant to the Excise Tax Act, for the period from July 1, 2005, to June 30, 2009, is dismissed with costs, in accordance with the attached Reasons for Judgment.
Signed at Ottawa, Canada, this 4th day of December 2013.
""Ral Favreau""
Favreau J.
Translation certified true
on this 13th day of March 2014.
Franois Brunet, Revisor
",dismissed,test
131,"The appeal from the reassessments made under the Income Tax Act for the 2012 and 2013 taxation years is dismissed.
Signed at Kingston, Ontario, this 23rd day of July 2020.
""Rommel G. Masse""
Deputy Judge Masse
",dismissed,test
132,"The appeal from the reassessments made under the Income Tax Act (Canada) for the Appellants 2009 and 2010 taxation years is dismissed, without costs, in accordance with the attached reasons for judgment.
Signed at Ottawa, Canada, this 30th day of November 2017.
B. Russell
Russell J.
",dismissed,test
133,"The appeal from the redeterminations made under the Income Tax Act February 19, 2016 and March 4, 2016 regarding the Canada Child Tax Benefit and the Goods and Service Tax/Harmonized Sales Tax Credit for the period July 2013 to and including June 2016 is dismissed without costs in accordance with the attached reasons for judgment.
Signed at Ottawa, Canada, this 1st day of November 2017.
B. Russell
Russell J.
",dismissed,test
134,"The appeal from the reassessment made under the Income Tax Act for the 2009 taxation year is dismissed in accordance with the attached Reasons for Judgment.
Signed at Ottawa, Canada, this 30th day of April 2012.
""Paul Bdard""
Bdard J.
Translation certified true
on this 18th day of October 2012
Franois Brunet, Revisor
",dismissed,test
135,"The appeal from the reassessment dated October 20, 2015 concerning the appellants 2012 taxation year is dismissed in accordance with the attached reasons for judgment.
Signed at Ottawa, Canada, this 13th day of December 2018.
Ral Favreau
Favreau J.
",dismissed,test
136,"The appeal pursuant to subsection 103(1) of the Employment Insurance Act (the Act) is dismissed and the ruling of the Minister of National Revenue (the Minister) on the appeal made to the Appellant under section 91 of the Act is confirmed.
The appeal pursuant to section 28 of the Canada Pension Plan (the Plan) is dismissed and the ruling of the Minister on the appeal made to the Appellant under section 27 of the Plan is confirmed.
Signed at Ottawa, Canada, this 13th day of September 2013.
R.S. Bocock
Bocock J.
",dismissed,test
137,"The appeals from the reassessments made under the Income Tax Act for the 2008, 2009 and 2010 taxation years are dismissed in accordance with the attached Reasons for Judgment.
Signed at Kingston, Ontario, this 8th day of August 2014.
Rommel G. Masse
Masse D.J.
Translation certified true
on this 22nd day of September 2014
Margarita Gorbounova, Translator
",dismissed,test
138,"The appeal from the Minister of National Revenues reassessments under the Income Tax Act concerning the Appellants 2014, 2015 and 2016 taxation years is dismissed, with costs, in accordance with the attached Reasons for Judgment.
Signed at Ottawa, Canada, this 2nd day of November 2020.
Robert Hogan
Hogan J.
",dismissed,test
139,"The appeal with respect to an assessment made under the Income Tax Act for the 2008 taxation year is dismissed.
Signed at Ottawa, Ontario this 15th day of January 2014.
J.M. Woods
Woods J.
",dismissed,test
140,"For the attached reasons for judgment, the appellants appeal from the redeterminations of April 20, 2011 with respect to the 2006, 2007, 2008 and 2009 base taxation years is dismissed.
Signed at Ottawa , Ontario , this 9th day of May 2014.
Gaston Jorr
Jorr J.
",dismissed,test
141,"The appeals from reassessments made under the Income Tax Act for the 2011 and 2012 taxation years are dismissed, with one set of costs to the Respondent, in accordance with the attached Reasons for Judgment.
Signed at Ottawa, Canada, this 19th day of August 2020.
Dominique Lafleur
Lafleur J.
",dismissed,test
142,"WHEREAS the Court has on this date published its Reasons for Judgment attached.
NOW THEREFORE THIS COURT ORDERS THAT:
The appeal from reassessments made under the Income Tax Act concerning the 2009, 2010 and 2011 taxation years is dismissed;
Costs in accordance with the applicable Tariff are preliminarily awarded to the Respondent subject to the right of either party to make written submissions thereon within 30 days of the date of this judgment, whereupon the Court shall consider such submissions and may vary its provisional cost award, failing which this provisional cost award shall become final.
Signed at Toronto, Ontario, this 13th day of March 2020.
R.S. Bocock
Bocock J.
",dismissed,test
143,"In accordance with the attached Reasons for Judgment, the appeal with respect to assessments made under the Income Tax Act for the Appellants 2006 and 2007 taxation years is dismissed.
Signed at Toronto, Ontario this 25th day of May 2016.
J. Woods
Woods J.
",dismissed,test
144,"It is ordered that the appeal with respect to an assessment made under the Income Tax Act for the 2010 taxation year is dismissed. Each party shall bear their own costs.
Signed at Toronto, Ontario this 22nd day of October 2013.
J. M. Woods
Woods J.
",dismissed,test
145,"It is ordered that the appeal with respect to an assessment made under the Income Tax Act for the 2011 taxation year is dismissed. The parties shall bear their own costs.
Signed at Toronto, Ontario this 1st day of April 2014.
J.M. Woods
Woods J.
",dismissed,test
146,"The appeal from the reassessments made under the Income Tax Act for the 2006 and 2007 taxation years is dismissed with costs to the Respondent.
Signed at Ottawa, Canada, this 20th day of April 2015.
F.J. Pizzitelli
Pizzitelli J.
",dismissed,test
147,"The appeal from the reassessment made under the Income Tax Act, notice of which is dated February 27, 2013 and bears number 2121082, is dismissed, with costs.
Signed at Ottawa, Canada, this 5th day of May 2016.
Sylvain Ouimet
Ouimet J.
",dismissed,test
148,"In accordance with the attached Reasons for Judgment, the appeal is dismissed and the decision rendered by the Minister of National Revenue on May 3, 2011, under the Employment Insurance Act is confirmed.
Signed at Ottawa, Ontario, this 31st day of January 2012.
""Gaston Jorr""
Jorr J.
Translation certified true
on this 15th day of February 2012.
Elizabeth Tan, Translator
",dismissed,test
149,"The appeal from the three reassessments raised April 8, 2013 under the Income Tax Act (Canada) for the Appellants 2009, 2010 and 2011 taxation years respectively is dismissed, without costs in accordance with the attached reasons for judgment.
Signed at Toronto, Ontario, this 31st day of January 2018.
B. Russell
Russell J.
",dismissed,test
150,"The appeal from the reassessments made under the Income Tax Act with respect to the Appellants 2006 and 2007 taxation years is dismissed, with costs, in accordance with the Reasons for Judgment attached hereto.
Signed at Ottawa, Canada this 18th day of January 2013.
""Patrick Boyle""
Boyle J.
Translation certified true
on this 1st day of March 2013.
Erich Klein, Revisor
",dismissed,test
151,"In accordance with the attached Reasons for Judgment, the appeal from the decision of the Minister of National Revenue that the appellant did not hold insurable employment within the meaning of the Employment Insurance Act is dismissed because, during the period in issue, from January 1, 2008, to December 31, 2011, the appellant and the intervener were not bound by a contract of service within the meaning of paragraph 5(1)(a) of the Employment Insurance Act.
Signed at Montral, Canada, this 16th day of April 2015.
Ral Favreau
Favreau J.
Translation certified true
on this 27th day of May 2015
Michael Palles, Translator-Language Advisor
",dismissed,test
152,"Upon appeal with respect to a decision of the respondent under the Employment Insurance Act and the Canada Pension Plan that the appellant was not engaged in insurable or pensionable employment with Royal Ascot Care Centre Ltd. for the period from January 1, 2012 to August 8, 2012, the appeal is dismissed and the decision of the respondent is confirmed.
Signed at Toronto, Ontario this 5th day of September 2014.
J. M. Woods
Woods J.
",dismissed,test
153,"The appeal from the reassessment dated April 10, 2014 made under the Income Tax Act for the 2009 taxation year is dismissed with costs in accordance with the attached Reasons for Judgment.
Signed at Quebec City, Quebec, this 26th day of January 2017.
Ral Favreau
Favreau J.
",dismissed,test
154,"The appeal pursuant to paragraph 5(1)a) and subsection 93(3) of the Employment Insurance Act is dismissed and the decision of the Minister of National Revenue rendered on September 30, 2010, is confirmed, in accordance with the attached Reasons for Judgment.
Signed at Ottawa, Canada, this 30th day of May 2012.
""Alain Tardif""
Tardif J.
Translation certified true
on this 12th day of July 2012
Monica F. Chamberlain, Reviser
",dismissed,test
155,"The appeal from the assessment made under the Income Tax Act for the 2010 taxation year is dismissed, with costs to the Respondent.
Signed at Ottawa, Canada, this 6th day of April 2016.
F.J. Pizzitelli
Pizzitelli J.
",dismissed,test
156,"In accordance with the reasons delivered orally at the hearing, the appeal from the assessment made under the Canada Pension Plan with respect to the Appellants 2011 taxation year is dismissed.
Signed at Ottawa, Canada this 7th day of January 2014.
""Patrick Boyle""
Boyle J.
",dismissed,test
157,"In accordance with the attached reasons for judgment, the appeal from the reassessment made under the Income Tax Act for the 2006 taxation year is dismissed with costs.
Signed at Ottawa, Canada, this 1st day of October 2015.
Robert J. Hogan
Hogan J.
",dismissed,test
158,"For the attached reasons for judgment, the appeal from the assessment made under the Income Tax Act for the 2008 taxation year is dismissed.
The Respondent is entitled to her costs if she wants them.
Signed at Kingston, Ontario, this 8th day of March 2016.
Rommel G. Masse
Masse D.J.
",dismissed,test
159,"The appeal from the assessment made by the Minister of National Revenue in accordance with the Income Tax Act, dated September 27, 2013, with respect to the 2011 taxation year is dismissed in accordance with the attached Reasons for Judgment.
Signed at Ottawa, Canada, this 8th day of April 2016.
?Ral Favreau
Favreau J.
",dismissed,test
160,"The appeal from the assessment made under subsection 160(1) of the Income Tax Act is dismissed and the assessment is confirmed in accordance with the attached reasons for judgment.
The parties have 30 days to agree on costs, failing which each party is to submit submissions on costs, not to exceed five pages, at the expiration of the aforementioned time.
Signed at Ottawa, Canada, this 19th day of December 2014.
Robert J. Hogan
Hogan J.
",dismissed,test
161,"The appeal from the assessment dated January 15, 2016, made under the Excise Tax Act for the Goods and Services Tax/Harmonized Sales Tax (GST/HST) New Housing Rebate is dismissed according to the attached Reasons for Judgment.
Signed at Ottawa, Canada, this 8th day of March 2019.
Guy R. Smith
Smith J.
",dismissed,test
162,"The Appeals from the reassessments made under the Income Tax Act for the 2006, 2007, 2008 and 2009 taxation years are dismissed.
Costs awarded to the Respondent.
Signed at Ottawa, Canada, this 8th day of October 2014.
Campbell J. Miller
C. Miller J.
",dismissed,test
163,"The appeal under subsection 103(1) of the Employment Insurance Act is dismissed, and the decision of the Minister of National Revenue is confirmed, in accordance with the attached Reasons for Judgment.
Signed at Ottawa, Canada, this 2nd day of July 2013.
Paul Bdard
Bdard J.
Translation certified true
on this 16th day of August 2013
Margarita Gorbounova, Translator
",dismissed,test
164,"The appeal of the Assessment no. 1417166 dated September 1, 2011 pursuant to section 160 of the Income Tax Act in respect to the transfer of property to the Appellant is dismissed.
Costs are awarded to the Respondent.
Signed at Ottawa, Canada, this 4th day of November 2015.
V.A. Miller
V.A. Miller J.
",dismissed,test
165,"The appeal from the reassessment made under the Excise Tax Act, notice of which is dated August 19, 2009, for the period from January 1, 2008 to December 31, 2008, is dismissed, except as regards the additional input tax credits in the amount of $578.17 conceded by the Crown at the opening of the hearing, in accordance with the reasons for judgment attached hereto.
Signed at Toronto, Ontario, this 7th day of June 2012.
""Patrick Boyle""
Boyle J.
",dismissed,test
166,"For the attached reasons for judgment, the appeal from the assessments made under the Income Tax Act for the 2007 and 2008 taxation years is dismissed.
Signed at Ottawa, Canada, this 9th day of July 2015.
Gaston Jorr
Jorr J.
",dismissed,test
167,"The appeals from reassessments made under the Income Tax Act for the 1998, 1999, 2000, 2001, 2002, 2003 and 2004 taxation years are dismissed, in accordance with the attached Reasons for Judgment.
Signed at Ottawa, Canada, this 12th day of June 2012.
""Paul Bdard""
Bdard J.
Translation certified true
on this 26th day of July 2012
Monica F. Chamberlain, Reviser
",dismissed,test
168,"The appeal from the assessment of a GST/HST New Housing Rebate made under Part IX of the Excise Tax Act, notice of which is dated July 30, 2012, is dismissed.
Signed at Ottawa, Canada, this 3rd day of March 2014.
""Gerald J. Rip""
Rip C.J.
",dismissed,test
169,"The appeal from the assessment of the Appellant as a director of Foxtrot Communications Ltd. (Company), raised May 22, 2015 under the federal Income Tax Act (ITA) for non-remittance by the Company of employees federal and provincial income taxes during the Companys 2009, 2010, 2011 and 2012 taxation years is dismissed, without costs, in accordance with the attached reasons for judgment.
Signed at Ottawa, Canada, this 28th day of February 2018.
B. Russell
Russell J.
",dismissed,test
170,"For the attached reasons for judgment, the appeal from the assessment made under the Income Tax Act for the 2009 taxation year is dismissed.
The Respondent is entitled to her costs if she wants them.
Signed at Kingston, Ontario, this 12th day of February 2016.
Rommel G. Masse
Masse D.J.
",dismissed,test
171,"The Appeal from the reassessment made under the Income Tax Act for the 2011 taxation year is dismissed
Signed at Toronto, Ontario, this 2nd day of September 2014.
Campbell J. Miller
C. Miller J.
",dismissed,test
172,"The appeal from the decision made under the Employment Insurance Act for the period from December 14, 2009 to September 25, 2010 is dismissed and the decision of the Minister of National Revenue is confirmed.
Signed at Ottawa, Canada, this 20th day of June 2012.
V.A. Miller
V.A. Miller J.
",dismissed,test
173,"The appeal from the assessments made under the Income Tax Act with respect to the Appellants 2007 and 2008 taxation years is dismissed, with costs, in accordance with the attached Reasons for Judgment. If the parties cannot agree on the amount of costs within 30 days, written submissions are to be filed with the Court within a further 30 days.
Signed at Toronto, Ontario, this 31st day of August 2015.
Patrick Boyle
Boyle J.
",dismissed,test
174,"The appeals from the reassessment made under the Income Tax Act for the 2009 and 2010 taxation years are hereby dismissed, with costs to the Respondent fixed in the amount of $5,000 payable within 60 days from the date hereof, in accordance with the attached Reasons for Judgment.
Signed at Ottawa, Canada, this 7th day of December 2017.
Guy Smith
Smith J.
",dismissed,test
175,"The appeal from determinations made under the Income Tax Act for the period from January 2011 to July 2011 with respect to the child tax benefit and the goods and services tax credit is dismissed. The appellant is entitled to costs which are fixed in the amount of $150.
Signed at Toronto, Ontario this 24th day of October 2013.
J. M. Woods
Woods J.
",dismissed,test
176,"Whereas Counsel for the Appellant was retained only to request an adjournment in this appeal, and the adjournment is denied;
Whereas no one appeared for the Appellant when the appeal was called, although a notice of the time and place of the hearing was sent to the Appellant at his last known address and was not returned;
Whereas no one appeared on his behalf;
Upon motion made by counsel for the Respondent requesting the dismissal of the appeal for want of prosecution;
The motion is allowed and the appeal is dismissed in accordance with section 18.21 of the Tax Court of Canada Act.
Costs of $9,943.43 in this matter are awarded to the Respondent.
Signed at Halifax, Nova Scotia, this 12th day of August 2014.
V.A. Miller
V.A. Miller J.
",dismissed,test
177,"Whereas counsel for the respondent made a motion to dismiss the appeal of the appellant for her 2009 taxation year for failure to appear;
Whereas the appellant was not present in Court when her appeal was called for hearing, although duly notified of the time and place of the hearing;
Whereas no one appeared on her behalf;
And having heard what was alleged by the respondent;
The respondents motion to dismiss the appeal of the appellant is granted and the appeal from the assessment made under the Income Tax Act for the 2009 taxation year is dismissed in accordance with the attached the Reasons for Judgment.
This Amended Judgment is issued in substitution of the Order dated March 22, 2013.
Signed at Ottawa, Canada, this 3rd day of April 2013.
Johanne DAuray
D'Auray J.
",dismissed,test
178,"WHEREAS the Respondent has brought a motion for an Order quashing the Notice of Appeal pursuant to paragraph 53(3)(a) of the Tax Court of Canada Rules (General Procedure) (the Rules);
AND WHEREAS, the Appellant opposed the motion;
UPON hearing the representations made by the parties at the hearing of this motion and considering their written argument;
THIS COURT ORDERS that:
The motion is granted and the appeal is quashed.
The Respondent is awarded its costs for this motion.
Signed at Ottawa, Canada, this 12th day of February 2016.
V.A. Miller
V.A. Miller J.
",dismissed,test
179,"(Delivered orally from the bench on November 6, 2014, in Ottawa, Ontario.)
V.A. Miller J.
[1] The issue in this appeal is whether the Appellant is entitled to deduct expenses of $6,630.03 and $9,987.66 for a home office in her 2007 and 2008 taxation years respectively.
Preliminary motion
[2] At the beginning of the hearing, the Respondent brought a motion to strike paragraphs 15(b), 15(d) and portions of paragraphs 14 and 16 in the Notice of Appeal. In those paragraphs, the Appellant sought relief from an assessment under the Excise Tax Act (ETA).
[3] The Appellants income tax liability for her 2007 and 2008 taxation years was reassessed by notices dated November 29, 2012. This is her appeal of that reassessment which has been brought pursuant to section 169 of the Income Tax Act (ITA). Any decision that I make in this appeal can only be with respect to the reassessment issued under the ITA. In accordance with section 171 of the ITA, I can dismiss the appeal or I can allow the appeal and vacate the reassessment or vary the reassessment or refer the reassessment back to the Minister of National Revenue (the Minister) for reconsideration and reassessment. In other words, my decision in this appeal can only relate to the reassessment under the ITA.
[4] The Appellant was reassessed by notice dated October 30, 2012 under the ETA. In order to challenge that reassessment, the Appellant should have brought an appeal under section 306 of that Act, which she has not.
 [...] 
[21] I have no doubt that the Appellant may have had an office in her home. However, because of the problem with her implausible statements, her conflicting statements and her inconsistent statements, she has not satisfied me that there was a work space in her home which was used exclusively for the purpose of earning income from business and used on a regular and continuous basis for meeting clients in respect of her business.
[22] The Appellant is required to present the best evidence available. At a minimum, as a lawyer, she could have provided a clear, consistent timeline of events to assist this Court in making a determination. Instead, her evidence was vague, imprecise and inconsistent.
[23] The appeal is dismissed with costs to the Respondent.
Signed at Ottawa, Canada, this 23rd day of July, 2015.
V.A. Miller
V.A. Miller J.
",dismissed,test
180,"The motion is granted, and the appeal from the assessment made under the Income Tax Act for the 2001 taxation year is dismissed, in accordance with the attached reasons.
The appellant shall pay to the respondent the costs of the motion and all the costs in this case incurred after September 12, 2012. I fix these costs at $1,000, which shall be payable by Productions Sky High Courage to the respondent prior to January 1, 2015.
Signed at Ottawa, Ontario, this 7th day of November 2014.
Gaston Jorr
Jorr J.
Translation certified true
on this 13th day of March 2015
 [...] 
Signed at Ottawa, Ontario, this 7th day of November 2014.
Gaston Jorr
Jorr J.
Translation certified true
on this 24th day of December 2014
Franois Brunet, Revisor
",dismissed,test
181,"The appeal from the assessment made pursuant to section 325 of Part IX of the Excise Tax Act, the notice of which is dated March 12, 2008, and bears the number BR?07?1481, is dismissed. The costs with respect to the December 4, 2012, hearing shall be borne by the appellant. The respondent is responsible, however, for the appellant's costs with regard to the preparation for and hearing of the February 26, 2013 motion to reopen the hearing and with regard to the reopening of the hearing on March 18, 2013.
Signed at Ottawa, Canada, this 6th day of June 2013.
""Gerald J. Rip""
Rip C.J.
Translation certified true
on this 31st day of July 2013.
Erich Klein, Revisor
",dismissed,test
182,"The Respondents Motion to Quash this Appeal is allowed.
The Appeal from the reassessment made under the Income Tax Act for the Appellants 2011 taxation year is quashed.
Signed at Ottawa, Ontario, this 27th day of December 2019.
R. MacPhee
MacPhee J.
",dismissed,test
183,"(Delivered orally from the Bench at
Toronto, Ontario, on June 7, 2004)
Sarchuk J.
[1] This is the appeal of Ocean Ventures International Inc., in bankruptcy, from a ruling by the Minister of National Revenue that the Intervenor, Upshon, was employed in insurable employment while engaged by the Appellant from June 12, 2000 to September 5, 2002 within the meaning of the Employment Insurance Act.
[2] I do not propose to embark on a detailed review of the facts other than to list certain salient points that are not in issue or dispute. The Appellant company was incorporated on January 14, 2000, with the purpose of manufacturing luxury yachts of a particular type, I believe they were referred to as steel-hull boats. At all material times, there were a number of shareholders, the principal one being David Milgram who, if my calculation is correct, owned well over 50% of the shares. Upshon and his wife were also shareholders. At all relevant times, Milgram was the Chairman, Upshon was the President and his wife the Secretary of the Appellant. It is fair to say that almost all of the financing for the Appellant's business other than what was provided by some shareholders, came from Milgram.
[3] Upshon was specifically hired as manager to oversee the construction of the first ""demonstration"" yacht and the subsequent production of other yachts because of his expertise in that particular field. In that capacity, he was responsible for the supervision of development and construction, as well as the hiring and dismissal of employees and all other matters that go hand in hand with his responsibilities as general manager. Upshon was paid a specific salary and was reimbursed for expenses incurred in the performance of his duties. He was not required to provide any material or equipment or tools or anything of that nature. All of the facilities were provided by the Appellant. And based on the evidence before the Court, he was required to provide regular progress reports specifically to Milgram.
[4] I have concluded that the evidence clearly supports the Intervenor's and Minister's positions that Upshon was at all relevant times an employee of Ocean Ventures. Given the nature of the Intervenor's involvement, I would refer to what has been on occasion described as the organization or integration test. In Stevenson Jordan and Harrison, Ltd. v. Macdonald,[1] the Court said:
...
In this particular appeal, I am satisfied that it was Ocean Ventures' business and not Upshon's. I will refer to one further decision, that of Cook J. in Market Investigations Ltd. v. Minister of Social Security.[3]He stated:
The observations of Lord Wright, of Denning L.J., and of the judges of the Supreme Court in the U.S.A. suggest that the fundamental test to be applied is this: 'Is the person who has engaged himself to perform these services performing them as a person in business on his own account?'. If the answer to that question is 'yes', then the contract is a contract for services. If the answer is 'no' then the contract is a contract of service.
The answer in the present appeal is that Upshon's contract was one of service and, therefore, the Appellant's case is untenable. The Minister's determination was correct, the Intervenor's position is upheld and the appeal is dismissed.
Signed at Ottawa, Canada, this 30th day of September, 2004.
""A.A. Sarchuk""
Sarchuk J.
",dismissed,test
184,"(Delivered orally from the Bench
at Ottawa, Canada on April 29, 2005)
Rip J.
[1] Mr. Gallagher, I am going to have to dismiss your appeal. There are several reasons for this. First of all, there are confusing documents, confusing material, which you presented to the Court, for example.
[2] There are certain documents, which if I can turn to them, documents which you originated and if I compare them, there are substantial differences.
[3] For example, if I look at Exhibits R-1 and A-2, both documents that you prepared. One of them is addressed to a stranger. Exhibit A-2 would be a document prepared by a corporation known as Prospective Group Canada Limited and not 3040585 Canada Inc. The evidence is that Prospective Group Canada Limited does not exist.
[4] 3040585 Canada Inc. carries on business, as I understand it, under the name of Prospective Group Canada.
...
[16]Now, I have observed the witness for the appellant and for the respondent, Mademoiselle Desprs. I found her a credible witness. I do not find you not credible. I think that over time, this has eaten into you. But at the same time, I think Revenue Qubec has tried to do something with these numbers, but it is very difficult when documents are sent to them without the proper names on them. You cannot expect strangers to try to work those numbers out. You have to help. You have to put things in order.
[17]Based on what I have seen today, is that the records were not maintained in the manner required by the law. As you have to help yourself to get these credits and you have to keep things in proper order.
[18]Unfortunately, sir, I am going to have to dismiss your appeal.
Signed at Ottawa, Canada, this 9th day of June 2005.
""Gerald J. Rip""
Rip J.
",dismissed,test
185,"(Delivered orally from the Bench at
Nanaimo, British Columbia, on August 5, 2005)
McArthur J.
[1] In the assessing the Appellant's 2003 taxation year, the Minister of National Revenue reduced the Appellant's claimed Registered Retirement Savings Plan contribution from $4,585 to $251, after complex mechanics with reference to numerous sections and regulations of the Income Tax Act. The Appellant's objection and appeal are not with the accuracy of the Minister's calculations or interpretation of the Act. His position is that he was not advised by Canada Revenue Agency of the tax implications, even though CRA was aware of his purchase of past service. He adds that he was not aware of his RRSP contribution room until his 2003 return was assessed.
[2] The Appellant had been employed by the Providence Health Care Society (PHCS) and, I believe, in 2003 was on secondment with a related union. In that year, he made registered pension plan contributions of $2,692 with respect to a pension plan established for employees of PHCS, and this amount was included on the Appellant's T4 information slips issued by PHCS.
[3] The Appellant's unused RRSP deduction room at the end of 2002 was $395, and his earned income for RRSP purposes was $52,886. Also, his pension adjustment for 2002 was $5,329. In September of 2003, he bought back past service of a registered pension plan, at a total cost of $5,601.41, to provide for his retirement. The cost of buying back this past service was shared between the Appellant and his employer. The Appellant financed his share by transferring funds from his unmatured RRSP.
[4] The Appellant did not receive a taxable benefit in 2003 when he directly transferred funds from his RRSP to buy back the past services. The past service of the RPP which the Appellant bought back covered the period May 25, 1999 to December 21, 2001. His past service pension plan adjustment for 2003 was $4,334 as a result of the buy back of RPP. The Appellant's RRSP deduction limit for 2003 was $251. The Appellant made RRSP contributions totalling $5,270 for the period March 4, 2003 to March 1, 2004, and the maximum he was entitled to contribute for the taxation year was $251.
...
The applicant says that the law is unfair and he asked the Court to make an exception for him, however, the Court does not have that power. The Court must take the statute as it finds it. It is not open to the Court to make exceptions to statutory provisions on the grounds of fairness or equity. If the applicant considers the law unfair his remedy is with Parliament not the Court.
[11] The Appellant's secondary argument is that a CRA officer advised him, during a telephone call on May 6, 2004, that an adjustment would correct the Appellant's return. The Appellant did not pursue this aggressively and, as counsel for the Respondent advised, estoppel cannot override the law (Bowman J. in Moulten v. the Queen, 2002 TCJ 80). As with Tax Court Judges, officers of CRA must take the Income Tax Act as they find it.
[12] The appeal is dismissed.
Signed at Ottawa, Canada, this 6th day of September, 2005.
""C.H. McArthur""
McArthur J.
",dismissed,test
186,"WHEREAS the Appellant has appealed to a Review Tribunal from a decision made by the Respondent pursuant to the Old Age Security Act, R.S. 1985, c. O-9 (the Act);
AND WHEREAS the Appellant has raised as a ground of appeal the amount of her income for the calendar year 2002, and that ground of appeal has been referred to the Tax Court of Canada for a decision pursuant to subsection 28(2) of the Act;
AND having heard the evidence of the Appellant and the submissions of the Appellant and of counsel for the Respondent;
IT IS THE JUDGMENT OF THIS COURT that the Respondent did not err in his decision as to the amount of the income of the Appellant for the calendar year 2002, and the appeal is dismissed, and the Commissioner of Review Tribunals shall be so advised.
Signed at Ottawa, Canada, this 8th day of August, 2005.
""E.A. Bowie""
Bowie J.
",dismissed,test
187,"Upon motion by the Respondent for an Order quashing the Appellant's appeal in respect of the 1997 taxation year on the grounds that the issue raised in the Notice of Appeal is res judicata, and that the Appellant is precluded from objecting or appealing the reassessments in issue;
Upon reading the affidavit of Brent Aylesworth filed;
And upon hearing what was alleged by the parties;
The Respondent's motion is granted and the purported appeal is hereby quashed.
Signed at Ottawa, Canada, on the 20th day of February 2004.
""Brent Paris""
Paris, J.
",dismissed,test
188,"Upon motion by the respondent for an order to dismiss the appeal pursuant to Rule 58(3) of the Tax Court of Canada Rules (General Procedure), to strike out the Notice of Appeal without leave to amend pursuant to Rules 53 and 58(1)(b), or to set aside the appellants Notice of Appeal and issue directions to comply with the Rules;
And upon reading the materials filed, and hearing counsel for the parties;
It is ordered that the respondents motion be granted with costs and the
appeal of Salisbury and the individual appellants is hereby quashed in accordance with the attached Reasons for Judgment.
Signed at Sidney, British Columbia, this 23rd day of July 2013.
""D.W. Rowe""
Rowe D.J.
",dismissed,test
189,"(Delivered orally from the bench on December 19, 2005
in Saint John, New Brunswick).
Margeson J.
[1] The issue before the Court at this time for decision is whether or not the Minister of National Revenue properly assessed the Appellant for the taxation years 1994, 1995 and 1996 by including in the Appellant's income an indebtedness which the Minister alleges was owed by the Appellant taxpayer to the Carcroft Holdings Inc. (""Corporation""), which was not repaid.
[2] Further, whether or not the Appellant received an interest benefit in 1994, 1995 and 1996 in the amounts as set out in the Reply.
[3] There is no issue as far as the Court is concerned about the amounts themselves. The accountant who appeared as a witness on behalf of the Appellant agreed that these amounts were correct.
[4] The whole matter is whether or not these amounts were properly categorized as a loan or indebtedness so that the Minister is entitled to apply the provisions of subsection 15(2) of the Income Tax Act.
...
[50] As counsel for the Respondent said, there was an extensive review of the workings of the corporation made over a period of years, not just the years in question, not only by the Appellant's bookkeeper but also by the accountant who testified on behalf of the Canada Revenue Agency here today, and the Court can find no reason for disputing that evidence.
[51] This evidence was given in a straightforward manner. He showed the Court his working papers and explained to the Court how he came up with the figures that he did. There was no dispute with the figures themselves, and the Court can do nothing but conclude that the Appellant has not rebutted the presumptions contained in the Reply.
[52] The Appellant has not established on a balance of probabilities that the Minister's assessment was incorrect. Therefore, the Court will have to dismiss the appeal and confirm the Minister's assessments.
Signed at New Glasgow, Nova Scotia, this 20th day of July 2006.
""T. E. Margeson""
Margeson J.
",dismissed,test
190,"The appeals from determinations made under the Income Tax Act for the 1997, 1998 and 1999 base taxation years are dismissed.
Signed at Ottawa, Canada, this 29th day of January, 2003.
""E.A. Bowie""
J.T.C.C.
Date: 20030129
",dismissed,test
191,"Whereas the Appellant had been granted leave to renew, on the date set down for the hearing of his appeals, his request for the adjournment made on
June 30, 2010 and denied by the Court on July 2, 2010;
And whereas, although duly notified of the time and place of the hearing, the Appellant did not appear and did not notify the Court of his authorization of any other person to appear on his behalf as his agent;
And the appeals having been called for hearing and counsel for the Respondent having moved for dismissal of the appeals as a consequence of the Appellants failure to appear;
The appeals from the reassessments made under the Income Tax Act for the 1997, 1998, 1999, 2002 and 2003 taxation years are dismissed pursuant to section 18.21 of the Tax Court of Canada Act for the reasons set out in the transcript of the proceedings on July 7, 2010 attached hereto.
Signed at Ottawa, Canada, this 26th day of July 2010.
G.A. Sheridan
Sheridan J.
",dismissed,test
192,"The appeals from the assessments made under the Income Tax Act for the 1994, 1995 and 1996 taxation years are dismissed.
The Respondent shall have its costs of this action to be taxed.
Signed at New Glasgow, Nova Scotia, this 13th day of September 2004.
""T. E. Margeson""
Margeson J.
",dismissed,test
193,"The appeal from the assessment of excise duty made under the Excise Act, 2001, S.C. 2002, c.22 for the period from January 1, 2007 to December 31, 2008 is dismissed, without costs, in accordance with and for the reasons set out in the attached Reasons for Judgment.
Signed at Ottawa, Canada this 16th day of May 2012.
""J.E. Hershfield""
Hershfield J.
",dismissed,test
194,"(delivered orally from the Bench at Vancouver, British Columbia,
on November 18, 2004)
[1] This appeal pursuant to the Informal Procedure was heard at Vancouver, British Columbia, on November 18, 2004. The Appellant testified. The Respondent called Domenica Cutaia, an employee of Insurance Corporation of British Columbia (""ICBC"") to establish the Appellant's change of address with ICBC in 2002.
[2] Paragraphs 4 to 9 inclusive of the Reply to the Notice of Appeal outline the matters in dispute. They read:
4. In computing non-refundable tax credits for the 2002 taxation year, the Appellant claimed the maximum amount of $6,482.00 for a wholly dependent person (the ""Amount"").
5. By assessment dated December 1, 2003, the Minister of National Revenue (the ""Minister"") disallowed the Amount for the Appellant's 2002 taxation year.
6. The Appellant objected to the assessment by serving on the Minister a Notice of Objection on January 13, 2004.
...
3. The Appellant testified that his wife asked or told him to move out at the end of 2001 and indicated that his relationship with his wife was at various times chancy or subject to similar outbursts. At best, this would indicate that at times he sojourned outside the matrimonial home. But his wife did not testify.
[5] As a result, the Appellant did not meet the onus upon him to establish that in 2002 he maintained a self-contained domestic establishment separate from his wife. The Court does not believe his assertions that he did so. In particular, there was no evidence corroborating his statements to that effect even though he had been warned by CRA that such corroboration was necessary.
[6] For this reason, the appeal is dismissed.
Signed at Calgary, Alberta, this 10th day of February 2005.
""D.W. Beaubier""
Beaubier, J.
",dismissed,test
195,"The appeal from the reassessment made under the Income Tax Act for the 1999 taxation year is dismissed, with one set of costs.
Signed at Ottawa, Canada, this 19th day of August, 2009.
E.A. Bowie
Bowie J.
",dismissed,test
196,"The appeals from assessments made under the Income Tax Act for the 1994, 1995, 1996 and 1997 taxation years are dismissed with costs in accordance with the attached reasons for judgment.
Signed at Ottawa, Canada, this 16th day of October 2003.
""Franois Angers""
Angers, J.
Translation certified true
on this 24th day of March 2004.
Gerald Woodard, Translator
",dismissed,test
197,"The appeal from the reassessment made under Part IX of the Excise Tax Act with respect to the period from November 1, 2008 to November 30, 2008, notice of which is dated March 31, 2014, is dismissed, with costs to the Respondent.
Signed at Ottawa, Canada, this 17th day of March 2017.
Lucie Lamarre
Lamarre A.C.J.
",dismissed,test
198,"The appeal from the reassessment made under the Income Tax Act in respect of the 2007 taxation year is dismissed in accordance with the attached reasons for judgment.
Signed at Ottawa, Canada, this 8th day of November 2012.
B. Paris
Paris J.
Translation certified true
on this 19th day of December 2012
Francie Gow, BCL, LLB
",dismissed,test
199,"The appeal with respect to assessments made under the Income Tax Act for the 2003, 2004 and 2005 taxation years is dismissed.
Signed at Toronto, Ontario this 12th day of March 2009.
J. Woods
Woods J.
",dismissed,test
200,"The appeal from the reassessment dated April 30, 2013, made pursuant to Part I of the Income Tax Act for the 2009 taxation year is dismissed with costs in accordance with the attached Reasons for Judgment.
Signed at Ottawa, Canada, this 1st day of June 2017.
""Ral Favreau""
Favreau J.
Translation certified true
on this 10th day of January 2019.
Janine Anderson, Revisor
",dismissed,test
201,"The appeals from the reassessments made under the Income Tax Act for the 1999, 2000, 2001 and 2002 taxation years are dismissed in accordance with the attached Reasons for Judgment.
The Respondents request for costs is denied.
Signed at Ottawa, Canada, this 17th day of September, 2009.
G. A. Sheridan
Sheridan, J.
",dismissed,test
202,"The appeal with respect to an assessment made under the Income Tax Act for the 2005 taxation year is dismissed. The respondent is entitled to costs.
Signed at Ottawa, Ontario this 5th day of May 2011.
J. M. Woods
Woods J.
",dismissed,test
203,"The appeal under the Excise Tax Act from the notice of reassessment dated November 9, 2009 for the period from January 1, 2008 to December 31, 2008, is dismissed, without costs.
Signed at Ottawa, Canada, this 2nd day of December, 2011.
Wyman W. Webb
Webb J.
",dismissed,test
204,"The appeals from the assessments made by the Minister of National Revenue under the Income Tax Act for the 2007, 2008, 2009 and 2010 taxation years are dismissed, in accordance with the attached Reasons for Judgment.
Signed at Ottawa, Canada, this 10th day of April 2014.
Lucie Lamarre
Lamarre J.
Translation certified true
on this 29th day of May 2014
Daniela Guglietta, Translator
Citation 2014 TCC 107
Date: 20140410
",dismissed,test
205,"The appeal from the assessments made under section 160 of the Income Tax Act, notices of which are dated July 4, 2011 and numbered 1430684 and 1431993 respectively is dismissed, without costs, in accordance with the attached Reasons for Judgment.
Signed at Ottawa, Canada, this 26th day of March 2015.
Patrick Boyle
Boyle J.
Translation certified true
On this 23rd day of June 2015
Franois Brunet, Revisor
",dismissed,test
206,"The appeal from the Notice of Reassessment dated June 23, 2015 made under the Excise Tax Act for the annual reporting period from April 1, 2011 to June 30, 2011 is dismissed without costs.
Signed at Ottawa, Canada, this 27th day of January 2017.
V.A. Miller
V.A. Miller J.
",dismissed,test
207,"The appeal from the assessment under the Income Tax Act (""the Act"") for the 1997 taxation year is dismissed, with costs.
Signed at Ottawa, Canada, this 24th day of March 2006.
""Lucie Lamarre""
Lamarre J.
Translation certified true
on this 26th day of October 2006.
Monica F. Chamberlain, Reviser
",dismissed,test
208,"The appeals from the assessments made under the Income Tax Act for the 1994 and 1995 taxation years are dismissed in accordance with the attached Reasons for Judgment.
Signed at Ottawa, Canada, this 13th day of August 2004.
""B. Paris""
Paris J.
Translation certified true
on this 25th day of January 2005.
Colette Dupuis-Beaulne, Translator
",dismissed,test
209,"The appeal from the reassessments made under the Income Tax Act for the 2006, 2007 and 2008 taxation years is dismissed on the basis that the appellant is not entitled to deduct her rental losses in the amounts of $8,389, $14,044 and $11,606 for the 2006, 2007 and 2008 taxation years respectively pursuant to subsection 9(1) of the Act.
Without costs.
Signed at Montreal, Quebec, this 8th day of February 2013.
Johanne DAuray
D'Auray J.
",dismissed,test
210,"The appeal from the assessment made under the Income Tax Act for the 2000 taxation year is dismissed in accordance with the attached Reasons for Judgment.
Signed at Ottawa, Canada, this 18th day of May 2004.
""G. Sheridan""
Sheridan, J.
",dismissed,test
211,"The appeal from the assessment dated March 14, 2012 for the period from November 1, 2011 to December 31, 2011 under the Excise Tax Act is dismissed and the decision of the Minister of National Revenue is confirmed.
Signed at Ottawa, Canada, this 27th day of May 2014.
V.A. Miller
V.A. Miller J.
",dismissed,test
212,"The appeal under subsection 103(1) of the Employment Insurance Act (the ""Act"") is dismissed on the basis that the work done by the Appellant, Diane Lamy Gauthier, for the company 9146-9379 Qubec Inc. (the ""Payor""), from April 3, 2009, to September 14, 2009, was not insurable employment within the meaning of the Act.
The decision of the Minister of National Revenue dated January 6, 2010, is therefore confirmed in accordance with the attached Reasons for Judgment.
Signed at Ottawa, Canada, on this 18th day of October 2011.
""Alain Tardif""
Tardif J.
Translation certified true
on this 25th day of November 2011.
Michael Palles, Translator / Language Adviser
",dismissed,test
213,"The appeal from the reassessment made pursuant to the Income Tax Act for the 2010 taxation year is dismissed.
Signed at Montral, Quebec, on this 17th day of June 2013.
""Rommel G. Masse""
Masse D.J.
Translation certified true
on this 31st day of July 2013.
Elizabeth Tan, translator
",dismissed,test
214,"The appeal from the assessment made pursuant the Income Tax Act for the 2001 taxation year is dismissed, in accordance with the attached Reasons for Judgment.
Signed at Ottawa, Canada, this 4th day of September 2003.
P.R. Dussault
Dussault J.
Translation certified true
on this 30th day of March 2009.
Bella Lewkowicz, Translator
",dismissed,test
215,"The appeal from the reassessment made under Part IX of the Excise Tax Act, notice of which is dated September 12, 2014, and concerns certain reporting periods between August 1, 2010, and February 28, 2013, is dismissed, with costs in favour of the respondent, in accordance with the attached Reasons for Judgment.
Signed at Ottawa, Canada, this 23rd day of January 2019.
This amended judgment with reasons for judgment is issued in replacement of the judgment with reasons for judgment dated May 18, 2018. Note that only the judgment page and the counsel page have been amended to correct an error with respect to the appearances.
Dominique Lafleur
Lafleur J.
Translation certified true
on this 22nd day of August 2019.
Janine Anderson, Revisor
",dismissed,test
216,"The appeal from the assessment made under the Excise Tax Act, notice of which is dated January 23, 2009 and bears number 09019505012370003 is dismissed.
Signed at Ottawa, Canada, this 13th day of May 2011.
E.A. Bowie
Bowie J.
",dismissed,test
217,"The appeal from the decision of the Minister of National Revenue dated February 24, 2010 is dismissed.
Signed at Ottawa, Canada, this 23rd day of June 2011.
G. A. Sheridan
Sheridan J.
",dismissed,test
218,"UPON motion by the respondent for an order striking out the notice of appeal and dismissing the appeal with costs,
IT IS ORDERED THAT:
1. the motion is granted,
2. the notice of appeal filed with the Registry on February 20, 2013 is struck out in its entirety without leave to amend,
3. the appeal is dismissed, and
4. the respondent is entitled to costs, fixed in the amount of $1,000, which shall be paid by the appellant to the respondent no later than August 15, 2013.
Signed at Toronto, Ontario this 30th day of July 2013.
J. M. Woods
Woods J.
",dismissed,test
219,"The appeal against an assessment made under Part IX of the Excise Tax Act, the notice of which is dated November 17, 2003 and bears number PQ?2003?7319, in respect of the Goods and Services Tax, is dismissed, with costs in favour of Respondent, in accordance with the attached Reasons for Judgment.
Signed at Ottawa, Canada, this 8th day of November 2005.
Alain Tardif
Tardif, J.
",dismissed,test
220,"The appeals from the reassessments made under the Income Tax Act for the 2008 and 2009 taxation years are dismissed in accordance with the attached reasons for judgment.
Signed at Ottawa, Canada, this 18th day of November 2014.
Robert J. Hogan
Hogan J.
",dismissed,test
221,"Let the attached certified transcript of my Reasons for Judgment delivered orally from the Bench at Toronto , Ontario , on November 25, 2008, be filed.
N. Weisman
Weisman D.J.
Signed in Toronto , Ontario , this 24th day of April 2009.
Court File Nos. 2008-1413(EI)
2008-1414(CPP)
TAX COURT OF CANADA
...
I have heard no new facts at the trial, and I have heard nothing to indicate that the Minister misapplied or misinterpreted the evidence that was known, which leads me to the conclusion that the Minister's decision was objectively reasonable. I can find no business that Karen Jermey was in on her own account. In the result, the two appeals will be dismissed and the decisions of the Minister will be confirmed.
The last thing I would like to say is that I thought the submissions of counsel for the Minister, Mr. Trieu, were nothing short of excellent.
--- Whereupon the Decision with Reasons concluded.
I HEREBY CERTIFY THAT I have, to the best
of my skills and abilities, accurately transcribed the foregoing proceeding.
Catherine Keenan, Computer-Aided Transcription
",dismissed,test
222,"McArthur J.
[1] This is an appeal from a decision by the Minister of National Revenue for the 1999 taxation year; 2000 is withdrawn. The Minister submits that the Appellant was not usually required to perform his job duties outside his employer's place of business or at various locations under paragraph 8(h)(1) of the Income Tax Act pursuant to income tax. Consequently, subsection 8(2) of the Act precludes the Appellant from deducting his travel expenses.
[2] In computing his income for 1999, the Appellant deducted ten thousand three hundred ninety?five dollars ($10,395.00) for motor vehicle travel expenses. The following facts, which I find in paragraph 10 of the Reply to the Notice of Appeal, are not in dispute. At all relevant times, the Appellant was employed by Crown Camp Services Limited, the employer. The Appellant was not usually required to perform his job duties outside his employer's place of business or at various locations. The employer's place of business was PTL Lodge.
[3] The Appellant lived in Fort McMurray, Alberta. PTL Lodge was located seventy (70) kilometres from the Appellant's home. The Appellant travelled from his home to his place of work every day. The Appellant is requesting permission to deduct his car expenses. He lives in Fort McMurray with his wife and his seventeen? (17) year old daughter. He drives one hundred forty (140) kilometres daily to and from PTL Lodge, where he works as a cook. His hours of work are from 2:00 to 11:30 in the morning. The Lodge is a residence and restaurant, I believe, particularly for those working on the Tar Sands projects. There is no village between Fort McMurray and his place of work. Otherwise, he would move there with his family. He says that it is a dangerous highway, especially in the winter, and winters are long in this part of the world.
[4] In order to deduct car expenses, the Appellant must meet the conditions set out in paragraph 8(1)(h). Moreover, a taxpayer was usually required to perform work duties elsewhere than at the employer's place of business. The place of business of the Appellant's employer was the Lodge. He was not required to travel elsewhere. He simply travelled from his home to his place of work. While I share the Appellants frustration, I would be stretching the interpretation of paragraph 8(1)(h) too far by granting his request.
[5] I found the Appellant to be scrupulously honest, almost to a fault. He did not colour his evidence to his own advantage. He told the facts as he understood them and asked for fairness. This is an appeal I would like to allow. But to do so would be to ignore the wording of subparagraph 8(1)(h)(i) and change the legislation. I have no discretion to do so.
[6] The Appellant may be well advised to speak to his Member of Parliament. The appeal is dismissed.
...
Signed at Ottawa, Canada, this 17th day of June 2004.
""C. H. McArthur""
McArthur J.
Translation certified true
on this 21st day of June 2004.
Maria Fernandes, Translator
",dismissed,test
223,"(Delivered orally from the bench on April 30, 2008, in Toronto, Ontario.)
Margeson, J.
[1] The sole issue before the court is whether the Appellant, during the years 2003, 2004 and 2005 is entitled to claim a gross non-refundable tax credit in relation to an amount for an eligible dependant, with respect to his son Alexander for each of the 2003, 2004, 2005 taxation years.
[2] The Court is satisfied that the Appellant himself, on the basis of his evidence and what he has told the Court, is quite aware of the fact that unless certain requirements are met which, according to his evidence, have not been met, which would evoke a change in the separation agreement entered into, that he is prohibited under the Statute from claiming the deduction which he seeks.
[3] Legally speaking, on the basis of the law, hes not arguing that he is entitled to the deduction that he seeks, that is on the basis of 118(1)(b) and sub-sections 56.1(4), 60.1(4) and 18(5) and 52(3.1) and 152(4) of the Income Tax Act (Act). The Court is satisfied that he himself realizes that on the facts of the case the deduction by him is not permissible. That is the state of the law at the present time.
[4] With respect to the cases that have been referred to, Chief Justice Bowman has dealt with this matter, and Justice Woods has dealt with this matter. Bowman C.J., in the case of Hamilton v. R., (2007) C.T.C. 145, (2007) C.T.C. 22, had basically the same factual situation before him, although as the Appellant himself points out, how the parties got before the Court  the reason for the parties getting before the Court was different. In this case, the Appellant says that he was directed or at least encouraged by the people from Canada Revenue Agency (CRA) to make the claim, whereas in the Hamilton case, supra, it was completely on the Appellants own initiative that she made the application.
[5] In any event, that is not significant as far as the Court is concerned. That may be the reason, although I cant do anything about that, but the importance or significance of the case that Bowman C.J. dealt with (and in which he refers to an earlier case by Justice Woods in Irwin v. R. [2005] 1 C.T.C. 2114 [Informal Procedure]) is that there is an obvious unfairness for separated or divorced parents with respect to joint custody of children.
...
[17] Unfortunately for the Appellant, the Court cannot grant the relief that he seeks. The law is clear that he was not entitled, in the years in question, to claim the amount that he seeks. Whether he is entitled to do it in the future will depend upon whether a Court should be able to decide that he is no longer or will not longer be required to pay the support amount here.
[18] During the years under appeal he certainly was required to pay the support.
[19] The Court will have to dismiss the appeal and confirm the Ministers assessment.
Signed at New Glasgow, Nova Scotia, this 19th day of July 2008.
T. E. Margeson
Margeson J.
",dismissed,test
224,"The appeals are dismissed and the decisions of the Minister are confirmed in accordance with the attached Reasons for Judgment.
Signed at Grand-Barachois, New Brunswick), this 30th day of June 2006.
S.J. Savoie
Savoie D.J.
Translation certified true
on this 30th day of November.
Daniela Possamai, Translator
",dismissed,test
225,"The appeal from the reassessments made under the Income Tax Act for the 2000, 2001 and 2002 years is dismissed in accordance with the attached Reasons for Judgment.
Costs are awarded to the Respondent.
Signed at Ottawa, Canada, this 14th day of September 2012.
V.A. Miller
V.A. Miller J.
",dismissed,test
226,"The appeal from the assessment made under the Income Tax Act for the 2001 taxation year is dismissed in accordance with the attached Reasons for Judgment.
Signed at Ottawa, Canada, this 21st day of April 2006.
""Paul Bdard""
Bdard J.
Translation certified true
on this 29th day of November 2006
Monica F. Chamberlain, Reviser
Reference: 2006TCC197
Date: 20060421
",dismissed,test
227,"The appeal from the assessment of tax made under the Income Tax Act for the 2000 taxation year is dismissed. The trial judge, however, in his Reasons for Judgment makes a recommendation with respect to the exercise of the Minister's discretion under subsection 220(3.2) of the Act.
Signed at Ottawa, Canada, this 7th day of March, 2003.
""Murray A. Mogan""
J.T.C.C.
",dismissed,test
228,"(Edited for punctuation, capitalization, spelling, paragraph breaks and accuracy from the transcript of Reasons for Judgment delivered orally from the Bench on February 6, 2019 at Vancouver, British Columbia)
Graham J.
[1] In 2012, 2013 and 2014 Ilya Dnebosky was employed as a security guard in the film and television industry in British Columbia. When he filed his tax returns for those years Mr. Dnebosky deducted various expenses from his employment income. The Minister of National Revenue denied the deduction of those expenses and Mr. Dnebosky has appealed that denial. I am going to give my oral judgment on the appeals at this time. I will not be issuing written reasons for judgment.
[2] I heard the testimony and cross-examination of Mr. Dnebosky. Except as noted below, I found him to be a credible witness.
[3] The key issue in this case is whether the denied expenses should be allowed or not. I will deal with each category of expenses separately.
[4] Turning first to the accounting fees, Mr. Dnebosky deducted $160, $160 and $200 in accounting fees in 2012, 2013 and 2014 respectively. While there are circumstances where accounting fees may be a deductible expense for tax purposes, they are never deductible as employment expenses. Accordingly, I find
[5] that Mr. Dnebosky's deduction of those fees was properly disallowed by the Minister.
...
[35] Finally, turning to supplies, Mr. Dnebosky deducted $1,191 as supplies expenses in 2014. He did not provide receipts for these expenses either. I would deny them on the same basis that I have denied the office expenses. In addition, the types of supplies that Mr. Dnebosky described in his testimony were, for the most part, not things that I would have expected his employers would have required him to provide.
[36] Based on all of the foregoing, the appeals are dismissed.
This Amended Reasons for Judgment is issued in substitution of the Reasons for Judgment dated April 12, 2019.
Signed at Ottawa, Canada, this 4th day of June 2019.
David E. Graham
Graham J.
",dismissed,test
229,"The appeals with respect to the decisions by the Minister of National Revenue that the 39 workers listed in Schedule A of the attached reasons for judgment were employed by the Appellant in insurable and pensionable employment during the relevant periods, and with respect to the consequential assessments made under the Employment Insurance Act and the Canada Pension Plan, are dismissed, without costs, and the Ministers decisions are confirmed in accordance with the attached reasons for judgment.
Signed at Toronto, Ontario, this 8th day of November 2013.
Robert J. Hogan
Hogan J.
",dismissed,test
230,"(Edited from the transcript of Reasons for Judgment delivered orally from the Bench on May 4, 2011 at Kelowna, British Columbia)
Campbell J.
[1] Let the record show that I am delivering oral reasons in the appeal of James Wotherspoon. I heard this appeal yesterday.
[2] On September 6, 2007, the Appellant executed a contract for the purchase of a condominium unit located at 207-6375 Whiskey Jack Road, Big White, British Columbia, from the vendors, Don Bigelow and his spouse, Frances Solmundson. The purchase was completed in late 2007. The Appellant purchased the unit to use personally as his residence. According to the purchasers statement of adjustments, the Appellant paid Goods and Services Tax, which I will refer to throughout as GST, of 6 percent in respect to this transaction in an amount equal to $8,340.00. According to the contract of Purchase and Sale, the Appellant acknowledged that the sale of this property was not GST exempt and that he would be responsible for paying any applicable GST in respect to the purchase price of $139,000.00.
[3] The evidence of Don Bigelow, one of the vendors, was that he purchased this property in early 2005 and applied for and received a GST registration number in December of 2004. He testified that the property was purchased as a ski rental unit, with Okanogan Vacation Rentals looking after the rental of the unit for the vendors. The vendors never resided in the condominium and Mr. Bigelow referred to it as an investment property. Some improvements were made to the unit prior to its sale in 2007 to the Appellant. Throughout the vendors ownership, rental income was declared, GST collected and remitted and input tax credits claimed. The rentals were short term, according to Mr. Bigelows evidence, and averaged seven to ten days.
[4] According to correspondence from the solicitor, dated December 7, 2007, the Appellant was advised that, pursuant to information received from the GST rulings department, GST was payable by the Appellant on the condominium purchase price, but he would still be eligible to apply for the New Housing Rebate because the property had been converted from commercial use to residential use. On December 11, 2007, the Appellant did apply for the New Housing Rebate and he successfully claimed a rebate of $3,002.40, based on the purchase price of $139,000.00.
[5] On January 15, 2008, the Appellant submitted a general application for rebate of GST in which he requested a rebate of the entire amount of GST paid on this purchase as an amount that was paid by him in error. Although the Appellant successfully claimed the New Housing Rebate, the Minister of National Revenue (the Minister) denied the Appellants general application for rebate of GST.
...
[10] The Appellant did not adduce evidence that could demolish the assumptions upon which the Minister relied and upon which the assessment was based.
[11] Although the Respondent presented several alternative arguments in the event that this Court might conclude that the property was a residential complex, since I have determined that the condominium unit was not a residential complex at the time of the purchase by the Appellant, I see no need to deal with the several alternative arguments in light of my conclusions.
[12] The appeal is therefore dismissed without costs.
Signed at Charlottetown, Prince Edward Island, this 8th day of July 2011.
Diane Campbell
Campbell J.
",dismissed,test
231,"The appeal from the assessment made regarding the Goods and Services Tax pursuant to Part IX of the Excise Tax Act for the period of October 1, 2009, to December 31, 2009, is dismissed in accordance with the attached Reasons for Judgment.
Signed at Ottawa, Canada, this 28th day of September 2012.
""Paul Bdard""
Bdard J.
Translation certified true
on this 10th day of January2012.
Elizabeth Tan, Translator
",dismissed,test
232,"WHEREAS at page 13, paragraph 43 at the beginning of the first sentence of the Reasons for Judgment, a typographical error was made where it read Despite Mr. Cooks very able argument, it should have read Despite Ms. Cooks very able argument,.
These reasons for judgment are issued in substitution for the reasons for judgment signed on March 6, 2008.
Signed at Ottawa, Canada, this 31st day of March 2008.
D.G.H. Bowman
Bowman, C.J.
",other,test
233,"Whereas this Court handed down a judgment on January 3, 2006;
And whereas two mistakes, which do not affect the substance of the judgment, crept into footnote number 5, on page 4, and into paragraph 13 on page 9 of the Reasons;
This Court makes the following amendments:
Footnote number 5 should read in part as follows:
According to the statement of income for 2000 (Exhibit I?5) and a letter from ric Mtivier, the syndic, Mr. Martel transferred his property on June 12, 2000. ...
and the last sentence of paragraph 13 is deleted.
Signed at Ottawa, Canada, this 17th day of January 2006.
...
Before: The Honourable Justice Pierre Archambault
Appearances:
Counsel for the Appellant:
Patrick Poulin
Counsel for the Respondent:
Annick Provencher
",other,test
234,"Jorr J.
Introduction
[1] In this case, Guy Gervais and Lysanne Gendron, are appealing from reassessments for the 2002 taxation year.[1]
[2] The appeals were heard on common evidence. There is no real disagreement on the facts.[2]
A simplified overview of the dispute
[3] There is no dispute regarding the amounts at issue, and to simplify this overview, I will round off the numbers.
[4] At the beginning of 2002, Mr. Gervais was a shareholder in a family business. Ms. Gendron, his spouse, was not a shareholder.
...
Signed at Ottawa, Ontario, this 23rd day of April 2014.
Gaston Jorr
Jorr J.
Translation certified true
on this 29th day of July 2014
Franois Brunet, Revisor
",other,test
235,"Lamarre J.
[1] The Appellant is appealing from an assessment established by the Minister of National Revenue (the ""Minister"") under section 160 of the Income Tax Act (the ""Act"") claiming $32,866. Section 160 states:
SECTION 160: Tax liability re property transferred not at arm's length.
(1) Where a person has, on or after May 1, 1951, transferred property, either directly or indirectly, by means of a trust or by any other means whatever, to
(a) the person's spouse or common-law partner or a person who has since become the person's spouse or common- law partner,
(b) a person who was under 18 years of age, or
(c) a person with whom the person was not dealing at arm's length,
...
Firm:
Dufour Isabelle Leduc Bouthilette Lapointe Beaulieu
For the Respondent:
Morris Rosenberg
Deputy Attorney General of Canada
Ottawa, Canada
",other,test
236,"Bowman, C.J.
[1] These appeals are from income tax assessments for the appellant's 1996, 1997, 1998, 1999 and 2000 taxation years. By those assessments the Minister of National Revenue assessed the appellant as a resident of Canada. The appellant's position is that he ceased to be a resident of Canada in 1993 and that in the years under appeal he was a resident of the Turks and Caicos Islands (""TCI"") and not a resident of Canada.
[2] The respondent concedes that the appellant was a resident of the TCI in the years in question but contends that he was also a resident of Canada. Canada has no income tax convention with TCI. Therefore the rules set out in Canada's income tax treaties with respect to persons with dual residency have no application. It is possible for a person to be a resident of Canada for Canadian income tax purposes while at the same time being a resident of another country.
[3] An individual can be a resident of Canada for the purposes of the Income Tax Act either because of meeting one of the deeming provisions in subsection 250(1) of the Income Tax Act, (such as sojourning in Canada for 183 days or more) or by reason of falling within subsection 250(3) which reads:
(3) In this Act, a reference to a person resident in Canada includes a person who was at the relevant time ordinarily resident in Canada.
[4] The use of the word ""includes"" in subsection 250(3) seems to imply that there could be a third (undefined) category of Canadian resident who is neither deemed under subsection 250(1) to be a resident of Canada nor ""ordinarily resident"" within the meaning of subsection 250(3). It is not clear just what the characteristics of such a form of residency might be. No basis has been demonstrated in any event for concluding that the appellant falls within this narrow but undefined category.
[5] At all events, the Minister pleaded a number of assumptions. Some of them are irrelevant in light of the respondent's concession that the appellant was resident in TCI in the years in question. Others are as consistent with non-residency as residency, that is to say, they do not point in any direction. Many are undisputed. The assumptions as pleaded are as follows:
...
(b) if the parties agree on the basis of allocation I could incorporate this agreement into the judgment;
(c) I could hear further evidence and argument on the question of allocation.
[38] I shall defer signing the formal judgment for two weeks until I hear from counsel.
Signed at Ottawa, Canada this 30th day of November 2006.
""D.G.H. Bowman""
Bowman, C.J.
",other,test
237,"Let the attached edited transcript of the Reasons for Judgment delivered from the Bench on April 28, 2017 at Ottawa, Ontario, be filed.
Let a copy of the original version of the transcript also be sent to the parties.
Signed at Ottawa, Ontario, this 26th day of May, 2017.
Gaston Jorr
Jorr J.
2017 TCC 88
Docket: 2016-3196(IT)I
...
JUSTICE JORR: There are no costs.
MS. RENAUD: Okay.
JUSTICE JORR: This is an informal proceeding and there are normally no costs. There are exceptions, but no, in this case there are no costs.
MS. RENAUD: Perfect. Thank you.
MR. MUNRO: This sitting of the Tax Court of Canada in Ottawa is now concluded.
--- The hearing was adjourned at 9:41 a.m.
",other,test
238,"(These Reasons for Judgment are issued in substitution for the Reasons for Judgment signed on January 22, 2002)
Lamarre, J.
[1] These are appeals under the informal procedure against assessments made by the Minister of National Revenue (""Minister"") under the Income Tax Act (""Act"") for the 1995, 1996, 1997, 1998 and 1999 taxation years.
[2] In filing her 1995 income tax return, the appellant claimed a business investment loss of $268,897 with respect to investments in eight mortgages held ""in trust"" for the appellant and her father Henry Sokolowski by Kiminco Acceptance Co. Ltd. (""Kiminco""), a member of the Glen Coulter group of companies. The eight mortgage investments were made in 1987 and 1988 and are identified as follows in paragraph 13 of the Reply to the Notice of Appeal:
Account/Mortgage
Number
Ultimate Borrower
...
For the Appellant:
Name:
Firm:
For the Respondent: Morris Rosenberg
Deputy Attorney General of Canada
Ottawa, Canada
",other,test
239,"(Delivered orally from the Bench at
Montral, Qubec, on December 4, 2001)
McArthur J.
[1] This is an appeal ostensibly by Hallmark Poultry Processors Limited from an assessment by the Minister of National Revenue under the Excise Tax Act for goods and services tax. The Appellant was represented by Grald Melanson, a customs specialist with Tower Group International Inc.
[2] The facts briefly are as follows. The Tower Group, a brokerage firm, in error paid GST in the amount of $2,470 upon the import of meat products. It is my understanding that Tower Group's client was London Foods. The matter became somewhat confused in that Hallmark, the Appellant, had the quotas for the chicken and ribs that were imported and they are noted as the legal party, and the Appellant is in the business of processing poultry and was the importer of record for this transaction.
[3] The Tower Group attempted to re-correct the error and obtain its $2,470 through the London Group and finally through the Appellant, Hallmark. The application was first made through London Foods. London Foods having no financial interest in seeing that the money was refunded did not cooperate. Hallmark, upon request of the Tower Group, then made application outside the two-year limit provided for in subsection 261(3) of the Act.
[4] There is no doubt that the meat products were exempt and the $2,470 was not exigible. Mr. Melanson very fairly presented the case evidence on behalf of the Appellant and entered a bundle of documents as Exhibit A-1. He has no argument with the assumptions in the Reply to the Notice of Appeal. His position is that he and the London Group were misled by the officers of the Revenue Canada dealing with GST in reply to London Foods' first application and that on compassionate and equitable grounds, his company should receive the $2,470.
...
Firm:
N/A
For the Respondent:
Morris Rosenberg
Deputy Attorney General of Canada
Ottawa, Canada
",other,test
240,"(Delivered orally from the Bench at Halifax, Nova Scotia, on
Wednesday, February 26, 2003 and revised as to style and syntax at
Ottawa, Canada on April 9, 2003.)
Margeson, J.T.C.C.
[1] The matters before the Court at this time for decision are Marie Campbell and Her Masjety The Queen, 2002-3267(IT)I; David Austen and Her Majesty The Queen, 2002-3269(IT)I; Hazel Kennedy and Her Majesty The Queen, 2002-3270(IT)I; George Kehoe and Her Majesty The Queen, 2002-3271(IT)I; Allan Armsworthy and Her Majesty The Queen, 2002-3272(IT)I and Mary Jess MacDonald and Her Majesty The Queen, 2002-3273(IT)I. It was agreed at the outset that all of these matters would be heard on common evidence and the Court proceeded on that basis.
[2] The facts are not in dispute and can be briefly stated as follows:
. . . . .
...
[20] On the matter of costs, counsel for the Appellants asked that there be separate Bills of Costs and counsel for the Respondent argued that there should only be one.
[21] All of these cases involved the same points of facts and law. The evidence of each Appellant varied but the central theme was the same. The research that was involved in preparing these cases and the other work involved in the preparation of the cases certainly was enlightened by the fact that the Appellants were members of the same School Board and the problem that existed was the same for each one. The cost of presenting all of the Appellants as witnesses will be dealt with in the Bill of Costs and there is no disadvantage to the Appellants there.
[22] The Court concludes that this is a proper case for allowing one Bill of Costs, to be taxed.
Signed at Ottawa, Canada, this 9th day of April 2003.
""T.E. Margeson""
J.T.C.C.
",other,test
241,"Let the attached edited transcript of the reasons for judgment rendered on March 26, 2019 at Toronto, Ontario be filed. The reasons contained in the transcript (certified by the Court Reporter) have been edited for style, clarity and to make minor corrections only and contain no substantive changes.
Signed at Toronto, Canada, this 24th day of May 2019.
R.S. Bocock
Bocock J.
",other,test
242,"Delivered orally from the bench on October 23, 2007, at 200 Kent Street,
Ottawa, Ontario
APPEARANCES:
Christian-Daniel Landry The Appellant himself
Denis Emond For the Respondent
A.S.A.P. Reporting Services Inc.  2007
200 Elgin Street, Suite 1004 130 King Street West, Suite 1800
Ottawa, Ontario K2P 1L5 Toronto, Ontario M5X 1E3
(613) 564-2727 (416) 861-8720
REASONS FOR ",other,test
243,"(Decision rendered orally from the bench on December 1, 2004,
at Montral, Quebec.)
Lamarre J.
[1] The appellants are appealing from assessments by which they were denied, inter alia, input tax credits (ITCs) claimed during the period of April 1, 1999, to March 31, 2001.
[2] Specifically, Les Constructions L.J.P. Inc. claims ITCs of $12,637.03 in connection with invoices from two subcontractors, Gestion G. Gauvin and Location B.B.M, which it says that it paid.
[3] As for quipements S.P.M. Inc., it claims ITCs totalling $12,396.98 in connection with invoices which it says that it paid to three subcontractors: Gestion G. Gauvin, Construction H.D. Inc. and Coffrage R.M.R. (Exhibit A-1).
[4] Both appellants are corporations, and their shares are held by the three Ct brothers. The appellants are in the construction business. Les quipements S.P.M. Inc. is the corporation that owns the equipment, and Les Constructions L.J.P. Inc. is the corporation that carries on all the operations. Les Constructions L.J.P Inc's specialty is the erection of concrete structures. It bids on all the large construction sites in the city of Montral. It did $2.5 million worth of business in 1999, and this figure has grown considerably since then, now standing at $25 million. It employs 200 people on construction sites and generally supplies the materials.
...
Signed at Ottawa, Canada, this 17th day of August 2005.
""Lucie Lamarre""
Lamarre J.
Translation certified true
On this 21st day of February, 2006.
Garth McLeod, Translator
",other,test
