index,text,answer,document_name,split
0,"This Agreement shall commence on the Effective Date and shall continue until the four-year anniversary of the Effective Date (such period, as it may be extended, either by the mutual written agreement of the parties or automatically, or earlier terminated being referred to as the ""Consultation Period""), unless sooner terminated in accordance with the provisions of Section 4, and shall automatically renew for successive one-year periods, unless the Company provides 90 days' notice of termination before any such successive period.",Yes,PANDIONTHERAPEUTICSHOLDCOLLC_05_22_2020-EX-10.17-CONSULTING AGREEMENT.PDF,train
1,"AIG shall have the absolute right to terminate this Agreement upon thirty (30) days' prior written notice to the Company, which notice shall state the effective date of termination (the ""Termination Date""); provided, however, that AIG agrees not to terminate this Agreement unless (a) AIG significantly modifies the<omitted>corporate structure or ownership of the Company, or (b) AIG sells the Company to an acquirer, in each case, (i) having a rating from at least one of S&P, Moody's, A.M. Best or a substitute agency, which is a nationally recognized statistical rating organization, that is at least equal to the lower of (x) AIG's then-current rating from such agency or (y) the Company's then-current rating as supported by this Agreement from such agency; or (ii) such that, immediately on the effective date of the modification of corporate structure or sale by AIG of the Company, the Company's capitalization is consistent with the minimum capital adequacy standards and criteria of at least one of S&P, Moody's, A.M. Best or a substitute agency, which is a nationally recognized statistical rating organization, for a rating that is equal to or better than the Company's then-current rating on the date immediately preceding such modification of corporate structure or sale.",Yes,VARIABLESEPARATEACCOUNT_04_30_2014-EX-13.C-UNCONDITIONAL CAPITAL MAINTENANCE AGREEMENT.PDF,train
2,"This Agreement will commence on the Effective Date and continue for an Initial Term of five (5) years, and will automatically renew for additional periods of five (5) years unless one Party notifies the other of its intention not to renew, no less than 12 months prior to the expiration of the then-current term, unless terminated as permitted under this Agreement.",Yes,"BELLRINGBRANDS,INC_02_07_2020-EX-10.18-MASTER SUPPLY AGREEMENT.PDF",train
3,"TO THE GREATEST EXTENT PERMITTED UNDER APPLICABLE LAW, IN NO EVENT WILL A PARTY'S AGGREGATE LIABILITY (ABOVE AMOUNTS ACTUALLY PAID OR REIMBURSED BY SUCH PARTY'S INSURER (TO THE EXTENT NOT SELF-INSURED)) FOR A CLAIM ARISING OUT OF OR RELATED TO THIS AGREEMENT UNDER ANY LEGAL OR EQUITABLE THEORY, INCLUDING BREACH OF CONTRACT, TORT (INCLUDING NEGLIGENCE), STRICT LIABILITY, AND OTHERWISE EXCEED [***], EXCEPT THAT (A) SUCH LIMITATION SHALL NOT APPLY TO (I) A PARTY'S BREACH OF ARTICLE 10 (CONFIDENTIALITY), [***], (V) A PARTY'S FRAUD, GROSS NEGLIGENCE OR WILLFUL MISCONDUCT OR (VI) A PARTY'S INDEMNIFICATION OBLIGATIONS UNDER ARTICLE 12 (INDEMNIFICATION; INSURANCE) AND (B) SUCH LIMITATION ON LIABILITY SHALL NOT INCLUDE ANY AMOUNTS ACCRUED AND ACTUALLY OWED PURSUANT TO THE TERMS OF THIS AGREEMENT.",No,"BERKELEYLIGHTS,INC_06_26_2020-EX-10.12-COLLABORATION AGREEMENT.PDF",train
4,"Distributor acknowledges Airspan's exclusive right, title, and interest in and to any trademarks, trade names, logos and designations which Airspan may at any time have adopted, used, or registered in the United States of America and in the Territory (the ""Trademarks""), and will not at any time do or cause to be done any act or thing contesting or in any way impairing or tending to impair any part of said right, title, and interest.",No,AIRSPANNETWORKSINC_04_11_2000-EX-10.5-Distributor Agreement.PDF,train
5,ISO may terminate this Agreement prior to its expiration for cause upon prior written notice to SERVICERS as follows:<omitted>(f) Upon an assignment of this Agreement by SERVICERS without ISO's prior written consent;,No,"IPAYMENT,INC_05_14_2007-EX-10.1-SPONSORSHIP AGREEMENT.PDF",train
0,This Agreement will automatically renew for successive one-year terms unless terminated by either party by providing the other with 30 days written notice that this Agreement will not be renewed or Affiliate enters into a Processing agreement with Network 1 and an ISO Sponsorship agreement with Harris Bank in which case this Agreement will automatically terminate concurrent with the execution of such agreements.,Yes,UsioInc_20040428_SB-2_EX-10.11_1723988_EX-10.11_Affiliate Agreement 2.pdf,test
1,"Following the Initial Term, the Agreement shall automatically be renewed for additional periods of **** (each, a ""Renewal Term,"" and, together with the Initial Term, the ""Term"")), unless a Party provides written notification of non-renewal to the other Party at least **** of the Initial Term or a Renewal Term.",Yes,KitovPharmaLtd_20190326_20-F_EX-4.15_11584449_EX-4.15_Manufacturing Agreement.pdf,test
2,"This Agreement shall have an initial term of one (1) year from the date first above written (the ""Initial Term""), and shall thereafter automatically renew for successive two (2) year periods (each a ""Renewal Term""), unless earlier terminated in accordance with the terms of this Agreement.",Yes,HYPERIONSOFTWARECORP_09_28_1994-EX-10.47-EXCLUSIVE DISTRIBUTOR AGREEMENT.PDF,test
3,"This Agreement will automatically renew for up to two (2) renewal terms of five (5) years each (each, an ""Extension Period"") unless either Party provides the other Party with written notice of its intent to terminate this Agreement at least six (6) months prior to the end of the Initial Term or the then current Extension Period.",Yes,MPLXLP_06_17_2015-EX-10.1-TRANSPORTATION SERVICES AGREEMENT.PDF,test
4,"Unless either party gives written notice to terminate this Agreement at least six (6) months prior to the end of said Initial Term, this Agreement shall continue on a year to year basis (""Extended Term(s)"") until terminated by either party by giving written notice of termination thereof to the other party at least six (6) months prior to the end of the then current Extended Term.",Yes,BNLFINANCIALCORP_03_30_2007-EX-10.8-OUTSOURCING AGREEMENT.PDF,test
5,"At the end of such initial term, and any renewed term, as applicable, this Agreement shall automatically renew for an additional one (1) year term, unless a party provides written notice to the other parties at least six (6) months prior to the end of the<omitted>initial term.",Yes,MOELIS&CO_03_24_2014-EX-10.19-STRATEGIC ALLIANCE AGREEMENT.PDF,test
6,"This Agreement shall be automatically renewed for additional successive one (1) year periods, unless written notice of non-renewal is received no later than six (6) months prior to the expiration of the then current term.",Yes,"Sonos, Inc. - Manufacturing Agreement .PDF",test
7,"This Agreement shall be subject to an automatic extension for consecutive one (1) year periods thereafter (each, an ""Extension Term"" and together with the Initial Term, the ""Term""), unless terminated (i) in accordance with its terms or (ii) upon thirty (30) days' written notice by either Party to the other Party.",Yes,"SPIENERGYCO,LTD_03_09_2011-EX-99.5-OPERATIONS AND MAINTENANCE AGREEMENT.PDF",test
8,"Thereafter, this Agreement shall be effective month to month, until terminated by Transporter or Shipper upon the following written notice to the other specifying a termination date: sixty (60) days for interruptible transportation under Rate Schedule ITS and 180 days for firm transportation under Rate Schedule FTS.",Yes,ATMOSENERGYCORP_11_22_2002-EX-10.17-TRANSPORTATION SERVICE AGREEMENT.PDF,test
9,"This Agreement shall terminate, subject to any automatic renewal or extension for one year as required by law, upon either party giving at least one hundred twenty (120) days advance written notice to the other, if not otherwise contrary to applicable law or this Agreement.",Yes,AMERICANPHYSICIANSCAPITALINC_03_31_2003-EX-10.26-AGENCY AGREEMENT.PDF,test
10,We shall give you written notice of our election not to renew the franchise at least three (3) months prior to the expiration of the initial or first renewal term of this Agreement.,Yes,BUFFALOWILDWINGSINC_06_05_1998-EX-10.3-FRANCHISE AGREEMENT.PDF,test
11,"Thereafter, this Agreement shall be renewed automatically on a five (5) year basis, unless one party notifies the other of its desire to terminate this Agreement at least sixty 90 days prior to the expiration of the Initial Term or then current renewal term, as applicable, or unless a new Agreement is signed between the USA MCO and IMedicor which will then invalidate this Agreement.",Yes,ICORECONNECTINC_10_13_2010-EX-7.1-Strategic Alliance Agreement.PDF,test
12,The Term shall automatically renew thereafter for successive 5-year terms unless either party provides prior written notice of termination not less than 90 days prior to the end of such five-year term.,Yes,LegacyEducationAllianceInc_20200330_10-K_EX-10.18_12090678_EX-10.18_Development Agreement.pdf,test
13,"Unless earlier terminated as provided herein, this Agreement continues in effect for an initial term of seven (7) years (""Initial Term"") and will automatically renew for one or more annual periods after the Initial Term (each a ""Renewal Term"") unless either party gives notice of non-renewal at least one hundred eighty (180) days prior to the beginning of any Renewal Term.",Yes,ENERGOUSCORP_03_16_2017-EX-10.24-STRATEGIC ALLIANCE AGREEMENT.PDF,test
14,"Upon expiry of the Initial Term, this Agreement [*****] unless a Notice of non-renewal is given by either Party to the other Party [*****] prior to the expiry of the Initial Term or the end of a renewal period, if any.",Yes,AzulSa_20170303_F-1A_EX-10.3_9943903_EX-10.3_Maintenance Agreement1.pdf,test
15,"The Term will automatically renew for successive additional periods of one (1) year each, provided that: (a) Distributor has made all Guaranteed Minimum Purchases and has complied with the marketing requirements under paragraph 4.1(b); (b) the parties have agreed in writing upon the Guaranteed Minimum Purchase amounts and Product price discounts for the next subsequent one (1) year renewal period; (c) neither party provided the other party with notice of such party's intention not to renew this Agreement at least thirty (30) days prior to any year's Expiration Date; and (d) neither party provided the other party with such notice as may be required pursuant to paragraphs 5.2, 5.3 or 5.4.",Yes,EUROPEANMICROHOLDINGSINC_03_06_1998-EX-10.6-DISTRIBUTOR AGREEMENT.PDF,test
16,The initial term of this Agreement shall be for a period of five (5) years from the date first set forth above and shall thereafter automatically renew for additional two (2) year terms unless a party provides the other party with notice of non-renewal no less than 6 months prior to the expiration of the initial term or any renewal term unless earlier terminated as follows:,Yes,NANOPHASETECHNOLOGIESCORP_11_01_2005-EX-99.1-DISTRIBUTOR AGREEMENT.PDF,test
17,"This Agreement shall be automatically renewed for an additional one year period on each anniversary of the Effective Date, unless terminated by either Party hereto upon ninety (90) days written notice to the other.",Yes,AMERICASSHOPPINGMALLINC_12_10_1999-EX-10.2-SITE DEVELOPMENT AND HOSTING AGREEMENT.PDF,test
18,"Unless this Agreement is terminated pursuant to Section 25, this Agreement will automatically renew for additional successive [***] terms (each a ""Renewal Term"" and together with the Initial Term, the ""Term"") unless and until either Party provides written notice of non-renewal to the other Party at least [***] prior to the end of the then-current Term.",Yes,"PHREESIA,INC_05_28_2019-EX-10.18-STRATEGIC ALLIANCE AGREEMENT.PDF",test
19,"This Agreement shall automatically continue following the Initial Term, for an additional period of three (3) years, unless a party to this Agreement provides written notice of termination to the other parties at least sixty (60) days prior to the expiration of the Initial Term or this Agreement (""Extended Term"" and, with the Initial Term, ""Term"").",Yes,TomOnlineInc_20060501_20-F_EX-4.46_749700_EX-4.46_Co-Branding Agreement.pdf,test
20,"After the Initial Term, this Agreement shall continue on a month to month basis until terminated by either party upon thirty (30) days prior written notice to the other setting forth the effective date of such termination.",Yes,"FTENETWORKS,INC_02_18_2016-EX-99.4-STRATEGIC ALLIANCE AGREEMENT.PDF",test
21,The initial term of this Agreement and any renewal term thereof shall be automatically extended at the end of the initial term and any renewal term thereof for an additional one (1) year period unless either Party notifies the other Party not less than six (6) months before the end of the then in effect term of its intent to terminate this Agreement,Yes,RitterPharmaceuticalsInc_20200313_S-4A_EX-10.54_12055220_EX-10.54_Development Agreement.pdf,test
22,"This Agreement shall automatically renew beyond the Initial Term for successive one (I) year terms (each, a ""Renewal Term""), unless a Party provides the other with written notice of termination at least one hundred eighty (180) days prior to the expiration of the Initial Term or the then-current Renewal Term.",Yes,VitalibisInc_20180316_8-K_EX-10.2_11100168_EX-10.2_Hosting Agreement.pdf,test
23,"Upon expiration of the Initial Term, this Agreement shall automatically renew for consecutive one (1) year periods, unless terminated by Reseller within sixty (60) days prior to the expiration of the Initial Term or any renewal term, as the case may be (the Initial Term and each renewal term, collectively, the ""Term"").",Yes,DIVERSINETCORP_03_01_2012-EX-4-RESELLER AGREEMENT.PDF,test
24,"This agreement will be automatically renewed at the end of every ten (10) year term, with each subsequent term of renewal being for a ten (10) year term. A six (6) months notice must be given by either party of their intention to terminate relations due to any reason other than breach of this agreement.",Yes,AgapeAtpCorp_20191202_10-KA_EX-10.1_11911128_EX-10.1_Supply Agreement.pdf,test
25,"This agreement shall automatically renew for additional successive terms of twelve (12) months each at the end of the Initial Term (""Renewal Terms""), unless either party notifies the other in writing at least sixty (60) days prior to the end of the Initial Term.",Yes,EdietsComInc_20001030_10QSB_EX-10.4_2606646_EX-10.4_Co-Branding Agreement.pdf,test
26,This Agreement shall automatically renew for consecutive one (1) year terms at XIMAGE's then prevailing rates at the end of each one (1) year term unless either party gives at least sixty (60) days prior written notice of the non-renewal of this Agreement.,Yes,IMAGEWARESYSTEMSINC_12_20_1999-EX-10.22-MAINTENANCE AGREEMENT.PDF,test
27,The Agreement shall automatically renew for successive one year additional terms unless terminated by either party at least six months prior to the expiration of the then-current term.,Yes,RandWorldwideInc_20010402_8-KA_EX-10.2_2102464_EX-10.2_Co-Branding Agreement.pdf,test
28,"In accordance with items 9.3, 9.4, and 10.3, this Contract shall come into force on the Effective Date, remain effective throughout the Initial Term, and be prolonged, or further extended automatically for a period of 12 months, each such extension commencing at the end of the last day of the Initial Term or the relevant anniversary thereof, unless either Party serves written notice of termination on the other Party at least 65 days prior to the end of the Initial Term, or any subsequent extension.",Yes,CHAPARRALRESOURCESINC_03_30_2000-EX-10.66-TRANSPORTATION CONTRACT.PDF,test
29,"Following the Initial Term, either Party may terminate this Agreement without cause upon written notice to the other Party of at least 3 months.",Yes,HealthcareIntegratedTechnologiesInc_20190812_8-K_EX-10.1_11776966_EX-10.1_Reseller Agreement.pdf,test
30,This agreement shall automatically renew for successive six (6) month periods unless written notice is provided of either party's intent not to renew at least six (6) months before the end of the then-current term.,Yes,CCAINDUSTRIESINC_04_14_2014-EX-10.1-OUTSOURCING AGREEMENT.PDF,test
31,"The term of this Agreement is three years from and including the date of this Agreement (the ""Initial Term""), with automatic renewal for additional successive one-year terms (each a ""Renewal Term"" and together wit the Initial Term, the ""Term"") unless no later than [* * *] days prior to the end of the Initial Term, or any Renewal Term either party notifies the other that it wishes to terminate this Agreement effective the end of the Initial Term or that Renewal Term, as applicable.",Yes,"VAPOTHERM, INC. - Manufacturing and Supply Agreement.PDF",test
32,"Notwithstanding the foregoing, this Agreement can be terminated by EKR at the end of the Initial Term by delivery of written notice to PPI at least one hundred eighty (180) days prior to the end of the Initial Term or any renewal term.",Yes,"PACIRA PHARMACEUTICALS, INC. - A&R STRATEGIC LICENSING, DISTRIBUTION AND MARKETING AGREEMENT .PDF",test
33,"This JV Agreement shall become effective on the signing date and shall have a duration of * years, extendable for a further * years, unless notice of non- renewal is sent one year before the natural expiry date.",Yes,"KIROMICBIOPHARMA,INC_04_08_2020-EX-10.28-JOINT VENTURE AGREEMENT.PDF",test
34,"By either Vendor or Distributor, upon written notice of termination of this Agreement no later than ninety (90) calendar days prior to the expiration of the relevant Term, then in effect;",Yes,ENTERTAINMENTGAMINGASIAINC_02_15_2005-EX-10.5-DISTRIBUTOR AGREEMENT.PDF,test
35,"The Agreement shall automatically renew for successive one (1) year terms (each a ""Renewal Term"") unless either party provides the other party written notification of its intent to terminate the Agreement no later than sixty (60) days prior to the end of the then applicable term.",Yes,IpassInc_20181203_8-K_EX-99.1_11445874_EX-99.1_Reseller Agreement.pdf,test
36,"This Agreement will automatically renew for successive one year terms (each a ""Renewal Term"", and together with the Initial Term, the ""Term""), unless either Charterer or Owner elects not to renew this Agreement by providing the other party with written notice of such election 30 days prior to the expiration of the Initial Term or Renewal Term, as applicable, at which point this Agreement will automatically terminate.",Yes,MARTINMIDSTREAMPARTNERSLP_01_23_2004-EX-10.3-TRANSPORTATION SERVICES AGREEMENT.PDF,test
37,The term of this Agreement shall be two (2) years from the Effective Date with automatic annual renewals thereafter provided either party does not provide sixty (60) days notice of termination prior to the renewal date or the Agreement is not otherwise terminated as set forth in Section 8.,Yes,"LEGACYTECHNOLOGYHOLDINGS,INC_12_09_2005-EX-10.2-DISTRIBUTOR AGREEMENT.PDF",test
38,"Upon the expiration of such term, this Agreement will renew automatically for successive terms of one (1) year each unless either party to this Agreement delivers written notice of termination to the other party to this Agreement at least sixty (60) days prior to the end of the original or any renewal term.",Yes,NEONSYSTEMSINC_03_01_1999-EX-10.5-DISTRIBUTOR AGREEMENT_Amendment.pdf,test
39,"Customer, upon thirty days prior written notice, may cancel this Agreement at the end of the Initial Term and thereafter on each anniversary of the end of the Initial Term.",Yes,TRIZETTOGROUPINC_08_18_1999-EX-10.17-TECHNICAL INFRASTRUCTURE MAINTENANCE AGREEMENT.PDF,test
40,"In sum, Minn. Stat. § 80C.14 (subd. 3) currently requires, except in certain specified cases, that a franchisee be given 90 days' notice of termination (with 60 days to cure) of the Franchise Agreement.",Yes,"GOOSEHEADINSURANCE,INC_04_02_2018-EX-10.6-Franchise Agreement.PDF",test
41,Either Party may terminate this Agreement for any reason upon providing 180 days prior written notice to the other Party prior to the expiration of the then-current term or unless sooner terminated in accordance with the terms of this Agreement.,Yes,LiquidmetalTechnologiesInc_20200205_8-K_EX-10.1_11968198_EX-10.1_Development Agreement.pdf,test
42,"Unless terminated sooner, the term of this Agreement shall begin on the Effective Date and continue for three (3) years thereafter (the ""Initial Term"") and shall automatically renew for additional one (1) year terms on the terms and conditions set forth herein (each a ""Renewal Term"" and collectively, the ""Term"") unless either party gives the other Party Notice of its intention to terminate this Agreement ninety (90) days before the end of the Initial Term or Renewal Term, if any.",Yes,"DUOSTECHNOLOGIESGROUP,INC_04_21_2009-EX-10.1-STRATEGIC ALLIANCE AGREEMENT.PDF",test
43,"This Agreement is effective as of the Effective Date and will expire in accordance with Section 2.1, unless, upon the occurrence of any of the following events, this Agreement is earlier terminated in accordance with this Section 18.1: a) Customer delivers written notice of termination to Supplier at least [* * *] prior to the expiration date of the Initial Term, which termination shall be effective as of the expiration date of the Initial Term; b) either Party delivers written notice of termination to the other Party at least [* * *] prior to the expiration date of the Renewal Term, which termination shall be effective as of the expiration date of the Renewal Term;",Yes,ParatekPharmaceuticalsInc_20170505_10-KA_EX-10.29_10323872_EX-10.29_Outsourcing Agreement.pdf,test
44,The Term will be 3 years from Effective Date with an automatic 2 year term extensions unless otherwise advised by one of the Parties.,Yes,"HEMISPHERX - Sales, Marketing, Distribution, and Supply Agreement.PDF",test
45,"Upon expiration of the Initial Term of this Agreement, this Agreement will automatically renew for additional, successive five (5) year periods unless either Party provides the other Party written notice of its desire to terminate at least one hundred twenty (120) days prior to the end of the Initial Term or any renewal.",Yes,WaterNowInc_20191120_10-Q_EX-10.12_11900227_EX-10.12_Distributor Agreement.pdf,test
46,This Agreement shall automatically renew for successive one-year terms unless one party gives the other party written notice of non-renewal at least six months prior to automatic renewal.,Yes,NATIONALPROCESSINGINC_07_18_1996-EX-10.4-SPONSORSHIP AGREEMENT.PDF,test
47,"The term of this Agreement shall be for one (1) year commencing on the Effective Date and automatically renewing annually thereafter, unless either party provides a thirty-day notice of written termination one to the other (""Term"").",Yes,EcoScienceSolutionsInc_20171117_8-K_EX-10.1_10956472_EX-10.1_Endorsement Agreement.pdf,test
48,"Thereafter, the agreement shall automatically renew for successive five (5)-year terms, unless either Party gives written notice to the other Party of intent not to renew at least six (6) months prior to the expiration of the then-current Term.",Yes,GpaqAcquisitionHoldingsInc_20200123_S-4A_EX-10.6_11951677_EX-10.6_License Agreement.pdf,test
49,"The terms of this Agreement shall be one year from the effective date and will be automatically renewed on each anniversary of the effective date, for a renewal term of one year unless either party provides written notification of its intention not to renew this Agreement at least one month prior to the expiration of the initial or any renewal terms.",Yes,"ETELOS,INC_03_09_2004-EX-10.8-DISTRIBUTOR AGREEMENT.PDF",test
50,"The Services Term of this Agreement shall be automatically renewed for successive two-year terms thereafter unless written notice is given by either party to the other, indicating that party's intention not to renew the Services Term of this Agreement, at least ninety (90) days prior to the end of the initial Services Term or any renewed Services Term.",Yes,EmeraldHealthBioceuticalsInc_20200218_1-A_EX1A-6 MAT CTRCT_11987205_EX1A-6 MAT CTRCT_Development Agreement.pdf,test
51,"This contract shall be for a term of one year commencing on the date first above written; thereafter, it shall automatically continue until terminated by either party upon not less than thirty (30) days prior written notice to the other party.",Yes,ENTERPRISEPRODUCTSPARTNERSLP_07_08_1998-EX-10.3-TRANSPORTATION CONTRACT.PDF,test
52,"After the initial period of two years, the maintenance and support contract shall be automatically renewed for a period of one year on each renewal date, unless one of the parties terminates the maintenance and support contract through written notification to the other party in the form of a registered letter with proof of receipt, at least six (6) weeks prior to the renewal date.",Yes,SLOVAKWIRELESSFINANCECOBV_03_28_2001-EX-4.(B)(II).3-Maintenance and support contract for SICAP(R) modules.PDF,test
53,"This Agreement shall continue in effect from the Effective Date for a one (1) year period, unless earlier terminated as set forth below, and thereafter shall renew automatically for successive one (1) year periods unless either party gives the other party at least thirty (30) days prior written notice of its intent not to renew the Agreement.",Yes,WEBHELPCOMINC_03_22_2000-EX-10.8-HOSTING AGREEMENT.PDF,test
54,"Unless terminated prior to the natural expiration of the Initial Term, upon the expiry of the Initial Term this Agreement shall automatically renew for successive terms of the same duration, unless either party gives written notice to the other of such party's desire not to renew not less than ninety (90) days prior to the date of the expiration of the Initial Term or any successive term thereafter.",Yes,AURASYSTEMSINC_06_16_2010-EX-10.25-STRATEGIC ALLIANCE AGREEMENT.PDF,test
55,"Thereafter, at the end of each renewal term, the Agreement shall renew for an additional two (2) years unless one party provides the other party with prior written notice of non-renewal at least sixty (60) days prior to the expiration of the then-current term.",Yes,TodosMedicalLtd_20190328_20-F_EX-4.10_11587157_EX-4.10_Marketing Agreement_ Reseller Agreement.pdf,test
56,"This Agreement shall be effective until the earlier of (a) its termination in accordance with the provisions of this Article 14 or (b) the date that is two (2) years after the date of this Agreement; provided, however, that this Agreement will renew automatically for successive terms of one (1) year each unless a party to this Agreement delivers written notice of termination to the other party to this Agreement at least sixty (60) days prior to the end of the original or any renewal term or the parties to this Agreement do not agree in writing to the Quota Amount referred to in subsection 14.2(b)(1) for any one (1) year renewal term at least sixty (60) days prior to the commencement of such term.",Yes,NEONSYSTEMSINC_03_01_1999-EX-10.5-DISTRIBUTOR AGREEMENT_New.pdf,test
57,"This Agreement shall be automatically renewed for successive three (3) year terms thereafter (each a ""Renewal Term"" and together with the Initial Term, the ""Term"") until and unless (i) either Party provides the other Party written notice of non-renewal no later than ninety (90) days prior the end of the Initial Term or any Renewal Term or (ii) earlier terminated as provided in this ARTICLE 11.",Yes,SigaTechnologiesInc_20190603_8-K_EX-10.1_11695818_EX-10.1_Promotion Agreement.pdf,test
58,"Upon the expiration of the Term, the Term shall automatically extend for successive 12-month periods until one Party terminates the Agreement by providing at least 180 days prior written notice to the other Party prior to the expiration of the then-current term or unless sooner terminated in accordance with the terms of this Agreement.",Yes,LiquidmetalTechnologiesInc_20200205_8-K_EX-10.1_11968198_EX-10.1_Development Agreement.pdf,test
59,"Unless either party gives written notice of termination of this Agreement at least 60 days prior to the end of the Initial Term, or any successive three-year term, this Agreement shall automatically renew for successive additional three-year terms; provided, however, that this Agreement shall automatically terminate upon the dissolution of the client.",Yes,BLACKSTONEGSOLONG-SHORTCREDITINCOMEFUND_05_11_2020-EX-99.(K)(1)-SERVICE AGREEMENT.PDF,test
60,"The Initial Term shall automatically renew for one-month periods thereafter unless either party provides 30- days advance notice of termination, unless earlier terminated pursuant to Section 2.2 hereof.",Yes,HfEnterprisesInc_20191223_S-1_EX-10.22_11931299_EX-10.22_Development Agreement.pdf,test
61,"Thereafter, this agreement will renew automatically from year to year unless cancelled in writing by either Party giving the other written notice of such cancellation a minimum of 60 days before the end of the then current term.",Yes,ASIANDRAGONGROUPINC_08_11_2005-EX-10.5-Reseller Agreement.PDF,test
62,"Thereafter, this Agreement shall renew automatically for one (1) additional three (3) year period (the ""Renewal Term"" and collectively, together with the Initial Term, the ""Term"") unless either party provides the other with written notice of non-renewal at least ninety (90) days before the expiration of the Initial Term].",Yes,GopageCorp_20140221_10-K_EX-10.1_8432966_EX-10.1_Content License Agreement.pdf,test
63,"The term of this Agreement is twelve (12) months from the date hereof, and will be automatically renewed for one (1) additional twelve month period unless either party shall notify the other in writing of its intention not to renew. Such notice must be given ninety (90) days prior to expiration of the original term.",Yes,"SIBANNAC,INC_12_04_2017-EX-2.1-Strategic Alliance Agreement.PDF",test
64,The Initial Term shall automatically be extended for an additional period of half a year unless either party provides the other party with written notification of termination of the letter Agreement at least 60 days prior to end of such period.,Yes,DataCallTechnologies_20060918_SB-2A_EX-10.9_944510_EX-10.9_Content License Agreement.pdf,test
65,This Agreement shall renew automatically thereafter for successive one year periods until terminated pursuant to Section 12 herein or unless either Client or TrueLink deliver to the other written notice of intent not to renew no later than thirty (30) days prior to the end of said year.,Yes,BNCMORTGAGEINC_05_17_1999-EX-10.4-LICENSING AND WEB SITE HOSTING AGREEMENT.PDF,test
66,"This Agreement shall automatically be renewed for successive one (1) year increments unless either party request in writing, at least ninety (90) days prior to the anniversary date, that this Agreement not to be renewed.",Yes,InmodeLtd_20190729_F-1A_EX-10.9_11743243_EX-10.9_Manufacturing Agreement.pdf,test
67,"This agreement shall renew automatically each year thereafter, unless either party serves written notice of its intention not to renew, on the other at least 90 days prior to the expiration of the then current term of this agreement.",Yes,BOLIVARMININGCORP_05_23_2003-EX-2.1-VISP WEB SITE BUILDING AND HOSTING AGREEMENT.PDF,test
68,"Notwithstanding the foregoing, if, at the expiry of this Agreement following the Initial Term or the Renewal Term (if any), as applicable, Licensor and Rogers have not executed a new agreement governing the VOD distribution and exhibition of Licensed Programs and Rogers (or its permitted assigns) continues to distribute and exhibit Licensed Programs on the ROD Service following such expiry, such continued distribution and exhibition shall be governed by the terms of this Agreement in effect at the time of expiry, except that each of Licensor and Rogers shall have the right, on sixty (60) days' prior written notice, to terminate this Agreement, as so extended.",Yes,EuromediaHoldingsCorp_20070215_10SB12G_EX-10.B(01)_525118_EX-10.B(01)_Content License Agreement.pdf,test
69,"With respect to franchisees governed by Minnesota law, we will comply with Minn. Stat. § 80C.14, Subds. 3, 4, and 5 which require, except in certain specified cases, that a franchisee be given 90 days' notice of termination (with 60 days to cure) and 180 days' notice of non-renewal of the Franchise Agreement, and that consent to the transfer of the franchise not be unreasonably withheld.",Yes,"GOOSEHEADINSURANCE,INC_04_02_2018-EX-10.6-Franchise Agreement.PDF",test
70,This Agreement will renew automatically thereafter for successive one-year terms unless and until one Party gives notification of termination with at least sixty (60) days written notice.,Yes,"Zounds Hearing, Inc. - MANUFACTURING DESIGN MARKETING AGREEMENT.PDF",test
71,"The Agreement rests, for all that, cancellable at any time by any of the parties before the expiry date of the Agreement or any of itsrenewals, upon three months prior written notice.",Yes,FerroglobePlc_20150624_F-4A_EX-10.20_9154746_EX-10.20_Outsourcing Agreement.pdf,test
72,"Thereafter, this Agreement shall automatically continue in effect until either party gives the other at least six (6) months prior written notice of termination.",Yes,"IPAYMENT,INC_05_14_2007-EX-10.1-SPONSORSHIP AGREEMENT.PDF",test
73,"In the event that either party does not give such notice, the term of this Agreement shall be automatically renewed for another one (1) year.",Yes,2ThemartComInc_19990826_10-12G_EX-10.10_6700288_EX-10.10_Co-Branding Agreement_ Agency Agreement.pdf,test
74,"Unless Customer notifies Metavante of its intent not to renew this Agreement in writing within a period of three (3) months following the Renewal Notice, this Agreement shall automatically renew at the end of the Initial Term on the same terms (including pricing terms) for one (1) twelve-month period.",Yes,OFGBANCORP_03_28_2007-EX-10.23-OUTSOURCING AGREEMENT.PDF,test
75,"This contract shall remain in effect initially for the five (5) year term (""Initial Term"") from the date signed and shall be automatically extended for one (1) year periods after the Initial Term (""Renewal Term"") unless (i) either party provides written notice of its intention not to renew the Agreement within 180 days prior to any Renewal Term; or (ii) this Agreement is otherwise terminated pursuant to the terms of this Section 12.",Yes,SmartRxSystemsInc_20180914_1-A_EX1A-6 MAT CTRCT_11351705_EX1A-6 MAT CTRCT_Distributor Agreement.pdf,test
76,"Subject to the other provisions contained herein, this AGREEMENT shall be for a term of thirty (30) years from the Effective Date, which shall automatically renew from year-to-year thereafter unless terminated by a Party upon sixty (60) days' written notice after the end of the term.",Yes,STWRESOURCESHOLDINGCORP_08_06_2014-EX-10.1-COOPERATION AGREEMENT.PDF,test
77,Pretzel Time shall notify Franchisee of the nonrenewal not less than six (6) months prior to the expiration of the term of this Agreement.,Yes,MRSFIELDSORIGINALCOOKIESINC_01_29_1998-EX-10-FRANCHISE AGREEMENT.PDF,test
78,This Agreement will extend automatically for monthly periods unless either party to this Agreement notifies the other party in writing at least thirty (30) days before the expiration of the then current term.,Yes,UAGHINC_04_14_2004-EX-10.18-MAINTENANCE AGREEMENT.PDF,test
79,"This Agreement shall be automatically renewed for additional extended terms each of two (2) years duration unless either party notifies the other in writing of its intention not to renew the Agreement, such notification to be provided at least ninety (90) days prior to the expiration of the then in-effect term.",Yes,MidwestEnergyEmissionsCorp_20080604_8-K_EX-10.2_3093976_EX-10.2_Content License Agreement.pdf,test
80,"This Agreement will automatically renew at the end of the Initial Term or a subsequent renewal term on a year to year basis (each, a ""Renewal Term""), unless either Party notifies the other at least 30 days prior to the end of the Initial Term or then current Renewal Term, as applicable, of its intention not to renew this Agreement (a ""Termination Notice"").",Yes,NeoformaInc_19991202_S-1A_EX-10.26_5224521_EX-10.26_Co-Branding Agreement.pdf,test
81,"Subject to the other provisions of this Agreement, the term of this Agreement shall commence on the Effective Date and shall remain in effect until terminated by either Party upon thirty (30) days' prior written notice.",Yes,ENERGYXXILTD_05_08_2015-EX-10.13-Transportation AGREEMENT.PDF,test
82,"After the Initial Term (including any extension thereto made in accordance with the preceding sentence), the Agreement may be extended on a yearly basis up to ten (10) years at Vericel's sole discretion, with renewal notice to be provided to MediWound no later than twelve (12) months prior to the expiry of any yearly extension (the ""Renewal Term"", and the Initial Term, together with the Renewal Term, if any, the ""Term""); provided that unless otherwise agreed by the Parties, the Term of this Agreement (including the Initial Term, any extension of the Initial Term and any Renewal Terms) shall be no more than fifteen (15) years in total.",Yes,VERICELCORP_08_06_2019-EX-10.10-SUPPLY AGREEMENT.PDF,test
83,"After the Initial Term, this Agreement will be automatically renewed for successive additional 3~year periods (""Extension Terms""), unless otherwise terminated by either party by giving notice to the other party not less than sixty (60) days prior to the end of a Term.",Yes,PacificapEntertainmentHoldingsInc_20051115_8-KA_EX-1.01_4300894_EX-1.01_Content License Agreement.pdf,test
84,Each Service Option Attachment will renew automatically for an additional term equal in duration to the previous term of the applicable Service Option Attachment unless either party notifies the other party in writing at least ninety (90) days prior to the end of the then-current term for the applicable Service Option Attachment that it has elected to terminate such Service Option Attachment.,Yes,BLUEFLYINC_03_27_2002-EX-10.27-e-business Hosting Agreement.PDF,test
85,A party wishing to renew this Agreement shall give the other party notice thereof no less than thirty (30) days before the expiration of the term then in effect.,Yes,2ThemartComInc_19990826_10-12G_EX-10.10_6700288_EX-10.10_Co-Branding Agreement_ Agency Agreement.pdf,test
86,"Following the Term, this Supply Agreement shall automatically renew for successive periods of one (1) year (each a ""Renewal Term""), unless a Party delivers written notice of non-renewal to the other Party [***] prior to the end of the applicable term.",Yes,FUSIONPHARMACEUTICALSINC_06_05_2020-EX-10.17-Supply Agreement - FUSION.PDF,test
87,The Agreement will be automatically renewed for additional one (1) year terms (subject to applicable fee adjustments) unless thirty (30) days prior to the anniversary of the Effective Date Licensee gives written notice to XACCT of its intention not to renew.,Yes,"XACCT Technologies, Inc.SUPPORT AND MAINTENANCE AGREEMENT.PDF",test
88,"Notwithstanding the aforesaid in Section 16.1. and any possible implication to the contrary herein or as a result of the course of conduct of the parties, Contractor shall be entitled, at its sole discretion, to terminate this Agreement only during the Extended Term, with or without cause, upon a prior written notice of termination to NICE of not less than six (6) months.",Yes,NICELTD_06_26_2003-EX-4.5-OUTSOURCING AGREEMENT.PDF,test
89,"If Affiliate fails to notify Network of its desire that this Agreement terminate on its expiration date, at least six (6) months before the expiration date, this Agreement will automatically renew, upon the same terms and conditions, for an additional four (4) -year period (""Renewal Term"").",Yes,TubeMediaCorp_20060310_8-K_EX-10.1_513921_EX-10.1_Affiliate Agreement.pdf,test
90,This Agreement will automatically be renewed for periods of twelve (12) months unless either Party gives six (6) months written notice of its intent to terminate this Agreement.,Yes,MANUFACTURERSSERVICESLTD_06_05_2000-EX-10.14-OUTSOURCING AGREEMENT.PDF,test
91,"This Agreement shall commence on the Effective Date and continue in full force and effect until the end of the fifteenth (15th) Contract Year, and shall continue in full force and effect thereafter until terminated by either Party by providing thirty (30) calendar days' prior written notice of termination to the other Party (such fifteen (15) Contract Year period, as may be further extended as provided herein is referred to as the ""Term"").",Yes,PenntexMidstreamPartnersLp_20150416_S-1A_EX-10.4_9042833_EX-10.4_Transportation Agreement.pdf,test
92,This Attachment will automatically be renewed for periods of six (6) months unless either party gives twelve (12) months written notice of its intent to terminate this Agreement.,Yes,MANUFACTURERSSERVICESLTD_06_05_2000-EX-10.14-OUTSOURCING AGREEMENT.PDF,test
93,This Agreement shall be automatically renewed for successive one year periods unless either party gives written notice of termination to the other party at least thirty (30) days prior to the date of expiration.,Yes,"COOLTECHNOLOGIES,INC_10_25_2017-EX-10.71-Strategic Alliance Agreement.PDF",test
94,This Agreement may be terminated by either party at the expiration of its term or any renewal term upon thirty (30) days written notice to the other party.,Yes,CybergyHoldingsInc_20140520_10-Q_EX-10.27_8605784_EX-10.27_Affiliate Agreement.pdf,test
95,"This agreement begins on the Commencement Date and, subject to clause 11.2, shall continue for an initial term of one (1) years (Initial Term) and indefinitely after that until terminated by either party giving at least twelve (12) months' prior written notice to expire on or after the expiry date of the initial term.",Yes,FuseMedicalInc_20190321_10-K_EX-10.43_11575454_EX-10.43_Distributor Agreement.pdf,test
96,"This JSMA will be terminated as of the end of the Term or any Renewal Term, by either Party giving written notice of non-renewal to the other Party no less than 120 prior to the applicable expiry date (the ""Termination Period"").",Yes,VertexEnergyInc_20200113_8-K_EX-10.1_11943624_EX-10.1_Marketing Agreement.pdf,test
97,"Following the Initial Term, this Agreement shall automatically renew for successive terms of six (6) months (each a ""Renewal Term"", and together with the Initial Term, the ""Term"") unless written notice is given by either Party no later than thirty (30) days in advance of the expiration of the Initial Term or the applicable Renewal Term.",Yes,XpresspaGroupInc_20190401_10-K_EX-10.28_11599457_EX-10.28_Marketing Agreement.pdf,test
98,In the case that the company would not like to extend the terms of agreement for an additional month. The company must notify the consultant within 5 days of the conclusion of the 12 month term.,Yes,SPHERE3DCORP_06_24_2020-EX-10.12-CONSULTING AGREEMENT.PDF,test
99,"Either party may cancel this Agreement effective on the last day of the Initial Term, or<omitted>any Renewal Term, by serving written notice of such termination on the other party at least ninety (90) days prior to the end of the Initial Term or any Renewal Term as the case may be.",Yes,HYPERIONSOFTWARECORP_09_28_1994-EX-10.47-EXCLUSIVE DISTRIBUTOR AGREEMENT.PDF,test
100,"Upon expiration of the Initial Term, unless written notice to the contrary is provided by one party to the other party at least 30 days prior to the expiration of the then-current term, this Agreement shall be renewed for additional, successive periods of one (1) year each (each a ""Renewal"" and together with the Initial Term, collectively, the ""Term"").",Yes,"VIRTUALSCOPICS,INC_11_12_2010-EX-10.1-STRATEGIC ALLIANCE AGREEMENT.PDF",test
101,"This Agreement may be renewed for additional periods of one (1) year (each such additional period, a ""Renewal Term"") unless either Party provides notice of nonrenewal upon not less than [***] prior written notice to the other Party.",Yes,"Magenta Therapeutics, Inc. - Master Development and Manufacturing Agreement.PDF",test
102,This Agreement shall commence on the Effective Date and shall be valid for a period of five (5) years with automatic renewal of one year thereafter until terminated<omitted>by either party with one (1) year written notice prior to the expiration of the initial period or any extension period thereof.,Yes,Apollo Endosurgery - Manufacturing and Supply Agreement.PDF,test
103,"Thereafter, this Agreement shall automatically renew for subsequent one (1) year periods unless either party provides the other party with written notification at least thirty (30) days prior to the expiration of the initial five (5) year term or any one (1) year renewal thereof of its intention to terminate this Agreement.",Yes,CORIOINC_07_20_2000-EX-10.5-LICENSE AND HOSTING AGREEMENT.PDF,test
104,"A Facility Addendum may be extended for up to three (3) additional periods of twelve (12) months (each, an ""Extension Period"") by written notice given by Customer to Manufacturer not less than twelve (12) months prior to the expiration of the Initial Term or the applicable Extension Period, as the case may be.",Yes,UpjohnInc_20200121_10-12G_EX-2.6_11948692_EX-2.6_Manufacturing Agreement_ Supply Agreement.pdf,test
105,"Thereafter, the Agreement shall be automatically renewed for additional two year periods (each a ""Renewal Term"", the Initial Term and all Renewal Terms, the ""Term"") unless either Party notifies the other Party of its intention not to renew in writing at least three calendar months before the expiration of the then current Term.",Yes,ULTRAGENYXPHARMACEUTICALINC_12_23_2013-EX-10.9-SUPPLY AGREEMENT.PDF,test
106,"Unless either party gives the other at least ninety days' prior written notice that it has elected not to extend the term of this Agreement beyond December 31, 1998, the term of this Agreement will be automatically extended until December 31, 1999.",Yes,SYKESHEALTHPLANSERVICESINC_04_24_1998-EX-10.14-OUTSOURCING AGREEMENT.PDF,test
107,"Unless otherwise terminated as provided herein, the initial term of this Agreement shall be three (3) years from the Effective Date and shall thereafter be automatically renewed for subsequent one (1) year periods unless either party notifies the other in writing of its election not to renew the Agreement at least one hundred twenty (120) days prior to the expiration of the then-current term.",Yes,"VISIUMTECHNOLOGIES,INC_10_20_2004-EX-10.20-DISTRIBUTOR AGREEMENT.PDF",test
108,"This Agreement shall automatically be renewed for one (1) or more one (1) month periods unless either the Customer or i-on gives notice to the other party of its intention not to renew the<omitted>Agreement, which notice must be given not less than fifteen (15) days before the end of the respective initial or renewal term.",Yes,CENTRACKINTERNATIONALINC_10_29_1999-EX-10.3-WEB SITE HOSTING AGREEMENT.PDF,test
109,"Thereafter this Agreement will automatically be renewed for successive additional periods of one year, unless either party gives notice of cancellation on or before October 1 of any such year.",Yes,SYKESHEALTHPLANSERVICESINC_04_24_1998-EX-10.14-OUTSOURCING AGREEMENT.PDF,test
110,"This Agreement will automatically renew at the end of the Initial Term or a subsequent renewal term on a year to year basis (each, a ""Renewal Term""), unless either party notifies the other at least 30 days prior to the end of the Initial Term or then current Renewal Term, as applicable, of its intention not to renew this Agreement.",Yes,PaperexchangeComInc_20000322_S-1A_EX-10.4_5202103_EX-10.4_Co-Branding Agreement.pdf,test
111,"Notwithstanding any provisions of this Agreement to the contrary, this Agreement shall terminate upon the Trust's payment to the Company of the sum of the aggregate amount of the premiums paid under the Policy since inception (which amount includes the outstanding principal balance of the Demand Note).",No,MOVADOGROUPINC_04_30_2003-EX-10.28-ENDORSEMENT AGREEMENT.PDF,test
112,"Unless terminated in accordance with the provisions of Section 18, this Agreement shall automatically renew for each subsequent one-year term.",No,"MIDDLEBROOKPHARMACEUTICALS,INC_03_18_2010-EX-10.1-PROMOTION AGREEMENT.PDF",test
113,Licensor's total liability to Licensee under any provision of this Agreement shall be limited to the amount actually paid by Licensee to Licensor for the Licensed Product giving rise to the liability.,No,NEONSYSTEMSINC_03_01_1999-EX-10.5-DISTRIBUTOR AGREEMENT_New.pdf,test
114,"We may periodically increase the amounts of coverage required under such insurance policies and require different or additional kinds of insurance at any time including excess liability insurance to reflect inflation, identification of new risks, changes in law or standards of liability, higher damage awards, or other relevant changes in circumstances.",No,SoupmanInc_20150814_8-K_EX-10.1_9230148_EX-10.1_Franchise Agreement1.pdf,test
115,"Additionally, Network will procure on or before the Affiliate Launch Date, and shall maintain during the Term, at its sole expense, Errors and Omissions insurance that covers Network's media activities at a liability limit of $1,000,000 in any one (1) policy period.",No,TubeMediaCorp_20060310_8-K_EX-10.1_513921_EX-10.1_Affiliate Agreement.pdf,test
116,"Except as expressly provided in Section 3(a), Affiliate shall not have the right (i) to subdistribute or otherwise sublicense the Service, or (ii) to transmit or otherwise distribute the Service by any technology (other than Broadcast Television), or on an interactive, time- delayed, ""video-on-demand"" or similar basis.",No,TubeMediaCorp_20060310_8-K_EX-10.1_513921_EX-10.1_Affiliate Agreement.pdf,test
117,"In consideration of the license of Liquidmetal Technical Information and the Licensed Equipment granted by Liquidmetal, Eutectix agrees to pay Liquidmetal a cash royalty based on a percentage of the invoice price of any Licensed Products (but not including Liquidmetal Products) sold by Eutectix or its permitted sublicensees and for which payment was actually received by Eutectix.",No,LiquidmetalTechnologiesInc_20200205_8-K_EX-10.1_11968198_EX-10.1_Development Agreement.pdf,test
118,"Except to the extent any jointly-owned inventions or intellectual property are included in subject matter licensed by one Party to the other Party under this Agreement, each Party may only practice any such jointly-owned inventions or intellectual property for its own internal purposes, and neither Party shall have the right to enforce, license, or assign such jointly- owned inventions or intellectual property, without the prior written consent of the other Party.",No,"Array BioPharma Inc. - LICENSE, DEVELOPMENT AND COMMERCIALIZATION AGREEMENT.PDF",test
119,The distribution will be based on NVOS audited review and will be made within three months of annual considerations on the basis of a seventy percent (70%) of net profit to NVOS and thirty percent (30%) of net profit to HGF.,No,"NOVOINTEGRATEDSCIENCES,INC_12_23_2019-EX-10.1-JOINT VENTURE AGREEMENT.PDF",test
120,"Vericel shall have the right from time to time during the Term of this Agreement, but not more than [***] (unless (i) otherwise agreed between the Parties or (ii) if Section 3.4(b) below applies) during normal business hours and upon not less than [***] prior notice (unless Section 3.4(b)(iv) applies), to enter and inspect any Facility and any related utilities and/or services used in Manufacturing Product in order to carry out a cGMP quality and compliance audit of those parts of the Facility involved in or which could have any impact on Manufacture of such Product (including those used for storing, warehousing and/or testing and utilities), including for the purpose of confirming that no types of product which could reasonably be expected to impact the quality of the Product are being manufactured on site in deviation of cGMP.",No,VERICELCORP_08_06_2019-EX-10.10-SUPPLY AGREEMENT.PDF,test
121,"During the term of this Agreement, unless otherwise authorized at the sole discretion of ADAMS GOLF in writing, CONSULTANT shall not: A.give the right to use or permit the use of CONSULTANT'S name, facsimile signature, nickname, voice or likeness to any other manufacturer or seller of PRODUCT; B.sponsor or endorse PRODUCT made or sold by any other manufacturer or seller; or C.serve as a CONSULTANT or advisor of any other manufacturer or seller of PRODUCT.",No,ADAMSGOLFINC_03_21_2005-EX-10.17-ENDORSEMENT AGREEMENT.PDF,test
122,Each Party will comply with any reasonable safety and security measures which may be imposed by the other Party when visiting such other Party's location.,No,"CERES,INC_01_25_2012-EX-10.20-Collaboration Agreement.PDF",test
123,Bank of America may review and Inspect any record of system activity or Confidential Information handling upon reasonable prior notice.,No,CardlyticsInc_20180112_S-1_EX-10.16_11002987_EX-10.16_Maintenance Agreement1.pdf,test
124,"For good and valuable consideration, the receipt and sufficiency of which is hereby acknowledged, DD hereby sells, assigns and transfers to MBRK and MBRK shall be the exclusive owner, assignee, and transferee of the entire right, title and interest, including all renewals for the entire world, in and to all work performed and work product developed or produced under this Agreement, including, but not limited to, materials (including Promotional Materials), writings, documents or other information conceived or reduced to practice or authored by DD or any of DD Representative's, either solely or jointly with others, in connection with and/or pursuant to this Agreement or the relationship established between DD and MBRK or with information, materials (including Promotional Materials) or facilities of MBRK received or used by DD or DD's Representatives during the period in which DD is retained by MBRK.",No,"MIDDLEBROOKPHARMACEUTICALS,INC_03_18_2010-EX-10.1-PROMOTION AGREEMENT.PDF",test
125,Such sums of money will be paid by HealthGate to the Publishers not as a penalty but as and for the ascertained and liquidated damages owing and payable by HealthGate to the Publishers by reason of such failure to meet the System Completion Date.,No,HEALTHGATEDATACORP_11_24_1999-EX-10.1-HOSTING AND MANAGEMENT AGREEMENT (1).pdf,test
126,"If termination occurs after you begin the Hotel Work but before the Opening Date, you will pay us Liquidated Damages in an amount equal to $3,600 multiplied by the number of approved Guest Rooms at the Hotel, unless your failure to complete the Hotel Work was the result of Force Majeure.",No,"HOSPITALITYINVESTORSTRUST,INC_04_07_2014-EX-10.26-FRANCHISE AGREEMENT.PDF",test
127,Axiometric will have the right to terminate the license to use the office space and to move out of the office space at any time upon two weeks notice.,No,LinkPlusCorp_20050802_8-K_EX-10_3240252_EX-10_Affiliate Agreement.pdf,test
128,"In the event of termination of this Agreement or a cancellation of a Purchase Order, and/or discontinuance of a Product, or excess materials created by an Engineering Change, Customer agrees to compensate Contractor for unused material inventory which are affected by such termination, cancellation or discontinuance",No,InmodeLtd_20190729_F-1A_EX-10.9_11743243_EX-10.9_Manufacturing Agreement.pdf,test
129,"If termination occurs after the Effective Date but before the second anniversary of the Opening Date, you will pay us Liquidated Damages in an amount equal to $3,600 multiplied by the number of approved Guest Rooms at the Hotel.",No,"HOSPITALITYINVESTORSTRUST,INC_04_07_2014-EX-10.26-FRANCHISE AGREEMENT.PDF",test
130,Distributor shall not assign this Agreement or any rights or obligations hereunder without the prior written consent of the Company.,No,BLACKBOXSTOCKSINC_08_05_2014-EX-10.1-DISTRIBUTOR AGREEMENT.PDF,test
131,"During the term of this Agreement, and so long as Oxbow continues to own at least 15,000 common shares of Global Energy (as such amount may be adjusted to reflect any subsequent stock splits), Global Energy agrees that Oxbow shall have a seat on Global Energy's Board of Directors.",No,USASYNTHETICFUELCORP_10_21_2010-EX-10.10-STRATEGIC ALLIANCE AGREEMENT.PDF,test
132,"EFS shall have the right to decrease the Catalog budget below the ***** minimum only if EFS can demonstrate that online marketing activities yield a higher return-on-investment and provided all such reduced dollars are then reinvested in online marketing spend over and above the minimum online marketing commitment described in Section 4.2, below.",No,PlayboyEnterprisesInc_20090220_10-QA_EX-10.2_4091580_EX-10.2_Content License Agreement_ Marketing Agreement_ Sales-Purchase Agreement1.pdf,test
133,"This Agreement shall be construed, and the respective rights of the Parties determined, according to the substantive law of the State of Delaware notwithstanding the provisions governing conflict of laws under such Delaware law to the contrary, except matters of intellectual property law which shall be determined in accordance with the intellectual property laws relevant to the intellectual property in question.",No,"INNOVIVA,INC_08_07_2014-EX-10.1-COLLABORATION AGREEMENT.PDF",test
134,"No Party or any member of its Group may assign or grant a license in or to any of its Intellectual Property Rights licensed to the other Party or any member of its Group pursuant to ARTICLE III or ARTICLE IV, unless such assignment or grant is subject to the licenses, covenants and restrictions set forth herein.",No,GarrettMotionInc_20181001_8-K_EX-2.4_11364532_EX-2.4_Intellectual Property Agreement.pdf,test
135,"SUTRO'S LIABITY TO SUTROVAX FOR THIRD PARTY PENALTIES, COSTS AND EXPENSES UNDER SECTION 2.9 SHALL NOT EXCEED [***].",No,"VAXCYTE,INC_05_22_2020-EX-10.19-SUPPLY AGREEMENT.PDF",test
136,"Accordingly, you covenant and agree that, during the term of this Agreement and for a continuous period of two (2) years after the expiration or termination of this Agreement, and/or a transfer as contemplated in Section 16 above, you will not directly, indirectly, for yourself, or through, on behalf of, or in conjunction with any party, in any manner whatsoever, do any of the following:<omitted>19.3.1 Divert or attempt to divert any actual or potential business or customer of any Goosehead Business to any competitor or otherwise take any action injurious or prejudicial to the goodwill associated with the Marks and the System.<omitted>19.3.3 Own, maintain, develop, operate, engage in, franchise or license, make loans to, lease real or personal property to, be associated with, accept any compensation or remuneration from, and/or have any whatsoever interest in, or render services or give advice to, any Competitive Business.",No,"GOOSEHEADINSURANCE,INC_04_02_2018-EX-10.6-Franchise Agreement.PDF",test
137,"MS hereby grants (subject to any existing third party contractual obligations) to MSCI a non-exclusive, perpetual, irrevocable, world- wide, royalty-free license for MSCI to use, modify, copy, create derivative works of and sublicense, for any business purpose, the MS Licensed Materials.",No,MSCIINC_02_28_2008-EX-10.10-.PDF,test
138,"The Distributor shall not do, or omit to do, anything in its use of the Trade Marks that could adversely affect their validity or the goodwill of the Supplier.",No,FuseMedicalInc_20190321_10-K_EX-10.43_11575454_EX-10.43_Distributor Agreement.pdf,test
139,"To the extent that any Joint Works are created in the course of performance of this Agreement, each Party shall own a joint, equal and undivided ownership interest in and to such Joint Works and the associated Intellectual Property Rights, with no duty on the part of either Party to account to the other with respect to its use and exploitation of the same.<omitted>Without limiting the generality of the foregoing, either Party may, without any duty to account to the other (including, without limitation, any duty to pay, share or account for any royalties): (a) make, manufacture, assemble, produce, market, sell, distribute, transfer, use, license and otherwise commercially and non-commercially exploit and deal with the Joint Works; provided, that neither Party shall seek or obtain any<omitted>registration of any Intellectual Property Rights associated with the Joint Works without the other Party's prior written consent; (b) make, manufacture, assemble, produce, market, sell, distribute, transfer, use, license, seek and obtain registrations of Intellectual Property Rights (subject to paragraph (a) above) and otherwise commercially and non-commercially exploit and deal with Derivative Works of any Joint Works created by or for such Party, whether or not competitive with any items created by or for the other Party; and (c) authorize any third party to take any action described in (a) or (b) above.",No,AudibleInc_20001113_10-Q_EX-10.32_2599586_EX-10.32_Co-Branding Agreement_ Marketing Agreement_ Investment Distribution Agreement.pdf,test
140,"CBC shall maintain, at all times, manufacture and supply capacity of at least [***]% of the Annual Forecast and shall maintain, in coordination with MediWound, inventory of Bromelain SP at its premises of (i) at least [***]% of the applicable Annual Forecast; and (ii) all Bromelain SP components and materials (""the BSP Components and Materials"") needed for the manufacture and supply of the Bromelain SP such that CBC can guarantee continuous supply of the Bromelain SP in accordance with MediWound's complete Annual Forecasts.",No,MEDIWOUNDLTD_01_15_2014-EX-10.6-SUPPLY AGREEMENT.PDF,test
141,Dynamex agrees not to provide sameday delivery services for any other provider of next day or multiple day courier services.,No,DYNAMEXINC_06_06_1996-EX-10.4-TRANSPORTATION SERVICES AGREEMENT.PDF,test
142,"Notwithstanding the foregoing, in no event will Fox develop, publish and/or distribute games derived from the Property ""ICE AGE 2"" prior to January 1, 2007.",No,GluMobileInc_20070319_S-1A_EX-10.09_436630_EX-10.09_Content License Agreement2.pdf,test
143,"The licenses granted under this Agreement shall be subject to the following exclusions, conditions, restrictions, and limitations: 1. The ""Field"" shall exclude the following products and fields of use: a. Any Consumer Electronic Products (as defined below) or any components or sub-components suitable for use with any Consumer Electronic Products. For this purpose, ""Consumer Electronic Products"" means personal computers (portable and desktop); tablet or slate style computing devices; handheld electronic and/or communication devices (e.g., smartphones, digital music players, multi-function devices, etc.); any device whose function includes the creation, storage or consumption of digital media; any component or sub-component in any Consumer Electronic Product; and any accessory that is the same or similar (in the sole discretion of Apple, Inc.) to an accessory made or sold by or on behalf of Apple (regardless of when Apple sold or started to sell such accessory, including after date of the closing of the Proposed Transaction) that is suitable for use with any Consumer Electronic Product. b. Any watches or components for watches. c. Finished or semi-finished Jewelry, and also any other products that are sold under the name of a Luxury Brand or incorporated into products that are sold under the name of a Luxury Brand, including without limitation (a) buckles for belts, briefcases, handbags, and clothing; and (b) cigarette lighters and cigar cutters. For purposes hereof, the term ""Jewelry"" means rings, necklaces, pins, cufflinks, and other objects that are ornamental in nature and used for adornment of the human body. ""Luxury Brands"" shall not include brands owned or used by Nokia, Motorola, Samsung, LG, Sony-Ericsson, Apple, RIM, HTC or similar companies that supply mobile phones and accessories to the mass-market. Otherwise, ""Luxury Brands"" consist of the following brands and any other similar, renowned luxury brand which is used as the sole or primary brand on a competitive product sold at similar price point:",No,LiquidmetalTechnologiesInc_20200205_8-K_EX-10.1_11968198_EX-10.1_Development Agreement.pdf,test
144,"Affiliate shall be named as an additional insured on the policies, and, prior to the Affiliate Launch Date, shall receive certificates evidencing such insurance, providing that such coverage will not be cancelled or materially changed except upon 30 days' prior written notice to Affiliate.",No,TubeMediaCorp_20060310_8-K_EX-10.1_513921_EX-10.1_Affiliate Agreement.pdf,test
145,"In the event of termination by either party in accordance with any of the provisions of this Agreement, neither party shall be liable to the other, because of such termination, for compensation, reimbursement or damages on account of the loss of prospective profits or anticipated sales or on account of expenditures, inventory, investments, leases or commitments in connection with the business or goodwill of E.piphany or HSNS.",No,"OASYSMOBILE,INC_07_05_2001-EX-10.17-OUTSOURCING AGREEMENT.PDF",test
146,"Pursuant to and in accordance with Section 5-1401 of the New York General Obligations Law, the Parties hereto agree that this Agreement in all respects, and any claim or cause of action based upon or arising out of this Agreement, or any dealing between the Parties<omitted>relating to the subject matter of this Agreement or the transactions contemplated hereby or the Company/Repairer relationship being established, shall be governed by, and construed in accordance with, the laws of the State of New York, U.S.A. as applied to contracts to be performed wholly within the State of New York (Exclusive of Section 7-101 of the New York General Obligations Law which is inapplicable to this Agreement).",No,AzulSa_20170303_F-1A_EX-10.3_9943903_EX-10.3_Maintenance Agreement1.pdf,test
147,"After early termination of this Agreement (other than a termination based on a breach of Sections 5 or 8 by Integra) and continuing for a period of eighteen (18) months thereafter, Integra and its Affiliates may Sell any Treated Integra Product and Partially Treated Integra Product in its inventory in the Field, and may, with respect to all components which, prior to the effective date of termination, were ordered or manufactured with the anticipation of being included as Treated Integra Product or Partially Treated Integra Product, complete their manufacture and sell them as though they had been inventory on the effective date of termination, subject to payment of all amounts payable to PcoMed for such Sales under this Agreement",No,SEASPINEHOLDINGSCORP_10_10_2018-EX-10.1-SUPPLY AGREEMENT.PDF,test
148,"During the Term of the Agreement, LMG shall maintain and keep in force, at its own expense, the following minimum insurance coverages and minimum limits: workers' compensation insurance, with statutory limits as required by the various laws and regulations applicable to the employees of LMG; employer's liability insurance, for employee bodily injuries and deaths, with a limit of $500,000 each accident; commercial general liability insurance, covering claims for bodily injury, death and property damage, including premises and operations, LMG's vicarious liability for acts of independent contractors, products, services and completed operations (as applicable to the Services), personal injury, contractual, and broad-form property damage liability coverages, with combined single limit of $1,000,000 per occurrence, and a general aggregate limit of $2,000,000, for bodily injury, death and property damage; commercial automobile liability insurance, covering owned, non-owned and hired vehicles, with combined single limit of $1,000,000 per occurrence; umbrella liability insurance, with a minimum limit of $5,000,000 per occurrence and $5,000,000 in the aggregate; special form property insurance, on a replacement cost basis, covering the real and personal property of LMG which LMG is obligated to insure by the Agreement; such real and personal property may include equipment, furniture, fixtures and supply inventory; and employee dishonesty insurance covering dishonest acts of employees; such insurance shall include a Joint Loss Endorsement in favor of TAG and be written for limits not less than $500,000.",No,REGANHOLDINGCORP_03_31_2008-EX-10-LICENSE AND HOSTING AGREEMENT.PDF,test
149,"DCL will indemnify and will keep SEV indemnified in full against all Liabilities arising directly or indirectly in connection with. 11.4.1 the employment or termination of employment by DCL of any of the Transferring Employees (whether or not terminated by notice and, if so terminated, whenever that notice expires) up to and including the Commencement Date; 11.4.2 any act, omission or default of DCL up to and including the Commencement Date in respect of the employment by DCL of the Transferring Employees; 11.4.3 DCL's failure to inform or consult as required under Regulation 10 and 10A of the Regulations except to the extent that any such action or claim (or any part of such action or claim) arises from any failure by SEV to give DCL the information required from SEV to enable DCL to comply with its obligations under Regulation 10(3) of the Regulations; 11.4.4 any claim by a Transferring Employee that such person is entitled for any reason to take benefits not relating to old age, invalidity or survivors pursuant to the terms of any pension scheme in which SEV is not then participating, or pursuant to the Transferring Employee's terms and conditions of employment prior to the Commencement Date; 11.4.5 any claim by any trade union, staff association or staff body recognised by DCL in respect of all or any of the Transferring Employees arising out of DCL's failure to comply with its legal obligations to such trade unions or staff associations or bodies; and 11.4.6 any claim by any former, existing or future employee of DCL (other than the Transferring Employees) against SEV concerning or relating to any matter whatever.",No,SMITHELECTRICVEHICLESCORP_04_04_2012-EX-10.26-FLEET MAINTENANCE AGREEMENT.PDF,test
150,Without notification the contract will automatically extend for an additional month of service.,No,SPHERE3DCORP_06_24_2020-EX-10.12-CONSULTING AGREEMENT.PDF,test
151,"Upon the effective date of this agreement COMWARE shall have the exclusive right to purchase, at the DISCOUNTS described below, and resell Products to potential customers during the Initial Distribution Period, based on the following terms and conditions: (a) COMWARE must purchase no less than $22,710.00 worth of Products, in any combination, by April 15, 2000. This initial order shall be evidenced by valid purchase order from COMWARE to be received by ITS no later than 5:00PM April 1, 2000, with payment to be received by ITS no later than April 15, 2000. In the event either of these dates are not met, this Agreement will automatically and immediately terminate and neither of the parties hereto will have any further obligations, one to the other. (b) Future Purchase Orders and delivery will approximate the 15 day delivery schedule (but not the dates), although payment will be made by COMWARE to ITS no later than thirty (30) days after receipt of invoice from ITS. (c) Provided COMWARE purchases the initial products as in (a) above, COMWARE shall have the right to purchase additional Products up to a total of $45,420.00 at the following discounts: 1 INITIAL DISCOUNTS: PRODUCT IDENTIFICATION SUGGESTED RETAIL PRICE DISCOUNT PRICE TO COMWARE ------------------------------------------------------------------------------------------------- CircuiTest 2000S $5,995.00 45% $3,297.25 CircuiTest 2100 Scanner $2,995.00 56% $1,317.80 (INTERNATIONAL TEST SYSTEMS RESERVES THE RIGHT TO CHANGE THE RETAIL PRICE AT ANY TIME, WITH NOTICE TO COMWARE.) (d) In the event COMWARE purchases products in excess of $45,420.00 during the Initial Distribution Period, COMWARE shall have the right to purchase additional Products at the following discounts: SUBSEQUENT DISCOUNTS: PRODUCT IDENTIFICATION SUGGESTED RETAIL PRICE DISCOUNT PRICE TO COMWARE ------------------------------------------------------------------------------------------------- CircuiTest 2000S $5,995.00 50% $2,997.50 CircuiTest 2100 Scanner $2,995.00 60% $1,198.00 (INTERNATIONAL TEST SYSTEMS RESERVES THE RIGHT TO CHANGE THE RETAIL PRICE AT ANY TIME, WITH NOTICE TO COMWARE.)",No,"OPTIMIZEDTRANSPORTATIONMANAGEMENT,INC_07_26_2000-EX-6.6-DISTRIBUTOR AGREEMENT.PDF",test
152,"As between the Parties, Adaptimmune will have the first right to prepare, file, prosecute, maintain, enforce and defend all U.S. and foreign patents, registrations and other forms of intellectual property in any jointly-owned Invention using patent counsel of its choice that is subject to the written approval of MD Anderson not to be unreasonably withheld and at the sole cost and expense of Adaptimmune, with accounting to MD Anderson.",No,ADAPTIMMUNETHERAPEUTICSPLC_04_06_2017-EX-10.11-STRATEGIC ALLIANCE AGREEMENT.PDF,test
153,Any access or review will be conducted at the Custodian's offices during normal business hours at a time reasonably convenient to the Custodian in a manner that will minimize disruption of its business operations.,No,VerizonAbsLlc_20200123_8-K_EX-10.4_11952335_EX-10.4_Service Agreement.pdf,test
154,"This Agreement shall be governed by the laws of the State of New York and all disputes and controversies arising out of or in connection with the Agreement shall be brought exclusively before the competent courts in New York County, New York; provided however that judgment shall be enforceable in any country and that nothing in this Section shall prevent or restrict either Party from seeking interim relief in any competent jurisdiction as it may deem fit.",No,HealthcareIntegratedTechnologiesInc_20190812_8-K_EX-10.1_11776966_EX-10.1_Reseller Agreement.pdf,test
155,"Fleet shall ensure that it has sufficient experienced production staff available to meet the requirements set out in each Production Schedule and at a minimum, to meet the expected non-binding forecast set out below: [***] [***] [***] [***] [***] [***] N u m b e r o f batches",No,"Columbia Laboratories, (Bermuda) Ltd. - AMEND NO. 2 TO MANUFACTURING AND SUPPLY AGREEMENT.PDF",test
156,"Subject to the terms and conditions of this Agreement, Google grants to Distributor a limited, [ * ] license during the Term to use the Google Trademarks, in accordance with Google's trademark usage guidelines, solely to market and promote the Products consistent with this Agreement, provided that all use of the Google Trademarks shall be subject to Google's prior review and advance written consent.",No,"WHITESMOKE,INC_11_08_2011-EX-10.26-PROMOTION AND DISTRIBUTION AGREEMENT.PDF",test
157,"Any attempted assignment or delegation without such prior written consent, except as expressly set forth herein, will be void, or at the non-assigning Party's sole discretion, may be treated as fully binding upon and in force and effect against any such successor or assign.",No,VitalibisInc_20180316_8-K_EX-10.2_11100168_EX-10.2_Hosting Agreement.pdf,test
158,"In addition, within twenty-five (25) months after the termination or expiration of the Term and on a Product-by-Product basis, ETON shall perform a final ""true-up"" reconciliation and shall provide Aucta with a written report of such outlining the deductions specified in the definition of Net Sales.",No,EtonPharmaceuticalsInc_20191114_10-Q_EX-10.1_11893941_EX-10.1_Development Agreement.pdf,test
159,PCQ agrees to allow ABW to co-brand the PCQ SOFTWARE in order to provide a value added service on ABW's World Wide Web site.,No,PcquoteComInc_19990721_S-1A_EX-10.11_6377149_EX-10.11_Co-Branding Agreement1.pdf,test
160,"IN NO EVENT WILL WEBMD OR ITS SUPPLIERS OR LICENSORS BE LIABLE UNDER ANY THEORY OF LIABILITY, HOWEVER ARISING, FOR ANY COSTS OF COVER OR FOR INDIRECT, SPECIAL, INCIDENTAL, OR CONSEQUENTIAL DAMAGES OF ANY KIND ARISING OUT OF THIS AGREEMENT, OR THE PROVISION OR USE OF CONTENT, EVEN IF WEBMD HAS BEEN ADVISED OF THE POSSIBILITY OF SUCH DAMAGES.",No,WebmdHealthCorp_20050908_S-1A_EX-10.7_1027007_EX-10.7_Content License Agreement.pdf,test
161,"Notwithstanding the foregoing, Excite may display Excite Search results links to NetGrocer's Competitors in Excite Search results pages in response to user queries, may display links to NetGrocer's Competitors in Excite's general directory of Web sites and, after giving NetGrocer reasonable advance notice, in search results displayed in ""Excite Shopping Service powered by Jango"".",No,NETGROCERINC_07_31_1998-EX-10.15-SPONSORSHIP AGREEMENT.PDF,test
162,"Subject to the terms and conditions set forth herein, Theismann hereby grants to Bizzingo and its affiliates the unlimited right and privilege during the Term (as defined herein) and within the Territory to use the Property (as defined herein) in connection with the advertisement, promotion, and sale of the Network in the Territory whether through film, television, radio, print and Internet media, including the right to use the Property in or on the Network. I",No,BizzingoInc_20120322_8-K_EX-10.17_7504499_EX-10.17_Endorsement Agreement.pdf,test
163,"The Company shall not contact any of Distributor's Customer's for any reason, without the prior written approval of Distributor.",No,GentechHoldingsInc_20190808_1-A_EX1A-6 MAT CTRCT_11776814_EX1A-6 MAT CTRCT_Distributor Agreement.pdf,test
164,"Talent represents and warrants that he has not granted nor will he grant to any other party any right, permission, or license to use the Property in connection with the advertisement, sale, or promotion of the Product or in connection with products that are identical or substantially similar to the Product.",No,LegacyEducationAllianceInc_20141110_8-K_EX-10.9_8828866_EX-10.9_Endorsement Agreement.pdf,test
165,Neither party will bring a legal action related to this Agreement more than two years after the cause of action accrued.,No,QuantumGroupIncFl_20090120_8-K_EX-99.2_3672910_EX-99.2_Hosting Agreement.pdf,test
166,"If Sanofi provides such Notice of Interest during [***], then RevMed shall not negotiate with any Third Party the terms under which such Third Party would obtain any development or commercialization rights with respect to a SHP1-SHP2 Dual Inhibitor during the SHP1-SHP2 Dual Inhibitor Licensing Negotiation Period.",No,RevolutionMedicinesInc_20200117_S-1_EX-10.1_11948417_EX-10.1_Development Agreement.pdf,test
167,Such license shall also include Zogenix's agreement to use Commercially Reasonable Efforts to enable Distributor to establish manufacturing capability for the Product in or for the Territory at Distributor's cost.,No,ZogenixInc_20190509_10-Q_EX-10.2_11663313_EX-10.2_Distributor Agreement.pdf,test
168,"Neoforma hereby grants VerticalNet the right to frame all pages of the Neoforma Sites that contain Medical Products Listings with a frame containing VerticalNet Marks substantially consistent with the prototype attached hereto as EXHIBIT C, which framed pages shall only be accessible from the VerticalNet Sites.",No,NeoformaInc_19991202_S-1A_EX-10.26_5224521_EX-10.26_Co-Branding Agreement.pdf,test
169,"The initial term of this Agreement shall be one (1) year from the Effective Date (the ""Initial Term"").",No,"KUBIENT,INC_07_02_2020-EX-10.14-MASTER SERVICES AGREEMENT_Part1.pdf",test
170,"In the event that this Agreement is terminated by Theravance pursuant to Section 14.2 for material breach by GSK:<omitted>(ii) GSK shall, at its sole expense, transfer to Theravance, or shall cause its designee(s) to transfer to Theravance, ownership of all regulatory filings made or filed for any Collaboration Product that contains a LABA as a single agent (to the extent that any are held in GSK's or such designee(s)'s name), and such transfer to be as permitted by applicable Laws and regulations; otherwise GSK shall cooperate as necessary to permit Theravance to exercise its rights hereunder.",No,"INNOVIVA,INC_08_07_2014-EX-10.1-COLLABORATION AGREEMENT.PDF",test
171,"Dynamic Hearing grants to IntriCon in accordance with this Agreement, for the Term, a license, to Use Dynamic Hearing's Technology, Software and Documentation developed as of the Commencement Date to manufacture, import, sell and offer for sale throughout the Territory, Products containing Dynamic Hearing's Technology and Software.",No,INTRICONCORP_03_10_2009-EX-10.22-Strategic Alliance Agreement.PDF,test
172,Customer agrees that it will not transfer or (unless expressly and specifically approved by Kubient in advance and in writing) allow third-party access to the Service,No,"KUBIENT,INC_07_02_2020-EX-10.14-MASTER SERVICES AGREEMENT_Part1.pdf",test
173,"For the License Term and within the Licensed Territory, Producer hereby grants to ConvergTV a right and license to Distribute the program, file or video listed on the Deal Terms above (the ""Program"") consisting of<omitted>episodes (series) or<omitted>one-offs, for unlimited runs for the License Term through ConvergTV channels and/or other distribution outlets, in accordance with the License Rights.",No,FulucaiProductionsLtd_20131223_10-Q_EX-10.9_8368347_EX-10.9_Content License Agreement.pdf,test
174,The initial term of this Agreement shall ----------------------- commence on the Effective Date and end on the fifth anniversary of the Effective Date.,No,StampscomInc_20001114_10-Q_EX-10.47_2631630_EX-10.47_Co-Branding Agreement.pdf,test
175,"Each of the HOF Entities or Constellation may terminate this Agreement at any time without liability if association with another Party could, in such Party's reasonable opinion, materially damage its reputation or image or in the event a Party breaches Section 3.3 hereof, which breach is not cured within sixty (60).",No,GpaqAcquisitionHoldingsInc_20200123_S-4A_EX-10.8_11951679_EX-10.8_Service Agreement.pdf,test
176,"In consideration of the agreement of the Contractor to provide its services as set forth in this Agreement, the Company will pay the Contractor the following amounts: (i) a monthly service fee of $7.50 per note based on the maximum number of notes outstanding during the month, subject to a monthly minimum of $2,500;",No,ASPIRITYHOLDINGSLLC_05_07_2012-EX-10.6-OUTSOURCING AGREEMENT.PDF,test
177,"No party will be liable to any other for any indirect, consequential, or special damages or for loss of profits.",No,"VAPOTHERM, INC. - Manufacturing and Supply Agreement.PDF",test
178,"Pretzel Time shall not be liable to Franchisee, the contractor, or any other person, and Franchisee waives all claims for liability or damages of any type whatsoever (whether direct, indirect, incidental, consequential, or exemplary), on account of the rendition of any services by Pretzel Time in accordance with this Section, except to the extent caused by the gross negligence or intentional misconduct of Pretzel Time, and then any such liability or damages shall be limited to five thousand dollars ($5,000.00).",No,MRSFIELDSORIGINALCOOKIESINC_01_29_1998-EX-10-FRANCHISE AGREEMENT.PDF,test
179,"This Agreement is a contract under the laws of the State of Florida and for all purposes shall be governed by and construed in accordance with the substantive laws of the State of Florida, without regard to its principles of conflicts of laws provisions.",No,GentechHoldingsInc_20190808_1-A_EX1A-6 MAT CTRCT_11776814_EX1A-6 MAT CTRCT_Distributor Agreement.pdf,test
180,"Neoforma hereby grants VerticalNet an exclusive license, even as to Neoforma, to use, modify, enhance, reproduce, display, perform and transmit the Neoforma Laboratory Product Listings, subject to and in accordance with the terms, conditions and provisions of this Agreement, to the extent Neoforma has the right to do so.",No,NeoformaInc_19991202_S-1A_EX-10.26_5224521_EX-10.26_Co-Branding Agreement.pdf,test
181,"Except as otherwise provided, shipments moving at Carrier's distance commodity rates may be stopped in transit at not more than two points enroute between original point of origin and final point of destination to complete loading or to partially unload or both.",No,ENTERPRISEPRODUCTSPARTNERSLP_07_08_1998-EX-10.3-TRANSPORTATION CONTRACT.PDF,test
182,"Each party shall maintain insurance, including comprehensive or commercial general liability and products liability insurance (contractual liability included), with respect to its activities under this Agreement in such amounts and with such limits as reasonable and customary in the industry, but with limits not less than the following: (a) each occurrence, one million dollars ($1,000,000); (b) products/completed operations aggregate, five million dollars ($5,000,000); (c) personal and advertising injury, one million dollars ($1,000,000); and (d) general aggregate (commercial form only), five million dollars ($5,000,000).",No,"SightLife Surgical, Inc. - STRATEGIC SALES & MARKETING AGREEMENT.PDF",test
183,"Racing represents to the Sponsor that the Sponsor's aggregate obligation hereunder will not exceed the amount of the sponsorship fee set forth in Section 3 hereof (or such lesser amount as is payable by the Sponsor in the event that this Agreement is terminated pursuant to Section 14 hereof), plus, if applicable, collection costs that may be reasonably incurred by Racing in a legal proceeding to collect all or any part thereof (the ""Maximum Obligation"").",No,GAINSCOINC_01_21_2010-EX-10.41-SPONSORSHIP AGREEMENT.PDF,test
184,"Additionally, upon termination of this contract for any reason, all merchants recruited by Affiliate on behalf of Network 1 for any product offered through Network 1, Affiliate shall not approach, rewrite, pursue, or contract with any current client for the purpose of obtaining said client as a new customer for Affiliate or any competing entity the Affiliate may be in contract with.",No,UsioInc_20040428_SB-2_EX-10.11_1723988_EX-10.11_Affiliate Agreement 2.pdf,test
185,"Upon 30 days prior written notice, such records shall be made available by the audited party for audit by an independent certified public accounting firm designated by the other party and reasonably acceptable to the party whose records are to be examined.",No,KINGPHARMACEUTICALSINC_08_09_2006-EX-10.1-PROMOTION AGREEMENT.PDF,test
186,Each of the Suppliers warrants that the Products shall comply with the specifications and documentation agreed by the relevant Supplier and the Company in writing that is applicable to such Products for the Warranty Period.,No,PhotronicsInc_20171219_10-QA_EX-10.28_10982650_EX-10.28_Outsourcing Agreement.pdf,test
187,"During the Term, Charterer agrees that Owner will be the sole and exclusive provider of marine transportation services for #2 fuel oil and high sulfur diesel owned by Charterer or owned by others and in transit for sale to Charterer so long as Owner has the required equipment available.",No,MARTINMIDSTREAMPARTNERSLP_01_23_2004-EX-10.3-TRANSPORTATION SERVICES AGREEMENT.PDF,test
188,"The Company, the MHCs, the Bank and each Subsidiary carries, or is covered by, insurance in such amounts and covering such risks as is adequate for the conduct of their respective businesses and the value for their respective properties as is customary for companies engaged in similar industries.",No,ALLIANCEBANCORPINCOFPENNSYLVANIA_10_18_2006-EX-1.2-AGENCY AGREEMENT.PDF,test
189,"Each of Customer and Supplier shall, upon request by the other, provide the other Party with a copy of all insurance policies maintained under this Article 15 relating to the Manufacture of the Product in bulk quantities and the facilities therefor and shall notify the other Party in writing at least 30 days prior to the cancellation of or any material change to such insurance policies.",No,ParatekPharmaceuticalsInc_20170505_10-KA_EX-10.29_10323872_EX-10.29_Outsourcing Agreement.pdf,test
190,"This Agreement shall begin on the Effective Date and shall continue until December 31, 2020, unless extended or earlier terminated.",No,"ADUROBIOTECH,INC_06_02_2020-EX-10.7-CONSULTING AGREEMENT.PDF",test
191,"Licensor shall provide to Rogers, no later than February 28 in each year, a sworn statement of a senior officer of Licensor, or a certificate of the auditors of Licensor, confirming that, during the immediately preceding calendar year, Licensor did not enter into such an agreement or series of agreements or, if it did enter into such agreement(s), confirming the effective date thereof and identifying the terms contained therein that are more favourable than those contained in this Agreement.",No,EuromediaHoldingsCorp_20070215_10SB12G_EX-10.B(01)_525118_EX-10.B(01)_Content License Agreement.pdf,test
192,"The BSP itself may also audit the Supplier's (and its subcontractors) records relevant to the supply of the Services for any reasonable purpose including processes, procedures and performance for operational risk assessment, regulatory requirements and annual reporting.",No,ELANDIAINTERNATIONALINC_04_25_2007-EX-10.21-Outsourcing Agreement.PDF,test
193,Equidata reserves the right to site inspect Marketing Affiliate's physical location of business at any time.,No,SteelVaultCorp_20081224_10-K_EX-10.16_3074935_EX-10.16_Affiliate Agreement.pdf,test
194,"Except as the parties may otherwise agree in writing, Converge, to the extent it has the legal right to do so, hereby grants to Vert an irrevocable, perpetual, world-wide, non-exclusive right and license to use, load, store, transmit, execute, copy, market, distribute, in any medium or distribution technology whatsoever, known or unknown, display, perform and sublicense the Converge-Independent Materials and the Third-Party Materials, in both Source Code and Object Code formats, and to make unlimited instantiations thereof, for any and all purposes.",No,VERTICALNETINC_04_01_2002-EX-10.19-MAINTENANCE AND SUPPORT AGREEMENT.PDF,test
195,"During the first Contract Year, Wade will be available for (i) one production day for the purpose of creating marketing assets for Naked Products for unlimited use in advertisements and the media and (ii) one production day for creating marketing assets for Wade Products and Naked Products for unlimited use in advertisements and the media, each as permitted herein.",No,NakedBrandGroupInc_20150731_POS AM (on S-1)_EX-10.75_9196027_EX-10.75_Endorsement Agreement.pdf,test
196,The term of this Agreement shall commence on the Effective Date and continue for six (6) months.,No,"ADIANUTRITION,INC_04_01_2005-EX-10.D2-RESELLER AGREEMENT.PDF",test
197,"The Licensee agrees that neither the Licensor, nor any of its respective affiliates, employees, officers, or agents, shall be liable for any loss, damage, cost or expense, (direct or indirect) except for direct damages arising from the gross negligence of willful misconduct of the Licensor.",No,SFGFINANCIALCORP_05_12_2009-EX-10.1-SOFTWARE LICENSE AND MAINTENANCE AGREEMENT.PDF,test
198,"Effective as of the Initial Closing Date, the Purchaser will cause each Acquired Company and each Purchaser Assignee to grant, following each applicable Closing Date, to the Seller Parties, an irrevocable (except as expressly set forth herein), non-sublicenseable (except as expressly set forth herein), perpetual, fully paid-up, royalty-free, worldwide, non-transferable (except as expressly set forth herein), non-exclusive license, under the Transferred IP (other than Trademarks and Patents) that is or has been, on or prior to the Initial Closing Date, (x) used in connection with the Seller Business, (y) used in connection with the development of any product, service, or system in the Seller Business, or (z) incorporated into any product, service, or system in the Seller Business: (i) (A) to use such Transferred IP in the operation of the Seller Business and to practice any methods, processes, and procedures in connection therewith and (B) to make, have made, use, sell, offer for sale, import, and otherwise dispose of products, services, and systems that were designed, developed, manufactured, distributed, offered for sale, sold, resold, supported, otherwise under development, or provided, as of the applicable Closing Date, by the Seller Parties in connection with in the Seller Business and to practice any methods, processes, and procedures in connection therewith, and in each case of clauses (A) and (B), including with respect to all Derivative Works and natural evolutions thereof; (ii) to make, have made, use, sell, offer for sale, import and otherwise dispose of Smart Sensing Network Equipment; and (iii) to make, have made, use, sell, offer for sale, import, and otherwise dispose of Public Safety LTE Smartphone Devices.",No,ZEBRATECHNOLOGIESCORP_04_16_2014-EX-10.1-INTELLECTUAL PROPERTY AGREEMENT.PDF,test
199,"Thereafter, VerticalNet shall place button Links to Neoforma Shop or Neoforma Auction on unsold third-party advertising inventory (up to [*] of the total third party advertising inventory) on the home pages of the VerticalNet Medical Online Communities as frequently as VerticalNet places internal advertisements on such advertising inventory and (b) the site located at www.meddeals.com.",No,NeoformaInc_19991202_S-1A_EX-10.26_5224521_EX-10.26_Co-Branding Agreement.pdf,test
200,"All insurance policies must be issued by an admitted insurance carrier with an A.M. Best rating of A-8 or better. SDBF, Padres LP, the City of San Diego and each of their subsidiary or affiliated companies and its and their directors, officers and employees must be named as Additional Insureds under the Commercial General Liability, Automobile Liability and Umbrella Liability Policies.",No,RUBIOSRESTAURANTSINC_03_31_2008-EX-10.75-SPONSORSHIP AGREEMENT.PDF,test
201,"During the Term (including any renewal Term, if any), in the event that MusclePharm shall determine to develop and introduce a new Product into the market, MusclePharm shall provide the AS Parties with a sample of the name, design, marketing plan and an actual sample of such new Product (the ""Sample"") and the AS Parties shall have a right of first refusal (exercisable by written notice to MusclePharm within 15 days after receipt of the Sample) to include such new Product in the AS Product Line, it being understood that there shall initially be no less than four (4) Products at the start of the Term and thereafter no more than 8 (eight) Products in the AS Product Line without the mutual written agreement of the parties hereto.",No,MusclepharmCorp_20170208_10-KA_EX-10.38_9893581_EX-10.38_Co-Branding Agreement.pdf,test
202,"The term of this Agreement will commence on January 1, 1998 (the ""Effective Date"") and will end on December 31, 1998.",No,SYKESHEALTHPLANSERVICESINC_04_24_1998-EX-10.14-OUTSOURCING AGREEMENT.PDF,test
203,Any assignment or transfer of this Agreement in violation of this Section 9.8 will be null and void.,No,ANIXABIOSCIENCESINC_06_09_2020-EX-10.1-COLLABORATION AGREEMENT.PDF,test
204,"Customer shall not assign this Agreement, in whole or in part, to any other person without the prior written consent of Supplier, not to be unreasonably withheld, conditioned or delayed.",No,ParatekPharmaceuticalsInc_20170505_10-KA_EX-10.29_10323872_EX-10.29_Outsourcing Agreement.pdf,test
205,"This Agreement is effective from the date of its date of signature and chop, and any other agreement between the parties regarding to matters which are similar to the cooperation contents hereunder shall be terminated automatically.",No,CHEETAHMOBILEINC_04_22_2014-EX-10.43-Cooperation Agreement.PDF,test
206,"AIRSOPURE grants to You, and You accept from AIRSOPURE, the right and license to operate an AIRSOPURE Center (or the ""Franchise"") for the sale or lease of AIRSOPURE's exclusive line of Products or at a location in the Exclusive Territory to be approved in writing by AIRSOPURE and listed in attached Exhibit A (the ""Exclusive Territory and Center Location""), to purchase Products from AIRSOPURE or its affiliates for resale at the Center to customers in the Exclusive Territory, and to use the Licensed Marks only in connection with the operation of the Franchise in accordance with the terms and conditions of this Agreement.",No,AIRTECHINTERNATIONALGROUPINC_05_08_2000-EX-10.4-FRANCHISE AGREEMENT.PDF,test
207,LICENSEE may terminate this Agreement upon ninety (90) days written notice.,No,SUMMAFOURINC_06_19_1998-EX-10.3-SOFTWARE LICENSE AND MAINTENANCE AGREEMENT.PDF,test
208,"Dynamic Hearing is not liable in any way to IntriCon for any indirect, consequential, third party, special or incidental harm, liability, expense, cost, loss or damage, loss of profits, loss of data, exemplary damages or any other indirect commercial or economic loss of any kind whatsoever incurred by IntriCon whether in negligence, tort, equity, contract or otherwise, arising in connection with this Agreement;",No,INTRICONCORP_03_10_2009-EX-10.22-Strategic Alliance Agreement.PDF,test
209,"Unless otherwise addressed in an Intellectual Property Amendment, VS hereby assigns to PPD (or Sponsor as the case may be) all rights that VS may have in any invention, technology, know-how or other intellectual property which is developed with use of Confidential Information provided to VS by PPD.",No,"VIRTUALSCOPICS,INC_11_12_2010-EX-10.1-STRATEGIC ALLIANCE AGREEMENT.PDF",test
210,"Operator shall maintain Umbrella Liability Insurance coverage covering in excess of (a), (b), and (c) above, excluding Worker's Compensation, in the amount of ten million dollars ($10,000,000).",No,VERTEXENERGYINC_08_14_2014-EX-10.24-OPERATION AND MAINTENANCE AGREEMENT.PDF,test
211,Cellco's appointment as custodian is effective as of the Initial Cutoff Date and will continue until the later of (i) the date on which all obligations of the Issuer have been paid in full and (ii) the date on which such appointment is terminated under this Section 3.10(f).,No,VerizonAbsLlc_20200123_8-K_EX-10.4_11952335_EX-10.4_Service Agreement.pdf,test
212,"Neither Party may assign, transfer or subcontract any rights or duties under this Agreement without prior written approval by the other Party. MSL may assign or subcontract all or any part of this Agreement to any MSL Related Company with IBM's prior written consent which shall not be unreasonably withheld or delayed. MSL may not assign or transfer any rights or duties under this Agreement without prior written approval by IBM.",No,MANUFACTURERSSERVICESLTD_06_05_2000-EX-10.14-OUTSOURCING AGREEMENT.PDF,test
213,"You shall expend not less than $5,000 each month on such Solicitation Advertising.",No,SoupmanInc_20150814_8-K_EX-10.1_9230148_EX-10.1_Franchise Agreement1.pdf,test
214,"During the term of this Agreement and for a period of two years after the expiration date of this Agreement, HDI shall not participate in any project similar to the Site on the Internet from which products substantially similar to Deerskin Products (including, without limitation, the products of Wilson's House of Leather, Excelled and and companies similar to Wilson's House of Leather and Excelled) are offered for sale to consumers on the Internet.",No,AMERICASSHOPPINGMALLINC_12_10_1999-EX-10.2-SITE DEVELOPMENT AND HOSTING AGREEMENT.PDF,test
215,"MusclePharm irrevocably and unconditionally transfers and assigns to the AS Parties in perpetuity and throughout the universe any and all of MusclePharm's right, title, and interest, if any (including, without limitation, the rights generally known as 'moral rights') in and to all works, including any packaging, advertising and promotional materials, and other materials based upon the Trademarks and/or Name and Appearance Rights, all of which shall, upon their creation, become and remain the property of the AS Parties.",No,MusclepharmCorp_20170208_10-KA_EX-10.38_9893581_EX-10.38_Co-Branding Agreement.pdf,test
216,"This Agreement shall be governed by and construed in accordance with the laws of the State of New York, without application of conflict of laws principles.",No,WebmdHealthCorp_20050908_S-1A_EX-10.7_1027007_EX-10.7_Content License Agreement.pdf,test
217,"(a) Notwithstanding Section 3.01, Honeywell hereby grants, and agrees to cause the members of the Honeywell Group to hereby grant, to SpinCo and the members of the SpinCo Group, for a period of ten (10) years after the Distribution Date (unless earlier terminated in accordance with Section 3.03(c)), a non-exclusive, royalty-free, fully-paid, non-sublicenseable, non-transferable, worldwide license to use and reproduce the Honeywell Content solely for the SpinCo Group's internal business purposes.",No,GarrettMotionInc_20181001_8-K_EX-2.4_11364532_EX-2.4_Intellectual Property Agreement.pdf,test
218,"The Consultant agrees that all discoveries, maps, technical studies, plans, spreadsheets, documents, inventions, copyright, software, improvements, know-how or other intellectual property, whether or not patentable or copyrightable, created by the Consultant during the Term of this Agreement pertaining to any service, matter, thing, process or method related to this Agreement (the ""Works"") will be the sole and absolute property of the Company.",No,"CORALGOLDRESOURCES,LTD_05_28_2020-EX-4.1-CONSULTING AGREEMENT.PDF",test
219,"The ""Term"" of this Agreement will commence on the Effective Date and will end on the earlier of: (a) the first anniversary of the expiration date of the last Purchase Schedule (as defined in this next Section); (b) a termination date elected by a Party in a written notice delivered to the other Party any time after the expiration of the last Purchase Schedule; or (c) a termination date elected by a Party in a written notice delivered to the other Party as provided in Subsection 11(d) of this Agreement.",No,ReynoldsConsumerProductsInc_20191115_S-1_EX-10.18_11896469_EX-10.18_Supply Agreement.pdf,test
220,"Subject to Section 7.4, Manufacturer may, without Customer's consent, assign the rights and obligations of this Agreement (i) on a Facility-by-Facility basis, to a Third Party in connection with a bona fide transfer, sale or divestiture of such Facility or (ii) to any Third Party which acquires or succeeds to all or substantially all of the assets of the business of Manufacturer to which this Agreement and the Facility Addendum relates (including in connection with such business's spin-off, merger or consolidation with another company or business entity).",No,UpjohnInc_20200121_10-12G_EX-2.6_11948692_EX-2.6_Manufacturing Agreement_ Supply Agreement.pdf,test
221,"If a Release Condition (as defined in Section 12.2 of this Agreement) occurs and the Escrow Agent provides the Source Code to Corio under the escrow agreement, Corio agrees to hold the Source Code in strict confidence, and not to use the Source Code for any purpose other than those purposes set forth under Section 12.3 of this Agreement.",No,CHANGEPOINTCORP_03_08_2000-EX-10.6-LICENSE AND HOSTING AGREEMENT.PDF,test
