index,text,answer,document_name,split
0,"In the event the closing does not occur, the Conversion is terminated or otherwise abandoned, or the terms of the Conversion are substantially amended so as to materially and adversely change the role of Capital Resources, Capital Resources shall be reimbursed for all reasonable legal fees and out-of-pocket expenses for rendering financial advice to the Association concerning the structure of the Conversion, preparing a market and financial analysis, performing due diligence and assisting in the preparation of the Application for Conversion and the Registration Statement, which shall be paid upon such termination, abandonment or amendment or within five days of such event.",Yes,AFSALABANCORPINC_08_01_1996-EX-1.1-AGENCY AGREEMENT.PDF,train
1,The payment of such amount is intended to constitute liquidated damages to the Agent and the Lenders and shall not be deemed to constitute a forfeiture or penalty.,Yes,SUNTRONCORP_05_17_2006-EX-10.22-MAINTENANCE AGREEMENT.PDF,train
2,"In addition to the foregoing, upon termination of this Agreement by us for cause as described in Section 10, you agree to pay to us within fifteen (15) days after the effective date of this Agreement's termination, in addition to the amounts owed hereunder, liquidated damages equal to the average monthly Unit Franchise Performance Royalty Fee and Franchise Sales Royalty Fee you paid during the twelve (12) months of operation preceding the effective date of termination multiplied by (a) twenty-four (24) (being the number of months in two (2) full years), or (b) the number of months remaining in the Agreement had it not been terminated, whichever is lower.",Yes,SoupmanInc_20150814_8-K_EX-10.1_9230148_EX-10.1_Franchise Agreement1.pdf,train
3,"Notwithstanding the foregoing, ExxonMobil may assign this Agreement to its Affiliates and FCE may assign this Agreement to any of its wholly-owned and wholly-controlled Affiliates, with prior written notice to the other Party, provided that (i) such assignment by FCE shall be void if at any point such Affiliate ceases to be both wholly-owned and wholly- controlled by FCE, (ii) Article 12, including but not limited to Paragraphs 12.03, 12.04 and 12.05, shall be applicable to both FCE and any Affiliate assignee of FCE, and (iii) no assignment pursuant to this sentence will relieve the Parties of their obligations under this Agreement.",No,FuelcellEnergyInc_20191106_8-K_EX-10.1_11868007_EX-10.1_Development Agreement.pdf,train
4,"Aucta, for itself and its Affiliates, hereby grants to ETON in accordance with the terms and conditions of this Agreement, an exclusive (even as to and against Aucta in the Territory) right and license, including the right to sublicense, to the Products (or any components thereof), Dossiers, and all current and future Aucta Background Intellectual Property that is owned or controlled by Aucta or its Affiliates for ETON to develop, manufacture, import, use, promote, distribute, market, advertise, offer for sale or sell (collectively, ""Market"") the Products in and for the Territory.",No,EtonPharmaceuticalsInc_20191114_10-Q_EX-10.1_11893941_EX-10.1_Development Agreement.pdf,train
5,"In addition, in the event of a material breach by WYZZ of its obligations hereunder, Nexstar shall be entitled to terminate this Agreement and exercise its rights pursuant to Section 25(b) hereof (except that Nexstar may not assert consequential, special or punitive damages or any claim for lost profits).",No,NEXSTARFINANCEHOLDINGSINC_03_27_2002-EX-10.26-OUTSOURCING AGREEMENT.PDF,train
0,"In the case where any specific Product, shipped to IBM from MSL within any [*] month experiences a defect rate of [*]% or greater, resulting from a common cause due to MSL's non-conformance to specifications, drawings, other descriptions furnished or adopted by IBM, or due to workmanship, MSL will accept the cost of a Product Recall.",Yes,MANUFACTURERSSERVICESLTD_06_05_2000-EX-10.14-OUTSOURCING AGREEMENT.PDF,test
1,"In the event a Party has, in any twelve (12) month period, more than three (3) Monthly Performance Failures, then the defaulting Party shall pay a penalty to the Party not in default, which the Parties acknowledge is a pre-estimation of damages suffered by the non-defaulting Party due to the current month's Monthly Performance Failure (""Default Month"").",Yes,DYNAMEXINC_06_06_1996-EX-10.4-TRANSPORTATION SERVICES AGREEMENT.PDF,test
2,"In the event Duval does not meet the Minimum Annual Performance Requirements for a Contract Year, $375,000 of the Additional License Fee will be deemed to be unearned.",Yes,MOSSIMOINC_04_14_2000-EX-10.14-ENDORSEMENT AGREEMENT.PDF,test
3,Any unearned Additional License Fee is fully &bbsp; refundable and due Company no later then January 31st of the following year.,Yes,MOSSIMOINC_04_14_2000-EX-10.14-ENDORSEMENT AGREEMENT.PDF,test
4,"FOR THE AVOIDANCE OF DOUBT, THE PARTIES HEREBY ACKNOWLEDGE AND AGREE THAT NOTHING IN THIS SECTION 8.2 [No Consequential Damages] IS INTENDED TO LIMIT ANY RIGHT OF ACSI TO RECEIVE LIQUIDATED DAMAGES AS SET FORTH IN SECTION 10.5.2 [Effect of Termination].",Yes,AudibleInc_20001113_10-Q_EX-10.32_2599586_EX-10.32_Co-Branding Agreement_ Marketing Agreement_ Investment Distribution Agreement.pdf,test
5,"The Exit Fee shall be paid by Affiliate immediately prior to the assignment or Transfer of Merchants and/or its net revenue. The amount of the Exit Fee during and following the termination of this Agreement shall be defined as the following: (1) the aggregate sum, per transferring merchant, equal to eighteen (18) months net recurring revenue normally paid to Affiliate under the compensation terms of this Agreement to a maximum of $250,000.",Yes,UsioInc_20040428_SB-2_EX-10.11_1723988_EX-10.11_Affiliate Agreement 2.pdf,test
6,"Unless otherwise approved by Party A, in the event of parcel transfer due to Party B's vehicle delay, Party B shall pay liquidated damages to Party A at the standard rate of RMB500 per trip on the first working day, RMB1,000 per trip on the second working day and RMB2,000 per trip on the third working day (based on the time records on the parcel transfer documents) and such liquidated damages will be deducted from the current month's freight.",Yes,ZtoExpressCaymanInc_20160930_F-1_EX-10.10_9752871_EX-10.10_Transportation Agreement.pdf,test
7,Customer acknowledges that the Termination for Convenience Fee and the Termination for Cause Fee are each a reasonable approximation of such damages and shall be deemed to be liquidated damages and not a penalty.,Yes,TRICITYBANKSHARESCORP_05_15_1998-EX-10-OUTSOURCING AGREEMENT.PDF,test
8,"In the event that Party B breaches this covenant, Party A has the right to terminate this Agreement at any time and require Party B to pay 30% of Party A's share of revenues as liquidated damages.",Yes,CHEETAHMOBILEINC_04_22_2014-EX-10.43-Cooperation Agreement.PDF,test
9,The amounts contemplated under Section 16.4 [Liquidated Damages] above is not a penalty and is intended by the parties only as a compensatory remedy for past breaches and not as a preventative remedy to deter future breaches.,Yes,PfHospitalityGroupInc_20150923_10-12G_EX-10.1_9266710_EX-10.1_Franchise Agreement1.pdf,test
10,"For any calendar month, if MSL fails to achieve a responsiveness, as defined in Appendix 3, of at least [*]% for any machine type, in a Work Center, a penalty of [*]% will be applied to that Work Center's monthly total material cost of that machine type multiplied by ([*]% minus actual responsiveness %).",Yes,MANUFACTURERSSERVICESLTD_06_05_2000-EX-10.14-OUTSOURCING AGREEMENT.PDF,test
11,"For example, if Party B shall pay liquidated damages as much as RMB N, it shall pay additional RMB N to increase the deposit paid in accordance with Article 4.2 after it pays the liquidated damages or Party A deducts the liquidated damages from the deposit.",Yes,SENMIAOTECHNOLOGYLTD_02_19_2019-EX-10.5-Collaboration Agreement.PDF,test
12,"If termination occurs after the Effective Date but before the second anniversary of the Opening Date, you will pay us Liquidated Damages in an amount equal to $3,600 multiplied by the number of approved Guest Rooms at the Hotel.",Yes,"HOSPITALITYINVESTORSTRUST,INC_04_07_2014-EX-10.26-FRANCHISE AGREEMENT.PDF",test
13,The payments called for in Section 16.4 [Liquidated Damages] above constitute liquidated damages for causing the premature termination of this Agreement and not a penalty.,Yes,PfHospitalityGroupInc_20150923_10-12G_EX-10.1_9266710_EX-10.1_Franchise Agreement1.pdf,test
14,"In case of violation of this article, the Party shall pay to the other Party an equivalent of eighteen (18) months gross salary of the respective employee.",Yes,PareteumCorp_20081001_8-K_EX-99.1_2654808_EX-99.1_Hosting Agreement.pdf,test
15,"In the event that Array (a) [ * ] during [ * ], or (b) intentionally conceals or falsifies a material result and/or material item of data concerning the safety or efficacy of the Product, which concealment or falsification (i) is undertaken to induce Ono to not terminate this Agreement and (ii) results in a substantial reduction to the value of the Product in the Ono Territory, then, as an alternative to its right to terminate this Agreement pursuant to Section 13.3 above, Ono may in its discretion elect to continue this Agreement, in which case (A) Ono shall be relieved of its due diligence obligations under this Agreement; and (B) as liquidated damages for the breaches described<omitted>in (a) or (b) above, the otherwise applicable royalty rate with respect to Products shall thereafter be [ * ] for the [ * ]",Yes,"Array BioPharma Inc. - LICENSE, DEVELOPMENT AND COMMERCIALIZATION AGREEMENT.PDF",test
16,"Customer may elect to terminate this Agreement for any reason upon six months written notice to Metavante, provided Customer shall pay Metavante the ""Termination Fee"" defined and computed in accordance with the table below.",Yes,OFGBANCORP_03_28_2007-EX-10.23-OUTSOURCING AGREEMENT.PDF,test
17,"COMPANY will pay JHU a fee equal one percent (1%) of the Aggregate Consideration received by the COMPANY, or the total amount received by stockholders of COMPANY, upon the occurrence of a Liquidity Event.",Yes,VirtuosoSurgicalInc_20191227_1-A_EX1A-6 MAT CTRCT_11933379_EX1A-6 MAT CTRCT_License Agreement.pdf,test
18,Payment of Liquidated Damages is due thirty (30) days following termination of this Agreement or on demand.,Yes,"HOSPITALITYINVESTORSTRUST,INC_04_07_2014-EX-10.26-FRANCHISE AGREEMENT.PDF",test
19,If the BSP terminates under clause 14.3 (Termination by BSP for Convenience) the BSP will pay Datec the Termination Fee calculated in accordance with Attachment C (Pricing).,Yes,ELANDIAINTERNATIONALINC_04_25_2007-EX-10.21-Outsourcing Agreement.PDF,test
20,"In the event of (a) a termination by Astellas under Section 18.6 during the period from the execution of this Agreement until the last to expire of the FG Patents, or (b) by FG under Section 18.2.1, 18.2.2, 18.2.4 or 18.2.5 hereof, Astellas shall, upon the effective date of such termination, pay to FG (i) a termination fee of $[ * ] U.S. dollars and (ii) any payments to which FG is otherwise entitled to receive hereunder in the period from the date of such termination notice until the [ * ].",Yes,FIBROGENINC_10_01_2014-EX-10.11-COLLABORATION AGREEMENT.PDF,test
21,"You will pay us Liquidated Damages in the amount of Five Thousand Dollars ($5,000) per day if you open the Hotel before the Opening Date to compensate us for the damage caused by such breach.",Yes,"HOSPITALITYINVESTORSTRUST,INC_04_07_2014-EX-10.26-FRANCHISE AGREEMENT.PDF",test
22,"In case that the Driver User unilaterally terminates the Financial Leasing Agreement in advance, Party B shall collect the liquidated damages from the Driver User within 30% of the ""down payment + total monthly rent + last payment"" stipulated in the Financial Leasing Agreement;",Yes,SENMIAOTECHNOLOGYLTD_02_19_2019-EX-10.5-Collaboration Agreement.PDF,test
23,"In the event of any breach of Sections 9.1 through 9.3, including without limitation, any actions by stockholders of Qualigen that result in a Sale Transaction without complying with Sections 9.1 through 9.3 above, or otherwise hinder the intent and purpose of the provisions of Sections 9.1 through 9.3 above, in addition to any other remedies available to Sekisui under the terms of this Agreement, including the right to specific performance and other equitable remedies, Sekisui shall be entitled to liquidated damages in the amount of three times any and all Financing Payments made to date.",Yes,RitterPharmaceuticalsInc_20200313_S-4A_EX-10.54_12055220_EX-10.54_Development Agreement.pdf,test
24,"""Early Termination Fee"" means that amount equal to the most recent month's Promotion Fee prior to termination, multiplied by the number of unexpired months remaining in the current year of the Agreement.<omitted>If MBRK terminates this Agreement in the first year of the Agreement for any reason, then MBRK will pay DD a) an Early Termination Fee plus b) the End of Agreement Fee.",Yes,"MIDDLEBROOKPHARMACEUTICALS,INC_03_18_2010-EX-10.1-PROMOTION AGREEMENT.PDF",test
25,"If this Agreement is terminated due to your default, you must, upon written demand, pay us a lump-sum payment in an amount calculated as follows: (a) the average of your Royalty fees and Advertising Contributions due for the last 60 months before our delivery of notice of default (or, if lesser, the months you had been operating before our delivery of notice of default), (b) multiplied by the lesser of 60 or the number of months remaining in the term of this Agreement.",Yes,PfHospitalityGroupInc_20150923_10-12G_EX-10.1_9266710_EX-10.1_Franchise Agreement1.pdf,test
26,"However, if, after the Initial Term, BNL terminates this Agreement during an Extended Term by giving less than six (6) months notice, in addition to any other sums due VIP under this Agreement, BNL shall pay to VIP a cancellation fee equal to the greater of (i) the Minimum Fee multiplied by the remaining number of months in the then current term, (ii) the average of the monthly billings for the six (6) month period immediately preceding the date upon which the notice of termination is received by VIP from BNL multiplied by the remaining number of months in the then current term or (iii) thirty thousand dollars ($30, 000).",Yes,BNLFINANCIALCORP_03_30_2007-EX-10.8-OUTSOURCING AGREEMENT.PDF,test
27,"Should ADMA fail to supply a minimum of [***] Batches of Product (the ""Minimum Volume"") of Product during the time period as specified in this Amendment #3, ADMA agrees that Sanofi Pasteur shall be entitled to obtain from ADMA as liquidated damages, and not a penalty, amounting to $[***] ([***]) USD.",Yes,"ADMA BioManufacturing, LLC -  Amendment #3 to Manufacturing Agreement .PDF",test
28,"The Investor, the Agent and the Lenders hereby acknowledge and agree that (a) an amount equal to the lesser of (i) the full amount of each Required Capital Contribution that has not been made by the Investor and (ii) the then-outstanding balance of the Obligations, represents a reasonable estimate of the damages which the Agent and the Lenders will sustain upon the occurrence of an Maintenance Event of Default hereunder, and (b) such lesser amount will be the full, agreed and liquidated damages resulting from the occurrence of any Maintenance Event of Default hereunder.",Yes,SUNTRONCORP_05_17_2006-EX-10.22-MAINTENANCE AGREEMENT.PDF,test
29,THE PARTIES ACKNOWLEDGE THAT LIQUIDATED DAMAGES PAYABLE BY YOU UNDER THIS AGREEMENT (WHETHER PRE-OPENING LIQUIDATED DAMAGES OR LIQUIDATED DAMAGES FOR EARLY TERMINATION) ARE NOT PUNITIVE OR EXEMPLARY DAMAGES.,Yes,"HOSPITALITYINVESTORSTRUST,INC_04_07_2014-EX-10.26-FRANCHISE AGREEMENT.PDF",test
30,Such sums of money will be paid by HealthGate to the Publishers not as a penalty but as and for the ascertained and liquidated damages owing and payable by HealthGate to the Publishers by reason of such failure to meet the System Completion Date.,Yes,HEALTHGATEDATACORP_11_24_1999-EX-10.1-HOSTING AND MANAGEMENT AGREEMENT (1).pdf,test
31,"If termination occurs after you begin the Hotel Work but before the Opening Date, you will pay us Liquidated Damages in an amount equal to $3,600 multiplied by the number of approved Guest Rooms at the Hotel, unless your failure to complete the Hotel Work was the result of Force Majeure.",Yes,"HOSPITALITYINVESTORSTRUST,INC_04_07_2014-EX-10.26-FRANCHISE AGREEMENT.PDF",test
32,"In the event that SFJ terminates this Agreement pursuant to this Section 14.2.1 then in exchange for purchasing the Trial Data Package including the Research Results included therein as set forth in Section 11.1.1.4, PB will pay SFJ, within [***] of the date of termination, an amount equal to three hundred percent (300%) of Development Costs paid or incurred by SFJ prior to such termination.",Yes,PhasebioPharmaceuticalsInc_20200330_10-K_EX-10.21_12086810_EX-10.21_Development Agreement.pdf,test
33,"Notwithstanding anything contained herein to the contrary, should Microsoft exercise its termination right pursuant to this Section 10.2, then Inktomi will have the right to elect, in writing within fifteen (15) days after receipt of Microsoft's notice of termination hereunder, either one of the following two options for a early termination penalty: (a) Inktomi may require Microsoft to pay to Inktomi, in [*] immediately following the effective termination date, an amount equal to [*] ([*]) of all outstanding principal, interest and other amounts owed or owing to Microsoft by Inktomi on the date of termination under the Loan Agreement (and outstanding Promissory Notes issued thereunder); or (b) Inktomi may deliver that portion of the Collateral (as defined in the Loan Agreement) which was purchased with Advances evidenced by the then-outstanding Promissory Notes (as defined in the Loan Agreement) (the ""Returned Collateral"") to Microsoft, and assign all right, title and interest in and to said Returned Collateral to Microsoft, and promptly upon such delivery and assignment Inktomi may require Microsoft to pay to Inktomi, in [*] immediately following the effective date of termination, an amount equal to [*] ([*]) of all outstanding principal, interest and other amounts owed or owing to Microsoft by Inktomi on the date of termination under the Loan Agreement (and outstanding Promissory Notes issued thereunder)",Yes,INKTOMICORP_06_08_1998-EX-10.14-SOFTWARE HOSTING AGREEMENT.PDF,test
34,HEMISPHERX will have the option at any time to buy out this Agreement.,Yes,"HEMISPHERX - Sales, Marketing, Distribution, and Supply Agreement.PDF",test
35,"You specifically acknowledge that our designated representative may take over, control, and operate the Franchised Restaurant, and that you will pay us a service fee of not less than TWO HUNDRED Dollars ($200) per day plus all travel expenses, room and board and other expenses reasonably incurred by such representative so long as it shall be required by the representative to enforce compliance herewith.",Yes,BUFFALOWILDWINGSINC_06_05_1998-EX-10.3-FRANCHISE AGREEMENT.PDF,test
36,You pay us a nonrefundable Initial Franchise Fee of ________________ _______________________ Dollars ($________) which is payable in full on the date of this Agreement.,Yes,BUFFALOWILDWINGSINC_06_05_1998-EX-10.3-FRANCHISE AGREEMENT.PDF,test
37,"In the event that following the delay, Contractor is in compliance with the Due Dates for two immediately consecutive Quarters and there is no delay whatsoever, Contractor will be reimbursed by NICE for liquidated damages already paid for delay in the previous Quarter (before the said 2 Quarters), if paid, without derogating from the previous delay being regarded as a breach hereunder.",Yes,NICELTD_06_26_2003-EX-4.5-OUTSOURCING AGREEMENT.PDF,test
38,Party B shall pay one-month freight as liquidated damages in case of termination of the Agreement without consent.,Yes,ZtoExpressCaymanInc_20160930_F-1_EX-10.10_9752871_EX-10.10_Transportation Agreement.pdf,test
39,"In the event the Company terminates the Agreement in accordance with Section 16, any unearned Additional License Fee will be fully refundable and due the Company as set forth in Section 16.",Yes,MOSSIMOINC_04_14_2000-EX-10.14-ENDORSEMENT AGREEMENT.PDF,test
40,The parties acknowledge that the foregoing payments constitute reasonable and commercial liquidated damages.,Yes,OFGBANCORP_03_28_2007-EX-10.23-OUTSOURCING AGREEMENT.PDF,test
41,"Any delay from the Due Date of a certain Product in a certain Quarter, not due to a specific written request by NICE or otherwise deriving from a breach of NICE' undertakings hereunder and only to the extent deriving from such breach by NICE, or caused by an event of Force Majeure, and subject to the terms hereof, shall be considered a material breach of Contractor's obligations under this Agreement and shall entitle NICE to the following liquidated damages in addition to any remedy available to NICE under this Agreement or by law: 5.3.1. One percent (1%) of the Product Price for a delay of 3 to 5 Days. 5.3.2. Three percent (3%) of the Product Price for a delay of up to 10 Days. 5.3.3. Five percent (5%) of the Product Price for a delay of 11 Days or more.",Yes,NICELTD_06_26_2003-EX-4.5-OUTSOURCING AGREEMENT.PDF,test
42,"In the event the Closing fails to occur, then, only upon entry of a final and non-appealable order of the Bankruptcy Court determining that such failure was the result of Purchaser's sole, material, non-excusable breach of this Agreement, then Merchant shall be entitled to retain the Deposit as liquidated damages as Merchant's sole remedy for such breach.",Yes,BONTONSTORESINC_04_20_2018-EX-99.3-AGENCY AGREEMENT.PDF,test
43,"If Shipper fails to notify MPL within one hundred and eighty (180) days of the Project's in-service date or if MPL is unsuccessful in obtaining additional volume commitments as provided for in Section 3.8 to<omitted>fully replace Shipper's original volume commitment as submitted in its Capacity Request Form in Exhibit C, Shipper will reimburse MPL for Shipper's pro rata portion of actual and committed Construction Costs, plus, an administrative fee of ten (10) percent of said costs (such reimbursement is hereinafter referred to as the ""Construction Cost Reimbursement"").",Yes,MPLXLP_06_17_2015-EX-10.1-TRANSPORTATION SERVICES AGREEMENT.PDF,test
44,"For the removal of doubt, when determining the liquidated damages due, the applicable sub-section 5.3.1, 5.3.2 OR 5.3.3 will apply.",Yes,NICELTD_06_26_2003-EX-4.5-OUTSOURCING AGREEMENT.PDF,test
45,"If termination occurs after the second anniversary of the Opening Date but before the final five (5) calendar years of the Term, you will pay us Liquidated Damages in an amount calculated by dividing the sum of the Monthly Royalty Fees due to us under this Agreement for the prior twenty-four (24) month period by twenty-four (24) and then multiplying the resulting sum by sixty (60).",Yes,"HOSPITALITYINVESTORSTRUST,INC_04_07_2014-EX-10.26-FRANCHISE AGREEMENT.PDF",test
46,"This Agreement can be terminated at any time prior to the expiry of the Term, as follows:<omitted>(b) by the Company electing to give the Consultant 3 months prior notice of such termination along with a termination payment equal to the annual Consulting Fee; (c) by the Consultant electing to give the Company notice, in the event that there occurs a Change of Control (as defined below) within six (6) months of the effective date of such Change of Control, and if the Consultant so elects to terminate this Agreement, then the Consultant will be immediately entitled to a termination payment equal to CDN$750,000;",Yes,"CORALGOLDRESOURCES,LTD_05_28_2020-EX-4.1-CONSULTING AGREEMENT.PDF",test
47,"For the second time of the aforementioned violation, the amount of performance bond shall be additionally paid at RMB3,000 per time on the basis of the amount previous paid",Yes,IDREAMSKYTECHNOLOGYLTD_07_03_2014-EX-10.39-Cooperation Agreement on Mobile Game Business.PDF,test
48,"In this case, Party B shall pay additional deposit equivalent to the liquidated damages when it pays the liquidated damages.",Yes,SENMIAOTECHNOLOGYLTD_02_19_2019-EX-10.5-Collaboration Agreement.PDF,test
49,"The following acts constitute Class D breaches. In the event of any breach below by Party B, Party B shall immediately remedy the breach, and Party A is entitled to request Party B to pay the liquidated damages of not less than RMB50,000 (RMB FIFTY THOUSAND) based on the consequences of the breach, and send the Confirmation Letter on the Breach of the Partner of Xiaoju Online Ride-hailing Marketplace to Party B, and terminate the Agreement.",Yes,SENMIAOTECHNOLOGYLTD_02_19_2019-EX-10.5-Collaboration Agreement.PDF,test
50,"You and each of your principals agree that the liquidated damages provision does not give us an adequate remedy at law for any default under, or for the enforcement of, any provision of this Agreement other than the Royalty Fee sections.",Yes,SoupmanInc_20150814_8-K_EX-10.1_9230148_EX-10.1_Franchise Agreement1.pdf,test
51,"The following acts constitute Class C breaches. In the event of any breach below by Party B, Party B shall immediately remedy the breach, and Party A is entitled to request Party B to pay the liquidated damages of an amount from RMB5,000 (RMB FIVE THOUSAND) to RMB50,000 (RMB FIFTY THOUSAND) based on the consequences of the breach, and send the Confirmation Letter on the Breach of the Partner of Xiaoju Online Ride-hailing Marketplace to Party B.",Yes,SENMIAOTECHNOLOGYLTD_02_19_2019-EX-10.5-Collaboration Agreement.PDF,test
52,"Nevertheless, the parties agree that the lump-sum payment provided under Section 16.4 [Liquidated Damages] above is reasonable in light of the damages for premature termination that may reasonably be expected to occur in such event.",Yes,PfHospitalityGroupInc_20150923_10-12G_EX-10.1_9266710_EX-10.1_Franchise Agreement1.pdf,test
53,"if the agreement is terminated during the Initial Term by PaperExchange pursuant to Section 8.2 [Termination for Cause], VerticalNet shall pay to PaperExchange, as liquidated damages, an amount equal to the product determined by multiplying (1) a fraction, the numerator of which shall be the number of days between the effective date of termination and the scheduled expiration date of the Initial Term, and the denominator of which shall be the number of days<omitted>between the Effective Date and the scheduled expiration date of the Initial Term, by (2) *****",Yes,PaperexchangeComInc_20000322_S-1A_EX-10.4_5202103_EX-10.4_Co-Branding Agreement.pdf,test
54,"Except for termination of this Agreement by Monsanto upon any Event of Default, a Termination Fee (as specified in Section 10.4.(d)) shall only be paid either by Monsanto or by the successor to the Roundup Business, as the case may be, upon the following terms and conditions:<omitted>(1) in the event the Agreement is effectively terminated by either Monsanto or its successor or by the Agent upon Material Breach, Material Fraud or Material Willful Misconduct by Monsanto as provided for in Section 10.5.(c); (2) no later than the effective date of the applicable termination notice and no later than the effective date of the termination; and (3) only in the event the Agent does not become the successor to the Roundup Business, in which case the Termination Fee shall not be paid but shall be credited against the purchase price as described in Section 10.4(d).",Yes,Monsanto Company - SECOND A&R EXCLUSIVE AGENCY AND MARKETING AGREEMENT .PDF,test
55,"In addition, CHT may terminate this Agreement and the rights granted hereunder, in whole or in part, and without prejudice to enforcement of any other legal right or remedy (including any express termination right set forth elsewhere in this Agreement), at any time without cause, by providing at least thirty (30) Business Days prior written notice to Ehave, but subject to payment of a termination fee equal to an amount set out in Schedule 6.",Yes,EhaveInc_20190515_20-F_EX-4.44_11678816_EX-4.44_License Agreement_ Reseller Agreement.pdf,test
56,"If M&I terminates this Agreement following an Event of Default on the part of Customer, or if Customer terminates this Agreement in accordance with Section 11.1 above without complying with the notification requirements set forth in Section 11.1, then Customer shall pay M&I a termination fee (""Termination for Cause Fee"") in an amount equal to REDACTED of the Estimated Remaining Value, payable as set forth in Section 11.1 above.",Yes,TRICITYBANKSHARESCORP_05_15_1998-EX-10-OUTSOURCING AGREEMENT.PDF,test
57,Distributor shall pay WGT fifty percent (50%) of the unpaid balance of cumulative Guaranteed Minimum Purchase amounts as liquidated damages.,Yes,EUROPEANMICROHOLDINGSINC_03_06_1998-EX-10.6-DISTRIBUTOR AGREEMENT.PDF,test
58,"Notwithstanding the foregoing, upon any delay by Service Recipient in its payment of any Service Fee to Service Provider, for each day of delay in such payment, Service Recipient must pay Service Provider liquidated damages at 0.5 percent (0.5%) of the Service Fee that are due and unpaid.",Yes,RISEEDUCATIONCAYMANLTD_04_17_2020-EX-4.23-SERVICE AGREEMENT.PDF,test
59,Monsanto and the Agent stipulate and agree that the injury which will be caused to the Agent by the termination of this Agreement under the circumstances which shall give rise to the payment of the Termination Fee are difficult or impossible of accurate estimation; that by establishing the Termination Fee they intend to provide for the payment of damages and not a penalty; and that the sum stipulated for the Termination Fee is a reasonable pre-estimate of the probable loss which will be suffered by the Agent in the event of such termination.,Yes,Monsanto Company - SECOND A&R EXCLUSIVE AGENCY AND MARKETING AGREEMENT .PDF,test
60,"The Transporter shall only accept extemporary nominations as long as the Pipeline has available Capacity. If the nomination is accepted, the Third Party or Sender shall Pay to the Transporter as a penalty, two (2%) of the applicable rate to the volumes in barrels delivered in the Pipeline in the respective month.",Yes,GRANTIERRAENERGYINC_05_07_2012-EX-10.6-TRANSPORTATION CONTRACT.PDF,test
61,"In the event the Company terminates this Agreement, the Company shall pay to HDI a termination payment, (the ""Termination Payment"") the amount of which shall be an amount equal to the aggregate Net Sales for the twelve (12) months preceding the Termination Date less $800,000, the balance of which shall be divided by two.",Yes,AMERICASSHOPPINGMALLINC_12_10_1999-EX-10.2-SITE DEVELOPMENT AND HOSTING AGREEMENT.PDF,test
62,"In the event of termination of this Agreement and without limitation of Fox's rights and remedies all of which are expressly reserved, the following payment penalties shall apply: (i) if termination occurs in the first year of the Term, Licensee shall forfeit any Guarantee paid, and shall immediately pay any remaining Guarantee, up to the amount of ***** dollars (US$*****), and any Guarantee payments made in excess of ***** dollars ($*****) shall be refunded by Fox to Licensee; and (ii) if termination occurs in the second year of the Term, Licensee shall forfeit any Guarantee paid, and shall immediately pay any remaining portion of the Guarantee then unpaid, up to the amount of ***** dollars (US$*****). An",Yes,GluMobileInc_20070319_S-1A_EX-10.09_436630_EX-10.09_Content License Agreement1.pdf,test
63,"If we terminate this Agreement based on your default, or if you abandon or otherwise cease to operate the Franchised Business, in addition to all other amounts due to us under this Agreement, you agree to pay to us, as liquidated damages, an amount calculated as follows: (a) the average of your monthly Royalty Fees that are due under this Agreement for the twelve (12) months immediately before your abandonment or our delivery of the notice of default (or, if you have been operating for less than 12 months, the average of your monthly Royalty Fees for the number of months you have operated the Franchised Business); (b) multiplied by the lesser of 36 or the number of months remaining in the then-current term of this Agreement under Section 2.",Yes,"GOOSEHEADINSURANCE,INC_04_02_2018-EX-10.6-Franchise Agreement.PDF",test
64,"In case of failing to fulfill the obligations of the SENDER as a result of any actions or illegal omissions or deviations from the Contract, the SENDER agrees to pay ECOPETROL as a penalty, an amount equivalent to ten percent (10%) of the final value of the Contract.",Yes,GRANTIERRAENERGYINC_05_07_2012-EX-10.6-TRANSPORTATION CONTRACT.PDF,test
65,"Each Party agrees that in the event it violates the provisions of this Section 15.9, it will pay to the other Party as liquidated damages, and not as a penalty, an amount equal to one hundred times (100 X) of any such employee's then-current base annual salary.",Yes,"Zounds Hearing, Inc. - MANUFACTURING DESIGN MARKETING AGREEMENT.PDF",test
66,"If there are less than sixty (60) months remaining in the Term on the date of termination, you will pay us Liquidated Damages in an amount calculated by dividing the sum of the Monthly Royalty Fees due to us under this Agreement for the prior twenty-four (24) month period by twenty-four (24) and then multiplying the resulting sum by the number of months remaining in the Term.",Yes,"HOSPITALITYINVESTORSTRUST,INC_04_07_2014-EX-10.26-FRANCHISE AGREEMENT.PDF",test
67,"In the event that Oceanic Time Warner Cable removes the above content and or terminates this agreement prior to December 31, 2006, Oceanic Time Warner Cable agrees to pay a cancellation fee of Five Thousand Dollars ($5,000) per month multiplied by the number of months remain on the agreement.",Yes,WatchitMediaInc_20061201_8-K_EX-10.1_4148672_EX-10.1_Content License Agreement.pdf,test
68,The Termination Fee shall be an amount equal to a percentage of the Estimated Remaining Value as set forth below.,Yes,OFGBANCORP_03_28_2007-EX-10.23-OUTSOURCING AGREEMENT.PDF,test
69,"By electing not to participate in any Completion attempt, or being deemed not to participate in any Completion attempt, Company shall be deemed to have relinquished to BP, and BP shall own and be entitled to receive, all of Company's interest in the Initial Well and share of production therefrom until the proceeds of the sale of such share, calculated at the well, or market value thereof if such share is not sold (after deducting applicable ad valorem, production, severance, windfall profits, and excise taxes, royalty, overriding royalty and other interests payable out of or measured by the production from the Initial Well accruing with respect to such interest until it reverts), shall equal the total of the following: (A) twenty six and one-quarter percent (26.25%) of the Completion Costs associated with the Initial Well and twenty six and one-quarter percent (26.25%) of the cost of any newly acquired surface equipment beyond the wellhead connections (including but not limited to stock tanks, separators, treaters, pumping equipment, piping and metering devices) (i.e., 300% non-consent penalty on a non-promoted basis); and (B) eight and three quarters percent (8.75%) of the cost of operation of the Initial Well commencing with first production and continuing until Company's interest shall revert to it in accordance with this Section 2.4 (i.e., 100% non-consent penalty on a non-promoted basis).",Yes,TRUENORTHENERGYCORP_02_08_2007-EX-10.1-DEVELOPMENT AGREEMENT.PDF,test
70,"The ""Estimated Remaining Value"" means the mathematical product of (a) the average monthly fee paid by Customer with respect to the Initial Services during the twelve (12) months immediately preceding the Effective Date of Termination, multiplied by (b) the number of unexpired whole months remaining between the Effective Date of Termination and the expiration of the Initial Term.",Yes,OFGBANCORP_03_28_2007-EX-10.23-OUTSOURCING AGREEMENT.PDF,test
71,"In any event, the total liquidated damages as per this Section shall not exceed 5% of the Product Price.",Yes,NICELTD_06_26_2003-EX-4.5-OUTSOURCING AGREEMENT.PDF,test
72,"If Party A discovers in its spot checks conducted from time to time that any game, software, business, works, content or service provided by Party B is not in compliance with laws, regulations, industry rules, Party A's management measures or contractual agreement, Party B shall pay Party A additional amount of performance bond at RMB5,000 per violation, or RMB10,000 per business, to be payable to by Party B within 10 working days after the results of copyright spot checks are posted.",Yes,IDREAMSKYTECHNOLOGYLTD_07_03_2014-EX-10.39-Cooperation Agreement on Mobile Game Business.PDF,test
73,"The following acts constitute Class B breaches. In the event of any breach below by Party B, Party B shall immediately remedy the breach, and Party A is entitled to request Party B to pay the liquidated damages of an amount from RMB1,000 (RMB ONE THOUSAND) to RMB 5,000 (RMB FIVE THOUSAND) based on the consequences of the breach, and send the Confirmation Letter on the Breach of the Partner of Xiaoju Online Ride-hailing Marketplace to Party B.",Yes,SENMIAOTECHNOLOGYLTD_02_19_2019-EX-10.5-Collaboration Agreement.PDF,test
74,"If Party A discovers that Party B has violated the Integrity Agreement attached hereto by bribing Party A's working personnel, Party A may elect to impose a penalty of RMB10,000 to 100,000, suspend cooperation for 1-3 years or terminate the cooperation depending on the seriousness of the violation and the consequences thus brought about, and any loss thus incurred to Party A shall be borne by Party B",Yes,IDREAMSKYTECHNOLOGYLTD_07_03_2014-EX-10.39-Cooperation Agreement on Mobile Game Business.PDF,test
75,"In the case that either company is acquired by, or merges with, another company which has reason to not wish to continue the relationship, that company may make a contract buyout payment [*] for the [*], with a [*] buyout payment amount of [*].",Yes,"INTERSECTENT,INC_05_11_2020-EX-10.1-SUPPLY AGREEMENT.PDF",test
76,"""Early Termination Fee"" means that amount equal to the most recent month's Promotion Fee prior to termination, multiplied by the number of unexpired months remaining in the current year of the Agreement.<omitted>If MBRK terminates the Agreement in years 2 or 3 prior to the period 60 days before the anniversary date, then MBRK will pay DD only the Early Termination Fee.",Yes,"MIDDLEBROOKPHARMACEUTICALS,INC_03_18_2010-EX-10.1-PROMOTION AGREEMENT.PDF",test
77,"Except as otherwise agreed hereunder, if Party A or its subsidiaries fail to pay the Service Fee in full on schedule according to provisions of Article 4.1 and Article 4.2, then Party A or its subsidiaries shall, in addition to the continuance of the payment of Service Fee in full, it shall pay Party B the liquidated damages at a daily interest rate of 0.03% in respect of the outstanding Service Fee.",Yes,TUNIUCORP_03_06_2014-EX-10-COOPERATION AGREEMENT.PDF,test
78,Customer acknowledges that the Termination Fee is a reasonable approximation of such damages and shall be deemed to be liquidated damages and not a penalty.,Yes,OFGBANCORP_03_28_2007-EX-10.23-OUTSOURCING AGREEMENT.PDF,test
79,"If the Commencement Date does not occur on or before such date (the ""Scheduled Conversion Date"") solely as a result of Metavante's failure to perform any of its obligations under this Agreement or the Conversion Plan (including the satisfactory completion of the identified Enhancements) and not as a result of any failure by Customer or any Third Party, Customer shall recover liquidated damages equal to the following: 1. Metavante shall pay Customer $10,000.00 for each month or portion thereof that Metavante fails to have the Commencement Date occur on the Scheduled Conversion Date provided that such amount shall be prorated for any partial month. Metavante will establish a new Scheduled Conversion Date if the above date is missed, subject to Customer's approval, which shall not be unreasonably withheld.",Yes,OFGBANCORP_03_28_2007-EX-10.23-OUTSOURCING AGREEMENT.PDF,test
80,"Customer may terminate this Agreement during the Term upon at least one (1) years' written notice to M&I, provided that Customer pays M&I an early termination fee (""Termination for Convenience Fee"") in an amount equal to REDACTED of the Estimated Remaining Value.",Yes,TRICITYBANKSHARESCORP_05_15_1998-EX-10-OUTSOURCING AGREEMENT.PDF,test
81,"In the event of a 'Change of Control' of Company, then if CONSULTANT's services are terminated without cause at any time within a twelve (12) month period following such Change of Control, CONSULTANT shall receive a termination fee equal to twelve (12) months compensation hereunder at the then current monthly rate, including any stock compensation.",Yes,"MEDALISTDIVERSIFIEDREIT,INC_05_18_2020-EX-10.1-CONSULTING AGREEMENT.PDF",test
82,"For example, if the Customer chose to terminate for convenience on an agreement with a Commencement Date of January 01, 2007 and provided written notice on July 15, 2009 for a termination date of January 15, 2010, the Estimated Remaining Value would be the average monthly fee during 2009 multiplied by 47 and the Termination Fee would be the Estimated Remaining Value.",Yes,OFGBANCORP_03_28_2007-EX-10.23-OUTSOURCING AGREEMENT.PDF,test
83,"In such case, Party A is entitled to immediately terminate the Agreement and the cooperation relationship between the Parties, and request Party B to pay the liquidated damages of RMB50,000 (RMB FIFTY THOUSAND) and indemnify for all losses incurred to Party A thereby.",Yes,SENMIAOTECHNOLOGYLTD_02_19_2019-EX-10.5-Collaboration Agreement.PDF,test
84,"In the case of a written notice 15 days in advance from either party to the other Party And a payment of the liquidated damages of RMB10,000 (RMB TEN THOUSAND), this Agreement shall terminate as of the date of termination stated in the notice of termination.",Yes,SENMIAOTECHNOLOGYLTD_02_19_2019-EX-10.5-Collaboration Agreement.PDF,test
85,"In addition to the payments required in this section, if this Agreement is terminated by Client for any reason other than pursuant to Section 2 or Section 11(a) above or by Agent pursuant to Section 11(b) above, then Client shall pay a termination fee, due and payable to Agent on or before the effective date of such termination, calculated as follows: (i) if the termination occurs prior to the first anniversary of the commencement date of the current term (the ""Commencement Date""), then the termination fee shall equal twelve (12) times the average monthly invoice charged to Client by Agent hereunder, (ii) if the termination occurs on or after the first anniversary of the Commencement Date but prior to the second anniversary of the Commencement Date, then the termination fee shall equal nine (9) times the average monthly invoice charged to Client by Agent hereunder, and (iii) if the termination occurs on or after the second anniversary of the Commencement Date, then the termination fee shall equal six (6) times the average monthly invoice charged to Client by Agent hereunder.",Yes,BLACKSTONEGSOLONG-SHORTCREDITINCOMEFUND_05_11_2020-EX-99.(K)(1)-SERVICE AGREEMENT.PDF,test
86,"Within the Warranty period, LICENSEE may elect to pay D2 a sum of $1,400,000 as a one time paid-up runtime license fees for the Basic Services specified in Exhibit A.",Yes,SUMMAFOURINC_06_19_1998-EX-10.3-SOFTWARE LICENSE AND MAINTENANCE AGREEMENT.PDF,test
87,"Therefore, the parties have agreed upon the above payment of liquidated damages in lieu of WGT's claim for actual damages from such breach.",Yes,EUROPEANMICROHOLDINGSINC_03_06_1998-EX-10.6-DISTRIBUTOR AGREEMENT.PDF,test
88,"In the event the Company fails to have its attorney issue the required opinion letter within 20 days of a written request from YourNetPlus.com or its nominee, the Company shall be liable for liquidated damages in the amount of 10% interest per 30 days on the value of the shares based on the closing bid price of the Company's common stock on the 20th business day following the date it receives written notice from YourNetPlus.com or their nominee.",Yes,BOLIVARMININGCORP_05_23_2003-EX-2.1-VISP WEB SITE BUILDING AND HOSTING AGREEMENT.PDF,test
89,"Solely in the event that Dova has terminated this Agreement pursuant to Section 12.3.1 and notwithstanding anything else herein, in consideration of the promotion services performed by Valeant during the Term, with respect to the Tail Period, Dova shall make payments to Valeant in an amount equal to [***] of the amounts that would have been payable by Dova to Valeant with respect to such Tail Period pursuant to Section 6.1 had the Agreement not been so terminated.",Yes,DovaPharmaceuticalsInc_20181108_10-Q_EX-10.2_11414857_EX-10.2_Promotion Agreement.pdf,test
90,"Upon termination of this Agreement by the Agent pursuant to Section 10.5(a), Monsanto shall pay to the Agent the Termination Fee applicable pursuant to the Table set forth in Section 10.4(d).",Yes,Monsanto Company - SECOND A&R EXCLUSIVE AGENCY AND MARKETING AGREEMENT .PDF,test
91,"Termination or expiration of this Agreement if by reason of material breach by Co-Host shall not affect any of Co-Host's payment obligations, all of which survive termination of this Agreement; provided that, in (i) the event of termination of this Agreement by Co-Host due to a material default by NAI, NAI shall pay to the Co-Host the Liquidated Damages Amount (as defined in Part 2 of Exhibit ""A",Yes,BEYONDCOMCORP_08_03_2000-EX-10.2-CO-HOSTING AGREEMENT.PDF,test
92,"In addition, TPC agrees that Consolidated Artists shall be entitled to the Retainer Fee prorated to the effective date of termination as well any Tournament Bonuses, Money List Bonuses and any Royalty Compensation earned by Consolidated Artists prior to the effective date of termination.",Yes,TEARDROPGOLFCO_10_23_1996-EX-10.12-ENDORSEMENT AGREEMENT.PDF,test
93,"If Party B shall pay liquidated damages for breach of this Agreement or violation of the platform rules, Party A is entitled to request Party B to pay the liquidated damages.",Yes,SENMIAOTECHNOLOGYLTD_02_19_2019-EX-10.5-Collaboration Agreement.PDF,test
94,"For each Default Month, the Party in default shall pay a penalty equal to five (5) times the Party not in default's corporate average yield during the Default Month for each shipment below the performance commitment",Yes,DYNAMEXINC_06_06_1996-EX-10.4-TRANSPORTATION SERVICES AGREEMENT.PDF,test
95,"""Liquidated Damages Amount"" shall mean the difference between (i) the aggregate amount of the Co-Hosting Fee paid by Co-Host (the ""Aggregate Fee"") and (ii) the Aggregate Fee multiplied by a number the numerator of which shall be the actual Aggregate Revenue through the effective date of termination of the Agreement and the denominator of which shall be the aggregate of the Minimum Revenue Targets through the effective date of the termination.",Yes,BEYONDCOMCORP_08_03_2000-EX-10.2-CO-HOSTING AGREEMENT.PDF,test
96,"If any such action occurs and results in an employee accepting employment with the other Party, the Party with whom the employee accepts employment agrees to pay to the other Party as liquidated damages, an amount equal to two times that particular individual's annual salary and bonus.",Yes,VitalibisInc_20180316_8-K_EX-10.2_11100168_EX-10.2_Hosting Agreement.pdf,test
97,"If this Agreement terminates before the Expiration Date, you will pay us Liquidated Damages as follows: 14.4.1.1 If termination occurs before you begin the Hotel Work and before the Opening Date, and you or any Guarantor (or your or any Guarantor's Affiliates) directly or indirectly, enter into a franchise, license, management, lease and/or other similar agreement for or begin construction or commence operation of a hotel, motel, inn, or similar facility at the Hotel Site under a Competitor Brand within one (1) year after termination, then you will pay us Liquidated Damages in an amount equal to $3,600 multiplied by the number of approved Guest Rooms at the Hotel.",Yes,"HOSPITALITYINVESTORSTRUST,INC_04_07_2014-EX-10.26-FRANCHISE AGREEMENT.PDF",test
98,"If HealthGate fails to complete the System development by the System Completion Date, unless such failure results from the Publishers' default in performing its obligations under this Agreement or from an extension of time agreed in writing, the Publishers may in their discretion notify HealthGate accordingly, and if such failure is not remedied within 28 calendar days, HealthGate, recognising the loss caused to the Publishers, will on demand from the Publishers pay to the Publishers a sum calculated at the rate of 1% of the value of the contract in respect of every 28 days which elapse from the System Completion Date to the actual date of completion of the System. Such sums of money will be paid by HealthGate to the Publishers not as a penalty but as and for the ascertained and liquidated damages owing and payable by HealthGate to the Publishers by reason of such failure to meet the System Completion Date.",Yes,HEALTHGATEDATACORP_11_24_1999-EX-10.1-HOSTING AND MANAGEMENT AGREEMENT (1).pdf,test
99,"In the event that a Party solicits and then hires an employee of the other Party in violation of this Section 14.4 (Non-Solicit), the hiring Party shall, [***], within [***] ([***]) days of such hire, pay the other Party an amount equal to the [***] cash compensation actually paid to the individual<omitted>([***]) by the non-hiring Party in the immediately prior calendar year and, further, if the individual solicited and then hired in violation of this is a Key Person under Section 5.4.1(b) (Dedicated FTEs; Key Persons), then BLI shall have [***] ([***]) months to identify an employee as the individual to replace such Key Person and any (a) [***] or (b) [***], in each case (a)-(b), to the extent due to the absence of such Key Person performing a Workflow Development Plan upon which the Key Person was engaged, shall be deemed waived for that [***] month period.",Yes,"BERKELEYLIGHTS,INC_06_26_2020-EX-10.12-COLLABORATION AGREEMENT.PDF",test
100,"The Parties agree that the Construction Cost Reimbursement shall be deemed liquidated damages and that such amount shall not be deemed a penalty, but rather represents a reasonable amount of liquidated damages in light of the anticipated or actual harm caused by Shipper's termination of this Agreement as stated, the difficulties of proof of loss, and the inconvenience or non- feasibility of otherwise obtaining an adequate remedy, and that the payment of such amount shall be MPL's sole and exclusive remedy for such termination by Shipper.",Yes,MPLXLP_06_17_2015-EX-10.1-TRANSPORTATION SERVICES AGREEMENT.PDF,test
101,"In the event that you use, sell or distribute unauthorized products or services, and do not cease the use, sale, or distribution of unauthorized services or products within ten (10) days after written notice is given to you, we reserve the right to terminate this agreement and/or charge you a fee of One Hundred and No/100 Dollars ($100.00) for each day that you fail to comply with our demand to cease the use, sale or distribution of unauthorized products or services, which is a reasonable estimate of the damages we would incur from your continued use, sale or distribution of unauthorized products or services, and not a penalt",Yes,JOINTCORP_09_19_2014-EX-10.15-FRANCHISE AGREEMENT.PDF,test
102,"In the event Subcontractor directly employs or contracts with an employee of EDGE without the consent of EDGE, Subcontractor shall pay as liquidated damages two times the then monthly salary of the employee for a three-month period of time.",Yes,"FTENETWORKS,INC_02_18_2016-EX-99.4-STRATEGIC ALLIANCE AGREEMENT.PDF",test
103,"For the third time of the aforementioned violation, Party A will withhold the full amount of the performance bond already paid by Party B, and terminate the full-range business cooperation for one year.",Yes,IDREAMSKYTECHNOLOGYLTD_07_03_2014-EX-10.39-Cooperation Agreement on Mobile Game Business.PDF,test
104,IBM will give Customer a credit equal to the amount Customer paid IBM for the applicable Materials or for use of the applicable Base Components up to a maximum of twelve (12) months of applicable charges.,Yes,QuantumGroupIncFl_20090120_8-K_EX-99.2_3672910_EX-99.2_Hosting Agreement.pdf,test
105,"Any violation of this article by Party B shall be considered as a material breach of the this Agreement, and Party A is entitled to immediately terminate this Agreement and the cooperation relationship between the Parties, and request Party B to pay the liquidated damages of RMB 50,000 (RMB FIFTY THOUSAND) and indemnify for all losses incurred to Party A thereby.",Yes,SENMIAOTECHNOLOGYLTD_02_19_2019-EX-10.5-Collaboration Agreement.PDF,test
106,"If Customer breaches the foregoing covenant, the same shall constitute a partial termination of this Agreement, and Customer shall pay Metavante the Termination Fee for the affected Service, as liquidated damages and not as a penalty.",Yes,OFGBANCORP_03_28_2007-EX-10.23-OUTSOURCING AGREEMENT.PDF,test
107,"The parties hereto consider this liquidated damages provision to be a reasonable, good faith pre-estimate of those damages.",Yes,SoupmanInc_20150814_8-K_EX-10.1_9230148_EX-10.1_Franchise Agreement1.pdf,test
108,"In addition to the Minimum Volume of Product to be manufactured by ADMA, should ADMA deliver the Minimum Volume of Product but fail to meet the Updated Supply Plan as provided in Exhibit A as attached hereto and made an integral part hereof, then it is agreed upon by the Parties that ADMA shall pay to Sanofi Pasteur an amount equal to $[***] ([***]) USD for each Batch of Product that is less than the agreed upon quantity in Exhibit A, as liquidated damages, and not as a penalty.",Yes,"ADMA BioManufacturing, LLC -  Amendment #3 to Manufacturing Agreement .PDF",test
109,"Either party hereto may terminate this Agreement after the Initial Period upon at least six (6) months' prior written notice to the other party thereof. The Company may terminate this Agreement in accordance with the immediately preceding sentence but with less than six (6) months' prior written notice to Contractor; provided, that in such event, the Company shall pay Contractor an amount equal to the Termination Fee.<omitted>""Termination Fee"" shall mean an amount equal to the average Service Fees per day over the 180 day period immediately preceding the date written notice of termination is provided pursuant to Section 8.01(d) and (e) multiplied by number of days by which the Notice Period will be less than 180.",Yes,CCAINDUSTRIESINC_04_14_2014-EX-10.1-OUTSOURCING AGREEMENT.PDF,test
110,The Effective Date of this Agreement shall be the later of the dates shown by the signatures below.,No,VitalibisInc_20180316_8-K_EX-10.2_11100168_EX-10.2_Hosting Agreement.pdf,test
111,"You hereby agree with the Company that to protect the Company's and any and all Group Company's business interests, customer connections and goodwill and the stability of its or their workforce, that you will not during the Restricted Period (and in respect of sub-paragraph 14.2(f) below only, at any time): (a) in the Restricted Territory, compete with the business of the Company or any Group Company by being directly or indirectly employed or engaged in any capacity by any person, firm or company which engages in or provides Restricted Business or commercial activities competitive with the Restricted Business to Restricted Customers or Prospective Customers; (b) in the Restricted Territory, compete with the business of the Company or any Group Company either on your own account or for any person, firm or company directly or indirectly by transacting business in competition with the Restricted Business with any Restricted Customer or Prospective Customer of the Company or Group Company and with whom you personally dealt in respect of Restricted Business in the pursuance of the employment hereunder in the twelve (12) months prior to the Termination Date;<omitted>(c) in the Restricted Territory, compete with the business of the Company or any Group Company either on your own account or for any person, firm or company directly or indirectly in competition with the Restricted Business by soliciting or endeavouring to solicit or entice the business or custom of any Restricted Customer or Prospective Customer and with whom you personally dealt in respect of Restricted Business in the pursuance of the employment hereunder in the twelve (12) months prior to the Termination Date; (d) either on your own account or for any person, firm or company directly or indirectly solicit or entice away or endeavour to solicit or entice away any director or senior employee of the Company or any Group Company employed in a managerial, scientific or technical role with whom you have had material personal dealings in the twelve (12) months prior to the Termination Date; (e) from the Termination Date for the purpose of carrying on any trade, or business represent or allow you to be represented or held out as having any present association with the Company or any Group Company; and (f) from the Termination Date carry on any trade or business whose name incorporates the word Bicycle or any deviation or extension thereof which is likely or which may be confused with the name of the Company or any Group Company.",No,BICYCLETHERAPEUTICSPLC_03_10_2020-EX-10.11-SERVICE AGREEMENT.PDF,test
112,"Pretzel Time will not, as long as this Agreement is in effect and Franchisee is not in default, enfranchise or operate any other Pretzel Time Franchise within the following enclosed mall or building except as otherwise provided herein (hereinafter referred to as ""Territory""): none.",No,MRSFIELDSORIGINALCOOKIESINC_01_29_1998-EX-10-FRANCHISE AGREEMENT.PDF,test
113,"Except as otherwise set forth herein, neither party shall transfer, assign or cede any rights or delegate any obligations hereunder, in whole or in part, whether voluntarily or by operation of law, without the prior written consent of the other party, which consent may be withheld at the other party's reasonable business discretion; provided, however, that either party may transfer this Agreement without prior written consent of the other party to an Affiliate or in connection with a merger or sale of all or substantially all of the stock or assets of such party.",No,PaperexchangeComInc_20000322_S-1A_EX-10.4_5202103_EX-10.4_Co-Branding Agreement.pdf,test
114,"Provide access to MSL's premises during normal business hours (with prior notice of at least 48 hours) to inspection teams sent on behalf of MS and/or IBM if MS or IBM has reason to believe that MSL may be in violation of this Attachment 6, in order that such team may perform an inspection of the MSL'S procedures to determine compliance with the terms of this Attachment 6;",No,MANUFACTURERSSERVICESLTD_06_05_2000-EX-10.14-OUTSOURCING AGREEMENT.PDF,test
115,"Channel Partner may not assign the Agreement, the use of any Licensed Software or Services or its rights and obligations under the Agreement without the prior written consent of iPass.",No,IpassInc_20181203_8-K_EX-99.1_11445874_EX-99.1_Reseller Agreement.pdf,test
116,Either party may terminate the Agreement on 60-days written notice during a renewed term.,No,"OMINTO,INC_03_29_2004-EX-10-RESELLER AGREEMENT.PDF",test
117,"NCM hereby grants to Network Affiliate at no cost a limited, non-exclusive, non-transferable, non-sublicenseable, royalty-free license in the Territory during the Term only to receive, store, convert or otherwise manage, display and exhibit the Service on the Equipment at Theatres solely in connection with its performance of and subject to all of the terms and conditions of this Agreement.",No,DigitalCinemaDestinationsCorp_20111220_S-1_EX-10.10_7346719_EX-10.10_Affiliate Agreement.pdf,test
118,"Provided that COMWARE purchases a minimum of $45,420.00 worth of Products, in any combination, during the Initial Distribution Period, this Agreement will automatically renew for an additional 6 months (the Renewal Period).",No,"OPTIMIZEDTRANSPORTATIONMANAGEMENT,INC_07_26_2000-EX-6.6-DISTRIBUTOR AGREEMENT.PDF",test
119,"The term of this Agreement shall continue for a period of five years following the initial date of execution of the Memorandum, unless terminated earlier pursuant to Section 6.2 or Section 2.8 (""Initial Term"").",No,TomOnlineInc_20060501_20-F_EX-4.46_749700_EX-4.46_Co-Branding Agreement.pdf,test
120,This Agreement shall be binding upon and inure to the benefit of the parties and their respective successors and permitted assigns; provided that this Agreement shall not be assignable or otherwise transferable by any party without the prior written consent of the other party (which consent shall not be unreasonably withheld or delayed) and any purported assignment or transfer without such consent shall be null and void.,No,Quaker Chemical Corporation - NON COMPETITION AND NON SOLICITATION AGREEMENT.PDF,test
121,No part of the minimum royalty for the first License Year shall in any event be repayable to Diplomat.,No,AMBASSADOREYEWEARGROUPINC_11_17_1997-EX-10.28-ENDORSEMENT AGREEMENT.PDF,test
122,"IAC shall cooperate fully with Sonos and execute such further instruments, documents and agreements and give such further written assurances, as may be reasonably requested by Sonos, at Sonos' expense, to perfect the foregoing assignment and obtain and enforce assigned Intellectual Property Rights.",No,"Sonos, Inc. - Manufacturing Agreement .PDF",test
123,"Such rights to Investor Improvements shall be solely for use by the Company and its Affiliates and shall not be transferable to any Third Party, except in connection with a merger, consolidation, or the sale or transfer of substantially all of Company's assets associated with performance under this IP Agreement.",No,RareElementResourcesLtd_20171019_SC 13D_EX-99.4_10897534_EX-99.4_Intellectual Property Agreement.pdf,test
124,"Licensee shall have the non-exclusive right and license to develop and distribute ICE AGE 2 Wireless Products during the Term of the Agreement for all Wireless Products set forth in this Paragraph 2(c) except the Game, for which Licensee shall have the exclusive right and license to develop and distribute until December 31, 2006.",No,GluMobileInc_20070319_S-1A_EX-10.09_436630_EX-10.09_Content License Agreement2.pdf,test
125,"For purposes of this Agreement, any merger, consolidation, or change of corporate structure following which there is a Change of Control of Kitov shall be considered as an assignment by Kitov, allowing Dexcel to terminate the Agreement as heretofore provided.",No,KitovPharmaLtd_20190326_20-F_EX-4.15_11584449_EX-4.15_Manufacturing Agreement.pdf,test
126,"We have the right, both during and after the Term of this Agreement, to inspect, copy and audit your books and records, your federal, state and local tax returns, and any other forms, reports, information or data that we may reasonably designate.",No,PfHospitalityGroupInc_20150923_10-12G_EX-10.1_9266710_EX-10.1_Franchise Agreement1.pdf,test
127,Any such purported assignment or delegation without such prior written consent shall be null and void and have no force and effect.,No,WebmdHealthCorp_20050908_S-1A_EX-10.7_1027007_EX-10.7_Content License Agreement.pdf,test
128,"Supplier shall at its own expense secure and continuously maintain, and shall require its Subcontractors to secure and continuously maintain, throughout the Term, the following insurance with companies qualified to do business in the jurisdiction in which the services will be performed and rating A-VII or better in the current Best's Insurance Reports published by A M. Best Company and shall, upon Bank of America's request, be furnished to Bank of America certificates and required endorsements evidencing such insurance.",No,CardlyticsInc_20180112_S-1_EX-10.16_11002987_EX-10.16_Maintenance Agreement1.pdf,test
129,"Should Licensee agree to be the vendor for an Additional Title, Licensor and Licensee will negotiate in good faith to mutually agree upon the pricing and terms for each Additional Title in an amendment to this Agreement.",No,IdeanomicsInc_20160330_10-K_EX-10.26_9512211_EX-10.26_Content License Agreement.pdf,test
130,"Consultant will not, during the Term, and for a period of one (1) year thereafter, directly or indirectly: (i) solicit, recruit or promote the solicitation or recruitment of any employee or consultant of the Company for the purpose of encouraging that employee or consultant to leave the Company's employ or sever an agreement for services",No,"GIGGLESN_HUGS,INC_06_23_2016-EX-10.2-STRATEGIC ALLIANCE AGREEMENT.PDF",test
131,"For purposes of this Section 4.4, a ""Change of Control"" shall mean any transaction or series of related transactions that results in (including by way of merger or consolidation), or that is in connection with, the Village Media Company no longer being controlled (as defined in Section 1.2) by or under common control (as defined in Section 1.2) with HOFV.",No,GpaqAcquisitionHoldingsInc_20200123_S-4A_EX-10.6_11951677_EX-10.6_License Agreement.pdf,test
132,"The Rights Notice shall specify sufficient information regarding the particulars of the issuance or sale of the Additional Securities to allow HOC to make a reasoned decision in respect of making the investment, including to the extent any such terms are determinable at such time: (i) the total number of equity securities outstanding as of the date thereof; (ii) the total number of Additional Securities which are being offered; (iii) the rights, privileges, restrictions, terms and conditions of such Additional Securities; (iv) the amount payable by HOC for the Additional Securities to which it is entitled pursuant to Section 4.1(a); and (v) the proposed closing date, and thereafter, to the extent it is not included in the Rights Notice, the Company shall immediately provide notice to HOC of such information as it is determined.",No,GOLDRESOURCECORP_12_11_2008-EX-10.1-STRATEGIC ALLIANCE AGREEMENT.PDF,test
133,"Sponsor hereby agrees to and does (a) waive any and all suits, actions, claims, losses, demands, damages, liabilities, costs and reasonable expenses of every kind (including consequential, incidental or punitive damages, or lost profits), including court costs and reasonable attorneys' fees (collectively, ""Claims"") Sponsor may have now or in the future against Forty Niners SC, its Affiliates, the National Football League, SCSA and any of their respective officers, directors, employees, agents, insurers, and assigns (collectively, the ""Indemnitees"") for damage to or destruction of Sponsor's property, excepting only claims caused by the gross negligence or willful misconduct of an Indemnitee;",No,VIOLINMEMORYINC_12_12_2012-EX-10.14-SPONSORSHIP AGREEMENT.PDF,test
134,"Inventory of the Stock: the Repairer or any representative it designates shall have the right to inspect the Stock and to audit any records relating thereto at any reasonable time upon giving prior Notice to the Company, which shall provide full access to such Stock to enable the Repairer to conduct periodic inventory inspections and/or any audit of the Stock.",No,AzulSa_20170303_F-1A_EX-10.3_9943903_EX-10.3_Maintenance Agreement1.pdf,test
135,"Subject to the terms and conditions of this Agreement, Todos hereby grants the Reseller a non-sublicensable, non-transferable, exclusive right to distribute and sell the Products to Customers in the Territory; provided, however, that Reseller may sub-license or transfer its distribution rights to a subsidiary or affiliate of the Reseller.",No,TodosMedicalLtd_20190328_20-F_EX-4.10_11587157_EX-4.10_Marketing Agreement_ Reseller Agreement.pdf,test
136,"Neither party shall solicit the employees of the other party for employment during the Term of this Agreement, for any reason.",No,OFGBANCORP_03_28_2007-EX-10.23-OUTSOURCING AGREEMENT.PDF,test
137,ITS will provide free technical support to customers who have purchased ITS systems for a period of 30 days.,No,"OPTIMIZEDTRANSPORTATIONMANAGEMENT,INC_07_26_2000-EX-6.6-DISTRIBUTOR AGREEMENT.PDF",test
138,A Change of Control shall be deemed an assignment for purposes of this Agreement.,No,CytodynInc_20200109_10-Q_EX-10.5_11941634_EX-10.5_License Agreement.pdf,test
139,"Upon the expiration of the Term or termination of this Supply Agreement, in its entirety or with respect to one or more Products, this Supply Agreement shall, except as otherwise provided in this Section 10.3 or Section 10.5, be of no further force or effect; provided, however, that (a) in the event this Supply Agreement is terminated by SutroVax pursuant to Section 10.2.3 and there are outstanding Work Orders or other purchase orders accepted by Sutro that would not be fulfilled as a result of such termination, SutroVax shall reimburse Sutro for all supplies and materials purchased by Sutro and time incurred by Sutro personnel (to the extent incurred solely for manufacture of Product for SutroVax) for the manufacture, or preparation for the manufacture, of Products for any Work Orders placed by SutroVax and any other purchase orders accepted by Sutro prior to such expiration or termination, in each case to the extent Sutro cannot otherwise reasonably mitigate such the costs and expenses of such supplies, materials and time (e.g., by use of resulting supplies, materials and work-in-progress Product for other purposes); provided that to the extent SutroVax pays for any supplies or materials, upon SutroVax's request Sutro shall promptly transfer and deliver such supplies and materials to SutroVax; and (b) if this Supply Agreement is terminated with respect to one or more Products, but not all Products, then this Supply Agreement shall continue in full force and effect with respect to the applicable Product(s) for which it is not terminated.",No,"VAXCYTE,INC_05_22_2020-EX-10.19-SUPPLY AGREEMENT.PDF",test
140,"The Escrow Agreement provides that the Escrow Agent shall, under certain circumstances, release the Source Code and related DOCUMENTATION to TELKOM.",No,TELKOMSALTD_01_30_2003-EX-10-LICENCE AND MAINTENANCE AGREEMENT.PDF,test
141,"Each of us waives any right to or claim of punitive, exemplary, multiple, or consequential damages against the other in litigation and agrees to be limited to the recovery of actual damages sustained.",No,PfHospitalityGroupInc_20150923_10-12G_EX-10.1_9266710_EX-10.1_Franchise Agreement1.pdf,test
142,"Following the Initial Term, Vericel may, without penalty or prejudice to any other rights or remedies Vericel may have, in its sole discretion terminate or reduce the scope of any individual activities contemplated by this Agreement or any Additional Service or with respect to any Product or terminate this Agreement as a whole with or without cause, upon [***] prior written notice of such termination or reduction (which such written notice may be provided during the Initial Term).",No,VERICELCORP_08_06_2019-EX-10.10-SUPPLY AGREEMENT.PDF,test
143,A majority of the Restaurant owners in the Regional Fund may vote to increase the amount of each Restaurant owner's Regional Fund contribution by up to an additional two percent (2%) of each Restaurant's Gross Revenues.,No,PfHospitalityGroupInc_20150923_10-12G_EX-10.1_9266710_EX-10.1_Franchise Agreement1.pdf,test
144,"Any sale, transfer or other conveyance of all or any part of the stock in, or assets of, Licensor in violation of this Section shall be null and void.",No,NEONSYSTEMSINC_03_01_1999-EX-10.5-DISTRIBUTOR AGREEMENT_Amendment.pdf,test
145,"Skunkware further agrees that, so long as the Option shall be in existence (whether or not exercisable), it shall be and remain the sole Stockholder Licensor, and Licensor shall not issue to any other person or entity any stock, warrants or similar rights to acquire equity interests in Licensor.",No,NEONSYSTEMSINC_03_01_1999-EX-10.5-DISTRIBUTOR AGREEMENT_Amendment.pdf,test
146,"""Maximum Quantity"" means [***] pounds of Terpene Product per Year, prorated for any partial Year included in the Term.",No,FLOTEKINDUSTRIESINCCN_05_09_2019-EX-10.1-SUPPLY AGREEMENT.PDF,test
147,"This Agreement shall be governed in all respects by the laws of the United States and the State of Florida, except for conflict of laws provisions.",No,InnerscopeHearingTechnologiesInc_20181109_8-K_EX-10.6_11419704_EX-10.6_Distributor Agreement.pdf,test
148,"MusclePharm irrevocably and unconditionally transfers and assigns to the AS Parties in perpetuity and throughout the universe any and all of MusclePharm's right, title, and interest, if any (including, without limitation, the rights generally known as 'moral rights') in and to all works, including any packaging, advertising and promotional materials, and other materials based upon the Trademarks and/or Name and Appearance Rights, all of which shall, upon their creation, become and remain the property of the AS Parties.",No,MusclepharmCorp_20170208_10-KA_EX-10.38_9893581_EX-10.38_Co-Branding Agreement.pdf,test
149,"If you or your owners propose to sell the Franchised Restaurant (or its assets) or a controlling interest in the ownership of you as defined in Paragraph XVIII, you or your owners will obtain and deliver a bona fide, executed written offer to purchase same to us, which shall, for a period of thirty (30) days from the date of delivery of such offer to us, have the right, exercisable by written notice to you or your owners, to purchase the Franchised Restaurant, (its assets) or an ownership interest in you for the price and on the terms and conditions contained in such offer, provided that we may substitute cash for any form of payment proposed in such offer.",No,BUFFALOWILDWINGSINC_06_05_1998-EX-10.3-FRANCHISE AGREEMENT.PDF,test
150,The license granted to the Licensee under this Agreement shall continue perpetually,No,NmfSlfIInc_20200115_10-12GA_EX-10.5_11946987_EX-10.5_Trademark License Agreement.pdf,test
151,"All policies of such insurance shall be written by a carrier or carriers rated ""A"" or above by Best, shall contain a clause requiring the carrier to give Customer at least thirty (30) days' prior written notice of any material change or cancellation of coverage for any reason, and simultaneously with M&I's execution of this Agreement, and annually thereafter, at Customer's request, M&I shall deliver to Customer original Certificates of Insurance evidencing the coverage required by this Section.",No,TRICITYBANKSHARESCORP_05_15_1998-EX-10-OUTSOURCING AGREEMENT.PDF,test
152,"The Company may, at its option, terminate the exclusivity provisions set forth in this Section 3(d) [Exclusivity] upon the occurrence of any of the following events:<omitted>(B) MBE ceases to own at least [***]* shares of<omitted>common stock of the Company (calculated on an as-converted basis and as adjusted for any stock split, stock dividend, recapitalization or similar transaction).",No,StampscomInc_20001114_10-Q_EX-10.47_2631630_EX-10.47_Co-Branding Agreement.pdf,test
153,"Columbia or any other person appointed by Columbia shall have the right, in connection with any such audit, to inspect and obtain copies of any records or other documents and materials associated with or related to the manufacture of the Product.",No,"Columbia Laboratories, (Bermuda) Ltd. - AMEND NO. 2 TO MANUFACTURING AND SUPPLY AGREEMENT.PDF",test
154,"This JV Agreement cannot be assigned by a Party, also as a result of the transfer of a business as a going concern, of a merger, of a de-merger or of a spin-off, without the prior written consent of the other Party.",No,"KIROMICBIOPHARMA,INC_04_08_2020-EX-10.28-JOINT VENTURE AGREEMENT.PDF",test
155,"Once the monthly License Fee for a particular Unit has started, it will continue for a minimum of 36 consecutive months with the only exception being that should Power2Ship uninstall a particular Unit from one customer and install it at another customer, Power2Ship is permitted to suspend the monthly License Fee for that particular Unit for a maximum of 2 months during the life of this Agreement.",No,"VISIUMTECHNOLOGIES,INC_10_20_2004-EX-10.20-DISTRIBUTOR AGREEMENT.PDF",test
156,"Upon the expiration or termination of either the Lease or the Franchise Agreement, Landlord will cooperate with and assist us in gaining possession of premises and if bw-3 does not elect to take an assignment of the Lessee's interest, Lessor will allow bw-3 to enter the Premises, without being guilty of trespass and without incurring any liability to Lessor, to remove all signs, awnings, and all other items identifying the Premises as a Franchised Restaurant and to make such other modifications (such as repainting) as are reasonably necessary to protect the bw-3 marks and system, and to distinguish the Premises from Franchised Restaurants.",No,BUFFALOWILDWINGSINC_06_05_1998-EX-10.3-FRANCHISE AGREEMENT.PDF,test
157,"Unless terminated in accordance with the provisions of Section 10.2 below, the term of this Agreement shall commence on the Effective Date and shall continue in effect for a FIVE (5) year period.",No,"INTERSECTENT,INC_05_11_2020-EX-10.1-SUPPLY AGREEMENT.PDF",test
158,"In addition to The Original Soupman business you must own and continuously operate, you must sell and have open the minimum number of The Original Soupman businesses as set forth on Attachment E hereto (the ""Minimum Development Quota"") by the dates set forth on such Attachment.",No,SoupmanInc_20150814_8-K_EX-10.1_9230148_EX-10.1_Franchise Agreement1.pdf,test
159,"ALFA AESAR agrees not to manufacture, buy, sell, distribute, deal in or be the agent for any products with the specifications of any of the Products, excluding any preexisting ALFA AESAR products.",No,NANOPHASETECHNOLOGIESCORP_11_01_2005-EX-99.1-DISTRIBUTOR AGREEMENT.PDF,test
160,"PaperExchange may<omitted>reproduce, display and transmit any VerticalNet Content for up to three weeks on the PaperExchange Site, and after the expiration of such three week period PaperExchange shall cease to reproduce, display and transmit such VerticalNet Content and remove such VerticalNet Content from the PaperExchange Site.",No,PaperexchangeComInc_20000322_S-1A_EX-10.4_5202103_EX-10.4_Co-Branding Agreement.pdf,test
161,"During the term of this Agreement, [***], each Party will have the right to engage, at its own expense, an independent auditor reasonably acceptable to the other Party to review the other Party's books and records solely for the purpose of confirming the other Party's compliance with its pricing and payment obligations hereunder.",No,"PHREESIA,INC_05_28_2019-EX-10.18-STRATEGIC ALLIANCE AGREEMENT.PDF",test
162,"Notwithstanding any provision herein or in the ISDA Form to the contrary, the obligations of Counterparty hereunder are limited recourse obligations of Counterparty, payable solely from the Trust Estate (as defined in the Pooling and Servicing Agreement) and the proceeds thereof to satisfy Counterparty's obligations hereunder.",No,WELLSFARGOMORTGAGEBACKEDSECURITIES2006-6TRUST_05_11_2006-EX-10.3-Yield Maintenance Agreement.PDF,test
163,"This Agreement shall be binding on the respective transferees and successors of the parties hereto, except that neither this Agreement nor either party's rights or obligations hereunder shall be assigned or transferred by either party without the prior written consent of the other party.",No,TubeMediaCorp_20060310_8-K_EX-10.1_513921_EX-10.1_Affiliate Agreement.pdf,test
164,"Except in accordance with Subparagraph 30.2, no Party may assign the whole of its rights under this Agreement without the written consent of all the other Parties, such consent shall not be unreasonably withheld.",No,STARTECGLOBALCOMMUNICATIONSCORP_11_16_1998-EX-10.30-CONSTRUCTION AND MAINTENANCE AGREEMENT.PDF,test
165,"For any Product or Solution sold to any perspective clients introduced by Bravatek registered with COMPANY via email to COMPANY's CEO and delivered through Bravatek or a COMPANY-designated distribution affiliate(s) or sales channel(s), Bravatek will receive a lead-finder fee, to be mutually discussed and finally decided by COMPANY at the range of minimum of 10% to maximum of 20% of project revenue, with an exact fee to be depending upon the overall project sales margin and cost of development and delivery of each project, payable NET 30 days after each client payment on delivered products received at COMPANY's bank account.",No,"SIBANNAC,INC_12_04_2017-EX-2.1-Strategic Alliance Agreement.PDF",test
166,The evidence of insurance shall include a statement by the insurer that the policy or policies will not be canceled or materially altered without at least 30 days prior written notice to AIRSOPURE.,No,AIRTECHINTERNATIONALGROUPINC_05_08_2000-EX-10.4-FRANCHISE AGREEMENT.PDF,test
167,"This Agreement shall be renewed automatically for another five (5) years upon the expiration unless the Parties confirm, in writing, the termination of this Agreement.",No,RISEEDUCATIONCAYMANLTD_04_17_2020-EX-4.23-SERVICE AGREEMENT.PDF,test
168,"Any Product Customizations made by IAC or an IAC Subcontractor shall be on a ""work for hire"" (using the meaning given to such term under United States copyright law) basis to the maximum extent permissible under applicable law, and all Intellectual Property Rights therein shall be owned solely by Sonos.",No,"Sonos, Inc. - Manufacturing Agreement .PDF",test
169,"In the event that CAPSUGEL reasonably determines that the development of the Compound Formulation is not feasible with Commercially Reasonable Efforts in accordance with the Development Plan, with such changes as reasonably requested by CAPSUGEL, then CAPSUGEL may discontinue the development of the Compound Formulation and Product and terminate this Agreement, in which case, CARDAX shall have the right to license the Intellectual Property Rights as provided in Section 4.",No,"CARDAX,INC_08_19_2014-EX-10.1-COLLABORATION AGREEMENT.PDF",test
170,"With respect to any Patent applications and Patents claiming or covering any [***] Products, the Parties shall meet to determine in what countries, if any, Patent applications claiming such [***] Products should be filed and the appropriate filing Party (a ""Joint Patent"").",No,Microgenics Corporation - Collaborative Development and Commercialization Agreement.PDF,test
171,"Throughout the term, Boxlot shall have an agreement in place with its Internet connectivity provider which requires such provider to automatically increase bandwidth capacity if such capacity exceeds 25% utilization.",No,TheglobeComInc_19990503_S-1A_EX-10.20_5416126_EX-10.20_Co-Branding Agreement.pdf,test
172,"Notwithstanding the foregoing, it shall not be deemed unreasonable for Columbia to withhold consent, to any proposed or attempted assignment (including by merger or sale) by Fleet to a party which is not an Affiliate, if Columbia is not reasonably satisfied that the assignee possesses the management, finances, personnel, capabilities and facilities to perform fully the obligations of Fleet hereunder.",No,"Columbia Laboratories, (Bermuda) Ltd. - AMEND NO. 2 TO MANUFACTURING AND SUPPLY AGREEMENT.PDF",test
173,"Berkshire may not assign this Agreement, in whole or in part, without Auriemma's written consent.",No,BerkshireHillsBancorpInc_20120809_10-Q_EX-10.16_7708169_EX-10.16_Endorsement Agreement.pdf,test
174,"ENVISION warrants that it carries general liability insurance of $1 million per occurrence and product liability insurance of not less than $2 million per occurrence and that, upon execution of this Agreement, it will name SIERRA as an additional insured on such policies.",No,"LEGACYTECHNOLOGYHOLDINGS,INC_12_09_2005-EX-10.2-DISTRIBUTOR AGREEMENT.PDF",test
175,"Payment-Eligible URS User Data, Superset Data, and Shopping Category Data collected through the operation of the Co-Branded Application will be jointly owned by the parties.",No,InvendaCorp_20000828_S-1A_EX-10.2_2588206_EX-10.2_Co-Branding Agreement.pdf,test
176,"NOTWITHSTANDING THE ABOVE, IN NO EVENT SHALL DIVERSINET'S LIABILITY RELATING TO THIS AGREEMENT (OR THE BUNDLED PRODUCT) EXCEED ONE HUNDRED PERCENT (100%) OF THE AGGREGATE AMOUNT OF THE LICENSE FEES, ROYALTIES AND SUPPORT FEES PAID BY RESELLER IN THE TWELVE (12) MONTH PERIOD PRECEDING THE EVENT OR CIRCUMSTANCE GIVING RISE TO THE ALLEGED LIABILITY ON THE PART OF DIVERSINET.",No,DIVERSINETCORP_03_01_2012-EX-4-RESELLER AGREEMENT.PDF,test
177,"During the term of this agreement NVOS shall have the right to assign, transfer or sell all or part of its interest in the agreement upon the terms and conditions herein, subject only to prior written notice to HGF.",No,"NOVOINTEGRATEDSCIENCES,INC_12_23_2019-EX-10.1-JOINT VENTURE AGREEMENT.PDF",test
178,This Agreement may be terminated at any time without cause by either party upon ninety (90) days written notice to the other party.,No,"NETGEAR,INC_04_21_2003-EX-10.16-DISTRIBUTOR AGREEMENT.pdf",test
179,"During the Consultation Period and for a period of one year thereafter, the Consultant shall not, either alone or in association with others, (i) solicit, or permit any organization directly or indirectly controlled by the Consultant to solicit, any employee of the Company to leave the employ of the Company; or (ii) solicit for employment, hire or engage as an independent contractor, or permit any organization directly or indirectly controlled by the Consultant to solicit for employment, hire or engage as an independent contractor, any person who is employed or engaged by the Company; provided, that this clause (ii) shall not apply to any individual whose employment with the Company has been terminated for a period of six months or longer.",No,PANDIONTHERAPEUTICSHOLDCOLLC_05_22_2020-EX-10.17-CONSULTING AGREEMENT.PDF,test
180,"Franchisee agrees to participate in any governmental Worker's Compensation Program, unemployment insurance program, hospitalization program and any other similar program which may be required by the laws of the country where the Franchised Restaurant is located.",No,INTERNATIONALFASTFOODCORP_04_04_1997-EX-99-FRANCHISE AGREEMENT.PDF,test
181,"Supplier hereby grants to Bank of America a nonexclusive, fully paid, irrevocable, royalty-free, world-wide license to use, modify, copy, produce derivative works from, display, disclose to persons who have entered into a written agreement containing substantially the same confidentiality provisions as in this Agreement for the purpose of maintaining the Software for Bank of America, and otherwise to utilize the Software and the Source Code and other materials necessary to maintain and improve the Software for use by Bank of America, subject always to the limitations In this Agreement on reproduction and use of the Software.",No,CardlyticsInc_20180112_S-1_EX-10.16_11002987_EX-10.16_Maintenance Agreement1.pdf,test
182,The initial term of this Agreement is one (1) year from the date of delivery of the Product to Licensee unless earlier terminated in accordance with this Agreement.,No,"XACCT Technologies, Inc.SUPPORT AND MAINTENANCE AGREEMENT.PDF",test
183,"Within [Redacted - Commercially Sensitive - Time Period] of the Effective Date, the parties shall negotiate, acting reasonably and in good faith, a transition plan (the ""Transition Plan"") to provide for a smooth transfer and transition of the manufacturing activities under this Agreement to Customer, an Affiliate of Customer or a third party manufacturer designated by Customer.",No,PROFOUNDMEDICALCORP_08_29_2019-EX-4.5-SUPPLY AGREEMENT.PDF,test
184,"Neither party will solicit for employment any employee of the other party during the active term of this Agreement and further, where applicable, the term of any active Work Order.",No,"VIRTUALSCOPICS,INC_11_12_2010-EX-10.1-STRATEGIC ALLIANCE AGREEMENT.PDF",test
185,FSL and AFSL may not exercise the Put Option prior to the Option Starting Date nor more than one hundred eighty (180) days after the Option Starting Date.,No,"TRANSPHORM,INC_02_14_2020-EX-10.12(1)-JOINT VENTURE AGREEMENT.PDF",test
186,Schoolpop shall have the exclusive right to resell Cards in the NPO Marketplace.,No,LOYALTYPOINTINC_11_16_2004-EX-10.2-RESELLER AGREEMENT.PDF,test
187,"This Agreement shall become effective on the Effective Date and shall remain in effect for an initial period of 1 year (""Initial Term"").",No,HealthcareIntegratedTechnologiesInc_20190812_8-K_EX-10.1_11776966_EX-10.1_Reseller Agreement.pdf,test
188,Pretzel Time shall have the unrestricted right to assign this option to purchase.,No,MRSFIELDSORIGINALCOOKIESINC_01_29_1998-EX-10-FRANCHISE AGREEMENT.PDF,test
189,"Eutectix shall obtain, pay for, and maintain in full force and effect throughout the term of this Agreement insurance as follows: (a) Workers' Compensation and Employers' Liability insurance with limits to conform with the greater of the amount required by applicable law or one million dollars ($1,000,000) each accident, including occupational disease coverage and an endorsement to the Workers' Compensation and Employers' Liability insurance policy, in form acceptable to Liquidmetal, containing a waiver of subrogation by the insurance carrier with respect to Liquidmetal and its parent, subsidiaries, divisions and Affiliates, and all of their respective directors, officers, shareholders, employees and representatives; (b) Commercial General Liability insurance with limits of not less than five million dollars ($5,000,000) combined single limit for bodily injury, death, and property damage, including personal injury, contractual liability, independent contractors, broad- form property damage, and products and completed operations coverage; and, (c) Commercial Automobile Liability insurance with limits of not less than one million dollars ($1,000,000) each occurrence combined single limit of liability for bodily injury, death, and property damage, including owned and non-owned and hired automobile coverages, as applicable.",No,LiquidmetalTechnologiesInc_20200205_8-K_EX-10.1_11968198_EX-10.1_Development Agreement.pdf,test
190,"Except to the extent governed by the U.S. Trademark Act of 1946 (Lanham Act, 15 U.S.C. ""1051 et seq.), this Agreement, the other agreements referred herein, and the offer and the sale of the franchise shall be governed in all respects and aspects by the laws of the Commonwealth of Pennsylvania and expressly excluding the laws pertaining to the choice of law and conflict of laws.",No,MRSFIELDSORIGINALCOOKIESINC_01_29_1998-EX-10-FRANCHISE AGREEMENT.PDF,test
191,Customer is responsible for obtaining and maintaining personal property insurance sufficient to cover the value of Customer Components;,No,QuantumGroupIncFl_20090120_8-K_EX-99.2_3672910_EX-99.2_Hosting Agreement.pdf,test
192,IN NO EVENT SHALL JRVS'S LIABILITY ARISING OUT OF THIS AGREEMENT EXCEED THE AMOUNT RECEIVED BY JRVS FROM THE DISTRIBUTOR HEREUNDER FOR THE PRODUCT GIVING RISE TO THE LIABILITY.,No,ImineCorp_20180725_S-1_EX-10.5_11275970_EX-10.5_Distributor Agreement.pdf,test
193,VOTOCAST will give Licensee at least thirty (30) days prior written notice of any rate changes during any Renewal Term.,No,VitalibisInc_20180316_8-K_EX-10.2_11100168_EX-10.2_Hosting Agreement.pdf,test
194,Nothing in this Agreement shall require Manufacturer to provide more than 75 hours per calendar year per Product in connection with any Technical Support.,No,UpjohnInc_20200121_10-12G_EX-2.6_11948692_EX-2.6_Manufacturing Agreement_ Supply Agreement.pdf,test
195,"Such audits shall be conducted on a mutually agreed upon date (which shall be no more than ten (10) Business Days after Bank of America's written notice of time, location and duration), subject to reasonable postponement by Supplier upon Supplier's reasonable request, provided, however, that no such postponement shall exceed twenty (20) Business Days.",No,CardlyticsInc_20180112_S-1_EX-10.16_11002987_EX-10.16_Maintenance Agreement1.pdf,test
196,"Each Party expressly waives and foregoes any right to consequential, punitive, special, exemplary or similar damages or lost profits.",No,PhasebioPharmaceuticalsInc_20200330_10-K_EX-10.21_12086810_EX-10.21_Development Agreement.pdf,test
197,We reserve the right to reinspect the facilities and products of any approved supplier and to revoke approval if we find that the supplier fails to meet any of our then-current criteria.,No,PfHospitalityGroupInc_20150923_10-12G_EX-10.1_9266710_EX-10.1_Franchise Agreement1.pdf,test
198,"If any item of Software fails to so perform during its warranty period, as the sole remedy NETGEAR of NETGEAR's supplier will at its discretion provide a suitable fix, patch or workaround for the problem which may be included in a future revision of the Software.",No,"NETGEAR,INC_04_21_2003-EX-10.16-DISTRIBUTOR AGREEMENT.pdf",test
199,"In the event that Vendor is forced to allocate the distribution of the Products due to limited supply, Distributor shall be treated no less favorably than any other distributor and shall receive its pro rata allocation of the Products.",No,ENTERTAINMENTGAMINGASIAINC_02_15_2005-EX-10.5-DISTRIBUTOR AGREEMENT.PDF,test
200,"The foregoing shall not apply to operation of an El Pollo Loco® restaurant by Developer pursuant to a Franchise Agreement with Franchisor or the ownership by Developer of less than five percent (5%) of the issued or outstanding stock of any company whose shares are listed for trading on any public exchange or on the over-the-counter market, provided that Developer does not control or become involved in the operations of any such company.",No,ElPolloLocoHoldingsInc_20200306_10-K_EX-10.16_12041700_EX-10.16_Development Agreement.pdf,test
201,"The term of this Agreement shall be one (1) year unless terminated earlier in accordance with the terms of this Agreement (the ""Term"").",No,HPILHOLDING_01_07_2015-EX-99.1-COOPERATION AGREEMENT.PDF,test
202,"The term of this Agreement shall commence as of the Effective Date and shall continue until terminated as hereinafter provided (the ""Term"").",No,SimplicityEsportsGamingCompany_20181130_8-K_EX-10.1_11444071_EX-10.1_Franchise Agreement.pdf,test
203,"Calm's representatives may, from time to time during regular business hours on reasonable advance notice, during the Term of this Agreement and for a period of six (6) months thereafter, inspect and audit such books and records and examine and copy all other documents and material in the possession or under the control of XSPA with respect to the subject matter and the terms of this Agreement.",No,XpresspaGroupInc_20190401_10-K_EX-10.28_11599457_EX-10.28_Marketing Agreement.pdf,test
204,"Unless earlier terminated as provided below, the term of this Agreement shall begin on the Effective Date and shall continue for a period of five (5) years from the Effective Date (the ""Initial Term"") after which this Agreement may be extended on mutual agreement of the parties (a ""Renewal Term,"" and together with the Initial Term, the ""Term"").",No,DigitalCinemaDestinationsCorp_20111220_S-1_EX-10.10_7346719_EX-10.10_Affiliate Agreement.pdf,test
205,Either party may terminate this Agreement without cause upon sixty (60) days prior written notice to the other party.,No,MTITECHNOLOGYCORP_11_16_2004-EX-10.102-Reseller Agreement Premier Addendum.PDF,test
206,"Fox grants to Licensee a limited, non-exclusive right and license to distribute the following Wireless Products in connection with the Property ""ICE AGE: THE MELTDOWN"" in the United States: (A) 2 Scrat voicetones; (B) 2 John Leguizamo voicetones; and (C) 3 premium videos.",No,GluMobileInc_20070319_S-1A_EX-10.09_436630_EX-10.09_Content License Agreement3.pdf,test
207,"Additionally, VS shall assist PPD (or Sponsor), at PPD's (or Sponsor's) sole cost and expense, in obtaining or extending protection therefor.",No,"VIRTUALSCOPICS,INC_11_12_2010-EX-10.1-STRATEGIC ALLIANCE AGREEMENT.PDF",test
208,"Notwithstanding the foregoing, no assignment or attempted assignment by Sponsor shall be valid except to a party which intends to continue the business of Sponsor as presently conducted.",No,MERCATAINC_03_09_2000-EX-10.21-SPONSORSHIP AGREEMENT.PDF,test
209,"eBix shall own and retain all right, title and interest in and to any About Customer data generated on the Insurance Center, and nothing in this Agreement shall confer in About any right, title or interest in<omitted>the About Customer data (except to the extent that it is duplicative of About User data and as hereinafter provided).",No,EbixInc_20010515_10-Q_EX-10.3_4049767_EX-10.3_Co-Branding Agreement.pdf,test
210,"Customer may terminate this Agreement, or any portion of Services specified herein, for convenience by: providing at least sixty (60) days prior written notice to IBM; and paying the applicable early termination charges specified in Attachment C.",No,QuantumGroupIncFl_20090120_8-K_EX-99.2_3672910_EX-99.2_Hosting Agreement.pdf,test
211,"The construction, interpretation and performance of this Agreement shall be governed by the laws of Switzerland, except for its conflicts of law principles.",No,STARTECGLOBALCOMMUNICATIONSCORP_11_16_1998-EX-10.30-CONSTRUCTION AND MAINTENANCE AGREEMENT.PDF,test
212,"During the term of this Agreement, Ono shall pay to Array, on a quarterly basis, a royalty on the Net Sales of Products by Ono, its Affiliates or Sublicensees.",No,"Array BioPharma Inc. - LICENSE, DEVELOPMENT AND COMMERCIALIZATION AGREEMENT.PDF",test
213,"Furthermore, pursuant to Paragraph 2(c)(ii) of this Amendment, Licensee shall pay to Fox an additional minimum recoupable guarantee of ***** dollars (US$*****).",No,GluMobileInc_20070319_S-1A_EX-10.09_436630_EX-10.09_Content License Agreement2.pdf,test
214,"Life Technologies will be authorized to perform the Professional Component of all Tests sold by the parties, although Biocept may engage other groups in promotion, marketing and performance arrangements for the Tests, at the discretion of Biocept.",No,BIOCEPTINC_08_19_2013-EX-10-COLLABORATION AGREEMENT.PDF,test
215,"To the extent not already granted pursuant to the License Agreement, FCE grants ExxonMobil and its Affiliates a worldwide, non-exclusive, royalty-free, irrevocable, perpetual, sub-licensable, non-transferable (except pursuant to Article 14 (Assignment)) right and license to practice FCE Background Information and FCE Background Patents for Generation 2 Technology in Carbon Capture Applications and Hydrogen Applications",No,FuelcellEnergyInc_20191106_8-K_EX-10.1_11868007_EX-10.1_Development Agreement.pdf,test
216,"Licensee shall pay to Licensor for each Licensed Product licensed to a Redistributor or a Customer a royalty equal to the Specified Royalty Percentage of all revenues received (without deduction for value added tax, if any, but excluding any revenues for maintenance and support or upgrade services, which revenues are covered in paragraph (b) below) by Licensee under the Redistributor Agreement or Sublicense applicable to such Licensed Product.",No,NEONSYSTEMSINC_03_01_1999-EX-10.5-DISTRIBUTOR AGREEMENT_Amendment.pdf,test
217,"At the written request of Customer, given at least 100 days prior to expiration of the Term of the Agreement, M&I shall continue to provide Customer all Services at the rates set forth in this Agreement, for a maximum period of six (6) months.",No,TRICITYBANKSHARESCORP_05_15_1998-EX-10-OUTSOURCING AGREEMENT.PDF,test
218,"Except as permitted under Sections 9.2.1 and 9.2.2, BLI may not sublicense, assign or otherwise transfer the rights granted to it in this Section 9.2 (Grants to BLI) without first obtaining the prior written consent of Ginkgo[***].",No,"BERKELEYLIGHTS,INC_06_26_2020-EX-10.12-COLLABORATION AGREEMENT.PDF",test
219,"If DIALOG decides to discontinue Sales of any Product, it will notify ENERGOUS at least [***] prior to such discontinuance, and following such notification, the exclusivity rights, if any, associated with that Product will cease; provided, however, this provision will not apply in the event that DIALOG continues Sales of Product Updates, repackaged Product Dies or MCMs.",No,ENERGOUSCORP_03_16_2017-EX-10.24-STRATEGIC ALLIANCE AGREEMENT.PDF,test
