index,answer,text,document_name,split
0,Yes,"The Parties will: a. limit disclosure of any Confidential Information to its directors, officers, employees, agents or representatives (collectively ""Representatives"") who have a need to know such Confidential Information in connection with the Transaction, and only for that purpose; ", 064-19 Non Disclosure Agreement 2019.pdf,train
1,Yes,"The Disclosee will procure that prior to the disclosure to any other person (including any professional advisor) of any Confidential Information, such other person is made aware of the provisions of this Agreement and the fact that the Disclosee will be liable. ",12032018_NDA_The%20Munt_EN.pdf,train
2,Yes,"Each Party shall be responsible for any breach of this Agreement by such Party, its employees, agents, officials, representatives or consultants acting within the scope of their engagement or employment. ",130806ca141.pdf,train
3,Yes,"An employee, director, officer, manager, member, partner, affiliate, associate, agent, attorney, accountant, consultant, banker, business adviser, financial adviser, scientific adviser or technical adviser of Receiver may become a party to this Agreement by signing a counterpart hereof, a copy of which shall be provided to VIDAR within five days of signature. ",18268-001%20Rev%20B%20Form%20Version%20in%20PDF.pdf,train
4,No,"Recipient will not disclose or permit access to Confidential Information to contract workers, consultants or contractors of Recipient or its Affiliates unless authorized by Disclosing Party in writing and on condition that such persons are bound by obligations of confidentiality inuring to the benefit of Disclosing Party and its Affiliates at least as restrictive as these terms and conditions.  ",01_Bosch-Automotive-Service-Solutions-Mutual-Non-Disclosure-Agreement-7-12-17.pdf,train
5,No,"Subject to the terms of the NDA the Receiving Party hereby undertakes to the Disclosing Party: c) that it shall give access to the Confidential Information only,to those of its employees who need access to the Confidential Information for LOA purposes and will ensure that such employees adhere to the obligations and restrictions contained in the NDA; ",54c808c1b20e4490b1300ad2ce3b9649.pdf,train
6,No,"WHEREAS, in order for the Contractor to perform the work required under the Contract, it will be necessary for the State at times to provide the Contractor and the Contractor’s employees, agents, and subcontractors (collectively the “Contractor’s Personnel”) with access to certain information the State deems confidential information (the “Confidential Information”). 3. If the Contractor intends to disseminate any portion of the Confidential Information to non-employee agents who are assisting in the Contractor’s performance of the Contract or will otherwise have a role in performing any aspect of the Contract, the Contractor shall first obtain the written consent of the State to any such dissemination.  ",Attachment-I-Non-DisclosureAgreementContractor.pdf,train
7,No,"In the absence of the Disclosing Party’s prior written consent, the Receiving Party shall not produce nor disclose the Confidential Information, or any part thereof, to any third party. ",BT_NDA.pdf,train
0,Yes,"Representatives: any employees, officers, directors, professional advisors or consultants in relation to each Party and any of its Affiliates, who are actively and directly engaged in the Purpose; 4.1. Notwithstanding clause 3.1 of this Agreement, the Receiving Party may disclose the Confidential Information: a) to its and its Affiliate’s Representatives, provided always that the Receiving Party procures that such Representatives shall comply with the confidentiality obligations as set out in clause 3 of this Agreement, and the Receiving Party agrees to be liable for the actions or omissions of such Representatives in relation to the Confidential Information as if they were the actions or omissions of the Receiving Party; and ",5-NSK-Confidentiality-Agreement-for-Suppliers.pdf,test
1,Yes,"3.8. ""Representatives"" means, in relation to a Party to the extent involved in the Project,  (a) its Affiliates;  (b) its contractors / suppliers of any tier and  (c) all of the aforementioned entities' employees, directors, senior executives, professional advisors and consultants. 5.1. Recipient shall: 5.1.3. not copy or reproduce (or permit to be copied or reproduced) any Confidential Information, or directly or indirectly disclose or distribute any of it to any person other than those of its Representatives who are strictly required to perform Recipient's work in relation to the Project. ",59b1148ff6952b0001bdbedc_20170907_non%20disclosure%20agreement_expert.pdf,test
2,Yes,"Personnel means any and all staﬀ, employees, directors, oﬃcers and professional advisors of a Party 4.1 A Receiving Party shall only disclose or reveal any Conﬁdential Information disclosed to it to those of its Personnel who are required in the course of their duties to receive and consider the same in so far as is necessary to fulﬁl the Purpose. ",5bfbcabf0627e70bdcfc5b32_nda-ready4s.pdf,test
3,Yes,"2. Both Parties shall II. keep the Information relating to the other party secret and confidential and not disclose any of it to any third person and only make it available to the Receiving Party´s executive board, directors, employees, advisers or subsidiaries and affiliates who need to know the same for the Purpose; ",ADVANIDE-NON-DISCLOSURE-AGREEMENT.pdf,test
4,Yes,"The RECEIVING PARTY and its employees, officers, agents and affiliates shall hold the CONFIDENTIAL INFORMATION in confidence and take all reasonable steps to preserve the confidential and proprietary nature of the CONFIDENTIAL INFORMATION, including, without limitation:  (i) refraining from disclosing the CONFIDENTIAL INFORMATION to persons within its organization not having a reason to know, and all persons outside its organization unless they have a reason to know and are bound by fiduciary duties of confidentiality to the RECEIVING PARTY; and  ",AGProjects-NDA.pdf,test
5,Yes,"For avoidance of doubt, in this Agreement “third party” means any party other than Client and AfriGIS and their holding and subsidiary companies or agents. 3.4 Notwithstanding anything to the contrary contained in this Agreement the Parties agree that the Confidential Information may be disclosed by the Receiving Party to its professional advisors on a need-to-know basis; provided that that Party takes whatever steps are necessary to procure that such professional advisors agree to abide by the terms of this Agreement to prevent the unauthorised disclosure of the Confidential Information to third parties.  ",AfriGIS_Client-NDA_Template_2019.pdf,test
6,Yes,Borrower may also disclose the Information to its legal counsel. ,Agency-Lending-Disclosure_A-Z-Guide_Appendix_Sample-Confidentiality-Agreements.pdf,test
7,Yes,"Representative(s): means employees, agents, officers, professional advisers and Affiliates of the Recipient Party. In consideration of the mutual disclosure of Confidential Information the Recipient Party undertakes:- (d) not at any time, whether the negotiations proceed or not, to copy, disclose or otherwise make available to any third party without the written consent of the Disclosing Party, any of the Confidential Information of the Disclosing Party other than to its Representatives who are required for the Purpose to receive and consider the Confidential Information provided that the Recipient Party informs its Representatives of the confidential nature of the Confidential Information before disclosure and procures that its Representatives shall, in relation to any Confidential Information disclosed to them, comply with this Agreement as if they were the Recipient Party and the Recipient Party shall at all times be liable for the failure of any Representative to comply with the terms of this Agreement; ",Aspiegel_NDA_template.pdf,test
8,Yes,"The Recipient shall refrain from directly or indirectly disclosing any of the Confidential Information to any person, firm, fund, or entity, or knowingly making any Confidential Information available to any others for any use (other than as permitted by this Agreement).  In furtherance and not in limitation of the foregoing provisions, the Recipient shall: (a) Restrict disclosure of the Confidential Information only to those of the persons as may be absolutely necessary; ",Attachment B - Intent to Propose and Non-Disclosure Agreement.pdf,test
9,Yes,The Contractor further agrees to require each of its employees and agents to sign a form that would bind them in writing to protect the confidentiality of such Confidential Information.  ,Attachment%20J.2%20-%20Non-Disclosure%20Agreement%20-Technology%20Services.pdf,test
10,Yes," A ""representative"" is an employee, contractor, advisor or consultant of one of us or one of our respective affiliates.  Each of us may disclose the other's confidential information to our representatives (who may then disclose that confidential information to other of our representatives) only if those representatives have a need to know about it for purposes of our business relationship with each other.  ",BCG-Mutual-NDA.pdf,test
11,Yes,"In view thereof, the parties undertake that - 3.2 they will not, without the prior written consent of the disclosing party: 3.2.2 divulge, discuss with, disclose or reveal the confidential information of the disclosing party to any person, firm, corporation, association or any other entity for any reason or purpose whatsoever (other than its employees and agents and only to the extent that such employees and agents require such information in the implementation of any agreement concluded between the parties); ",BO115-07-non-disclosure-agreement.pdf,test
12,Yes,"In consideration of the broker, (""Broker"") providing the information on businesses for sale, I/we understand and agree: (b) Not to disclose, for a period of three years from the date I/we sign this Non-Disclosure Agreement, any information regarding these businesses to any other person who has not also signed this Agreement, except to secure the advise and recommendations of my business advisors (accountants, attorneys, etc.)  ",BaconNon-Disclosure.pdf,test
13,Yes,"Receiving Party shall carefully restrict access to Confidential Information to employees, contractors and third parties as is reasonably required and shall require those persons to sign nondisclosure restrictions at least as protective as those in this Agreement.  ",Basic-Non-Disclosure-Agreement.pdf,test
14,Yes,"7. Each Respondent shall be entitled to disclose or make available any Information it receives from the ETI or any other Respondent to such of its employees, officers, consultants, sub-contractors, proposed sub-contractors, proposed funders, proposed owners or lessors of sites for the Project, owners or licensors of Third Party IP and professional advisers where such disclosure is necessary for the Purpose provided that all such persons to whom any Information is disclosed are bound by written obligations that are no less restrictive than those in this Agreement.  ",Bio-FIP-EOI-NDA.pdf,test
15,Yes,YOU AGREE WITH US: D) to reveal the Confidential Information only to those of your employees or third party advisers who need to know in connection with our discussions relating to the Proposed Transaction. ,Business-Sale-Non-Disclosure-Agreement.pdf,test
16,Yes,"b. The Parties shall disclose the Information to their employees, Affiliates, external experts and/or consultants only on a need to know basis and only to the extent absolutely necessary for the Purpose.  ",CA-Nov14-Doc.5.14%20-%20Template%20Confidentiality%20Agreement.pdf,test
17,Yes,"5. The ETI shall be entitled to disclose or make available any Information it receives from the Respondent to: a. such of the ETI Affiliates, and either the ETI’s or the ETI Affiliates’ employees, officers, secondees, agents, consultants, sub-contractors, proposed sub-contractors, professional advisers and proposed professional advisers where such disclosure is necessary for the Purpose, provided that all such aforementioned persons to whom any Information is disclosed by the ETI are bound by obligations of confidentiality and the ETI shall be responsible for breaches of the obligations by such persons and each ETI Affiliate may enforce this clause in accordance with the Contracts (Rights of Third Parties) Act 1999; and 7. Each Respondent shall be entitled to disclose or make available any Information it receives from the ETI or any other Respondent to such of its employees, officers, consultants, sub-contractors, proposed sub-contractors, proposed funders, proposed owners or lessors of sites for the Project, owners or licensors of Third Party IP and professional advisers where such disclosure is necessary for the Purpose provided that all such persons to whom any Information is disclosed are bound by written obligations that are no less restrictive than those in this Agreement.  8. Each Respondent shall be entitled to disclose or make available any Information it receives from the ETI to any other Respondent where it is necessary for the Purpose. ",CCS-Salt-Cavern-RfP-NDA.pdf,test
18,Yes,"Each party may disclose the other party’s Confidential Information to its employees, contractors and Affiliates who have a legitimate “need to know,” have been advised of the obligations of confidentiality under this Agreement and are bound to obligations of confidentiality substantially similar to those set out in this Agreement. ",amc-general-mutual-non-disclosure-agreement-en-gb.pdf,test
19,Yes,Nothing in this agreement will prevent the receiving party from disclosing confidential information: (b) to its lawyers; or ,annex-iii---nda-agreement..pdf,test
20,Yes,"Receiving Party agrees not to use, divulge, reproduce or otherwise make available the Confidential Information other than for the purposes of the Project and to disclose it only to its officers, agents, employees, partners, and professional advisors as necessary, who shall also be bound to comply with this Agreement. 7. Receiving Party shall not disclose any Confidential Information to any other person or entity other than as provided herein, without Casino’s prior written consent.  Neither party nor any of its representatives shall contact, either directly or indirectly, any governmental official, lender or other third party (other than a representative as provided herein) to discuss the Project or the business or the assets of the other party, or a potential business transaction with or concerning the other party, without first obtaining the written consent of the other party. ",casino-nondisclosure-agmt.pdf,test
21,Yes,"Permitted Recipients means those persons who have a need to know the Confidential Information for the Permitted Purpose and who are officers, directors, employees, agents or contractors (at any level) of the Receiving Party or its affiliates, or anyone else for whom the Receiving Party takes responsibility for under this Agreement. ",CON-NDA-PTL-01-2012-v1%20Non-Disclosure%20Agreement%20and%20Checklist.pdf,test
22,Yes,"Therefore, the parties agree that a) Recipient may disclose Confidential Information to its Subsidiaries without Discloser’s consent, if and to the extent such disclosure is required in order to fulfill the Purpose; and b) a disclosure to or by a party’s respective Subsidiaries shall be considered as disclosure to or by the respective party; and ",ConfidentialityAgreement.pdf,test
23,Yes,"The parties will entrust confidential information solely to those employees, consultants and third party companies which are concerned with the processing of the order and which are legally or contractually obligated to secrecy. ",Confidentiality_Agreement_1.pdf,test
24,Yes,"Disclosure of the Confidential Information may be made only to employees, agents or independent contractors of a Party who are directly involved in consideration of the transaction, which is the subject of this Agreement and who are bound to maintain its confidence. ",Confidentiality_Non-Disclosure_Agreement.pdf,test
25,Yes,This Agreement shall not prohibit disclosure to third party consultants and professional advisors provided such third parties enter into and agree to be bound by this Agreement. ,confidentiality-agreement.pdf,test
26,Yes,"The Parties undertake: iii) to prevent disclosure of any such Confidential Information to any third party; v) to disclose the Confidential Information only to those of its directors, employees and consultants who need the Confidential Information to conduct tasks in relation to the purpose set out in Section 1; ",confidentiality_agreement.pdf,test
27,Yes,"If considered necessary or justiﬁable, the Receiving Party shall, before passing on the information to third parties, instruct such third parties about the conﬁdentiality of the Information, and they shall sign a conﬁdentiality and non-disclosure agreement. ",confidentialityandnondisclosureagreement.pdf,test
28,Yes,"1. The Receiving Party agrees to treat all information provided by the Providing Party in connection with the Business Under Discussion to the Receiving Partner and/or any of its partners, directors, officers, employees, affiliates, insurers, agents, advisors or auditors (the “Representatives”), regardless of the manner in which it is so furnished, together with any analyses, compilations, data, studies or other documents or records, whether of an oral, written or electronically retrievable nature (collectively the “Information”), as strictly confidential. 2. The Receiving Party shall limit the possession and use of the Information to a “need-to-know” basis among its Representatives. ",eHandshake_Non_Disclosure_Agreement.pdf,test
29,Yes,"Recipient may disclose Confidential Information only to its employees, agents, consultants and contractors on a need-to-know basis, and only if such employees, agents, consultants and contractors have executed appropriate written agreements with Recipient sufficient to enable Recipient to enforce all the provisions of this Agreement.  ",Generic-NDA-Pitch-Deck-Fire.pdf,test
30,Yes,"""Unauthorised Persons"" means officers, employees or advisers of the Recipient who are not required to have access to the Confidential Information for the Purpose, and any other person who is not a party to this agreement. In consideration of each party disclosing its Confidential Information to the other party for the Purpose, the Recipient must ensure that Confidential Information is:  not disclosed to any Unauthorised Person; The Recipient must ensure that access to Confidential Information is only given to those of its officers, employees and advisers who require access for the Purpose, and that those officers, employees and advisers are informed of the confidential nature of the Confidential Information and keep that information confidential.  ",ICTSC-NDA-General-MandA-signed.pdf,test
31,Yes,"b. The Receiving Party may provide its customers with  (i) Safety Data Sheets as defined in Article 31 of REACH,  (ii) relevant exposure scenarios, or  (iii) other available and relevant information about the substance that is necessary to enable appropriate risk management measures to be identified and applied. ","IMOA%20Molybdenum%20Consortium%20NDA%20Agreement%20amended%20Jan%2008,%20valid%20March%2009%20onwards.pdf",test
32,Yes,"Each party shall disclose Confidential Information only to those officers, directors, employees and contractors who are required to have the information in order to evaluate or engage in discussions concerning the contemplated business relationship, and such party shall remain responsible for compliance with the terms of this Agreement by its officers, directors, employees and contractors. ",Mutual-Non-Disclosure-Agreement-Inventor-Product-Development-Experts-Inc..pdf,test
33,Yes,Each party may use the information received from the other party hereunder and may provide such information to its parent corporation or any other subsidiaries thereof and their respective employees as applicable for their use only in connection with the Business Purpose. ,nda_9.pdf,test
34,Yes,"1. The term “Confidential Information” shall mean any confidential, proprietary, financial or otherwise non-public information, in written or electronic form, relating to the Disclosing Party, or the Purpose that is disclosed before, on or after the Effective Date, by the Disclosing Party to the Recipient or its affiliates, or to any of such Recipient’s or its affiliates’ employees, officers, directors, partners, shareholders, agents, attorneys, accountants or advisors (collectively, “Representatives”), whether disclosed or accessed in written, electronic or other form, including, without limitation:  3. Recipient shall not, and shall cause its Representatives not to,  (a) disclose all or any portion of Confidential Information to any third parties (other than to its Representatives who need to know the Confidential Information to assist Recipient in its evaluation of the Purpose), or  Notwithstanding anything to the contrary contained in this Agreement, Disclosing Party acknowledges and agrees that  (a) the Recipient is expressly authorized to disclose the Confidential Information to certain lenders and investors, in furtherance of Recipient’s performance of its obligations with respect to the Purpose and  (b) under no circumstances will Recipient have any liability for any disclosure by such lenders or investors of any of the Confidential Information. 4. Except as otherwise provided in this Agreement, without the prior written consent of the Disclosing Party, Recipient shall not disclose to any person or entity (other than its Representatives who are involved in its evaluation of the Purpose) any information with respect to the occurrence or content of any discussions or negotiations between the Parties. ",NDA-Template-Media-News-Group-inc.pdf,test
35,Yes,"3.2 Notwithstanding Clause [3.1(a)], the Recipient may disclose the Confidential Information to its [officers, employees, professional advisers, insurers, agents and sub-contractors] [who have a need to have access to the Confidential Information for the performance of their work with respect to the Permitted Purpose and] who are bound by a written agreement or professional obligation to protect the confidentiality of the Confidential Information. ",NDA-Urban_Wind_Turbines.pdf,test
36,Yes,"2.1. Either party agrees that it shall ensure that it and its associated companies and their respective officers and employees shall keep confidential, both during and after the duration of the agreement, all information which: And undertakes not to disclose any of such information to any third party without the prior written permission of the other party except as required by any applicable law or government regulation, and provided that each party may disclose the agreement on a confidential basis to its public accountants, attorneys and financial advisors and/or funders.  Any Business Partner shall maintain the material as confidential and shall not publish, disclose or distribute all or any portion of it (or any copies of it) to any other person or permit any other person access to it, save for employees, consultants or agents of the Business Partner for purposes specifically related to Mandarin’s use of the material.  ",NDA_ResConnect.pdf,test
37,Yes,3. Each party may disclose Conﬁdential Information only on a need-to-know basis to its own employees and to its consultants under appropriate written burden of conﬁdentiality.  ,Non-Disclosure-Agreement-NDA.pdf,test
38,Yes,"5. The Receiving Party agrees for the period specified in Section 13 that it will: a. Restrict disclosure of the Confidential Information to the minimum required number of people (such as employees, directors, officers, legal counsels, accountants or consultants who shall also be personally bound to maintain the Information in confidence); ",non-disclosure-agreement-en.pdf,test
39,Yes,"Receiving Party shall carefully restrict access to Sensitive Information to employees, contractors and third parties as is reasonably required and shall require those persons to sign nondisclosure restrictions at least as protective as those in this Agreement.  ",non-disclosure-agreement-template.pdf,test
40,Yes,"Recipient may only disclose the Confidential Information to its employees, directors, officers, agents, students (in University’s case) and consultants who have a need-to-know the Confidential Information for the Permitted Purpose, provided that they are advised of the confidential nature of the Confidential Information and are under an obligation to maintain its confidentiality.  ",Template-NDA-2-way-final-1.pdf,test
41,Yes,"The foregoing notwithstanding, the Recipient may disclose classified information to its employees or contractors (hereafter Representatives) to the extent each such Representative has a need to know such information to conduct the work referenced in the Whereas clauses, and shall comply with Recipient’s obligations under this Agreement.  ",VELCO%20NDA%20rev0%20Dec%2014%202015.pdf,test
42,Yes,"2. Except as expressly permitted herein,  Recipient shall not disclose Confidential Information and shall prevent the disclosure of such information by Recipient or its affiliates and their respective employees, directors, counsel, advisors, agents and independent contractors (all of which collectively ""Representatives"") by using the same degree of care to keep confidential the Confidential Information as it uses to keep confidential its own confidential information.  4. Recipient shall disclose Confidential Information only to those of its Representatives who have a need to know such information for the Permitted Purpose. ",768384_0000912057-00-018619_document_8.txt,test
43,Yes,"Notwithstanding the foregoing,  Seller shall be permitted to disclose historical financial information, including financial information relating to the Business, as may be required by customers, vendors, lenders or other third parties, provided that such third parties shall agree to preserve the confidentiality of such information. ",86115_0000930661-99-001321_document_3.txt,test
44,Yes,"We and our representatives will keep the Evaluation Materials completely confidential; provided, however, that  (i) any of such information may be disclosed to those of our directors, officers, employees, agents, representatives (including attorneys, accountants and financial advisors), lenders and other sources of financing (collectively, ""our representatives"") who we reasonably determine need to know such information for the purpose of evaluating a Possible Transaction between us and the Company (it being understood that our representatives shall be informed by us of the confidential nature of such information and shall be directed by us, and shall each agree to treat such information confidentially) and  ",96238_0000950116-97-001823_document_13.txt,test
45,Yes,"The Receiving Party agrees  (ii) not to divulge any such Proprietary Information or any information derived therefrom to any third person (except consultants or agents, subject to the conditions stated below),  Any employee, consultant or agent given access to any such Proprietary Information must have a legitimate ""need to know"" and shall be similarly bound in writing.  ",1002276_0001036050-99-002047_document_13.txt,test
46,Yes,"2. It is understood that the Receiving Party may disclose any of the Confidential Information to the Receiving Party's (and its subsidiaries' and affiliates') directors, officers, employees, agents, representatives (including attorneys and financial advisors), and prospective bank or institutional lenders, (collectively, ""Representatives"") who require such material in connection with a possible or actual Transaction (provided that such Representatives shall be informed by the Receiving Party of the confidential nature of the Confidential Information and shall agree to act in accordance with the terms hereof).  ",1095558_0000944209-00-000518_document_3.txt,test
47,Yes,"2. Each Recipient Party with respect to Confidential Information received by it hereunder shall: C. Not disclose Confidential Information to any person other than to one of the Recipient Party's directors, officers, employees, representatives, consultants or agents (collectively called ""Representatives"") who need to know such information for the purposes of the Evaluation, provided that each Representative shall be informed, directed and obligated by the Recipient Party to treat such information in accordance with the obligations of this agreement and the Recipient Party shall be liable for breach of any such obligation by any of its Representatives. ",1120792_0001019687-05-002206_morgan_10qex5-2.txt,test
48,Yes,(c) The undersigned Receiving Party may disclose Confidential Information only to Receiving Party's employees and consultants on a need-to-know basis.  ,1125892_0000950133-00-004441_w41075a1ex10-7.txt,test
49,Yes,"c. The receiving party shall not disclose all or any part of the disclosing party's Proprietary Information to any affiliates, agents, officers, directors, employees or representatives (collectively, ""Representatives"") of the receiving party except on a need-to-know basis.  ",1138169_0001050234-02-000002_ex10h.txt,test
50,Yes,"(a) any data or information that is supplied by either Party (which will be deemed to include, in the case of the Company, any data or information with respect to any Member of the Company supplied by the Company or such Member to the Investor in connection with the operation of the Company or the performance of any obligation, or the exercise of any rights, under the LLC Agreement or any Related Agreement), including by its Affiliates (the ""DISCLOSING PARTY""), or the agents, employees, authorized representatives or nominees thereof (such persons being referred to collectively as the REPRESENTATIVES"") to the other Party including its Affiliates (the ""RECEIVING PARTY"") (or the Representatives of the Receiving Party) including, but not limited to, information regarding: products and services planning, marketing strategies, strategic and business plans, finance, operations, customer relationships, customer profiles, sales estimates and internal performance results relating to the past, present or future business activities of the Disclosing Party and its owners, customers, clients and suppliers; Except as expressly authorized by prior written consent of the Disclosing Party, the Receiving Party shall: (a) limit access to any Confidential Information received by it solely to its Representatives who have a need to know such in connection with any current or future negotiations or arrangements between the Receiving Party and the Disclosing Party, including, without limitation in connection with the membership of the Investor in the Company and any commercial arrangements between the Investor and the Company and only for use in connection therewith.  ",1173495_0001047469-03-033872_a2118144zex-10_12.txt,test
51,Yes,"(i) “Representatives” means  (i) with respect to the Potential Relationship Party, the Potential Relationship Party’s officers, managers, directors, general partners, employees, outside counsel, accountants, consultants, financial advisors, and potential sources of equity or debt financing (and their respective counsel), and  (ii) with respect to the Company, will include its officers, directors, employees, agents, partners and advisors and those of its subsidiaries, Affiliates and/or divisions (including attorneys, accountants, consultants and financial advisors). The Receiving Party further agrees that it will and will cause its Representatives to take those steps the Receiving Party takes to protect its own similar proprietary and confidential information (which will not be less than a reasonable standard of care) to keep the Confidential Information of the Disclosing Party confidential; provided, however, that  (ii) any of the Confidential Information may be disclosed to the Receiving Party’s Representatives who need to know such information for the purpose of evaluating a Possible Transaction, who are provided with a copy of this Agreement and who agree to be bound by the terms this Agreement.  ",802724_0001193125-15-331613_d96542dex99d5.htm,test
52,Yes,"You and your representatives will keep the Evaluation Materials completely confidential; provided, however, that  (i) such information may only be disclosed to those of your directors, officers, employees, affiliates, agents, representatives (including attorneys, accountants and financial advisors), and lenders (collectively, “your representatives”) who need to know such information for the purpose of evaluating a Possible Transaction between you and the Company (it being understood that your representatives shall be informed by you of the confidential nature of such information and shall be directed by you, and shall each expressly agree (in writing, if requested by the Company or its advisors), to treat such information confidential in accordance with the agreement) and  ",814457_0000950137-04-009790_c89545exv99wxdyx6y.htm,test
53,Yes,"2. The Receiving Party agrees that; (b) it will not distribute, disclose or disseminate Information to any third Party without the prior consent of the Disclosing Party, and will only distribute, disclose or disseminate Information to its directors, officers, employees consultants, advisors, potential sources of financing or other representatives with a need to know such information for purposes of discussing and evaluating the Transaction and who are informed by such Receiving Party of the confidential nature of the Information; ",850313_0000950149-07-000090_f28028toexv99wxdyx2y.htm,test
54,Yes,"As a condition to the Confidential Information being furnished to the Receiving Party and the directors, officers, principals, partners, members, employees, agents, consultants, related investment funds, advisors, attorneys, accountants, affiliates, potential sources of capital and financing, and financial advisors (collectively, “Representatives”) of the Receiving Party, the Receiving Party agrees to treat the Confidential Information strictly in accordance with the provisions of this Agreement and to otherwise comply, and to cause its Representatives to comply, with all obligations hereinafter set forth. The Receiving Party shall, and shall cause its Representatives to, keep the Confidential Information in confidence and shall not disclose any of the Confidential Information in any manner whatsoever; provided, however, that  (iii) any information contained in the Confidential Information may be disclosed to the Receiving Party’s Representatives who reasonably require access to such information for the purpose of evaluating a possible Transaction and who agree to keep such information in confidence to the same extent as described herein; provided, further, that the Receiving Party shall not make any disclosure of any Confidential Information to any potential sources of equity financing without the Company’s prior written consent.  ",912263_0001047469-12-006662_a2209873zex-99_d2.htm,test
55,Yes,"As a condition to the Confidential Information being furnished to the Receiving Party and the directors, officers, principals, partners, members, employees, agents, consultants, related investment funds, advisors, attorneys, accountants, affiliates, potential sources of capital and financing, and financial advisors (collectively, “Representatives”) of the Receiving Party, the Receiving Party agrees to treat the Confidential Information strictly in accordance with the provisions of this Agreement and to otherwise comply, and to cause its Representatives to comply, with all obligations hereinafter set forth. (a) The Receiving Party shall, and shall cause its Representatives to, use the Confidential Information solely for the purpose of evaluating a possible Transaction.  The Receiving Party shall, and shall cause its Representatives to, keep the Confidential Information in confidence and shall not disclose any of the Confidential Information in any manner whatsoever; provided, however, that  (iii) any information contained in the Confidential Information may be disclosed to the Receiving Party’s Representatives who reasonably require access to such information for the purpose of evaluating a possible Transaction and who agree to keep such information in confidence to the same extent as described herein; provided, further, that the Receiving Party shall not make any disclosure of any Confidential Information to any potential sources of equity financing without the Company’s prior written consent.  ",912263_0001193125-12-285724_d371520dex99e4.htm,test
56,Yes,"(a) Each of PictureTel and Polycom shall  (ii) not disclose the Confidential Information to any third party, except for disclosures to its directors, executive officers and representatives of its advisors (such as independent accountants, investment bankers, consultants and attorneys) acting on its behalf (collectively, its ""Representatives"") who in each case, in such party's reasonable judgment, need to know such information for the purpose of evaluating a possible Transaction and who are set forth on Annex A hereto, as it may be amended by the parties from time to time;  ",1010552_0000912057-01-520246_a2051644zex-99_20.htm,test
57,Yes,"Recipient shall:  (a) only disclose the Confidential Information to those employees and contractors with a need to know; provided that Recipient binds those employees and contractors to terms at least as restrictive as those stated in this Agreement (or, with respect to professional advisors, advises them of its obligations with respect to the Confidential Information);  ",1011344_0001193125-08-097987_dex99d5.htm,test
58,Yes,"3. Each party agrees and undertakes that it shall not, without first obtaining the written consent of the other, disclose or make available to any person, reproduce or transmit in arty manner, or use (directly or indirectly) for its own benefit or the benefit of others, any Confidential Information save and except both parties may disclose any Confidential Information to their Affiliates, directors, officers, employees or advisors of their own or of Affiliates on a “need to know” basis to enable them to evaluate such Confidential Information in connection with the negotiation of the possible business relationship; provided that such persons have been informed of, and agree to be bound by obligations which are at least as strict as the recipient’s obligations hereunder.  16. Nothing in this Agreement is intended to confer any rights/remedies under or by reason of this Agreement on any third party. ",1012887_0001193125-07-165503_dex99d6.htm,test
59,Yes,"The term “Representatives” means, as to any person, such person’s affiliates (only to the extent that they receive Evaluation Material) and its and their respective directors, officers, employees, managing members, general partners, advisors, agents or representatives (including legal advisors) and, subject to paragraph 5 below, financing sources, but only to the extent that such advisors, agents, representatives or financing sources receive Evaluation Material. 1. You and your Representatives will  (ii) keep the Evaluation Material strictly confidential and (except as required by applicable law, regulation or legal process, and only after compliance with paragraph 6 below under the heading “Compelled Disclosure”) will not, without the Company’s prior written consent, disclose any Evaluation Material to any person, except that the Evaluation Material (or portions thereof) may be disclosed to those of your Representatives who need to know such information solely for the purpose of evaluating a possible Transaction (it being understood that prior to such disclosure your Representatives will be informed of the confidential nature of the Evaluation Material and directed that such information is to be kept confidential and not used for any purpose other than the evaluation of the possible Transaction).  ",1020416_0001193125-16-701566_d250247dex99d2.htm,test
60,Yes,"Employee shall not, directly or indirectly, use any Confidential Information for any purpose other than the benefit of a Banking Organization, and shall not directly or indirectly, disclose, communicate, deliver, exhibit or provide any Confidential Information to any Person, except other Employees or Agents of a Banking Organization who have a need to know such Confidential Information for a proper corporate or business purpose, as required in the normal course of Employee’s service as an employee.  ",1041550_0001193125-19-004977_d663808dex106.htm,test
61,Yes,"Company shall only disseminate Confidential Information to such of its Representatives with a special need to know for carrying out the Purpose of this Agreement.  “Representative” means any employee, consultant, contractor, officer, agent, advisor, and/or director of a Party.  ",1049210_0001047469-13-009461_a2216846zex-99_d3.htm,test
62,Yes,"Each undersigned party (the “Receiving Party”) and their respective directors, officers, employees, agents, or advisors (including, without limitation, legal advisors, accountants, consultants, bankers, and financial advisors) and potential sources of financing (collectively, “Representatives”) understands that during these discussions the other party (the “Disclosing Party’’) may disclose Proprietary Information (as defined herein) relating to the Disclosing Party’s business. 2. The Receiving Party agrees  (b) not to divulge any such Proprietary Information or any information derived therefrom to any third person without prior written permission of the Disclosing Party, excluding disclosure to Representatives,  ",1062478_0001193125-14-442753_d838170dex3.htm,test
63,Yes,"As a condition to each party furnishing the Evaluation Material to the other party and the directors, officers, employees, agents or advisors of such party or its subsidiaries or other affiliates (collectively, “Representatives”), each party agrees that the Evaluation Material furnished to it hereunder shall be treated in accordance with the terms of this Agreement. Each party agrees that, without the prior written consent of the other party, neither it nor its Representatives will disclose to any other person (other than to such party’s Representatives who agree, or are otherwise bound, not to disclose the following except as contemplated by this Agreement) any of the other party’s Evaluation Material, the fact that discussions between the parties are taking place concerning the Transaction, or any terms or other facts relating to the Transaction.  Except as otherwise provided in this Agreement, the Evaluation Material shall only be used by a party and its Representatives to evaluate, negotiate, facilitate or pursue a Transaction. ",1084817_0001193125-14-004957_d648340dex99e2.htm,test
64,Yes,"The Evaluation Material will be kept confidential by Investor in accordance with the terms and conditions of this Agreement and will not be disclosed to any person, except that Investor may disclose the Evaluation Material or portions thereof to those of its employees, officers, directors, partners, members, affiliates, accountants, attorneys, agents, consultants and advisors (these persons being collectively called “Representatives”) who  (a) need to know such information in order for Investor to be able to evaluate a possible Transaction and  (b) have been directed by Investor to treat the Evaluation Material in accordance with the terms of this Agreement.  ",1096147_0001193125-08-206038_dex4.htm,test
65,Yes,"(iii) the term ""Representatives"" means the directors, officers, employees, agents or advisors (including, without limitation, attorneys, accountants, investment bankers, financial advisors and other consultants and advisors engaged in connection with the review and evaluation of the Transaction) of the specified Party; and  All Evaluation Material  (iii) shall be provided by the Receiving Party solely to those of its Representatives to whom disclosure is reasonably required to facilitate the Receiving Party's evaluation or consideration of the Transaction, it being the intention of the Parties to restrict the dissemination of Evaluation Material to as small a working group as practicable.  ",1109551_0000912057-02-024714_a2082535zex-99_d3.htm,test
66,Yes,"The term “Representative” means, as to any person, such person’s affiliates, officers, directors, general partners, members, employees, consultants, investment bankers, financial advisors, accountants, legal counsel, consultants and potential lenders.  (b) Except as otherwise permitted under this Agreement or as required by applicable law, regulation, stock exchange rule or by legal, judicial, regulatory or administrative process (by oral questions, interrogatories, requests for information or documents in legal proceedings, subpoena, civil investigative demand or other similar process) (“Legally Required”),  (a) the Receiving Party shall, and shall cause its Representatives to, keep all Proprietary Information confidential and not disclose or reveal any Proprietary Information to any person other than its Representatives who are participating in evaluating, negotiating, advising or financing with respect to the Possible Transaction or who otherwise need to know the Proprietary Information for the purpose of evaluating, negotiating, advising or financing with respect to the Possible Transaction (all of whom shall be informed of the confidential nature of such Proprietary Information) and shall cause its Representatives to treat such Proprietary Information in a confidential manner and in accordance with the terms hereof, provided that each party shall be responsible for any breach of this Agreement by any of its respective Representatives,  ",915191_0001047469-17-003155_a2231967zex-99_8.htm,test
67,Yes,"c. “Representatives” shall mean as to any Person, its directors, officers, employees, agents and advisors (including, without limitation, financial advisors, attorneys and accountants). a. The Receiving Party shall hold confidential and not disclose to any Person, without the prior written consent of the Disclosing Party, all Confidential Information and any information about the Proposed Transaction, or the terms or conditions or any other facts relating thereto, including, without limitation, the fact that discussions are taking place with respect thereto or the status thereof, or the fact that Confidential Information has been made available to the Receiving Party or its Representatives; provided, however, that the Receiving Party may disclose such Confidential Information to its Representatives who are actively and directly participating in its evaluation of the Proposed Transaction or who otherwise need to know the Confidential Information for the purpose of evaluating the Proposed Transaction; ",916457_0000916457-14-000028_exhibit104-confidentiality.htm,test
68,Yes,"(d) The term “Representatives” shall include the directors, officers, employees, potential financing sources, partners, agents and advisors (including, without limitation, attorneys, accountants, consultants, bankers and financial advisors) of a Party who have a need to know the Evaluation Material for purposes of evaluating a Possible Transaction, but only those of the foregoing who actually receive Evaluation Material directly from or at the direction of such Party.  Each Recipient shall, and shall cause its Representatives to,  (ii) keep the Evaluation Material confidential, and, subject to Section 5, will not, and will cause its Representatives not to, disclose any of the Evaluation Material in any manner whatsoever; provided, however, that any of such information may be disclosed to Recipient’s Representatives who need to know such information for the sole purpose of helping Recipient evaluate a Possible Transaction.  ",1316898_0001047469-18-005618_a2236490zex-99_d2.htm,test
69,Yes,"The Receiving Party: (b) shall not disclose or reveal any Confidential Information to any person other than its Representatives who are actively and directly participating in the Evaluation or who otherwise need to know the Confidential Information for the purpose of the Evaluation;  (d) shall not disclose to any person (other than those of its Representatives who are actively and directly participating in the Evaluation or who otherwise need to know for the purpose of the Evaluation) any information about the Evaluation, or the terms or conditions or any other facts relating thereto, including, without limitation, the fact that discussions are taking place with respect thereto or the status thereof, or the fact that Confidential Information has been made available to the Receiving Party or its Representatives.  As used herein. “Representatives” shall mean  (i) employees of Receiving Party;  (ii) attorneys, accountants, or other professional business advisors and, additionally, (iii) employees of the Receiving Party and those entities directly or indirectly owned by the Receiving Party, in each case, who shall be informed of the confidential nature of the Confidential Information and shall agree to act in accordance with the terms of this Agreement.  ",1402305_0001193125-11-343865_d268167dex99d2.htm,test
70,Yes,"1.1 Subject to Section 1.2 below, “Confidential Information” means confidential, secret, proprietary or other non-public information pertaining to the business, operations, brands, marketing plans, financial matters, legal matters, products, projects, business plans or practices, research and development, product development, intellectual property, financial models, trademarks, trade secrets, accounting and financing data, and methods of production, distribution or procurement, suppliers, distributors, consultants, advisors or employees, directors or officers of CEDC or any of its Subsidiaries (defined below) (together, the “CEDC Group”) that is disclosed or otherwise made available, either orally or in writing, by any member of the CEDC Group to the Recipient or its affiliates, agents, or advisors (including, without limitation, financial advisors, attorneys, banks and other sources of equity and debt financing and accountants) (collectively, “Representatives”). The Recipient agrees that it will not, without the prior written consent of CEDC, directly or indirectly, disclose all or any portion of the Confidential Information, or the substance thereof, to any third party other than its Representatives in connection with the Purpose, except, subject to Section 2.3 below, to the extent required by applicable law or legal process. ",1457829_0000898822-13-000086_exhibit-ndaexecutionversion.htm,test
71,No,"(a) Recipient shall receive all Information in strict confidence, shall exercise reasonable care to maintain the confidentiality and secrecy of the Information, and, except to the extent expressly permitted by this Non-Disclosure Agreement, shall not divulge Information to any third party without the prior written consent of Disclosing Party.  ",appendix-g-nda-form.pdf,test
72,No,"If the Receiving Party is a company, the Receiving Party may disclose Confidential Information  (i) to the Receiving Party's directors, officers and employees (collectively, ""Representatives""), in each case only to the extent reasonably necessary for the Receiving Party's internal use and only after informing each Representative of the restrictions in this Agreement on the disclosure and use of the Confidential Information and that he or she must comply with such restrictions, and  (ii) to any other person or entity only with the Disclosing Parties' prior written consent in each instance.  The Receiving Party shall keep all Confidential Information strictly confidential and shall not, without the respective Disclosing Party's prior written consent in each instance, disclose Confidential Information or any reports, work product or other documents containing any Confidential Information to any third party, firm, corporation or entity. The Receiving Party shall not, without the respective Disclosing Party's prior written consent in each instance, disclose CEII or any reports, work product or other documents containing any CEII to any third party, firm, corporation or entity.  ",ceii-and-nda.pdf,test
73,No,"4. The receiving Party hereby covenants that, during the validity period of this Agreement and for a period of five (5) years after its end or its termination, the Proprietary Information received from the disclosing Party shall: (b) be only disclosed to and used by those persons who have a need to know and solely for the purpose specified in this Agreement, within the receiving Party's organisation and to its professional advisors, provided that in this latter case the disclosing Party so notifies the other Party and obtains the authorization from the other Party to make such disclosure, such authorization not being unreasonably withheld, and provided that such advisor(s) agree(s) to be bound by the terms and conditions of this Agreement.  ",Clause-de-non-divulgation.pdf,test
74,No,"The Receiving Party agrees to: (d) Not, directly or indirectly, make known, divulge, publish or communicate the Confidential Information to any person, firm or corporation without the express written consent of Disclosing Party; ",ConfidNonDisclosureAgree.pdf,test
75,No,"3. The Recipient hereby recognizes and acknowledges the competitive value and confidential nature of the Confidential Information and the damage that would result to the Company, if any of the Confidential Information is disclosed to any third party.  ",Confidentiality%20Agreement.pdf,test
76,No,"Authorized Person agrees that they will not provide or allow access of the information obtained hereunder to any agent, third party, contractor, subcontractor, or any other public agency, unless authorized in writing by KDOL, and then conditioned upon said agent, third party, contractor, subcontractor, or any other public agency agreeing in writing to be bound by the use and confidentiality terms and conditions of this Confidentiality Agreement.  A copy of any such agreement shall be available for inspection upon request by the KDOL and will not be subject to disclosure to third parties by anyone other than KDOL. ",Confidentiality_and_Non-Disclosure_Agreement_Rev_10-20-16.pdf,test
77,No,"2.1. A Receiving Party agrees: 2.1.3. not to disclose any Confidential Information to any person or entity other than to such of its employees who need to know for the Purpose (“Permitted Disclosees”), provided that the Receiving Party shall ensure that its Permitted Disclosees keep all Confidential Information confidential and only use it on the terms of this Agreement, as if such Permitted Disclosees were party to this Agreement. ",mutual-non-disclosure-agreement.pdf,test
78,No,"Party One and Party  Two pledges and agrees that it shall keep totally confidential any and all of the said information and other such matters arising hereto, and shall not disclose to any other person or persons, corporation, agent or consultant with whom it is or may be associated with, any such confidential information without express permission being given in writing by an authorized officer of other Party. ",NDAMutualTemplateClientFill.pdf,test
79,No,2 Recipient shall hold the Confidential Information in strict confidence and shall take all reasonable and prudent precautions to prevent the Confidential Information from reaching third parties.  ,NDA_V3.pdf,test
80,No,The party receiving Confidential Information (the “Receiving Party”) shall not disclose Confidential Information to any third party without the prior written consent of the party disclosing such confidential information (the “Disclosing Party”) and shall restrict dissemination of Confidential Information within its own organization to those employees who have a need to have access to the Confidential Information.  ,Non-Disclosure-form_1.pdf,test
81,No,The Recipient undertakes to the Discloser to: 2.1.1 Receive and keep the Confidential Information secret and confidential and not disclose such Confidential Information to any third party; ,NonDisclosureAgreementNDASAMITT20190002v2.pdf,test
82,No,"1.1. For a period of three (3) years from the date of entering in to this Agreement, not to disclosure any Information or Item, in any manner whatsoever, directly or indirectly, whether in whole or in part, without the prior written consent of Disclosing Party, to any individual, firm or entity, excepting solely an individual who  (a) is an officer, director or employee of Disclosing Party or of the Recipient and  (b) has a clear need to know for purposes directly related to the Matter. ",65781_0000950123-00-009565_y41542ex99-d_3.txt,test
83,No,"3. If GSEnergy desires to use individuals not employed by GSEnergy, GSEnergy shall not disclose Information to these individuals without obtaining prior written approval from the Company and having appropriate non-disclosure agreements signed in form and substance satisfactory to the Company. ",71297_0000071297-97-000059_document_6.txt,test
84,No,The receiving party shall not disclose Confidential Information to any third party without the prior written approval of the disclosing party.  ,883905_0001095811-01-000469_f68556ex99-d12.txt,test
85,No,"The receiving party will not disclose any of the disclosing party's Confidential Information to any employees or to any third parties except to the receiving party's employees, parent company and majority-owned subsidiaries who have a need to know and who agree to abide by nondisclosure terms at least as comprehensive as those set forth herein: provided that the receiving party will be liable for breach by any such entity.  ",934545_0000891618-99-004640_document_2.txt,test
86,No,"2. Each party agrees that at all times until termination or expiration of this Agreement it will hold in strict confidence and not disclose to any third party Confidential Information of the other, except as approved in writing by the other party to this Agreement, and will use the Confidential Information for no purpose other than evaluating or pursuing a business relationship with the other party to this Agreement.  ",1011671_0000936392-99-000246_document_46.txt,test
87,No,"____________________ , agrees that, in consideration for being shown or told about certain trade secrets or property belonging to Navidec, Incorporated, ____________________, shall not disclose or cause to be disclosed, disseminated or distributed any information concerning said trade secret or property to any person, entity, business or other individual or company without the prior written permission of Navidec, Incorporated. ",1023734_0000912057-96-023266_document_16.txt,test
88,No,"Except to the extent permitted by Section 3 below, Independent Contractor will not disclose the Confidential Information, in whole or in part, to any other party.  ",1043003_0000950170-98-000097_document_12.txt,test
89,No,"5.4 Each party agrees  (ii) not to disclose such Confidential Information to any third parties, and  Each party agrees to instruct all such employees not to disclose such Confidential Information to third parties, including consultants, without the prior written permission of the disclosing party. ",1073090_0001356564-06-000012_sorell10ksbamend2x102.txt,test
90,No,"3. In consideration of each and every disclosure of CONFIDENTIAL INFORMATION, the Parties agree to: (c) make no disclosures of any CONFIDENTIAL INFORMATION to any party other than officers and employees of a Party to this IRA; (d) limit access to CONFIDENTIAL INFORMATION to those officers and employees having a reasonable need for such INFORMATION and being boUnd by a written obligation to maintain the confidentiality of such INFORMATION; and ",1084000_0001144204-06-046785_v056501_ex10-16.txt,test
91,No,"ListFusion will not use any 3rd party agents, vendors, or other providers to process the List without the written authorization by Raphael. ListFusion will not create, generate, distribute, or convey to any 3rd party a username or password without prior written authorization by Raphael. ",1367408_0001367408-06-000002_risb2ex106.htm,test
92,No,"Once confidential information or data obtained hereunder is no longer useful for the purposes described herein, Authorized Person agrees to immediately destroy all such confidential information or data maintained on any information system platform or any form of storage media subject to any schedule of retention established by the Kansas Records Board, in the following manner: ",Confidentiality_and_Non-Disclosure_Agreement_Rev_10-20-16.pdf,test
93,No,"Disclosing Party may serve written request on Recipient for return or destruction of its Confidential Information at any time up to six (6) months after the termination or expiry of this Agreement and Recipient shall, within thirty (30) days of such request or termination, return to the Disclosing Party (or its designees) or certify as destroyed all Confidential Information, in whatever form, including written or electronically recorded information and all copies thereof (other than copies retained in automatic back-up and archive systems), provided however that Recipient shall be entitled to retain one copy of the Confidential Information with its legal counsel or other appropriate corporate representative to evidence the exchange of information hereunder and in connection with legal or statutory requirements.  ",01_Bosch-Automotive-Service-Solutions-Mutual-Non-Disclosure-Agreement-7-12-17.pdf,test
94,No,"However, unless at least one of the exceptions set for in Section 4 below has occurred, the receiving party will continue to treat such confidential Information as the confidential information of the disclosing party and only disclose any such Confidential Information to third parties under the terms of a non-disclosure agreement. Either party may terminate this Agreement at any time without cause upon written notice to the other party: provided that each party's obligations with respect to Confidential Information disclosed during the term of this Agreement will survive any such termination.  ",934545_0000891618-99-004640_document_2.txt,test
95,No,"If the Receiving Party or its Representatives are requested or required in any judicial, arbitral or administrative proceeding or by any governmental or regulatory authority to disclose any Evaluation Material (whether by deposition, interrogatory, request for documents, subpoena, civil investigative demand, or otherwise), or the Receiving Party is so requested or required to disclose any of the facts disclosure of which is prohibited under paragraph  (3)(e) of this Agreement, the Receiving Party shall give the Furnishing Party prompt notice of such request so that the Furnishing Party may seek an appropriate protective order or other appropriate remedy and/or waive compliance with the provisions of this Agreement, and, upon the Furnishing Party's request and at the Furnishing Party's expense, shall reasonably cooperate with the Furnishing Party in seeking such an order.  (d) Notice  If either Party proposes to make any disclosure in reliance on clause  (i) above, the disclosing Party shall, to the extent practicable, provide the other Party with the text of the proposed disclosure as far in advance of its disclosure as is practicable and shall in good faith consult with and consider the suggestions of the other Party concerning the nature and scope of the information it proposes to disclose.  Notwithstanding the foregoing, a Party may make such public announcement or public statement if in the opinion of such Party's outside counsel or General Counsel, such public announcement or public statement is necessary to avoid committing a violation of law or of any rule or regulation of any securities association, stock exchange or national securities quotation system on which such Party's securities are listed or trade.  In such event, the disclosing Party shall use its reasonable best efforts to give advance notice to the other Party and to consult with the other Party on the timing and content of any such public announcement or public statement. ",1109551_0000912057-02-024714_a2082535zex-99_d3.htm,test
96,No,"All disclosures of Confidential Information (whether written or oral) by Party One and Party Two shall  (a) remain in confidence for a period of three (3) years from the date of disclosure, except that any trade secrets or information with respect to Party  One products or research and development will remain in confidence in perpetuity;  ",NDAMutualTemplateClientFill.pdf,test
97,No,"1. The Receiving Party agrees to treat all information provided by the Providing Party in connection with the Business Under Discussion to the Receiving Partner and/or any of its partners, directors, officers, employees, affiliates, insurers, agents, advisors or auditors (the “Representatives”), regardless of the manner in which it is so furnished, together with any analyses, compilations, data, studies or other documents or records, whether of an oral, written or electronically retrievable nature (collectively the “Information”), as strictly confidential. ",eHandshake_Non_Disclosure_Agreement.pdf,test
98,No,"A. ""Confidential Information"" of a party shall mean any trade secrets, know-how, inventions, products, designs, methods, techniques, systems, processes, software programs, works of authorship, business plans, customer lists, projects, plans, pricing, proposals and any other information which a party discloses to the Recipient Party that:  (i) if disclosed in writing is clearly marked as confidential or carries a similar legend; or  (ii) if disclosed verbally or in tangible form is identified as confidential at the time of disclosure, then summarized in a writing so marked by the Disclosing Party and delivered to the Recipient Party with fifteen (15) days.  ",1120792_0001019687-05-002206_morgan_10qex5-2.txt,test
99,No,"Confidential Information includes, but is not limited to, the following types of information and other information of a similar nature (whether or not reduced to writing): trade secrets, inventions, drawings, file data, documentation, diagrams, specifications, know how, processes, formulas, models, flow charts, software in various stages of development, source code, object code, research and development procedures, research or development and test results, marketing techniques and materials, marketing and development plans, price lists, pricing policies, business plans, information relating to customers and/or suppliers' identities, characteristics and agreements, financial information and projections, and employee files.  ",880458_0001021408-01-510269_dex1087.txt,test
100,No,"If any party makes copies of the Confidential Information of the other party, such copies shall also constitute Confidential Information and any and all confidential markings on such documents shall be maintained.  ",Mutual-Non-Disclosure-Agreement-Inventor-Product-Development-Experts-Inc..pdf,test
101,No,"2. All the information that  (i) is written and marked as CONFIDENTIAL, or  (ii) is disclosed verbally, and at the time of its disclosure, the Disclosing Party's identify such information to be protected in accordance with this Agreement (""Confidential Information""), shall be considered confidential and restricted property of the Disclosing Party. 5. The Receiving Party agrees for the period specified in Section 13 that it will: a. Restrict disclosure of the Confidential Information to the minimum required number of people (such as employees, directors, officers, legal counsels, accountants or consultants who shall also be personally bound to maintain the Information in confidence); ",non-disclosure-agreement-en.pdf,test
102,No,"All Confidential Information  (b) obtained by the Recipient or any Recipient Representatives from any documents, meetings or telephone conversations with any State Representatives or from books or records of State,  (d) jointly or individually developed by State and/or Recipient shall be protected and maintained by the Recipient on a confidential basis and the Recipient shall not use any of the Confidential Information for any purposes (other than as permitted by this Agreement).  ",Attachment B - Intent to Propose and Non-Disclosure Agreement.pdf,test
103,No,6. Each party's Conﬁdential Information shall remain its own property.  ,Non-Disclosure-Agreement-NDA.pdf,test
104,No,"The Recipient agrees that if the Recipient is required by any law, court or governmental order to disclose any Confidential Information, the Recipient will provide CEDC, to the extent practicable and legally permissible, with prompt written notice of such requirement so that CEDC or the applicable member of the CEDC Group may seek an appropriate protective order with respect thereto.  ",1457829_0000898822-13-000086_exhibit-ndaexecutionversion.htm,test
105,No,Each party shall not use the Confidential Information of the other party for any purpose except to evaluate and engage in discussions concerning a potential business relationship between the parties.  ,Mutual-Non-Disclosure-Agreement-Inventor-Product-Development-Experts-Inc..pdf,test
106,No,"Subject to the other terms of this agreement, each of us agrees:  We will use and disclose the other's confidential information only for purposes of our business relationship with each other. ",BCG-Mutual-NDA.pdf,test
107,No,"The obligations of each Party shall, notwithstanding any earlier termination of negotiations or discussions between the Parties in relation to the Purpose, continue for a period of five (5) years from the termination of this Agreement. ",Aspiegel_NDA_template.pdf,test
108,No,"(1) Upon the completion of my engagement as an employee, consultant, or subcontractor under the contract, or the completion of my work on the PCII Program, whichever occurs first, I will surrender promptly to the PCII Program Manager or his designee, or to the appropriate PCII officer, PCII of any type whatsoever that is in my possession. I agree that I shall return all information to which I have had access or which is in my possession  2) upon the conclusion of my duties, association, or support to DHS; and/or  ",CBP%20Non-Disclosure%20Form_October2018.pdf,test
109,No,"6. If any of the Parties determine that they do not wish to proceed or continue with the Business Under Discussion, it will promptly advise the other Party of that decision in writing or by email.  Upon receipt of such communication the Receiving Party shall destroy promptly all documents furnished and will not retain any copies, extracts or other reproductions in whole or in part of such Information.  ",eHandshake_Non_Disclosure_Agreement.pdf,test
110,No,"The information may be shared verbally, visually, in a document, via email or other digital forum.  ",Pitch-Deck-Fire-Workshop-NDA-2.2017.pdf,test
111,No,"The term “Confidential Information” means any and all tangible and intangible information disclosed to Receiver in oral, written, graphic, recorded, photographic, any machine-readable or in any other medium or form relating to the intellectual property, management, operations, products, inventions, suppliers, customers, financials of VIDAR or any present or contemplated project, contract or relationship between VIDAR and Receiver, including without limitation, any and all plans, Intellectual Property (defined below), know-how, computer programs, software (source and object code), algorithms, computer processing systems, techniques, methodologies, formulae, compilations of information, designs, drawings, schematics, analyses, evaluations, formulations, ingredients, samples, processes, machines, prototypes, mock-ups, product performance data, proposals, job notes, reports, records, specifications, manuals, supplier and customer lists and information, licenses, the prices it obtains or has obtained for the licensing of its software products and services, purchase and sales records, marketing information or any other information concerning the business and goodwill of VIDAR and any information which is identified as being of a confidential or proprietary nature or should be considered confidential under the circumstances. ",18268-001%20Rev%20B%20Form%20Version%20in%20PDF.pdf,test
112,No,The Receiving Party shall not be subject to the obligations of this Agreement with respect to Material which: c. is learned by the Receiving Party from a third party under no obligation to the Consortium; or ,"IMOA%20Molybdenum%20Consortium%20NDA%20Agreement%20amended%20Jan%2008,%20valid%20March%2009%20onwards.pdf",test
113,No,"1. Confidential Information is defined as any information, whether written or verbal, of either party hereto, (Disclosing Party) which is disclosed to or observed by the other party (Receiving Party) in connection with or as a result of the evaluation of any possible transaction between the University of Arkansas at Little Rock and ______________________________  and which is, at the time of disclosure, marked as being Confidential or Proprietary, or is reasonably identifiable as confidential, proprietary information of the Disclosing Party pertaining to information in the areas of (subject matter):  _______________________________________________  ___________________________.  Confidential Information that is disclosed verbally will also be included as proprietary. ",UALR-Standard-Non-disclosure-AgreementTemplate.pdf,test
114,No,"xiii) required to be disclosed pursuant to a governmental or legal requirement provided that the disclosing party gives to the other party written notice of such requirement prior to any such disclosure. No media releases, public announcements or public disclosure by either party relating to this Agreement, its subject matter or the Information, including but not limited to promotional or marketing, shall be made without the prior written consent of the other party. ",nda_9.pdf,test
115,No,"Each Recipient shall, and shall cause its Representatives to,  (i) use the Evaluation Material solely for the purpose of evaluating a Possible Transaction and  ",1316898_0001047469-18-005618_a2236490zex-99_d2.htm,test
116,No,"All Confidential Information  (a) supplied by any employee, agent, consultant, or independent contractor of State (""State Representatives"") to the Recipient or any employee, agent, officer, director, shareholder, independent contractor or representative of the Recipient (collectively, the ""Recipient Representatives""),  (b) obtained by the Recipient or any Recipient Representatives from any documents, meetings or telephone conversations with any State Representatives or from books or records of State,  (c) obtained by the Recipient or any Recipient Representatives or in any other manner including through hosting the software evaluation on Recipient's website, or  (d) jointly or individually developed by State and/or Recipient shall be protected and maintained by the Recipient on a confidential basis and the Recipient shall not use any of the Confidential Information for any purposes (other than as permitted by this Agreement).  In addition to the foregoing, Recipient agrees to use reasonable and appropriate administrative, physical and technological safeguards to:  (i) prevent use or disclosure of the Confidential Information other than as provided for by this Agreement; and  ",Attachment B - Intent to Propose and Non-Disclosure Agreement.pdf,test
117,No,"8. Except as provided under clause 12.2 of the General Purchase Conditions, it is expressly understood and agreed by the Parties hereto that the disclosure and provision of Proprietary Information under this Agreement by a Party to the other Party shall not be construed as granting to the receiving Party under the laws of any country any rights whether expressed or implied by licenceor otherwise on the matters, inventions or discoveries to which such Proprietary Information pertains or any copyright, trademark or trade secret rights. The property in all information and/or data disclosed by the Buyer to the Supplier pursuant to this Agreement shall subject to any right of any other owner, rest with the Buyer. ",Clause-de-non-divulgation.pdf,test
118,No,"With regard to the data disclosed to MDHHS under this Agreement, the MDHHS agrees to: 7. Destroy all originals and copies of potentially identifiable information, in any format, in accordance with industry standards when no longer needed.  ",Data_Use_and_Non_Disclosure_Data_Disclosed_to_MDCH_Trauma_Registry_Final_465518_7.pdf,test
119,No,"""Confidential Information"" of a disclosing party (""Discloser"") means the following, regardless of its form and including copies made by the receiving party (""Recipient""), whether the Recipient becomes aware of it before or after the date of this Agreement: In consideration of each party disclosing its Confidential Information to the other party for the Purpose, the Recipient must ensure that Confidential Information is:  not reproduced in any form except as required for the purpose. ",ICTSC-NDA-General-MandA-signed.pdf,test
120,No,The Recipient’s obligations under Section 2 hereof shall survive the return of such tangible embodiments of Confidential Information until termination of this Agreement.  ,1457829_0000898822-13-000086_exhibit-ndaexecutionversion.htm,test
121,No,This Clause [3] imposes no obligations upon the Recipient with respect to Confidential Information which: [(c) is obtained by the Recipient from a third party in circumstances where the Recipient has no reason to believe that there has been a breach of a duty of confidence.] ,NDA-Urban_Wind_Turbines.pdf,test
122,No,"7. Confidential Information shall not include information which is: d. If the Receiving Party receives a court order to disclose Confidential Information.  In this case Receiving Party shall  (i) promptly notify the Disclosing Party in order to allow the latter to act and avoid such disclosure, and  ",non-disclosure-agreement-en.pdf,test
123,No,"3. Promptly upon receipt of a written request by the Disclosing Party at any time (which will be effective if actually received or three days after mailed first class postage prepaid to the Receiving Party’s address herein), the Receiving Party will turn over to the Disclosing Party, or, at its sole discretion, destroy and certify to the Receiving party in writing the destruction of all Proprietary Information of the Disclosing Party and all documents or media containing any such Proprietary Information and any and all copies or extracts thereof; provided, however, the Company and its Representatives shall not be obligated to return or destroy Proprietary Information to the extent otherwise required by law, regulation, rule or practice governing professionals or any internal compliance policy or procedure required by law, regulation rule of practice governing professionals.  ",1062478_0001193125-14-442753_d838170dex3.htm,test
124,No,"7. Raphael my at any time request the List be completely destroyed, scratched, and purged from all media, including electronic storage, disk, tape, and printed documents. In the event ListFusion discontinues services, the List will be returned to Raphael and then completely destroyed, scratched, and purged from all media, including electronic storage, disk, tape, and printed documents in possession of ListFusion. ",1367408_0001367408-06-000002_risb2ex106.htm,test
125,No,"All information learned or developed pursuant to this Agreement shall be ""Confidential Information"" as defined in this Agreement and shall be the property of State. ",Attachment B - Intent to Propose and Non-Disclosure Agreement.pdf,test
126,No,"In addition, upon the completion of the services provided by VENDOR to UNIVERSITY, VENDOR shall return or destroy, as UNIVERSITY may instruct, all Confidential Information in VENDOR’S possession or control, whether in printed, electronic or any other format, including all duplicates and copies thereof of any files, compilation, study, report, analysis, or data base containing, based on or derived from the Confidential Information. ",Confidentiality-and-Nondisclosure-Agreement-Template.pdf,test
127,No,"Except as allowed under Section 5, Required Disclosure, the Receiving Party shall not submit CEII obtained from the Disclosing Parties to any government agency for any reason without first obtaining written permission from the respective Disclosing Party, and then fully complying with the requirements of 18 C.F.R. §§ 388.112, 113 for requesting special treatment of the CEII. In the event that the Receiving Party is requested or required by depositions, interrogatories, requests for information or documents, subpoena, civil investigation, demand or similar process  (i) to disclose any CEII or other Confidential Information received pursuant to this Agreement,  (ii) to disclose any discussions pertaining thereto, or  (iii) to take any other action described in the last paragraph of Section 3 above, the Receiving Party shall provide to the relevant Disclosing Parties prompt written notice of such request(s) and shall use reasonable efforts to resist disclosure until an appropriate protective order may be sought.  If, in the absence of a protective order, Receiving Party is nonetheless, in the written opinion of its counsel, legally required to disclose CEII or other Confidential Information received pursuant to this Agreement, then, in such event Receiving Party may disclose such information after the Receiving Party gives the Disclosing Party written notice of the proposed disclosure and a reasonable opportunity to review the proposed disclosure. ",ceii-and-nda.pdf,test
128,No,"In implementation of the foregoing, ANUBIS shall not disclose any of the Confidential Information to any person except those for whom disclosure is necessary for the effective performance of their responsibilities as employees of agents of ANUBIS, and, in each case, only to the extent required for such effective performance of responsibilities. Each party may disclose the other party's Confidential Information to its responsible employees with a bona fide need to know, but only to the extent necessary to carry out the Business Purpose.  ",1073090_0001356564-06-000012_sorell10ksbamend2x102.txt,test
129,No,11. The end or termination of this Agreement shall not relieve the receiving Party of complying with the obligations imposed by paragraph 4 thereof with respect to the use and protection of the Proprietary Information received prior to the date of termination or end of this Agreement.  Such obligations shall continue for the period applicable as set forth in said paragraph. ,Clause-de-non-divulgation.pdf,test
130,No,"This Agreement shall survive until the earlier of  (i) such time as all the material disclosed hereunder becomes publicly known pursuant to Section 15 of the Consortium Agreement and made generally available without violation of this Agreement, or  (ii) twelve (12) years from date of Registration. If any one or more of the provisions of this Agreement shall for any reason be invalid, illegal or unenforceable, such circumstance shall not affect any other provision of the Agreement and the Agreement shall continue in full force and effect and be construed as if such provision, to the extent that it is invalid, illegal or unenforceable, had never been contained herein or therein. ","IMOA%20Molybdenum%20Consortium%20NDA%20Agreement%20amended%20Jan%2008,%20valid%20March%2009%20onwards.pdf",test
131,No,4. The obligations and limitations set forth herein regarding Confidential Information shall not apply to information which is:  (b) at any time rightfully received from a third party which had the right to and transmits it to the Recipient without any obligation of confidentiality. ,Generic-NDA-Pitch-Deck-Fire.pdf,test
132,No,"Nothing in this agreement or any disclosure hereunder creates any obligation to disclose Confidential Information, use the Confidential Information in any product, warrant the accuracy or completeness of the Confidential Information, or the fitness of the Confidential Information for a particular purpose, or grant any license or other right to Confidential Information under copyright or other intellectual property right to the Discloser other than the right to use the Confidential Information for the Purpose. ",ConfidentialityAgreement.pdf,test
133,No,"You agree that the Evaluation Material owned by the Company or its affiliates in the first instance is and will remain the property of the Company or its affiliates, as applicable, and that neither the Company nor any of its affiliates or Representatives has granted you any license, copyright, or similar right with respect to any of the Evaluation Material or any other information provided to you by or on behalf of the Company. ",1020416_0001193125-16-701566_d250247dex99d2.htm,test
134,No,"5. In the event that the Recipient is required to disclose Classified Information by subpoena, law or other directive of a court, administrative agency, or arbitration panel, the Recipient will provide VELCO with immediate notice of such request in order to enable VELCO (and Recipient shall cooperate fully with VELCO) to seek an appropriate protective order or other remedy.  ",VELCO%20NDA%20rev0%20Dec%2014%202015.pdf,test
135,No,"In view thereof, the parties undertake that - 3.2 they will not, without the prior written consent of the disclosing party: 3.2.1 during the course of the negotiations and discussions referred to in 1 or at any time thereafter, directly or indirectly, use any of the confidential information, otherwise than for the purpose of such negotiations and discussions or for the implementation of any agreement resulting there from; ",BO115-07-non-disclosure-agreement.pdf,test
136,No,"5.2. The obligations in Clause 5.1 shall not apply for Confidential Information that: 5.2.4. is required to be disclosed by law, regulation or any competent governmental, judicial or regulatory authority, or by a recognized stock exchange, or in response to a request from a regulatory body with a supervisory role over Recipient or any of its Affiliates, in which case Recipient will (or, if Recipient's Representative is subject to the disclosure obligation, Recipient will procure that such Representative will), in each case to the extent permitted by law, regulation or the relevant authority: a) inform  Discloser of the circumstances of the disclosure and the information that will be disclosed as soon as reasonably practicable; ",59b1148ff6952b0001bdbedc_20170907_non%20disclosure%20agreement_expert.pdf,test
137,No,GSEnergy agrees that it will safeguard such Information maintaining it confidential and not using it except for the purposes of such review and analysis. ,71297_0000071297-97-000059_document_6.txt,test
138,No,"4. The term “Information” does not include information which Customer demonstrates by clear and convincing evidence: d. has been independently developed by the Customer without reliance on Information, provided that such independent development can be substantiated by written records and documents; or ",confidentiality-agreement.pdf,test
139,No,"4.1. The provisions of this Agreement shall not apply to information: 4.1.4. which is required to be disclosed by law, provided that, to the extent the Receiving Party is not prohibited from doing so by law, it undertakes to give the Disclosing Party not less than two business days’ notice of such requirement of disclosure and, to such extent, will make such disclosure in the manner and with the content agreed by the Disclosing Party. ",mutual-non-disclosure-agreement.pdf,test
140,No,"The non-disclosure provisions of this Agreement shall survive the termination of this Agreement and Receiving Party's duty to hold Sensitive Information in confidence shall remain in effect until the Sensitive Information no longer qualifies as a trade secret or otherwise needing protection until Disclosing Party sends Receiving Party written notice releasing Receiving Party from this Agreement, whichever occurs first. ",non-disclosure-agreement-template.pdf,test
141,No,The obligations in this agreement survive the termination or purported termination of this agreement. ,ICTSC-NDA-General-MandA-signed.pdf,test
142,No,"However, all obligations of confidentiality shall survive the termination of this Agreement.  ",883905_0001095811-01-000469_f68556ex99-d12.txt,test
143,No,The receiving party will not be liable for the disclosure of any Confidential Information which is: (d) independently developed by employees of the receiving party; or ,934545_0000891618-99-004640_document_2.txt,test
144,No,11. This agreement shall become effective on the date it is fully executed and delivered by both parties and both this agreement and the duties of the parties hereunder shall continue for a period of two years after the last disclosure of information made hereunder. ,1120792_0001019687-05-002206_morgan_10qex5-2.txt,test
145,No,The foregoing shall not prevent either party from disclosing Information which is: iv) independently developed by the recipient party without use of the other party's Information; or x) independently developed by the recipient party without use of the other party's Information; or ,nda_9.pdf,test
146,No,"(b) If either party is required (by interrogatories, requests for information or documents, subpoena, civil investigative demand or similar process) to disclose any Confidential Information, it is agreed that such party will provide the other party with prompt notice of such request so that such other party may seek an appropriate protective order and/or waive the notifying party's compliance with the provisions of this Agreement.  ",1010552_0000912057-01-520246_a2051644zex-99_20.htm,test
147,No,"1. In consideration of the disclosure of Proprietary Information by the Disclosing Party, the Receiving Party hereby agrees:  (iii) not to make any use whatsoever at any time of such Proprietary Information except to evaluate internally its relationship with the Disclosing Party, and ",LMS_Non_Disclosure_Agreement.pdf,test
148,No,"6. Recipient agrees not to reproduce or copy by any means Confidential Information, except as reasonably required to accomplish such Recipient's Permitted Purpose.  ",768384_0000912057-00-018619_document_8.txt,test
149,No,"All written Confidential Information delivered by one party hereto to the other party pursuant to the Agreement shall be and remain the property of the delivering party, and upon the written request of the delivering party, the receiving party shall  (i) promptly return such Confidential Information and shall not retain any copies or other reproductions or extracts thereof,  (ii) destroy or have destroyed all memoranda, notes, reports, analyses, compilations, studies, interpretations, or other documents derived from or containing Confidential Information, and all copies and other reproductions and extracts thereof, and  ",1010552_0000912057-01-520246_a2051644zex-99_20.htm,test
150,No,"The confidential, proprietary and made secret information of the disclosing party (""Confidential Information"") to be disclosed hereunder is that information which  (i) is described in the Confidential Information Transmittal Record (""CITR"") executed from time to time hereafter and  (ii) is marked with a ""confidential"", ""proprietary"", or similar legend. Any copies which are made will be identified as belonging to the disclosing party and marked ""confidential"", ""proprietary"", or with a similar legend. ",934545_0000891618-99-004640_document_2.txt,test
151,No,"4. Except to the extent required by law, neither party shall disclose the existence or subject matter of the negotiations or business relationship contemplated by this Agreement. ",1062478_0001193125-14-442753_d838170dex3.htm,test
152,No,2. Neither party has any obligation with respect to any Conﬁdential Information which  (a) that party independently develops without reference to the Conﬁdential Information;  ,Non-Disclosure-Agreement-NDA.pdf,test
153,No,"9. At the end of the contract the receiving party shall return the confidential information and any possibly extant copies after receipt of a written request, provided that this is technically feasible and does not violate the retention obligations.  ",Confidentiality_Agreement_1.pdf,test
154,No,"For purposes of this Agreement, the term “Evaluation Material” shall mean any and all information provided to Investor by or on behalf of the Company in connection with the Transaction whether in writing, orally, visually, electronically or in machine readable form, through demonstration or in any other manner, and shall include, without limitation, any information regarding or relating to the Company’s operations, business opportunities, costs, finances, personnel, marketing and promotion plans, financial statements, financial information and business practices or policies, and any other business information of the Company or the terms or existence of this Agreement, the Company’s consideration of a possible Transaction or any discussions between the parties with respect thereto, transmitted by or on behalf of the Company to Investor in connection with the Transaction, whether prior to or after the execution and delivery of this Agreement and whether or not such information is marked “confidential”.  ",1096147_0001193125-08-206038_dex4.htm,test
155,No,A copy of any such agreement shall be available for inspection upon request by the KDOL and will not be subject to disclosure to third parties by anyone other than KDOL. ,Confidentiality_and_Non-Disclosure_Agreement_Rev_10-20-16.pdf,test
156,No,"3. In the event that Independent Contractor is required by law or by interrogatories, requests for information or documents, subpoena, Civil Investigative Demand, or similar process to disclose any information supplied to Independent Contractor pursuant to the Agreement, including without limitation the Confidential Information or any other information the disclosure of which is restricted by the terms of this Exhibit B, Independent Contractor will provide the Company with prompt prior written notice of such request or requirement so that the Company may seek an appropriate protective order.  ",1043003_0000950170-98-000097_document_12.txt,test
157,No,All Confidential Information received from the disclosing party shall be in tangible form.  ,883905_0001095811-01-000469_f68556ex99-d12.txt,test
158,No,"Recipient shall have no obligation of confidentiality with respect to any information which: 5.3. is rightfully acquired from others who did not obtain it under obligation of confidentiality; or Disclosing Party understands that Recipient may develop or have developed information internally, or receive or have received information from other parties that is similar to the Confidential Information.  ",01_Bosch-Automotive-Service-Solutions-Mutual-Non-Disclosure-Agreement-7-12-17.pdf,test
159,No,"The Receiving Party acknowledges that the technical specifications as well as all documents to be disclosed are not subject to appropriation, remain the property of Disclosing Party or any third party, as applicable. No license or right under any intellectual property right is granted by the mere transmittal of Confidential Information to the Receiving Party, nor shall such a transmission constitute any representation or warranty by the Disclosing Party with respect to infringement of intellectual property rights of third parties. 8. All information (either Confidential Information or not) furnished under this Agreement shall remain the property of the Disclosing Party and shall be returned to it or destroyed promptly at its request (together with all relevant copies, extracts, plans, schematics or other reproductions).  10. Neither the execution of this Agreement nor the furnishing of any information under this Agreement shall be construed as granting any Party or any of its representatives, either expressly or by implication, any license or right to use any Confidential Information for its own benefit or the benefit of any other person, firm or entity, and each party expressly agrees not to so use any such information.  Nothing contained in this Agreement shall be construed as conferring any rights, by license or otherwise, to any invention, discovery, or improvement made, conceived or acquired prior to, during or after the date of this Agreement. ",non-disclosure-agreement-en.pdf,test
160,No,"2. Exclusions. “Confidential Information” excludes information which:  (d) Recipient has independently developed without using any Confidential Information or breaching this Agreement; or  (e) Discloser gives written permission to Recipient to disclose. Subject to the obligations of this Agreement, neither party will be precluded from independently developing technology or pursuing business opportunities similar to those covered by the Confidential Information disclosed hereunder.  Each party acknowledges that the other party may currently or in the future be developing information internally, or receiving information from third parties, that is similar to the Confidential Information.  Nothing in this Agreement will prohibit Recipient from developing or having developed for it products, concepts, systems or techniques that are similar to those contemplated by or embodied in the Confidential Information, provided the Recipient does not violate its obligations under this Agreement. ",1011344_0001193125-08-097987_dex99d5.htm,test
161,No,"b. Seller, Key Personnel and Shareholder hereby acknowledge that the Proprietary Property is the sole and exclusive property of the Company that the Proprietary Property is a valuable, special and unique asset of the business of the Company, developed at considerable expense to the Company, and is not available to the public at large or other persons engaging in businesses which are the same as or similar to the business of the Company. ",1335239_0001019687-14-003760_epazz_ex1034.htm,test
162,No,"The Information, relating to the other party, shall remain the property of such other party (as Disclosing Party) and its disclosure shall not confer on the other party (as Receiving Party) any rights.  ",ADVANIDE-NON-DISCLOSURE-AGREEMENT.pdf,test
163,No,"This Agreement does not apply to information that: v. is required to be disclosed by law, provided that Recipient gives Discloser sufficient prior written notice of any such disclosure to allow Discloser to contest the disclosure.  ",Template-NDA-2-way-final-1.pdf,test
164,No,5. Neither party may use the other's Conﬁdential Information for any purpose but the Business Purpose stated above. ,Non-Disclosure-Agreement-NDA.pdf,test
165,No,"The Parties agree that if the negotiated transaction does not proceed within a reasonable time, or upon any request from either Party, each Party shall promptly deliver to the other Party all written Confidential Information and any other written material containing or reflecting Confidential Information and will not retain any copies, extracts or other reproductions in whole or in part of such written material.  All documents, memoranda, notes and other writings whatsoever prepared by each Party, or respective representatives, based on the information included in the Confidential Information shall be promptly destroyed, and such destruction shall be ce1tified in writing by an authorized officer supervising such destruction.  ",Confidentiality_Non-Disclosure_Agreement.pdf,test
166,No,"Notwithstanding the foregoing,  (i) you and your Representatives will not be required to delete, erase or destroy any Evaluation Material contained in an archived computer backup system stored as a result of automated back-up procedures (it being agreed that you and your Representatives will not access such archived computer files containing any such Evaluation Material after such delivery or destruction is otherwise required) and  (ii) you and/or your Representatives may retain one copy of the Evaluation Material (and may only access any such Evaluation Material) to the extent and for so long as such retention and access by you or such Representative, as applicable, is required by law or regulation; provided, however, that in the case of each of clauses  (i) and  (ii) of this sentence, notwithstanding any other provision of this Agreement, you and your applicable Representatives will continue to be bound by the terms of this Agreement as if it were in full force and effect with respect to any such Evaluation Material for so long as you or your applicable Representatives retain any such Evaluation Material. ",1020416_0001193125-16-701566_d250247dex99d2.htm,test
167,No,"5. Upon termination or expiration of the Agreement, or upon written request of the other party, each party shall promptly destroy or return to the other all documents and other tangible materials representing the other's Confidential Information and all copies thereof.  ",1011671_0000936392-99-000246_document_46.txt,test
168,No,"Confidential Information means any information disclosed by one party (the ‘Discloser’) to the other (the ‘Recipient’) relating directly or indirectly to Name of Technology/Project, file # which is identified by the Discloser, either orally or in writing, as confidential, either at the time of disclosure or, if disclosed orally, confirmed in writing within thirty (30) days following the original disclosure. ",Template-NDA-2-way-final-1.pdf,test
169,No,"This agreement does not grant any implied intellectual property licenses to confidential information, except as stated above.  ",BCG-Mutual-NDA.pdf,test
170,No,The Receiving Party agrees to: (f) Not use or utilize the Confidential Information without the express written consent of Disclosing Party; ,ConfidNonDisclosureAgree.pdf,test
171,No,"Immediately upon  (i) the decision by either party not to enter into a relationship as a result of the exchange of information hereunder, or  (ii) a request by the Disclosing Party at any time, the Receiving Party will turn over to the Disclosing Party all Proprietary Information of the Disclosing Party and all documents or media containing any such Proprietary Information and any and all copies or extracts or derivatives thereof to the extent it is requested by either party in writing, except that a single copy may be retained for legal archival purposes, subject to protection and non-disclosure in accordance with the term of this agreement.  ",1002276_0001036050-99-002047_document_13.txt,test
172,No,"Notwithstanding the term of the Agreement, the Parties undertake to maintain the confidentiality obligation for a period of three (3) years after Confidential Information disclosure. ",non-disclosure-agreement-en.pdf,test
173,No,"Confidential Information shall also include the terms of this agreement, the fact that the information is being made available to the parties hereunder and the fact that the parties are contemplating a possible business arrangement. ",1120792_0001019687-05-002206_morgan_10qex5-2.txt,test
174,No,"The Receiving Party and its Representatives may make disclosures required by court order or any legal or judicial process, without any liability hereunder, provided the Receiving Party uses reasonable efforts to limit disclosure and to obtain confidential treatment or a protective order and has allowed the Disclosing Party to participate  ",1062478_0001193125-14-442753_d838170dex3.htm,test
175,No,"The Confidential Information (as defined in Section 2), whether transmitted orally, in writing or in any other form, and whether prepared by a Party or its employees, agents, advisors or other representatives, shall be preserved in strict confidence by the receiving Party, shall not be disclosed, disseminated or distributed by the receiving Party other than as expressly authorized herein, and shall be used exclusively for the purposes or transactions contemplated by this Agreement.  ",Confidentiality_Non-Disclosure_Agreement.pdf,test
176,No,"2. The Contractor shall not, without the State’s prior written consent, copy, disclose, publish, release, transfer, disseminate, use, or allow access for any purpose or in any form, any Confidential Information except for the sole and exclusive purpose of performing under the Contract.  ",Attachment-I-Non-DisclosureAgreementContractor.pdf,test
177,No,"f. Any documents or materials that are furnished by or on behalf of the disclosing party, and all other Proprietary Information in whatever form, including documents, reports, memoranda, notes, files or analyses prepared by or on behalf of the receiving party, including all copies of such materials, shall be promptly returned by the receiving party to the disclosing party upon written request by the disclosing party for any reason. ",1138169_0001050234-02-000002_ex10h.txt,test
178,No,"The Receiving Party may disclose Confidential Information if required by a judicial or governmental request, requirement or order; provided that the Receiving Party will take reasonable steps to give the Disclosing Party sufficient prior notice of such request, requirement or order for the Disclosing Party to contest, limit or protect such disclosure. ",MUTUAL_NDA.pdf,test
179,No,"5. Confidential Information shall not include any information that: (d) was developed by Recipient or its Representatives independently of and without reference to Confidential Information. 8. Discloser understands that Recipient is an ice cream manufacturer and engaged in distribution (and with arrangements with distributors or subdistributors) and that planned activities in all such areas that are independently developed, pursued or acquired by the Recipient may contain ideas and concepts similar or identical to those contained in Discloser's Confidential Information.  Discloser agrees that entering into this Agreement shall not preclude Recipient from developing, pursuing or acquiring projects similar to Discloser's, without obligation to Discloser, provided Recipient does not breach its obligations to Discloser under this Agreement or use the Confidential Information to develop or pursue such projects.  ",768384_0000912057-00-018619_document_8.txt,test
