index,answer,text,document_name,split
0,Yes,"The Parties will: a. limit disclosure of any Confidential Information to its directors, officers, employees, agents or representatives (collectively ""Representatives"") who have a need to know such Confidential Information in connection with the Transaction, and only for that purpose; The Receiving Party agrees to use the same degree of protection it uses for its own trade secret information, and in no event less than reasonable efforts, to prevent and protect the Confidential Information, or any part thereof, from disclosure to any person other than the Receiving Party's employees having a need for disclosure in connection with the Receiving Party's authorized use of the Confidential Information. ", 064-19 Non Disclosure Agreement 2019.pdf,train
1,Yes,Recipient agrees to limit disclosure of Confidential Information to employees and employees of Affiliates having a specific need to know such Confidential Information for the Purpose and in the case of Affiliates only to the extent that such Affiliate is under obligation to hold such information in confidence and is made aware of these terms and conditions.  ,01_Bosch-Automotive-Service-Solutions-Mutual-Non-Disclosure-Agreement-7-12-17.pdf,train
2,Yes,"The Disclosee will procure that prior to the disclosure to any other person (including any professional advisor) of any Confidential Information, such other person is made aware of the provisions of this Agreement and the fact that the Disclosee will be liable. ",12032018_NDA_The%20Munt_EN.pdf,train
3,Yes,"Each Party shall be responsible for any breach of this Agreement by such Party, its employees, agents, officials, representatives or consultants acting within the scope of their engagement or employment. ",130806ca141.pdf,train
4,No,"____________________ , agrees that, in consideration for being shown or told about certain trade secrets or property belonging to Navidec, Incorporated, ____________________, shall not disclose or cause to be disclosed, disseminated or distributed any information concerning said trade secret or property to any person, entity, business or other individual or company without the prior written permission of Navidec, Incorporated. ",1023734_0000912057-96-023266_document_16.txt,train
5,No,"""Confidential Information"" includes, without limitation, information in tangible or intangible form relating to and/or including released or unreleased Disclosing Party software or hardware products, the marketing or promotion of any Disclosing Party product, Disclosing Party's business policies or practices, and information received from others that Disclosing Party is obligated to treat as confidential.  ",1125892_0000950133-00-004441_w41075a1ex10-7.txt,train
6,No,"Proprietary Information does not include, however, information that  (iv) was independently developed by the Receiving Party or any of its Representatives without reference to the ",915191_0001047469-17-003155_a2231967zex-99_8.htm,train
7,No,7. Confidential Information shall not include information which is: f. Independently developed by or for the Receiving Party. ,non-disclosure-agreement-en.pdf,train
0,Yes,"Receiver shall:  (iii) provide such information only to those of its personnel who:  (y) have a need to know the same to further VIDAR’s interests; and  (z) become a party to and bound by a confidentiality agreement at least as restrictive as this Agreement prior to receiving any such information.  An employee, director, officer, manager, member, partner, affiliate, associate, agent, attorney, accountant, consultant, banker, business adviser, financial adviser, scientific adviser or technical adviser of Receiver may become a party to this Agreement by signing a counterpart hereof, a copy of which shall be provided to VIDAR within five days of signature. ",18268-001%20Rev%20B%20Form%20Version%20in%20PDF.pdf,test
1,Yes,"Representatives: any employees, officers, directors, professional advisors or consultants in relation to each Party and any of its Affiliates, who are actively and directly engaged in the Purpose; 4.1. Notwithstanding clause 3.1 of this Agreement, the Receiving Party may disclose the Confidential Information: a) to its and its Affiliate’s Representatives, provided always that the Receiving Party procures that such Representatives shall comply with the confidentiality obligations as set out in clause 3 of this Agreement, and the Receiving Party agrees to be liable for the actions or omissions of such Representatives in relation to the Confidential Information as if they were the actions or omissions of the Receiving Party; and ",5-NSK-Confidentiality-Agreement-for-Suppliers.pdf,test
2,Yes,"Subject to the terms of the NDA the Receiving Party hereby undertakes to the Disclosing Party: c) that it shall give access to the Confidential Information only,to those of its employees who need access to the Confidential Information for LOA purposes and will ensure that such employees adhere to the obligations and restrictions contained in the NDA; ",54c808c1b20e4490b1300ad2ce3b9649.pdf,test
3,Yes,"3.8. ""Representatives"" means, in relation to a Party to the extent involved in the Project,  (a) its Affiliates;  (b) its contractors / suppliers of any tier and  (c) all of the aforementioned entities' employees, directors, senior executives, professional advisors and consultants. 5.1. Recipient shall: 5.1.3. not copy or reproduce (or permit to be copied or reproduced) any Confidential Information, or directly or indirectly disclose or distribute any of it to any person other than those of its Representatives who are strictly required to perform Recipient's work in relation to the Project. ",59b1148ff6952b0001bdbedc_20170907_non%20disclosure%20agreement_expert.pdf,test
4,Yes,"Personnel means any and all staﬀ, employees, directors, oﬃcers and professional advisors of a Party 4.1 A Receiving Party shall only disclose or reveal any Conﬁdential Information disclosed to it to those of its Personnel who are required in the course of their duties to receive and consider the same in so far as is necessary to fulﬁl the Purpose. ",5bfbcabf0627e70bdcfc5b32_nda-ready4s.pdf,test
5,Yes,"2. Both Parties shall II. keep the Information relating to the other party secret and confidential and not disclose any of it to any third person and only make it available to the Receiving Party´s executive board, directors, employees, advisers or subsidiaries and affiliates who need to know the same for the Purpose; ",ADVANIDE-NON-DISCLOSURE-AGREEMENT.pdf,test
6,Yes,"The RECEIVING PARTY and its employees, officers, agents and affiliates shall hold the CONFIDENTIAL INFORMATION in confidence and take all reasonable steps to preserve the confidential and proprietary nature of the CONFIDENTIAL INFORMATION, including, without limitation:  (i) refraining from disclosing the CONFIDENTIAL INFORMATION to persons within its organization not having a reason to know, and all persons outside its organization unless they have a reason to know and are bound by fiduciary duties of confidentiality to the RECEIVING PARTY; and  ",AGProjects-NDA.pdf,test
7,Yes,"For avoidance of doubt, in this Agreement “third party” means any party other than Client and AfriGIS and their holding and subsidiary companies or agents. ",AfriGIS_Client-NDA_Template_2019.pdf,test
8,Yes,"3. Borrower shall limit the distribution of the Information within the firm to only those credit, risk management, regulatory reporting and compliance areas who perform the functions described above.  ",Agency-Lending-Disclosure_A-Z-Guide_Appendix_Sample-Confidentiality-Agreements.pdf,test
9,Yes,"Representative(s): means employees, agents, officers, professional advisers and Affiliates of the Recipient Party. In consideration of the mutual disclosure of Confidential Information the Recipient Party undertakes:- (d) not at any time, whether the negotiations proceed or not, to copy, disclose or otherwise make available to any third party without the written consent of the Disclosing Party, any of the Confidential Information of the Disclosing Party other than to its Representatives who are required for the Purpose to receive and consider the Confidential Information provided that the Recipient Party informs its Representatives of the confidential nature of the Confidential Information before disclosure and procures that its Representatives shall, in relation to any Confidential Information disclosed to them, comply with this Agreement as if they were the Recipient Party and the Recipient Party shall at all times be liable for the failure of any Representative to comply with the terms of this Agreement; ",Aspiegel_NDA_template.pdf,test
10,Yes,"The Recipient shall refrain from directly or indirectly disclosing any of the Confidential Information to any person, firm, fund, or entity, or knowingly making any Confidential Information available to any others for any use (other than as permitted by this Agreement).  In furtherance and not in limitation of the foregoing provisions, the Recipient shall: (a) Restrict disclosure of the Confidential Information only to those of the persons as may be absolutely necessary; ",Attachment B - Intent to Propose and Non-Disclosure Agreement.pdf,test
11,Yes,The Contractor further agrees to require each of its employees and agents to sign a form that would bind them in writing to protect the confidentiality of such Confidential Information.  ,Attachment%20J.2%20-%20Non-Disclosure%20Agreement%20-Technology%20Services.pdf,test
12,Yes,"WHEREAS, in order for the Contractor to perform the work required under the Contract, it will be necessary for the State at times to provide the Contractor and the Contractor’s employees, agents, and subcontractors (collectively the “Contractor’s Personnel”) with access to certain information the State deems confidential information (the “Confidential Information”). The Contractor shall limit access to the Confidential Information to the Contractor’s Personnel who have a demonstrable need to know such Confidential Information in order to perform under the Contract and who are bound by confidentiality obligations at least as restrictive as those set forth in this Agreement.  ",Attachment-I-Non-DisclosureAgreementContractor.pdf,test
13,Yes,"This agreement allows us to disclose confidential information to each other, to our own affiliates and to the other's affiliates, under the following terms.  An ""affiliate"" is any legal entity that one of us owns, that owns one of us or that is under common control with one of us.   A ""representative"" is an employee, contractor, advisor or consultant of one of us or one of our respective affiliates.  Each of us may disclose the other's confidential information to our representatives (who may then disclose that confidential information to other of our representatives) only if those representatives have a need to know about it for purposes of our business relationship with each other.  ",BCG-Mutual-NDA.pdf,test
14,Yes,"In view thereof, the parties undertake that - 3.2 they will not, without the prior written consent of the disclosing party: 3.2.2 divulge, discuss with, disclose or reveal the confidential information of the disclosing party to any person, firm, corporation, association or any other entity for any reason or purpose whatsoever (other than its employees and agents and only to the extent that such employees and agents require such information in the implementation of any agreement concluded between the parties); ",BO115-07-non-disclosure-agreement.pdf,test
15,Yes,"Receiving Party shall carefully restrict access to Confidential Information to employees, contractors and third parties as is reasonably required and shall require those persons to sign nondisclosure restrictions at least as protective as those in this Agreement.  ",Basic-Non-Disclosure-Agreement.pdf,test
16,Yes,"7. Each Respondent shall be entitled to disclose or make available any Information it receives from the ETI or any other Respondent to such of its employees, officers, consultants, sub-contractors, proposed sub-contractors, proposed funders, proposed owners or lessors of sites for the Project, owners or licensors of Third Party IP and professional advisers where such disclosure is necessary for the Purpose provided that all such persons to whom any Information is disclosed are bound by written obligations that are no less restrictive than those in this Agreement.  ",Bio-FIP-EOI-NDA.pdf,test
17,Yes,YOU AGREE WITH US: D) to reveal the Confidential Information only to those of your employees or third party advisers who need to know in connection with our discussions relating to the Proposed Transaction. ,Business-Sale-Non-Disclosure-Agreement.pdf,test
18,Yes,"b. The Parties shall disclose the Information to their employees, Affiliates, external experts and/or consultants only on a need to know basis and only to the extent absolutely necessary for the Purpose.  ",CA-Nov14-Doc.5.14%20-%20Template%20Confidentiality%20Agreement.pdf,test
19,Yes,"5. The ETI shall be entitled to disclose or make available any Information it receives from the Respondent to: a. such of the ETI Affiliates, and either the ETI’s or the ETI Affiliates’ employees, officers, secondees, agents, consultants, sub-contractors, proposed sub-contractors, professional advisers and proposed professional advisers where such disclosure is necessary for the Purpose, provided that all such aforementioned persons to whom any Information is disclosed by the ETI are bound by obligations of confidentiality and the ETI shall be responsible for breaches of the obligations by such persons and each ETI Affiliate may enforce this clause in accordance with the Contracts (Rights of Third Parties) Act 1999; and 7. Each Respondent shall be entitled to disclose or make available any Information it receives from the ETI or any other Respondent to such of its employees, officers, consultants, sub-contractors, proposed sub-contractors, proposed funders, proposed owners or lessors of sites for the Project, owners or licensors of Third Party IP and professional advisers where such disclosure is necessary for the Purpose provided that all such persons to whom any Information is disclosed are bound by written obligations that are no less restrictive than those in this Agreement.  8. Each Respondent shall be entitled to disclose or make available any Information it receives from the ETI to any other Respondent where it is necessary for the Purpose. ",CCS-Salt-Cavern-RfP-NDA.pdf,test
20,Yes,"Each party may disclose the other party’s Confidential Information to its employees, contractors and Affiliates who have a legitimate “need to know,” have been advised of the obligations of confidentiality under this Agreement and are bound to obligations of confidentiality substantially similar to those set out in this Agreement. ",amc-general-mutual-non-disclosure-agreement-en-gb.pdf,test
21,Yes,"The foregoing notwithstanding, Recipient may disclose Information to its Representatives to the extent each such Representative has a need to know such Information for the Purpose contemplated by this Non-Disclosure Agreement and agrees to observe and comply with the obligations of Recipient under this Non-Disclosure Agreement with regard to such Information.  ",appendix-g-nda-form.pdf,test
22,Yes,"Receiving Party agrees not to use, divulge, reproduce or otherwise make available the Confidential Information other than for the purposes of the Project and to disclose it only to its officers, agents, employees, partners, and professional advisors as necessary, who shall also be bound to comply with this Agreement. ",casino-nondisclosure-agmt.pdf,test
23,Yes,"If the Receiving Party is a company, the Receiving Party may disclose Confidential Information  (i) to the Receiving Party's directors, officers and employees (collectively, ""Representatives""), in each case only to the extent reasonably necessary for the Receiving Party's internal use and only after informing each Representative of the restrictions in this Agreement on the disclosure and use of the Confidential Information and that he or she must comply with such restrictions, and  The Receiving Party may disclose CEII  (i) only to its Representatives who have properly executed individual non-disclosure or confidentiality agreements in the course of their employment specifically pertaining to confidential information and CEII they receive in the course of their employment and  ",ceii-and-nda.pdf,test
24,Yes,"Permitted Recipients means those persons who have a need to know the Confidential Information for the Permitted Purpose and who are officers, directors, employees, agents or contractors (at any level) of the Receiving Party or its affiliates, or anyone else for whom the Receiving Party takes responsibility for under this Agreement. ",CON-NDA-PTL-01-2012-v1%20Non-Disclosure%20Agreement%20and%20Checklist.pdf,test
25,Yes,"4. The receiving Party hereby covenants that, during the validity period of this Agreement and for a period of five (5) years after its end or its termination, the Proprietary Information received from the disclosing Party shall: (b) be only disclosed to and used by those persons who have a need to know and solely for the purpose specified in this Agreement, within the receiving Party's organisation and to its professional advisors, provided that in this latter case the disclosing Party so notifies the other Party and obtains the authorization from the other Party to make such disclosure, such authorization not being unreasonably withheld, and provided that such advisor(s) agree(s) to be bound by the terms and conditions of this Agreement.  ",Clause-de-non-divulgation.pdf,test
26,Yes,"The Receiving Party agrees to: (e) Limit the internal dissemination of the Confidential Information and the internal disclosure of the Confidential Information received from the Disclosing Party to those officers and employees, if any, of the Receiving Party who have a need to know and an obligation to protect it; ",ConfidNonDisclosureAgree.pdf,test
27,Yes,"(i) all data and information, in whatever form communicated or maintained, whether orally, in writing, electronically, in computer readable form or otherwise, that the Receiver or any of its Representatives (in each case on behalf of the Company) and/or the Company or any of the Company's Representatives discloses or has disclosed to, or that is gathered by inspection by, the Recipient or any of the Recipient's Representatives, whether provided before or after the date of this Agreement, including, information that contains or otherwise reflects information concerning the Company, the Assets, the business or affairs, operations, prospects, activities, and intellectual property rights of the Company and specifically includes, without limitation, all data, records, reports, studies, projections, knowledge, patents, theories, information (financial, corporate, business or otherwise), intellectual property, designs, drawings, plans, opportunities, prototypes, specifications, manuals, photographs, software, hardware, equipment, printouts, reports, market research, business plans, customer lists, supply sources, trade secrets, information relating to existing and potential financiers and investors, trade lists, processes, techniques, ideas, improvements, innovations, know-how, research and development, calculations, opinions, and documents, and any information provided to the Receiver, the Company or any of their Representatives by third parties under circumstances in which the Receiver, the Company or any of their respective Representatives has an obligation to protect the confidentiality of such information, including all information received by the Receiver and/or the Receiver's Representatives (on behalf of the Company) or the Company in connection with the Company, the Assets, or its business and disclosed and communicated to, or gathered by, the Recipient or any of the Recipient's Representatives; 4. The Recipient may disclose Confidential Information only to the limited group of the Recipient's Representatives, who are actually engaged in and need to know the Confidential Information for the Permitted Purpose, who have been informed of the confidential nature of the Confidential Information, and who agree to keep such information confidential and not use such Confidential Information for any purpose other than the Permitted Purpose.  ",Confidentiality%20Agreement.pdf,test
28,Yes,"Recipient may disclose the Confidential Information only to its directors or employees who have a need to know the Confidential Information for the Purpose, provided that such party agrees to be bound by this or comparable agreements to the same extent as Recipient is bound and Recipient agrees to be responsible for any breach by these employees and directors.  ",ConfidentialityAgreement.pdf,test
29,Yes,"The parties will entrust confidential information solely to those employees, consultants and third party companies which are concerned with the processing of the order and which are legally or contractually obligated to secrecy. ",Confidentiality_Agreement_1.pdf,test
30,Yes,"Disclosure of the Confidential Information may be made only to employees, agents or independent contractors of a Party who are directly involved in consideration of the transaction, which is the subject of this Agreement and who are bound to maintain its confidence. ",Confidentiality_Non-Disclosure_Agreement.pdf,test
31,Yes,"The Parties undertake: v) to disclose the Confidential Information only to those of its directors, employees and consultants who need the Confidential Information to conduct tasks in relation to the purpose set out in Section 1; ",confidentiality_agreement.pdf,test
32,Yes,"5. The Receiving Party undertakes not to reveal the Information to any person with whom he cooperates, to any of his employees or the like, in a way exceeding what is considered necessary or justiﬁable.  ",confidentialityandnondisclosureagreement.pdf,test
33,Yes,"With regard to the data disclosed to MDHHS under this Agreement, the MDHHS agrees to: 3. Limit access to these data only to those MDHHS employees whose job responsibilities require access to the information; ",Data_Use_and_Non_Disclosure_Data_Disclosed_to_MDCH_Trauma_Registry_Final_465518_7.pdf,test
34,Yes,"1. The Receiving Party agrees to treat all information provided by the Providing Party in connection with the Business Under Discussion to the Receiving Partner and/or any of its partners, directors, officers, employees, affiliates, insurers, agents, advisors or auditors (the “Representatives”), regardless of the manner in which it is so furnished, together with any analyses, compilations, data, studies or other documents or records, whether of an oral, written or electronically retrievable nature (collectively the “Information”), as strictly confidential. 2. The Receiving Party shall limit the possession and use of the Information to a “need-to-know” basis among its Representatives. ",eHandshake_Non_Disclosure_Agreement.pdf,test
35,Yes,"Recipient may disclose Confidential Information only to its employees, agents, consultants and contractors on a need-to-know basis, and only if such employees, agents, consultants and contractors have executed appropriate written agreements with Recipient sufficient to enable Recipient to enforce all the provisions of this Agreement.  ",Generic-NDA-Pitch-Deck-Fire.pdf,test
36,Yes,"""Unauthorised Persons"" means officers, employees or advisers of the Recipient who are not required to have access to the Confidential Information for the Purpose, and any other person who is not a party to this agreement. In consideration of each party disclosing its Confidential Information to the other party for the Purpose, the Recipient must ensure that Confidential Information is:  not disclosed to any Unauthorised Person; The Recipient must ensure that access to Confidential Information is only given to those of its officers, employees and advisers who require access for the Purpose, and that those officers, employees and advisers are informed of the confidential nature of the Confidential Information and keep that information confidential.  ",ICTSC-NDA-General-MandA-signed.pdf,test
37,Yes,"a. The Receiving Party shall solely disclose the Material to its affiliates, employees and persons in the Receiving Party’s organization who  (i) have responsibility for or are directly concerned with the purposes of this Agreement and of the Consortium Agreement;  (ii) are subject to non-disclosure or confidentiality obligations to the Receiving Party (the Material constituting protected information for purposes of such obligations); and  (iii) have been informed and are fully aware of the Receiving Party’s obligations under this agreement and under the Consortium Agreement. ","IMOA%20Molybdenum%20Consortium%20NDA%20Agreement%20amended%20Jan%2008,%20valid%20March%2009%20onwards.pdf",test
38,Yes,"The Receiving Party shall carefully restrict access to the Confidential Information to those of its officers, directors and employees who clearly need such access in order to participate on behalf of the Receiving Party in the analysis and negotiation of a business relationship or any contract or agreement, or the advisability thereof, with the Disclosing Party and who are bound by written confidentiality agreements that protect third party information.  ",MUTUAL_NDA.pdf,test
39,Yes,"Each party shall disclose Confidential Information only to those officers, directors, employees and contractors who are required to have the information in order to evaluate or engage in discussions concerning the contemplated business relationship, and such party shall remain responsible for compliance with the terms of this Agreement by its officers, directors, employees and contractors. ",Mutual-Non-Disclosure-Agreement-Inventor-Product-Development-Experts-Inc..pdf,test
40,Yes,"2.1. A Receiving Party agrees: 2.1.3. not to disclose any Confidential Information to any person or entity other than to such of its employees who need to know for the Purpose (“Permitted Disclosees”), provided that the Receiving Party shall ensure that its Permitted Disclosees keep all Confidential Information confidential and only use it on the terms of this Agreement, as if such Permitted Disclosees were party to this Agreement. ",mutual-non-disclosure-agreement.pdf,test
41,Yes,Each party may use the information received from the other party hereunder and may provide such information to its parent corporation or any other subsidiaries thereof and their respective employees as applicable for their use only in connection with the Business Purpose. ,nda_9.pdf,test
42,Yes,"1. The term “Confidential Information” shall mean any confidential, proprietary, financial or otherwise non-public information, in written or electronic form, relating to the Disclosing Party, or the Purpose that is disclosed before, on or after the Effective Date, by the Disclosing Party to the Recipient or its affiliates, or to any of such Recipient’s or its affiliates’ employees, officers, directors, partners, shareholders, agents, attorneys, accountants or advisors (collectively, “Representatives”), whether disclosed or accessed in written, electronic or other form, including, without limitation:  3. Recipient shall not, and shall cause its Representatives not to,  (a) disclose all or any portion of Confidential Information to any third parties (other than to its Representatives who need to know the Confidential Information to assist Recipient in its evaluation of the Purpose), or  4. Except as otherwise provided in this Agreement, without the prior written consent of the Disclosing Party, Recipient shall not disclose to any person or entity (other than its Representatives who are involved in its evaluation of the Purpose) any information with respect to the occurrence or content of any discussions or negotiations between the Parties. ",NDA-Template-Media-News-Group-inc.pdf,test
43,Yes,"3.2 Notwithstanding Clause [3.1(a)], the Recipient may disclose the Confidential Information to its [officers, employees, professional advisers, insurers, agents and sub-contractors] [who have a need to have access to the Confidential Information for the performance of their work with respect to the Permitted Purpose and] who are bound by a written agreement or professional obligation to protect the confidentiality of the Confidential Information. ",NDA-Urban_Wind_Turbines.pdf,test
44,Yes,All disclosures of Confidential Information (whether written or oral) by Party One and Party Two shall  (b) be disclosed only to employees of Party Two who have executed written confidentiality agreements with the employer; and  ,NDAMutualTemplateClientFill.pdf,test
45,Yes,"Any Business Partner shall maintain the material as confidential and shall not publish, disclose or distribute all or any portion of it (or any copies of it) to any other person or permit any other person access to it, save for employees, consultants or agents of the Business Partner for purposes specifically related to Mandarin’s use of the material.  ",NDA_ResConnect.pdf,test
46,Yes,"Authorised Person means, in relation to the Recipient, any of the following only to the extent that they are engaged in respect of the Purpose: its officers, directors, employees, and any other person who has been previously approved in writing by the Disclosers; The Recipient may disclose any of the Confidential Information to any of its Authorised Persons, provided that it informs them beforehand of the duties of confidence under this Agreement, ensures that they undertake to the Recipient to comply with the same duties of confidence, keeps a written account of each of the disclosures, advises the Disclosers immediately it becomes aware of any breach by an Authorised Person, and gives upon any request by the Disclosers evidence of compliance with this clause. ",NDA_Street_Stream_Franchise.pdf,test
47,Yes,3. Each party may disclose Conﬁdential Information only on a need-to-know basis to its own employees and to its consultants under appropriate written burden of conﬁdentiality.  ,Non-Disclosure-Agreement-NDA.pdf,test
48,Yes,The party receiving Confidential Information (the “Receiving Party”) shall not disclose Confidential Information to any third party without the prior written consent of the party disclosing such confidential information (the “Disclosing Party”) and shall restrict dissemination of Confidential Information within its own organization to those employees who have a need to have access to the Confidential Information.  ,Non-Disclosure-form_1.pdf,test
49,Yes,"5. The Receiving Party agrees for the period specified in Section 13 that it will: a. Restrict disclosure of the Confidential Information to the minimum required number of people (such as employees, directors, officers, legal counsels, accountants or consultants who shall also be personally bound to maintain the Information in confidence); ",non-disclosure-agreement-en.pdf,test
50,Yes,"Receiving Party shall carefully restrict access to Sensitive Information to employees, contractors and third parties as is reasonably required and shall require those persons to sign nondisclosure restrictions at least as protective as those in this Agreement.  ",non-disclosure-agreement-template.pdf,test
51,Yes,"Recipient may only disclose the Confidential Information to its employees, directors, officers, agents, students (in University’s case) and consultants who have a need-to-know the Confidential Information for the Permitted Purpose, provided that they are advised of the confidential nature of the Confidential Information and are under an obligation to maintain its confidentiality.  ",Template-NDA-2-way-final-1.pdf,test
52,Yes,"Confidential Information shall only be disclosed to the Receiving Party’s employees and, even then, only to the extent that such employees have a specific need to know of the Confidential information, for the evaluation of the proposed transaction.  ",UALR-Standard-Non-disclosure-AgreementTemplate.pdf,test
53,Yes,"The foregoing notwithstanding, the Recipient may disclose classified information to its employees or contractors (hereafter Representatives) to the extent each such Representative has a need to know such information to conduct the work referenced in the Whereas clauses, and shall comply with Recipient’s obligations under this Agreement.  ",VELCO%20NDA%20rev0%20Dec%2014%202015.pdf,test
54,Yes,"1.1. For a period of three (3) years from the date of entering in to this Agreement, not to disclosure any Information or Item, in any manner whatsoever, directly or indirectly, whether in whole or in part, without the prior written consent of Disclosing Party, to any individual, firm or entity, excepting solely an individual who  (a) is an officer, director or employee of Disclosing Party or of the Recipient and  (b) has a clear need to know for purposes directly related to the Matter. You agree that you will only discuss the Matter with Mr. Al Weber, Chief Executive Officer, or Mr. Thomas V. Gilboy, Chief Financial Officer of the Disclosing Party.  Under no circumstances will you discuss the Matter, or admit that the Matter has been a topic of discussion with any other employees of the Disclosing Party, or any other third party.  ",65781_0000950123-00-009565_y41542ex99-d_3.txt,test
55,Yes,"2. Except as expressly permitted herein,  Recipient shall not disclose Confidential Information and shall prevent the disclosure of such information by Recipient or its affiliates and their respective employees, directors, counsel, advisors, agents and independent contractors (all of which collectively ""Representatives"") by using the same degree of care to keep confidential the Confidential Information as it uses to keep confidential its own confidential information.  4. Recipient shall disclose Confidential Information only to those of its Representatives who have a need to know such information for the Permitted Purpose. ",768384_0000912057-00-018619_document_8.txt,test
56,Yes,"We and our representatives will keep the Evaluation Materials completely confidential; provided, however, that  (i) any of such information may be disclosed to those of our directors, officers, employees, agents, representatives (including attorneys, accountants and financial advisors), lenders and other sources of financing (collectively, ""our representatives"") who we reasonably determine need to know such information for the purpose of evaluating a Possible Transaction between us and the Company (it being understood that our representatives shall be informed by us of the confidential nature of such information and shall be directed by us, and shall each agree to treat such information confidentially) and  ",96238_0000950116-97-001823_document_13.txt,test
57,Yes,"The Receiving Party agrees  (ii) not to divulge any such Proprietary Information or any information derived therefrom to any third person (except consultants or agents, subject to the conditions stated below),  Any employee, consultant or agent given access to any such Proprietary Information must have a legitimate ""need to know"" and shall be similarly bound in writing.  ",1002276_0001036050-99-002047_document_13.txt,test
58,Yes,"The receiving party will not disclose any of the disclosing party's Confidential Information to any employees or to any third parties except to the receiving party's employees, parent company and majority-owned subsidiaries who have a need to know and who agree to abide by nondisclosure terms at least as comprehensive as those set forth herein: provided that the receiving party will be liable for breach by any such entity.  ",934545_0000891618-99-004640_document_2.txt,test
59,Yes,Each party shall only permit access to Confidential Information of the other party to those of its employees or authorized representatives having a need to know and who have signed confidentiality agreements or are otherwise bound by confidentiality obligations at least as restrictive as those contained herein. ,1011671_0000936392-99-000246_document_46.txt,test
60,Yes,"Recipient may disclose Confidential Information to its employees and information which may be retained in non-tangible form by persons who have had access to the Confidential Information, including without limitation general ideas, concepts, know-how provided that prior agreement with such parties sufficient to require that party to treat the Confidential Information in accordance with this Agreement. ",1042282_0000893220-02-000791_e61414toexv99wxdywx1y.txt,test
61,Yes,"In implementation of the foregoing, ANUBIS shall not disclose any of the Confidential Information to any person except those for whom disclosure is necessary for the effective performance of their responsibilities as employees of agents of ANUBIS, and, in each case, only to the extent required for such effective performance of responsibilities. Each party may disclose the other party's Confidential Information to its responsible employees with a bona fide need to know, but only to the extent necessary to carry out the Business Purpose.  ",1073090_0001356564-06-000012_sorell10ksbamend2x102.txt,test
62,Yes,"3. In consideration of each and every disclosure of CONFIDENTIAL INFORMATION, the Parties agree to: (c) make no disclosures of any CONFIDENTIAL INFORMATION to any party other than officers and employees of a Party to this IRA; (d) limit access to CONFIDENTIAL INFORMATION to those officers and employees having a reasonable need for such INFORMATION and being boUnd by a written obligation to maintain the confidentiality of such INFORMATION; and ",1084000_0001144204-06-046785_v056501_ex10-16.txt,test
63,Yes,"2. It is understood that the Receiving Party may disclose any of the Confidential Information to the Receiving Party's (and its subsidiaries' and affiliates') directors, officers, employees, agents, representatives (including attorneys and financial advisors), and prospective bank or institutional lenders, (collectively, ""Representatives"") who require such material in connection with a possible or actual Transaction (provided that such Representatives shall be informed by the Receiving Party of the confidential nature of the Confidential Information and shall agree to act in accordance with the terms hereof).  Company shall limit disclosure of Highly Confidential Information to Company employees.  ",1095558_0000944209-00-000518_document_3.txt,test
64,Yes,"2. Each Recipient Party with respect to Confidential Information received by it hereunder shall: C. Not disclose Confidential Information to any person other than to one of the Recipient Party's directors, officers, employees, representatives, consultants or agents (collectively called ""Representatives"") who need to know such information for the purposes of the Evaluation, provided that each Representative shall be informed, directed and obligated by the Recipient Party to treat such information in accordance with the obligations of this agreement and the Recipient Party shall be liable for breach of any such obligation by any of its Representatives. ",1120792_0001019687-05-002206_morgan_10qex5-2.txt,test
65,Yes,(c) The undersigned Receiving Party may disclose Confidential Information only to Receiving Party's employees and consultants on a need-to-know basis.  ,1125892_0000950133-00-004441_w41075a1ex10-7.txt,test
66,Yes,"c. The receiving party shall not disclose all or any part of the disclosing party's Proprietary Information to any affiliates, agents, officers, directors, employees or representatives (collectively, ""Representatives"") of the receiving party except on a need-to-know basis.  ",1138169_0001050234-02-000002_ex10h.txt,test
67,Yes,"(a) any data or information that is supplied by either Party (which will be deemed to include, in the case of the Company, any data or information with respect to any Member of the Company supplied by the Company or such Member to the Investor in connection with the operation of the Company or the performance of any obligation, or the exercise of any rights, under the LLC Agreement or any Related Agreement), including by its Affiliates (the ""DISCLOSING PARTY""), or the agents, employees, authorized representatives or nominees thereof (such persons being referred to collectively as the REPRESENTATIVES"") to the other Party including its Affiliates (the ""RECEIVING PARTY"") (or the Representatives of the Receiving Party) including, but not limited to, information regarding: products and services planning, marketing strategies, strategic and business plans, finance, operations, customer relationships, customer profiles, sales estimates and internal performance results relating to the past, present or future business activities of the Disclosing Party and its owners, customers, clients and suppliers; Except as expressly authorized by prior written consent of the Disclosing Party, the Receiving Party shall: (a) limit access to any Confidential Information received by it solely to its Representatives who have a need to know such in connection with any current or future negotiations or arrangements between the Receiving Party and the Disclosing Party, including, without limitation in connection with the membership of the Investor in the Company and any commercial arrangements between the Investor and the Company and only for use in connection therewith.  ",1173495_0001047469-03-033872_a2118144zex-10_12.txt,test
68,Yes,"(i) “Representatives” means  (i) with respect to the Potential Relationship Party, the Potential Relationship Party’s officers, managers, directors, general partners, employees, outside counsel, accountants, consultants, financial advisors, and potential sources of equity or debt financing (and their respective counsel), and  (ii) with respect to the Company, will include its officers, directors, employees, agents, partners and advisors and those of its subsidiaries, Affiliates and/or divisions (including attorneys, accountants, consultants and financial advisors). The Receiving Party further agrees that it will and will cause its Representatives to take those steps the Receiving Party takes to protect its own similar proprietary and confidential information (which will not be less than a reasonable standard of care) to keep the Confidential Information of the Disclosing Party confidential; provided, however, that  (ii) any of the Confidential Information may be disclosed to the Receiving Party’s Representatives who need to know such information for the purpose of evaluating a Possible Transaction, who are provided with a copy of this Agreement and who agree to be bound by the terms this Agreement.  ",802724_0001193125-15-331613_d96542dex99d5.htm,test
69,Yes,"You and your representatives will keep the Evaluation Materials completely confidential; provided, however, that  (i) such information may only be disclosed to those of your directors, officers, employees, affiliates, agents, representatives (including attorneys, accountants and financial advisors), and lenders (collectively, “your representatives”) who need to know such information for the purpose of evaluating a Possible Transaction between you and the Company (it being understood that your representatives shall be informed by you of the confidential nature of such information and shall be directed by you, and shall each expressly agree (in writing, if requested by the Company or its advisors), to treat such information confidential in accordance with the agreement) and  ",814457_0000950137-04-009790_c89545exv99wxdyx6y.htm,test
70,Yes,"2. The Receiving Party agrees that; (b) it will not distribute, disclose or disseminate Information to any third Party without the prior consent of the Disclosing Party, and will only distribute, disclose or disseminate Information to its directors, officers, employees consultants, advisors, potential sources of financing or other representatives with a need to know such information for purposes of discussing and evaluating the Transaction and who are informed by such Receiving Party of the confidential nature of the Information; ",850313_0000950149-07-000090_f28028toexv99wxdyx2y.htm,test
71,Yes,"As a condition to the Confidential Information being furnished to the Receiving Party and the directors, officers, principals, partners, members, employees, agents, consultants, related investment funds, advisors, attorneys, accountants, affiliates, potential sources of capital and financing, and financial advisors (collectively, “Representatives”) of the Receiving Party, the Receiving Party agrees to treat the Confidential Information strictly in accordance with the provisions of this Agreement and to otherwise comply, and to cause its Representatives to comply, with all obligations hereinafter set forth. The Receiving Party shall, and shall cause its Representatives to, keep the Confidential Information in confidence and shall not disclose any of the Confidential Information in any manner whatsoever; provided, however, that  (iii) any information contained in the Confidential Information may be disclosed to the Receiving Party’s Representatives who reasonably require access to such information for the purpose of evaluating a possible Transaction and who agree to keep such information in confidence to the same extent as described herein; provided, further, that the Receiving Party shall not make any disclosure of any Confidential Information to any potential sources of equity financing without the Company’s prior written consent.  ",912263_0001047469-12-006662_a2209873zex-99_d2.htm,test
72,Yes,"As a condition to the Confidential Information being furnished to the Receiving Party and the directors, officers, principals, partners, members, employees, agents, consultants, related investment funds, advisors, attorneys, accountants, affiliates, potential sources of capital and financing, and financial advisors (collectively, “Representatives”) of the Receiving Party, the Receiving Party agrees to treat the Confidential Information strictly in accordance with the provisions of this Agreement and to otherwise comply, and to cause its Representatives to comply, with all obligations hereinafter set forth. (a) The Receiving Party shall, and shall cause its Representatives to, use the Confidential Information solely for the purpose of evaluating a possible Transaction.  The Receiving Party shall, and shall cause its Representatives to, keep the Confidential Information in confidence and shall not disclose any of the Confidential Information in any manner whatsoever; provided, however, that  (iii) any information contained in the Confidential Information may be disclosed to the Receiving Party’s Representatives who reasonably require access to such information for the purpose of evaluating a possible Transaction and who agree to keep such information in confidence to the same extent as described herein; provided, further, that the Receiving Party shall not make any disclosure of any Confidential Information to any potential sources of equity financing without the Company’s prior written consent.  ",912263_0001193125-12-285724_d371520dex99e4.htm,test
73,Yes,"(a) Each of PictureTel and Polycom shall  (ii) not disclose the Confidential Information to any third party, except for disclosures to its directors, executive officers and representatives of its advisors (such as independent accountants, investment bankers, consultants and attorneys) acting on its behalf (collectively, its ""Representatives"") who in each case, in such party's reasonable judgment, need to know such information for the purpose of evaluating a possible Transaction and who are set forth on Annex A hereto, as it may be amended by the parties from time to time;  ",1010552_0000912057-01-520246_a2051644zex-99_20.htm,test
74,Yes,"Recipient shall:  (a) only disclose the Confidential Information to those employees and contractors with a need to know; provided that Recipient binds those employees and contractors to terms at least as restrictive as those stated in this Agreement (or, with respect to professional advisors, advises them of its obligations with respect to the Confidential Information);  ",1011344_0001193125-08-097987_dex99d5.htm,test
75,Yes,"3. Each party agrees and undertakes that it shall not, without first obtaining the written consent of the other, disclose or make available to any person, reproduce or transmit in arty manner, or use (directly or indirectly) for its own benefit or the benefit of others, any Confidential Information save and except both parties may disclose any Confidential Information to their Affiliates, directors, officers, employees or advisors of their own or of Affiliates on a “need to know” basis to enable them to evaluate such Confidential Information in connection with the negotiation of the possible business relationship; provided that such persons have been informed of, and agree to be bound by obligations which are at least as strict as the recipient’s obligations hereunder.  ",1012887_0001193125-07-165503_dex99d6.htm,test
76,Yes,"The term “Representatives” means, as to any person, such person’s affiliates (only to the extent that they receive Evaluation Material) and its and their respective directors, officers, employees, managing members, general partners, advisors, agents or representatives (including legal advisors) and, subject to paragraph 5 below, financing sources, but only to the extent that such advisors, agents, representatives or financing sources receive Evaluation Material. 1. You and your Representatives will  (ii) keep the Evaluation Material strictly confidential and (except as required by applicable law, regulation or legal process, and only after compliance with paragraph 6 below under the heading “Compelled Disclosure”) will not, without the Company’s prior written consent, disclose any Evaluation Material to any person, except that the Evaluation Material (or portions thereof) may be disclosed to those of your Representatives who need to know such information solely for the purpose of evaluating a possible Transaction (it being understood that prior to such disclosure your Representatives will be informed of the confidential nature of the Evaluation Material and directed that such information is to be kept confidential and not used for any purpose other than the evaluation of the possible Transaction).  ",1020416_0001193125-16-701566_d250247dex99d2.htm,test
77,Yes,"Employee shall not, directly or indirectly, use any Confidential Information for any purpose other than the benefit of a Banking Organization, and shall not directly or indirectly, disclose, communicate, deliver, exhibit or provide any Confidential Information to any Person, except other Employees or Agents of a Banking Organization who have a need to know such Confidential Information for a proper corporate or business purpose, as required in the normal course of Employee’s service as an employee.  ",1041550_0001193125-19-004977_d663808dex106.htm,test
78,Yes,"Company shall only disseminate Confidential Information to such of its Representatives with a special need to know for carrying out the Purpose of this Agreement.  “Representative” means any employee, consultant, contractor, officer, agent, advisor, and/or director of a Party.  ",1049210_0001047469-13-009461_a2216846zex-99_d3.htm,test
79,Yes,"Each undersigned party (the “Receiving Party”) and their respective directors, officers, employees, agents, or advisors (including, without limitation, legal advisors, accountants, consultants, bankers, and financial advisors) and potential sources of financing (collectively, “Representatives”) understands that during these discussions the other party (the “Disclosing Party’’) may disclose Proprietary Information (as defined herein) relating to the Disclosing Party’s business. 2. The Receiving Party agrees  (b) not to divulge any such Proprietary Information or any information derived therefrom to any third person without prior written permission of the Disclosing Party, excluding disclosure to Representatives,  ",1062478_0001193125-14-442753_d838170dex3.htm,test
80,Yes,"As a condition to each party furnishing the Evaluation Material to the other party and the directors, officers, employees, agents or advisors of such party or its subsidiaries or other affiliates (collectively, “Representatives”), each party agrees that the Evaluation Material furnished to it hereunder shall be treated in accordance with the terms of this Agreement. Each party agrees that, without the prior written consent of the other party, neither it nor its Representatives will disclose to any other person (other than to such party’s Representatives who agree, or are otherwise bound, not to disclose the following except as contemplated by this Agreement) any of the other party’s Evaluation Material, the fact that discussions between the parties are taking place concerning the Transaction, or any terms or other facts relating to the Transaction.  Except as otherwise provided in this Agreement, the Evaluation Material shall only be used by a party and its Representatives to evaluate, negotiate, facilitate or pursue a Transaction. ",1084817_0001193125-14-004957_d648340dex99e2.htm,test
81,Yes,"The Evaluation Material will be kept confidential by Investor in accordance with the terms and conditions of this Agreement and will not be disclosed to any person, except that Investor may disclose the Evaluation Material or portions thereof to those of its employees, officers, directors, partners, members, affiliates, accountants, attorneys, agents, consultants and advisors (these persons being collectively called “Representatives”) who  (a) need to know such information in order for Investor to be able to evaluate a possible Transaction and  (b) have been directed by Investor to treat the Evaluation Material in accordance with the terms of this Agreement.  ",1096147_0001193125-08-206038_dex4.htm,test
82,Yes,"(iii) the term ""Representatives"" means the directors, officers, employees, agents or advisors (including, without limitation, attorneys, accountants, investment bankers, financial advisors and other consultants and advisors engaged in connection with the review and evaluation of the Transaction) of the specified Party; and  All Evaluation Material  (iii) shall be provided by the Receiving Party solely to those of its Representatives to whom disclosure is reasonably required to facilitate the Receiving Party's evaluation or consideration of the Transaction, it being the intention of the Parties to restrict the dissemination of Evaluation Material to as small a working group as practicable.  ",1109551_0000912057-02-024714_a2082535zex-99_d3.htm,test
83,Yes,"The term “Representative” means, as to any person, such person’s affiliates, officers, directors, general partners, members, employees, consultants, investment bankers, financial advisors, accountants, legal counsel, consultants and potential lenders.  (b) Except as otherwise permitted under this Agreement or as required by applicable law, regulation, stock exchange rule or by legal, judicial, regulatory or administrative process (by oral questions, interrogatories, requests for information or documents in legal proceedings, subpoena, civil investigative demand or other similar process) (“Legally Required”),  (a) the Receiving Party shall, and shall cause its Representatives to, keep all Proprietary Information confidential and not disclose or reveal any Proprietary Information to any person other than its Representatives who are participating in evaluating, negotiating, advising or financing with respect to the Possible Transaction or who otherwise need to know the Proprietary Information for the purpose of evaluating, negotiating, advising or financing with respect to the Possible Transaction (all of whom shall be informed of the confidential nature of such Proprietary Information) and shall cause its Representatives to treat such Proprietary Information in a confidential manner and in accordance with the terms hereof, provided that each party shall be responsible for any breach of this Agreement by any of its respective Representatives,  ",915191_0001047469-17-003155_a2231967zex-99_8.htm,test
84,Yes,"c. “Representatives” shall mean as to any Person, its directors, officers, employees, agents and advisors (including, without limitation, financial advisors, attorneys and accountants). a. The Receiving Party shall hold confidential and not disclose to any Person, without the prior written consent of the Disclosing Party, all Confidential Information and any information about the Proposed Transaction, or the terms or conditions or any other facts relating thereto, including, without limitation, the fact that discussions are taking place with respect thereto or the status thereof, or the fact that Confidential Information has been made available to the Receiving Party or its Representatives; provided, however, that the Receiving Party may disclose such Confidential Information to its Representatives who are actively and directly participating in its evaluation of the Proposed Transaction or who otherwise need to know the Confidential Information for the purpose of evaluating the Proposed Transaction; ",916457_0000916457-14-000028_exhibit104-confidentiality.htm,test
85,Yes,"(d) The term “Representatives” shall include the directors, officers, employees, potential financing sources, partners, agents and advisors (including, without limitation, attorneys, accountants, consultants, bankers and financial advisors) of a Party who have a need to know the Evaluation Material for purposes of evaluating a Possible Transaction, but only those of the foregoing who actually receive Evaluation Material directly from or at the direction of such Party.  Each Recipient shall, and shall cause its Representatives to,  (ii) keep the Evaluation Material confidential, and, subject to Section 5, will not, and will cause its Representatives not to, disclose any of the Evaluation Material in any manner whatsoever; provided, however, that any of such information may be disclosed to Recipient’s Representatives who need to know such information for the sole purpose of helping Recipient evaluate a Possible Transaction.  ",1316898_0001047469-18-005618_a2236490zex-99_d2.htm,test
86,Yes,"The Receiving Party: (b) shall not disclose or reveal any Confidential Information to any person other than its Representatives who are actively and directly participating in the Evaluation or who otherwise need to know the Confidential Information for the purpose of the Evaluation;  (d) shall not disclose to any person (other than those of its Representatives who are actively and directly participating in the Evaluation or who otherwise need to know for the purpose of the Evaluation) any information about the Evaluation, or the terms or conditions or any other facts relating thereto, including, without limitation, the fact that discussions are taking place with respect thereto or the status thereof, or the fact that Confidential Information has been made available to the Receiving Party or its Representatives.  As used herein. “Representatives” shall mean  (i) employees of Receiving Party;  (ii) attorneys, accountants, or other professional business advisors and, additionally, (iii) employees of the Receiving Party and those entities directly or indirectly owned by the Receiving Party, in each case, who shall be informed of the confidential nature of the Confidential Information and shall agree to act in accordance with the terms of this Agreement.  ",1402305_0001193125-11-343865_d268167dex99d2.htm,test
87,Yes,"1.1 Subject to Section 1.2 below, “Confidential Information” means confidential, secret, proprietary or other non-public information pertaining to the business, operations, brands, marketing plans, financial matters, legal matters, products, projects, business plans or practices, research and development, product development, intellectual property, financial models, trademarks, trade secrets, accounting and financing data, and methods of production, distribution or procurement, suppliers, distributors, consultants, advisors or employees, directors or officers of CEDC or any of its Subsidiaries (defined below) (together, the “CEDC Group”) that is disclosed or otherwise made available, either orally or in writing, by any member of the CEDC Group to the Recipient or its affiliates, agents, or advisors (including, without limitation, financial advisors, attorneys, banks and other sources of equity and debt financing and accountants) (collectively, “Representatives”). The Recipient agrees that it will not, without the prior written consent of CEDC, directly or indirectly, disclose all or any portion of the Confidential Information, or the substance thereof, to any third party other than its Representatives in connection with the Purpose, except, subject to Section 2.3 below, to the extent required by applicable law or legal process. ",1457829_0000898822-13-000086_exhibit-ndaexecutionversion.htm,test
88,No,"If Confidential Information is in written form, the Disclosing Party shall label or stamp the materials with the word ""Confidential"" or some similar warning.  If Confidential Information is transmitted orally, the Disclosing Party shall promptly provide writing indicating that such oral communication constituted Confidential Information. ",Basic-Non-Disclosure-Agreement.pdf,test
89,No,"In the event that the Receiving Party or anyone to whom it discloses the Confidential Information receives a request to disclose all or any part of the Confidential Information or Discussion Information under the terms of a subpoena or other order issued by a court of competent jurisdiction or by another governmental agency, the Receiving Party shall if permitted pursuant to applicable law  (a) promptly notify the Company of the existence, terms and circumstances surrounding such a request,  ",912263_0001047469-12-006662_a2209873zex-99_d2.htm,test
90,No,"6. If any of the Parties determine that they do not wish to proceed or continue with the Business Under Discussion, it will promptly advise the other Party of that decision in writing or by email.  Upon receipt of such communication the Receiving Party shall destroy promptly all documents furnished and will not retain any copies, extracts or other reproductions in whole or in part of such Information.  Notwithstanding the foregoing, the Receiving Party shall be entitled to retain that portion of the Information for legal, regulatory or internal compliance purposes, which will continue to be treated as confidential on the terms hereof. ",eHandshake_Non_Disclosure_Agreement.pdf,test
91,No,"The term of this Agreement is two (2) years from the Effective Date, provided that the Receiving Party's duty to protect the Disclosing Party's Confidential Information shall survive expiration or termination of this Agreement and shall expire five (2) years from the date of disclosure. ",MUTUAL_NDA.pdf,test
92,No,"The Confidential Information (as defined in Section 2), whether transmitted orally, in writing or in any other form, and whether prepared by a Party or its employees, agents, advisors or other representatives, shall be preserved in strict confidence by the receiving Party, shall not be disclosed, disseminated or distributed by the receiving Party other than as expressly authorized herein, and shall be used exclusively for the purposes or transactions contemplated by this Agreement.  ",Confidentiality_Non-Disclosure_Agreement.pdf,test
93,No,The obligations of the Receiving Party pursuant to the provisions of this Agreement shall not apply to any Confidential Information that – 8.6 is received from a third party in circumstances that do not result in a breach of the provisions of this Agreement. ,AfriGIS_Client-NDA_Template_2019.pdf,test
94,No,"4. The undertakings in clauses 2 and 3 above apply to all of the information disclosed by the Discloser to the Recipient, regardless of the way or form in which it is disclosed or recorded but they do not apply to: ",118.3-Non-disclosure-agreement.pdf,test
95,No,"“Confidential Information” shall mean all information in whatever form, whether imparted orally or in writing or by other medium including all copies of the same which one party hereto discloses to the other pursuant to the Purpose. ",mutual-non-disclosure-agreement.pdf,test
96,No,"At any time after termination of discussions by either Party with respect to the Transaction, upon the request of the Furnishing Party, the Receiving Party shall promptly (and in no event later than five business days after such request)  (a) redeliver or cause to be redelivered to the Furnishing Party all copies of all Primary Evaluation Material in the possession or control of the Receiving Party or its Representatives which is in a visual or written format and erase or destroy all copies of all such Primary Evaluation Material which is stored in electronic format, and  (b) destroy or cause to be destroyed all Derivative Evaluation Material in the possession or control of the Receiving Party or any of its Representatives.  ",1109551_0000912057-02-024714_a2082535zex-99_d3.htm,test
97,No,"For convenience, the Disclosing Party may, but is not required to, mark written Confidential Information with the legend ""Confidential"" or an equivalent designation. ",Generic-NDA-Pitch-Deck-Fire.pdf,test
98,No,"As used in this letter agreement (this “Agreement”), the term “Evaluation Material” means all information regarding the Company, its affiliates and its and their respective businesses, technology, products, prospects and plans, a Transaction (including the fact that the Company or its affiliates may pursue a Transaction with you and the existence and terms of this Agreement) and other information furnished to you or your Representatives (as defined below) by the Company or any of its Representatives in connection with the Transaction, irrespective of form or medium of communication, whether prepared by the Company, its Representatives or otherwise and whether furnished on or after the date of this Agreement, together with all tangible and intangible embodiments and copies thereof and together with any and all analyses, compilations, summaries, forecasts, studies or other materials prepared by you or your Representatives that contain, are based on or otherwise incorporate, in whole or part, such information.  3. Unless otherwise required by applicable law or legal process or stock exchange rule or regulation, but only after compliance with paragraph 6 below under the heading “Compelled Disclosure,” neither the Company nor its Representatives will, without your prior written consent, disclose to any other person that investigations, discussions or negotiations have taken or may take place concerning a possible Transaction, or any of the terms, conditions or other facts with respect to any such possible Transaction, including, without limitation, the status thereof, the existence and terms of this Agreement and the fact that the Evaluation Material has been made available to you.  4. Unless otherwise required by applicable law or legal process or stock exchange rule or regulation, but only after compliance with paragraph 6 below under the heading “Compelled Disclosure,” neither you nor your Representatives will, without the Company’s prior written consent, disclose to any other person either the fact that the Company or its affiliates may pursue a Transaction with you or anyone else, that investigations, discussions or negotiations have taken or may take place concerning a possible Transaction, or any of the terms, conditions or other facts with respect to any such possible Transaction, including, without limitation, the status thereof, the existence and terms of this Agreement and the fact that the Evaluation Material has been made available to you.  ",1020416_0001193125-16-701566_d250247dex99d2.htm,test
99,No,"Without granting any right or license, the Disclosing Party agrees that the foregoing clauses  (a),  (b) and  (c) shall not apply with respect to any information that  (iv) was or is independently developed without use of any Proprietary Information of the Disclosing Party.  ",1062478_0001193125-14-442753_d838170dex3.htm,test
100,No,"If Confidential Information is transmitted orally, the Disclosing Party shall promptly provide writing indicating that such oral communication constituted Confidential Information. ",Basic-Non-Disclosure-Agreement.pdf,test
101,No,2 Recipient shall hold the Confidential Information in strict confidence and shall take all reasonable and prudent precautions to prevent the Confidential Information from reaching third parties.  ,NDA_V3.pdf,test
102,No,"You will not use any of the Evaluation Materials for any purpose other than the exclusive purpose of evaluating a Possible Transaction.  Without limiting the generality of the foregoing, in the event that a Possible Transaction is not consummated, neither you nor your representatives shall use any of the Evaluation Materials for any purpose.  Accordingly, unless required by applicable law or regulatory authority, you agree that prior to the closing of a Possible Transaction, without the prior written consent of the Company, you will not, and you will direct your representatives not to, disclose to any person (including, but not limited to, any customer, employee, supplier, creditor or competitor of the Company) the fact that discussions or negotiations are taking place concerning a possible transaction between you and the Company or any of the terms, conditions or other facts with respect to any such Possible Transaction, including the status thereof, nor will you or any of your representatives make inquiry about the Company’s business to any customer, employee, supplier, creditor or competitor of the Company.  You also agree not to discuss with or offer to any third party an equity participation in a Possible Transaction or any other form of joint acquisition by you and such third parry without the prior written consent of the Company. ",814457_0000950137-04-009790_c89545exv99wxdyx6y.htm,test
103,No,"The confidential, proprietary and made secret information of the disclosing party (""Confidential Information"") to be disclosed hereunder is that information which  (i) is described in the Confidential Information Transmittal Record (""CITR"") executed from time to time hereafter and  (ii) is marked with a ""confidential"", ""proprietary"", or similar legend. Any copies which are made will be identified as belonging to the disclosing party and marked ""confidential"", ""proprietary"", or with a similar legend. ",934545_0000891618-99-004640_document_2.txt,test
104,No,"(b) Receiving Party may disclose Confidential Information of Disclosing Party in accordance with a judicial or other governmental order, provided that Receiving Party either  (i) gives the undersigned Disclosing Party reasonable notice prior to such disclosure to allow Disclosing Party a reasonable opportunity to seek a protective order or equivalent, or  ",1125892_0000950133-00-004441_w41075a1ex10-7.txt,test
105,No,"1. As used in this Agreement the term ""Proprietary Information"" shall mean any information or data disclosed by any Party to the other, pursuant to this Agreement, either in writing or orally, subject to the conditions set forth hereafter, and including without limitation any written or printed documents (plans, drawings, photographs, etc…), samples prototypes, models, technology, know-how, specifications, software, commercial or financial information or any means of disclosing such Proprietary Information that each Party may elect to use during the life of this Agreement. ",Clause-de-non-divulgation.pdf,test
106,No,"8.1.2. Clause 8.1 shall not apply to Confidential Information which  i) must be stored by Recipient according to provisions of mandatory law or  ii) was made as a matter of routine backup provided that such Confidential Information and copies thereof shall be subject to an indefinite confidential obligation according to the terms and conditions set forth herein until returned and/or destroyed, as the case may be. 9. OTHER PROVISIONS ",59b1148ff6952b0001bdbedc_20170907_non%20disclosure%20agreement_expert.pdf,test
107,No,"Accordingly, the Recipient hereby agrees that the Confidential Information will be used solely for the Permitted Purpose and not any other purpose. ",Confidentiality%20Agreement.pdf,test
108,No,"The Receiving Party shall immediately return to the Disclosing Party all written Confidential Information of the Disclosing Party and any and all records, notes and other written, printed or tangible materials pertaining to such Confidential Information upon receipt of a written request from the Disclosing Party.  At the same time, the Receiving Party shall delete all copies of such records, notes and materials which are stored on its electronic memory devices. ",MUTUAL_NDA.pdf,test
109,No,"Borrower shall not be required to keep the Information confidential to the extent that the Information  (c) is independently learned, obtained or developed by Borrower without violating the terms of this Agreement. ",Agency-Lending-Disclosure_A-Z-Guide_Appendix_Sample-Confidentiality-Agreements.pdf,test
110,No,"(a) All information that is furnished directly or indirectly by the Disclosing Party or any of its Representatives (as defined below), whether or not marked as confidential and whether furnished before or after the date hereof, whether in oral, written or electronic form, together with any notes, reports, summaries, analyses, compilations, forecasts, studies, interpretations, memoranda or other materials prepared by the Receiving Party or any of its Representatives that contain, references to or are based upon, in whole or in part, any information so furnished to the Receiving Party or any of its Representatives pursuant hereto (such notes, reports, summaries, analyses, compilations, forecasts, studies, interpretations, memoranda or other materials are referred to herein as “Derivative Materials”), is referred to herein as “Proprietary Information”.  ",915191_0001047469-17-003155_a2231967zex-99_8.htm,test
111,No,"3. Notwithstanding any other provisions of the Agreement, each party acknowledges that Confidential Information shall not include any information which: e. is required to be disclosed by law, provided however that the Receiving Party shall give immediate notice of any such request for disclosure and cooperate with the Disclosing Party in its efforts to obtain a protective order or other protection from the requirement or consequences of disclosure. ",UALR-Standard-Non-disclosure-AgreementTemplate.pdf,test
112,No,"Any Confidential Information that is not returned or destroyed, including without limitation any oral Confidential Information, shall remain subject to the confidentiality obligations set forth in this Exhibit B. ",1043003_0000950170-98-000097_document_12.txt,test
113,No,"Each party agrees that, for a period of 5 years from receipt of information from the other party hereunder, such party shall use the same means it uses to protect its own confidential and proprietary information to prevent the disclosure and to protect the confidentiality of both: i) written information received from the other party which is marked or identified as ""confidential""; and ii) oral or visual information identified as confidential at the time of disclosure which is reduced to written form and provided to the other in such written form promptly after such oral or visual disclosure, ",nda_9.pdf,test
114,No,5. All confidential information remains the property of the disclosing contract party. ,Confidentiality_Agreement_1.pdf,test
115,No,"3.1. In consideration of the Disclosing Party disclosing Confidential Information to the Receiving Party, the Receiving Party undertakes that it shall: a) keep the Confidential Information secret and confidential, using at least the same degree of care as its uses to protect its own confidential information but no less than a reasonable degree of care; 10.2. The rights and obligations contained in this Agreement shall continue in full force and effect for [two (2)] years after expiration of the Term or termination of this Agreement. ",5-NSK-Confidentiality-Agreement-for-Suppliers.pdf,test
116,No,"1. “Confidential Information” shall mean the Purpose (including the contemplated transaction), identity of, and any discussions or negotiations between, the Parties, existence of this Agreement, and any and all information whether in oral, written, graphic or electronic form, including but not limited to, data, know-how and any and all subject matter (whether patentable or not, including without limitation any derivatives thereof) pertaining to Verenium’s research, financial data, sales information, inventions, development, materials, technology, trade secrets, work in process, marketing, business plans, regulatory information and strategies, scientific, engineering and/or manufacturing processes or equipment, protocols, assays, strains, compounds, genes, gene pathways, enzymes, peptides, the commercial applications of genes, gene pathways, enzymes, peptides, accessing microbial diversity, manipulating and modifying genes and gene pathways, identifying bioactive compounds through recombinant techniques and any other elements of Verenium’s business which Verenium considers to be of value, including its present or future products, projections, sales, pricing, customers, employees, investors and contractual relationships. ",1049210_0001047469-13-009461_a2216846zex-99_d3.htm,test
117,No,"1. For purposes of this Agreement, “Confidential Information” means, with respect to either party, any and all information in written, representational, electronic, verbal or other form relating directly or indirectly to the present or potential business, operation or financial condition of or relating to the disclosing party (including, but not limited to, information identified as being proprietary and/or confidential or pertaining to, pricing, marketing plans or strategy, volumes, services rendered, customers and suppliers lists, financial or technical or service matters or data, employee/agent/ consultant/officer/director related personal or sensitive data and any information which might reasonably be presumed to be proprietary or confidential in nature) excluding any such information which  (i) is known to the public (through no act or omission of the receiving party in violation of this Agreement);  (ii) is lawfully acquired by the receiving party from an independent source having no obligation to maintain the confidentiality of such information;  ",1012887_0001193125-07-165503_dex99d6.htm,test
118,No,"In addition, except as permitted herein, Recipient shall not disclose the fact that the parties are exchanging Confidential Information and having discussions.  In connection therewith, it is agreed that no public release or disclosure of any contemplated transaction shall be made except by a mutually agreed disclosure except that each party may make such disclosure if advised by its outside securities counsel in writing that such disclosure is required; PROVIDED, HOWEVER, that in such event such party will notify the other party that it intends, as a preliminary matter, to take such action and the outside securities counsel of such party shall first discuss the mater with the outside securities counsel of the other party before any definitive decision is made on the disclosure. ",768384_0000912057-00-018619_document_8.txt,test
119,No,"The term ""Confidential Information"" does not include information that  (ii) is or becomes available to the receiving party from a source other than the delivering party or its Representatives, provided that such source is not known by the receiving party to be bound by an obligation of confidentiality to such delivering party or its Representatives; or  ",1010552_0000912057-01-520246_a2051644zex-99_20.htm,test
120,No,"If the Recipient is an employee of a federal or state agency, he/she must note that the Classified Information is not the property of the agency, and is not subject to Freedom of Information Act, Vermont’s Public Records Act , or similar statutes.  ",VELCO%20NDA%20rev0%20Dec%2014%202015.pdf,test
121,No,"Any disclosure of any Confidential Information to the Receiving Party made during the Initial Term shall continue to be subject to this Agreement for a period of 2 years thereafter, provided that any trade secret shall be entitled to protection for the life of the trade secret. 5.4 Notwithstanding anything in section 5.3, the Receiving Party shall not be obliged to return or destroy any derivative materials or reports prepared by the Receiving Party for the Permitted Purpose, which materials and reports shall nonetheless remain subject to the confidentiality obligations in this Agreement. ",CON-NDA-PTL-01-2012-v1%20Non-Disclosure%20Agreement%20and%20Checklist.pdf,test
122,No,"2.2 Confidential Information shall not include: iii) information which the Party can show was received from a third party who did not to the best knowledge of the Party receive the information, directly or indirectly, from the other Party under any obligation of confidentiality;  ",confidentiality_agreement.pdf,test
123,No,"VENDOR shall immediately notify UNIVERSITY in writing of any subpoena, court order, or other legal process seeking or purporting to compel disclosure of any of the Confidential Information and shall challenge, oppose, or appeal any such subpoena, order, or legal process to the extent deemed appropriate by UNIVERSITY.  In no event shall VENDOR voluntarily, without a court order, disclose or permit the disclosure of any of the Confidential Information in response to legal process unless and until VENDOR has given the required notice to UNIVERSITY and VENDOR has exhausted any and all legal remedies available to it to limit or prevent the disclosure. ",Confidentiality-and-Nondisclosure-Agreement-Template.pdf,test
124,No,"The Parties agree to use the Confidential Information solely in connection with the Transaction and not for any purpose other than as authorized by this Agreement without the prior written consent of an authorized representative of the Parties.  The Parties agree to ensure that all copyright products, such as source codes, system design data/architecture, and other proprietary information, disclosed during the engagement is protected from any misuse, alteration, modification, sharing, or transfer to any party without express permission of the Discloser.  Such data is provided for the sole use of the Parties, and limited for the use under this agreement. The Receiving Party agrees not to use the Confidential Information in any way, or to manufacture or test any product embodying Confidential Information, except for the purpose set forth above. ", 064-19 Non Disclosure Agreement 2019.pdf,test
125,No,"As used in this Agreement, the terms ""CompuCom's Confidential Information"" means proprietary or confidential information concerning the Business including, without limitation, information regarding prices charged for Products, the assets, liabilities, and financial condition of the Business, names and identities of customers and analyses of the amount and types of Products purchased by each such customer. As used in this Agreement, the terms ""Seller's Confidential Information"" means proprietary or confidential information and business secrets of Seller pertaining to its Services Business in-cluding, without limitation, information regarding prices charged for Services, copies of existing Services contracts to which Seller is a party (other than any such contracts provided to CompuCom pursuant to the provisions of the Asset Purchase Agreement) and analyses of the amount and types of Services purchased by customers. ",1021086_0000950162-99-000581_document_3.txt,test
126,No,"Title or the right to possess Confidential Information as between the parties will remain in the disclosing party. (b) Both parties understand and acknowledge that no license under any patent, copyright, trade secret, or other intellectual property right is granted to or conferred upon, either party in this Agreement or by the disclosure of any Confidential Information by one party to the other party as contemplated hereunder, either expressly, by implication, inducement, estoppel or otherwise, and that any license under such intellectual property rights must be express and in writing. ",934545_0000891618-99-004640_document_2.txt,test
127,No,"The Disclosers may (but are not obliged to) disclose during the term of this Agreement, and/or may have already disclosed, Confidential Information to the Recipient for the Purpose and, in consideration of the Disclosers disclosing any Confidential Information to the Recipient and the payment to the Recipient of £1 (one pound) the receipt of which is acknowledged by the Recipient), the Recipient undertakes to the Disclosers that it shall, and shall procure that its Authorised Persons shall: 2.1.2 not  Use any Confidential Information in any way except to the extent reasonably necessary for the Purpose, and not Use or benefit from any Confidential Information to procure any commercial advantage over the Disclosers; and ",NDA_Street_Stream_Franchise.pdf,test
128,No,"Without granting any right or license, the Disclosing Party agrees that the foregoing clauses  Nothing in this Agreement is intended to grant any rights under any patent or copyright of the Disclosing Party, nor shall this Agreement grant the Receiving Party any rights in or to the Disclosing Party's Proprietary Information, except the limited right to review such Proprietary Information solely for the purpose of evaluating a possible business transaction. ",1002276_0001036050-99-002047_document_13.txt,test
129,No,"This Section shall survive termination of this Agreement. In the event of termination of this Agreement, all obligations of confidentiality shall survive and continue to bind Recipient in accordance with their terms. ",1042282_0000893220-02-000791_e61414toexv99wxdywx1y.txt,test
130,No,"The term “Evaluation Materials” includes information furnished to you orally or in writing (whatever the form or storage medium) or gathered by inspection, and regardless of whether such information is specifically identified as “confidential”.  ",814457_0000950137-04-009790_c89545exv99wxdyx6y.htm,test
131,No,"8. If either party becomes legally obligated, or receives a subpoena or other legal demand, to disclose any of the other party's Conﬁdential Information, the party subject to the obligation shall notify the other party in writing immediately, shall cooperate with the other party in seeking a prospective order or other appropriate remedy, and shall use its reasonable best eﬀorts to protect the conﬁdential and proprietary status of any disclosed Conﬁdential Information. ",Non-Disclosure-Agreement-NDA.pdf,test
132,No,"7. Confidential Information shall not include information which is: d. If the Receiving Party receives a court order to disclose Confidential Information.  In this case Receiving Party shall  (i) promptly notify the Disclosing Party in order to allow the latter to act and avoid such disclosure, and  ",non-disclosure-agreement-en.pdf,test
133,No,"List Fusion understands and agrees that the List is a very valuable asset of Raphael and at all times the exclusive property of Raphael. Nothing contained in this Agreement shall, by express grant, implication, estoppel or otherwise, create in either party any right, title, interest or license in or to the inventions, patents, technical data, computer software or software documentation of the other party. ",1367408_0001367408-06-000002_risb2ex106.htm,test
134,No,"All disclosures of Confidential Information (whether written or oral) by Party One and Party Two shall  (a) remain in confidence for a period of three (3) years from the date of disclosure, except that any trade secrets or information with respect to Party  One products or research and development will remain in confidence in perpetuity;  ",NDAMutualTemplateClientFill.pdf,test
135,No,"The obligations accruing prior to termination as set forth herein, shall, however, survive the termination of this Agreement for a period of two years. ",ADVANIDE-NON-DISCLOSURE-AGREEMENT.pdf,test
136,No,"8. All information (either Confidential Information or not) furnished under this Agreement shall remain the property of the Disclosing Party and shall be returned to it or destroyed promptly at its request (together with all relevant copies, extracts, plans, schematics or other reproductions).  ",non-disclosure-agreement-en.pdf,test
137,No,"Once confidential information or data obtained hereunder is no longer useful for the purposes described herein, Authorized Person agrees to immediately destroy all such confidential information or data maintained on any information system platform or any form of storage media subject to any schedule of retention established by the Kansas Records Board, in the following manner: ",Confidentiality_and_Non-Disclosure_Agreement_Rev_10-20-16.pdf,test
138,No,"7.3.1. The obligations of confidentiality, non-disclosure and non-use set forth in this Confidentiality Agreement shall survive the termination or expiration of this Confidentiality Agreement  ",59b1148ff6952b0001bdbedc_20170907_non%20disclosure%20agreement_expert.pdf,test
139,No,"a. The receiving party shall protect all of the disclosing party's Proprietary Information as confidential information and, except with the prior written consent of the disclosing party or as otherwise specifically provided herein, shall.  not disclose, copy or distribute such Proprietary Information to any other individual, corporation or entity for a period of three (3) years from the date of disclosure. ",1138169_0001050234-02-000002_ex10h.txt,test
140,No,"The Receiving Party shall not be subject to the obligations of this Agreement with respect to Material which: d. is independently developed by an employee, agent, or consultant of the Receiving Party with no knowledge of disclosure hereunder; ","IMOA%20Molybdenum%20Consortium%20NDA%20Agreement%20amended%20Jan%2008,%20valid%20March%2009%20onwards.pdf",test
141,No,"4. Recipient may use the Confidential Information solely for evaluation purposes in connection with Recipient business discussions with Discloser.  6. Freedom of Use. Notwithstanding anything to the contrary, Recipient shall be free to use for any purposes the Residuals resulting from access to or work with Discloser's Confidential Information.  However, the foregoing does not give Recipient the right to disclose (except as set forth in Section 3) the financial, statistical, or personnel information or the business plans of Discloser, and the foregoing shall not be deemed to grant to either party a license under the other party's copyright or patents.  The term ""Residuals"" means information which may be retained in non-tangible form by person who have had access to the Confidential Information, including without limitation general ideas, concepts, know-how or techniques contained therein.  Recipient certifies that the Confidential Information will only be used for the purposes expressly stated herein and will not be rented, leased, sold, sublicensed, assigned, or otherwise transferred.  ",1042282_0000893220-02-000791_e61414toexv99wxdywx1y.txt,test
142,No,"At any time upon the request of a Provider for any reason, a Recipient will, and will direct its Representatives to, promptly, but not later than 10 business days, after receipt of such notice or request, destroy or return (at Recipient’s option) all Evaluation Material and all documents that incorporate Evaluation Material, and no copy or extract thereof (including electronic copies) shall be retained, except that Recipient and its Representatives may retain one copy to be kept confidential and used solely for archival, legal, and compliance purposes.  ",1316898_0001047469-18-005618_a2236490zex-99_d2.htm,test
143,No,"1. The confidential, proprietary and trade secret information of the Disclosing Party (hereinafter ""Confidential Information"") provided hereunder is any and all information, in whatever form (including electronic data) that will be disclosed to facilitate the potential transaction of business (related to the provision of SAP Services to HRM) between the Parties, including, but not limited to, portions or parts of the November 1, 2012 Agreement (including any schedules or appendices) between the Province of Nova Scotia and IBM, each Party's disclosure of intellectual property, techniques, sketches, drawings, models, inventions, know-how, processes, apparatus, equipment, algorithms, software programs, software source documents, and formulae related to the current, future and proposed products, documents and services, research, experimental work, development, design details and specifications, engineering, financial information, procurement requirements, purchasing, manufacturing, licensing, sales or service customer lists, business forecasts, sales and merchandizing, and marketing plans and information.  ",130806ca141.pdf,test
144,No,Receiving Party shall hold and maintain the Sensitive Information in strictest confidence for the sole and exclusive benefit of the Disclosing Party.  ,non-disclosure-agreement-template.pdf,test
145,No,"2. The term Confidential Information shall not include information, which is: (d) independently developed by employees, agents or consultants of the Receiving Party; or ",130806ca141.pdf,test
146,No,"This agreement does not grant any implied intellectual property licenses to confidential information, except as stated above.  ",BCG-Mutual-NDA.pdf,test
147,No,"The Confidential Information shall not include information that the Receiving Party can demonstrate  (c) has been independently developed by the Receiving Party without reference to, or the use of, any Confidential Information or  ",912263_0001047469-12-006662_a2209873zex-99_d2.htm,test
148,No,"All Confidential Information (including all copies thereof) shall remain the property of Discloser.  All copies shall bear all proprietary markings contained on or in the originals.  No rights or licenses to trademarks, inventions, copyrights, patents or any other intellectual property rights are implied or granted under this Agreement.  ",1011344_0001193125-08-097987_dex99d5.htm,test
149,No,"The Receiving Party acknowledges that the technical specifications as well as all documents to be disclosed are not subject to appropriation, remain the property of Disclosing Party or any third party, as applicable. No license or right under any intellectual property right is granted by the mere transmittal of Confidential Information to the Receiving Party, nor shall such a transmission constitute any representation or warranty by the Disclosing Party with respect to infringement of intellectual property rights of third parties. 8. All information (either Confidential Information or not) furnished under this Agreement shall remain the property of the Disclosing Party and shall be returned to it or destroyed promptly at its request (together with all relevant copies, extracts, plans, schematics or other reproductions).  10. Neither the execution of this Agreement nor the furnishing of any information under this Agreement shall be construed as granting any Party or any of its representatives, either expressly or by implication, any license or right to use any Confidential Information for its own benefit or the benefit of any other person, firm or entity, and each party expressly agrees not to so use any such information.  Nothing contained in this Agreement shall be construed as conferring any rights, by license or otherwise, to any invention, discovery, or improvement made, conceived or acquired prior to, during or after the date of this Agreement. ",non-disclosure-agreement-en.pdf,test
150,No,"If Recipient is requested, ordered or required by a regulatory agency or any other government authority or a court to disclose any Confidential Information, Recipient shall promptly notify Disclosing Party of such request, order or requirement so that Disclosing Party may have the opportunity to contest the disclosure, including seeking a protective order, or waive Recipient’s compliance with this Agreement.  ",01_Bosch-Automotive-Service-Solutions-Mutual-Non-Disclosure-Agreement-7-12-17.pdf,test
151,No,5. Receiving Party shall have no obligations under this Agreement with respect to Confidential Information if it can demonstrate that the information:  (e) is disclosed to the receiving party by a third party without obligation;  ,casino-nondisclosure-agmt.pdf,test
152,No,ANUBIS agrees  (2) not to use the Confidential Information disclosed pursuant to this agreement for any purpose other than (to the extent necessary) to further the sale of and promotion of Products and  5.4 Each party agrees  (iii) not to use any Confidential Information for any purpose except for the Business Purpose.  ,1073090_0001356564-06-000012_sorell10ksbamend2x102.txt,test
153,No,"The term “Evaluation Materials” does not include information which, you establish through written documentation,  (ii) was or becomes available to you on a non-confidential basis from a source other than the Company or its representatives, provided that such source is not prohibited from disclosing such information to you by a contractual, legal or fiduciary obligation to the Company or its representatives, or  ",814457_0000950137-04-009790_c89545exv99wxdyx6y.htm,test
154,No,"Notwithstanding the above, the party to whom Confidential Information was disclosed (the ""RECIPIENT"") shall not be in violation of this Section 3 with regard to a disclosure that was in response to a valid order by a court or other governmental body, provided that the Recipient provides the other party with prior written notice of such disclosure in order to permit the other party to seek confidential treatment of such information.  ",1011671_0000936392-99-000246_document_46.txt,test
155,No,"2.1. Either party agrees that it shall ensure that it and its associated companies and their respective officers and employees shall keep confidential, both during and after the duration of the agreement, all information which: And undertakes not to disclose any of such information to any third party without the prior written permission of the other party except as required by any applicable law or government regulation, and provided that each party may disclose the agreement on a confidential basis to its public accountants, attorneys and financial advisors and/or funders.  ",NDA_ResConnect.pdf,test
156,No,"6. The Recipient will, on request from the Discloser, return all copies and records of the Confidential Information to the Discloser and will not retain any copies or records of the Confidential Information. ",118.3-Non-disclosure-agreement.pdf,test
157,No,"Recipient may retain one archival copy of such Confidential Information for the sole purpose of establishing the extent of the disclosure of such Confidential Information, provided that such information is not used by Recipient for any other purpose and is subject to the confidentiality requirements set out in this Agreement. ",Template-NDA-2-way-final-1.pdf,test
158,No,"Subject to Section 5, each Party agrees that, without the prior written consent of the other Party, such Party will not, and will cause its Representative not to, disclose to any other Person  (i) that Evaluation Material has been exchanged between the Parties,  (ii) that discussions or negotiations are taking place between the Parties concerning a Possible Transaction or any other transaction between the Parties or  (iii) any of the terms, conditions or other facts with respect thereto (including the status thereof) ; provided, however, that nothing contained herein shall be deemed to inhibit, impair or restrict the ability of Recipient or its Representatives from having discussions or negotiations with other persons relating to potential financing in connection with the Possible Transaction so long as each of such Persons agrees in writing to be bound by the terms of this Agreement applicable to Representatives. ",1316898_0001047469-18-005618_a2236490zex-99_d2.htm,test
159,No,"The following types of information, however marked, are not confidential information.  Information that:  Is independently developed; or ",BCG-Mutual-NDA.pdf,test
160,No,"9.1 All Confidential Information provided by the Disclosing Party remains its property and the Receiving Party obtains no right of any kind to any Confidential Information provided to it. This Agreement is not intended to and does not grant, expressly or by implication, any right or license to any permit, patent, trademark, copyright, trade secret, improvement, or any other intellectual property right or similar proprietary right of any kind that the other Party may possess. ",CON-NDA-PTL-01-2012-v1%20Non-Disclosure%20Agreement%20and%20Checklist.pdf,test
161,No,"Notwithstanding such delivery or destruction of the Evaluation Material, you agree that you and your Representatives will continue to be bound by your obligations under this Agreement.  Notwithstanding the foregoing,  (i) you and your Representatives will not be required to delete, erase or destroy any Evaluation Material contained in an archived computer backup system stored as a result of automated back-up procedures (it being agreed that you and your Representatives will not access such archived computer files containing any such Evaluation Material after such delivery or destruction is otherwise required) and  (ii) you and/or your Representatives may retain one copy of the Evaluation Material (and may only access any such Evaluation Material) to the extent and for so long as such retention and access by you or such Representative, as applicable, is required by law or regulation; provided, however, that in the case of each of clauses  (i) and  (ii) of this sentence, notwithstanding any other provision of this Agreement, you and your applicable Representatives will continue to be bound by the terms of this Agreement as if it were in full force and effect with respect to any such Evaluation Material for so long as you or your applicable Representatives retain any such Evaluation Material. 16. Except as otherwise provided herein, the obligations of the parties under this Agreement will terminate eighteen (18) months from the date hereof, provided that such termination will not relieve any party from its responsibilities in respect of any breach of this Agreement prior to such termination. ",1020416_0001193125-16-701566_d250247dex99d2.htm,test
162,No,"The Confidential Information must not be copied, reproduced, distributed, stored digitally or by other means, or passed to others at any time other than in accordance with this Confidentiality Agreement or with the prior written consent of Transnet. ",BT_NDA.pdf,test
163,No,"(ii) ""Information"" means all oral, written, or other information whatsoever, including information in documents and other recording media and information embodied in any item, which in connection with the Matter, is  ",65781_0000950123-00-009565_y41542ex99-d_3.txt,test
164,No,"4.1. Notwithstanding clause 3.1 of this Agreement, the Receiving Party may disclose the Confidential Information: b) as may be required by an order of any court of competent jurisdiction or governmental body in which case the Receiving Party shall, to the extent permitted by law, use reasonable endeavours to provide the Disclosing Party with prompt written notice of any such requirement prior to any disclosure so that the Disclosing Party may seek a protection order or other appropriate remedy.  ",5-NSK-Confidentiality-Agreement-for-Suppliers.pdf,test
165,No,"For purposes of this Agreement, ""Confidential Information"" means any data or information that is proprietary to the Parties and not generally known to the public, whether in tangible or intangible form, whenever and however disclosed, including but not limited to: ", 064-19 Non Disclosure Agreement 2019.pdf,test
166,No,"In consideration of the mutual disclosure of Confidential Information the Recipient Party undertakes:- (b) to use or apply the Confidential Information of the Disclosing Party solely for the Purpose and so as to determine whether or not and on what terms the Parties might wish to proceed; (c) not to use, copy, adapt, alter, disclose or part with possession of or apply the Confidential Information of the Disclosing Party for any other purpose or its own purposes other than as described in paragraph  ",Aspiegel_NDA_template.pdf,test
167,No,"Upon completion of the Business Purpose and/or upon written request of the party providing the Information, the other party shall within 14 days return all copies of the Information to the providing party or certify in writing that all copies of the Information have been destroyed.  ",nda_9.pdf,test
168,No,"The obligations imposed by Section 2 hereof shall not apply, or shall cease to apply, to any Confidential Information if or when, but only to the extent that, such Confidential Information: d. is independently developed by the Receiving Party, as evidenced by the written records thereof. ",916457_0000916457-14-000028_exhibit104-confidentiality.htm,test
169,No,All disclosures of Confidential Information (whether written or oral) by Party One and Party Two shall  (c) be reproduced or used by Party Two only to the extent necessary to fulfill it’s obligations hereunder.  ,NDAMutualTemplateClientFill.pdf,test
