index,text,answer,document_name,split
0,Columbia shall have the right to terminate this Agreement upon [***] notice to Fleet in the event:<omitted>(ii) a Change of Control Event with respect to Fleet occurs;,Yes,"Columbia Laboratories, (Bermuda) Ltd. - AMEND NO. 2 TO MANUFACTURING AND SUPPLY AGREEMENT.PDF",train
1,"In addition, notwithstanding the foregoing, Monsanto, or a subsequent successor, may assign the licenses for the Additional Roundup Products Trademarks upon a Change of Control with respect to Monsanto or a Roundup Sale, provided that Monsanto has provided the Agent with prior written notice of, and has obtained the Agent's prior written consent to, such assignment, which consent shall not be unreasonably withheld.",Yes,Monsanto Company - SECOND A&R EXCLUSIVE AGENCY AND MARKETING AGREEMENT .PDF,train
2,"Subject to requirements of applicable law, FCE will provide notice to ExxonMobil prior to, or promptly after, it becomes aware of any such Change in Control, and if prior notice is prohibited by applicable Law, as soon as practicable or after such notice is no longer prohibited, but in no event later than one (1) business day after any public announcement with respect to any such asset transfer or Change in Control.",Yes,FuelcellEnergyInc_20191106_8-K_EX-10.1_11868007_EX-10.1_Development Agreement.pdf,train
3,"WEBMD'S AGGREGATE LIABILITY FOR ALL DAMAGES, LOSSES AND CAUSES OF ACTION IN ANY WAY RELATED TO THIS AGREEMENT OR THE CONTENT, WHETHER IN CONTRACT, TORT (INCLUDING NEGLIGENCE) OR OTHERWISE, EITHER JOINTLY OR SEVERALLY, SHALL NOT EXCEED FIFTY DOLLARS ($50).",No,WebmdHealthCorp_20050908_S-1A_EX-10.7_1027007_EX-10.7_Content License Agreement.pdf,train
4,"In addition, TPC agrees that Consolidated Artists shall be entitled to the Retainer Fee prorated to the effective date of termination as well any Tournament Bonuses, Money List Bonuses and any Royalty Compensation earned by Consolidated Artists prior to the effective date of termination.",No,TEARDROPGOLFCO_10_23_1996-EX-10.12-ENDORSEMENT AGREEMENT.PDF,train
5,Effective Date shall be the date of the last signature on the last page of this Agreement.,No,NlsPharmaceuticsLtd_20200228_F-1_EX-10.14_12029046_EX-10.14_Development Agreement.pdf,train
0,"Licensor may terminate this Agreement:<omitted>(2) Upon thirty (30) days prior written notice if Licensee enters into an agreement or other arrangement relating to the merger of Licensee with another entity, the acquisition of the majority of Licensee's issued and outstanding capital stock or the acquisition of substantially all of the assets of Licensee.",Yes,NEONSYSTEMSINC_03_01_1999-EX-10.5-DISTRIBUTOR AGREEMENT_New.pdf,test
1,"In the event of any material change in the organization, ownership, management or control of the business of the Agent, the Company may, at its option, terminate this Agreement upon giving written notice of termination to the Agent.",Yes,BIOPURECORP_06_30_1999-EX-10.13-AGENCY AGREEMENT.PDF,test
2,"For the purposes of this Agreement, any change of control, merger, consolidation, or acquisition of all or substantially all of the assets of Network Affiliate (collectively, a ""Change of Control"") shall be deemed an assignment.",Yes,DigitalCinemaDestinationsCorp_20111220_S-1_EX-10.10_7346719_EX-10.10_Affiliate Agreement.pdf,test
3,"A change of control shall be deemed an assignment requiring consent hereunder provided that any transfer or assignment that results in Seller's and Buyer's current common parent, Reynolds Group Holdings Limited, ceasing to control either party shall not require consent of the other party.",Yes,ReynoldsConsumerProductsInc_20191115_S-1_EX-10.18_11896469_EX-10.18_Supply Agreement.pdf,test
4,"In the event that the Agreement is terminated pursuant to Section 16.a.v due to e-centives' acquisition by an Excite@Home Named Competitor, or by an entity controlling or controlled by an Excite@Home Named Competitor, e-centives shall transfer all of its right, title and interest in and to the Payment-Eligible User Data to Excite.",Yes,InvendaCorp_20000828_S-1A_EX-10.2_2588206_EX-10.2_Co-Branding Agreement.pdf,test
5,"No transfer of this Agreement by operation of law or change in Control of a party, including, without limitation, by merger, consolidation or sale or other transfer of equity interests, shall be considered an assignment for purposes of this Section 11.9.",Yes,VERTICALNETINC_04_01_2002-EX-10.19-MAINTENANCE AND SUPPORT AGREEMENT.PDF,test
6,"For purposes of this Section 4.4, a ""Change of Control"" shall mean any transaction or series of related transactions that results in (including by way of merger or consolidation), or that is in connection with, the Village Media Company no longer being controlled (as defined in Section 1.2) by or under common control (as defined in Section 1.2) with HOFV.",Yes,GpaqAcquisitionHoldingsInc_20200123_S-4A_EX-10.6_11951677_EX-10.6_License Agreement.pdf,test
7,"Upon any capital reorganization of the Company's capital stock (other than a subdivision, combination, reclassification or exchange of shares provided for elsewhere in this Section 2) or a merger or consolidation of the Company with or into another corporation, then as a part of such reorganization, merger or consolidation, provision shall be made so that the Holder shall thereafter be entitled to receive upon the exercise of this Warrant, the number and kind of securities and property of the Company, or of the successor corporation resulting from such reorganization, merger or consolidation, to which that Holder would have received for the Shares if this Warrant had been exercised immediately before such reorganization, merger or consolidation.",Yes,SLINGERBAGINC_05_27_2020-EX-10.7-CONSULTING AGREEMENT.PDF,test
8,"The following events shall constitute a default by Developer, which shall result in El Pollo Loco's right to declare the termination of this Agreement, if such default is not cured within thirty (30) days after written notice by Franchisor to Developer:<omitted>d. Any change, transfer or conveyance (""Transfer"") in the ownership of Developer, which Transfer has not been approved in advance by Franchisor.",Yes,ElPolloLocoHoldingsInc_20200306_10-K_EX-10.16_12041700_EX-10.16_Development Agreement.pdf,test
9,"To the extent permitted by law, in the event that a party becomes aware that it will or may undergo a Change of Control (""Affected Party"") within the following three (3) Months, the Affected Party will notify the other party without delay after it becomes so aware.",Yes,WestPharmaceuticalServicesInc_20200116_8-K_EX-10.1_11947529_EX-10.1_Supply Agreement.pdf,test
10,"In the event of the merger or consolidation of the Company with any other entity, Nantz Communications shall have the right to terminate the Agreement by so notifying the Company in writing on or before sixty (60) days<omitted>after Nantz Communications has received notice of such merger or consolidation if and only if, by virtue of such merger or consolidation Nantz Communications or Nantz would be in default under or violating any provisions of any agreement to which he or it is subject entered into prior to June 1, 1994.",Yes,"ASHWORTHINC_01_29_1999-EX-10.(D)-PROMOTION AGREEMENT AND NANTZ COMMUNICATIONS, INC..PDF",test
11,Either parties voting stock is transferred to any third party to such extent as to result in a change in effective control of the company or its ownership or active management is changed in any other manner.,Yes,AgapeAtpCorp_20191202_10-KA_EX-10.1_11911128_EX-10.1_Supply Agreement.pdf,test
12,"Principals must not, without our prior written consent, transfer, pledge, and/or otherwise encumber their interest in you.",Yes,"GOOSEHEADINSURANCE,INC_04_02_2018-EX-10.6-Franchise Agreement.PDF",test
13,You consent to our communication with any party we deem necessary about the Hotel in order for us to evaluate the proposed Change of Ownership Transfer.,Yes,"HOSPITALITYINVESTORSTRUST,INC_04_07_2014-EX-10.26-FRANCHISE AGREEMENT.PDF",test
14,Any change in the control of you shall be deemed a transfer for purposes of this Agreement.,Yes,SoupmanInc_20150814_8-K_EX-10.1_9230148_EX-10.1_Franchise Agreement1.pdf,test
15,"This Agreement and all rights and licenses granted under this Agreement shall terminate as soon as practicable, but no longer than thirty (30) days, after: 3.2.1 Licensee is acquired by a third party; or 3.2.2 Licensor or any affiliate of Licensor ceases to manage Licensee.",Yes,HertzGroupRealtyTrustInc_20190920_S-11A_EX-10.8_11816941_EX-10.8_Trademark License Agreement.pdf,test
16,"(v) By FSL/AFSL and TPH/TPH-A, if there is a change in the Control of the other and the acquiring/succeeding entity causing such change in the Control is an entity that may be reasonably believed to be objectionable to the Japanese Government and/or FSL including FSL's Affiliates in case of the termination by FSL/AFSL or the US Government and/or TPH in case of the termination by TPH/TPH-A, termination to be effective upon thirty (30) days' notice of termination.",Yes,"TRANSPHORM,INC_02_14_2020-EX-10.12(1)-JOINT VENTURE AGREEMENT.PDF",test
17,"If DIALOG is acquired by a third party, DIALOG's acquirer will have the right, for a period of [***] following closing of such acquisition, to terminate this Agreement upon written notice to ENERGOUS.",Yes,ENERGOUSCORP_03_16_2017-EX-10.24-STRATEGIC ALLIANCE AGREEMENT.PDF,test
18,"Except as set forth in this Section 11.8 or Section 2.3, and except for a Change of Control under Section 10.4(b)(7) that does not provide Monsanto termination rights under this Agreement, neither this Agreement nor any of the rights, interests, or obligations hereunder shall be transferred, delegated, or assigned by a party (by operation of law or otherwise) without the prior written consent of the other party.",Yes,Monsanto Company - SECOND A&R EXCLUSIVE AGENCY AND MARKETING AGREEMENT .PDF,test
19,"To exercise its right to make the Change of Control Buy-Out Payment, PB or its successor shall provide written notice to SFJ (the ""Change of Control Buy-Out Notice"") no later than [***] after the date of closing of such Change of Control, which written notice shall set forth the amount of the applicable Change of<omitted>Control Buy-Out Payment, the proposed date of closing of the buy-out (which shall occur within [***] after the date of closing of such Change of Control), and the calculation of the Change of Control Buy-Out Payment in reasonable detail based upon the proposed closing date of the buy-out.",Yes,PhasebioPharmaceuticalsInc_20200330_10-K_EX-10.21_12086810_EX-10.21_Development Agreement.pdf,test
20,"Skunkware further agrees that, so long as the Option shall be in existence (whether or not exercisable), it shall be and remain the sole Stockholder Licensor, and Licensor shall not issue to any other person or entity any stock, warrants or similar rights to acquire equity interests in Licensor.",Yes,NEONSYSTEMSINC_03_01_1999-EX-10.5-DISTRIBUTOR AGREEMENT_Amendment.pdf,test
21,This Agreement may be terminated by either Party upon six (6) months written notice following a Change of Control of Exact; provided that such notice is given within thirty (30) days of the consummation of such Change of Control.,Yes,ExactSciencesCorp_20180822_8-K_EX-10.1_11331629_EX-10.1_Promotion Agreement.pdf,test
22,"[ * ] may terminate this Agreement immediately upon written notice if there is a Change of Control of [ * ]. In this Clause the term ""Control"" shall mean the possession by any person(s) directly or indirectly of the power to direct or cause the direction of another person and ""Change of Control"" is to be construed accordingly.",Yes,"WHITESMOKE,INC_11_08_2011-EX-10.26-PROMOTION AND DISTRIBUTION AGREEMENT.PDF",test
23,"If Franchisee desires to assign his rights under the Franchise to a new franchisee, Franchisee (Assignor of the Franchise), agrees to pay to Pretzel Time a transfer fee equal to the greater of SIX THOUSAND TWO HUNDRED FIFTY DOLLARS ($6,250.00) or the then current transfer fee being paid by franchisees upon the assignment, gift, bequeath or transfer of ownership of the Franchise to cover administrative costs and expenses.",Yes,MRSFIELDSORIGINALCOOKIESINC_01_29_1998-EX-10-FRANCHISE AGREEMENT.PDF,test
24,"In case of division or merger of Party B, this Agreement shall terminate, and the successor company (or other entity) to Party B's wireless value added business hereunder shall re-apply for business opening to Party A, and timely modify Party B's enterprise identifier code and other information existing on Party A's business system or other business management system.",Yes,IDREAMSKYTECHNOLOGYLTD_07_03_2014-EX-10.39-Cooperation Agreement on Mobile Game Business.PDF,test
25,The rights of Developer under this Agreement shall immediately cease and be terminated upon the sale or transfer of all or substantially all of the assets of Developer unless an assignment of such rights pursuant to such sale or transfer has been previously approved in writing by DSS.,Yes,HfEnterprisesInc_20191223_S-1_EX-10.22_11931299_EX-10.22_Development Agreement.pdf,test
26,"As used above, ""Change in Circumstances"" means any of the following: (i) any transaction, or series of transactions, that would result in the transfer of at least twenty-five percent (25%) of the equity interest in Buyer/Buyer Affiliates (or of at least twenty-five percent (25%) of the equity interest in any business entity that owns or controls, directly or indirectly, at least fifty percent (50%) of the equity interest in Buyer/Buyer Affiliates (""Buyer's Parent"")) to a single transferee or multiple transferees under common control; (ii) any transaction that would result in Buyer's /Buyer Affiliates' (or Buyer's Parent's) merging with one or more other entities; or (iii) any transaction not in the ordinary course of Buyer's/Buyer Affiliates (or Buyer's Parent's) business that calls for the sale, purchase or other transfer of one or more significant assets, including (without limitation) manufacturing facilities and ownership interests in other business entities.",Yes,WestPharmaceuticalServicesInc_20200116_8-K_EX-10.1_11947529_EX-10.1_Supply Agreement.pdf,test
27,"This JV Agreement cannot be assigned by a Party, also as a result of the transfer of a business as a going concern, of a merger, of a de-merger or of a spin-off, without the prior written consent of the other Party.",Yes,"KIROMICBIOPHARMA,INC_04_08_2020-EX-10.28-JOINT VENTURE AGREEMENT.PDF",test
28,"In the event that 8.2.1 one Party is in breach of its obligations hereunder and fails to cure such breach within ten (10) Business Days following the other Party's written notice thereof, then the non-breaching Party may terminate this Agreement; 8.2.2 one Party enters into a bankruptcy process, Party B's shareholder or equity structure changes (not including changes to Party B's shareholder or equity structure due to the Exclusive Call Option Agreement and Equity Pledge Agreement dated between Party B, Phoenix Online and other relevant parties), or one Party ceases its business operation, then the other Party may send a written notice of termination to such Party and this Agreement shall terminate as of the date on which such written notice is served to such Party",Yes,PhoenixNewMediaLtd_20110421_F-1_EX-10.17_6958322_EX-10.17_Content License Agreement.pdf,test
29,"Except with Smith's prior written approval, this Agreement may not be assigned by TDA: (i) in connection with a merger, a sale of all or substantially all of the assets of TDA or other similar corporate reorganization, or the sale of substantially all of TDA's rights to all of its Golf Instruction Related Products; or (ii) to<omitted>an affiliated, parent, subsidiary, related company (or in the case of the production of Advertising Materials to an advertising agency representing TDA) so as to effectuate the intent of this Agreement and the subject matter hereof, although TDA will continue to be liable for all financial obligations hereunder.",Yes,"HALITRON,INC_03_01_2005-EX-10.15-SPONSORSHIP AND DEVELOPMENT AGREEMENT.PDF",test
30,"For purposes of this Agreement, any merger, consolidation, or change of corporate structure following which there is a Change of Control of Kitov shall be considered as an assignment by Kitov, allowing Dexcel to terminate the Agreement as heretofore provided.",Yes,KitovPharmaLtd_20190326_20-F_EX-4.15_11584449_EX-4.15_Manufacturing Agreement.pdf,test
31,A Party may terminate the JSMA immediately upon the delivery of written notice to the other Party if there has been a Change in Control.,Yes,VertexEnergyInc_20200113_8-K_EX-10.1_11943624_EX-10.1_Marketing Agreement.pdf,test
32,"In the event of a change in control of a Party, the other Party shall have the right, upon written prior notice, to terminate this Agreement.",Yes,DYNAMEXINC_06_06_1996-EX-10.4-TRANSPORTATION SERVICES AGREEMENT.PDF,test
33,"If, following Location Acceptance of all Cell Sites, Vendor consummates any Change of Control of Vendor to any Restricted Entity without the prior written consent of AT&T, then AT&T shall have the right, in its sole<omitted>discretion, to (x) immediately terminate the Maintenance Addendum without further liability or obligation (other than payment of Maintenance Fees for Maintenance Services performed prior to the date of such termination), but not this Agreement or the obligation to make the Structured Payments herein; and/or (y) prepay all of the remaining Structured Payments at any time in one lump sum payment without penalty, liability or obligations (including any ""make- whole"" obligation or Close-Out Costs (as such term is defined in the Build Addendum)).",Yes,AtnInternationalInc_20191108_10-Q_EX-10.1_11878541_EX-10.1_Maintenance Agreement.pdf,test
34,"An ""Ownership Change Event"" means: (x) the acquisition of 50% or more of Boxlot's equity or voting interests; (y) a merger or consolidation of Boxlot; or (z) the sale, exchange or transfer of all or substantially all of Boxlot's assets related to the Service.",Yes,TheglobeComInc_19990503_S-1A_EX-10.20_5416126_EX-10.20_Co-Branding Agreement.pdf,test
35,Sanofi will have the option to either (A) terminate this Agreement in its entirety upon written notice to RevMed provided to RevMed within [***] of the effective date of such Change of Control; or (B) [***].,Yes,RevolutionMedicinesInc_20200117_S-1_EX-10.1_11948417_EX-10.1_Development Agreement.pdf,test
36,"Notwithstanding the foregoing, (a) either Party may, without the other Party's consent, assign this Agreement and its rights and obligations hereunder in whole or in part to an Affiliate; and (b) Dova may assign this Agreement to a successor in interest in connection with the sale or other transfer of all or substantially all of Dova's assets or rights relating to the Product; provided that such assignee shall remain subject to all of the terms and conditions hereof in all respects and shall assume all obligations of Dova hereunder whether accruing before or after such assignment.",Yes,DovaPharmaceuticalsInc_20181108_10-Q_EX-10.2_11414857_EX-10.2_Promotion Agreement.pdf,test
37,"COMPANY will pay JHU a fee equal one percent (1%) of the Aggregate Consideration received by the COMPANY, or the total amount received by stockholders of COMPANY, upon the occurrence of a Liquidity Event.",Yes,VirtuosoSurgicalInc_20191227_1-A_EX1A-6 MAT CTRCT_11933379_EX1A-6 MAT CTRCT_License Agreement.pdf,test
38,"[ * ] expected to experience, or [ * ] is experiencing, such Change of Control shall notify [ * ] in writing of this before or within [ * ] after the Change of Control.",Yes,"WHITESMOKE,INC_11_08_2011-EX-10.26-PROMOTION AND DISTRIBUTION AGREEMENT.PDF",test
39,"The BSP may after giving due consideration to all circumstances and not acting unreasonably, terminate this agreement by giving written notice to Datec if there is a change of control or major shareholding of Datec.",Yes,ELANDIAINTERNATIONALINC_04_25_2007-EX-10.21-Outsourcing Agreement.PDF,test
40,"In the event of a Change in Control involving MacroGenics, MacroGenics shall provide prompt written notice to Green Cross following such Change in Control, and Green Cross may, in its sole discretion, terminate this Agreement by providing written notice to MacroGenics within *** of Green Cross' receipt of such written notice of the Change in Control.",Yes,MACROGENICSINC_08_02_2013-EX-10-COLLABORATION AGREEMENT.PDF,test
41,"In the event of the death or incapacity of an individual franchisee, or any partner or shareholder of you which is a partnership or corporation, where the aforesaid provisions of Paragraph XVIII have not been fulfilled within the time provided, all rights licensed to you under this Agreement shall, at our option, terminate forthwith and we will have the option to purchase the assets of the Franchised Restaurant in accordance with Paragraph XVII.K. herein.",Yes,BUFFALOWILDWINGSINC_06_05_1998-EX-10.3-FRANCHISE AGREEMENT.PDF,test
42,"Without limiting ARTICLE VIII, the license granted to the SpinCo Group in Section 3.03(a) shall automatically terminate in the event (i) that any member of the SpinCo Group assigns, transfers, licenses or otherwise conveys any rights in or to the Honeywell Content to any third party or (ii) of (x) the sale of all or substantially all of the ownership interests<omitted>in, or the assets of, any member of the SpinCo Group in a single transaction or a series of related transactions to one or more third parties, (y) any direct or indirect acquisition, consolidation or merger of any member of the SpinCo Group by, with or into any third party or (z) any spin-off, public offering or other corporate reorganization or single transaction or series of related transactions in which direct or indirect control of any member of the SpinCo Group is transferred to one or more third parties, including by transferring an excess of fifty percent (50%) of such member of the SpinCo Group's voting power, shares or equity, through a merger, consolidation, tender offer or similar transaction to one or more third parties.",Yes,GarrettMotionInc_20181001_8-K_EX-2.4_11364532_EX-2.4_Intellectual Property Agreement.pdf,test
43,"In the event of a Change in Control involving Green Cross, Green Cross shall provide prompt written notice to MacroGenics following such Change in Control, and MacroGenics may, in its sole discretion, terminate this Agreement by providing written notice to Green Cross within *** of MacroGenics' receipt of such written notice of the Change in Control.",Yes,MACROGENICSINC_08_02_2013-EX-10-COLLABORATION AGREEMENT.PDF,test
44,"Within fifteen (15) Business Days after the merger, consolidation, succession or assignment, such Person will (i) execute an agreement to assume the Depositor's obligations under this Agreement and each Transaction Document to which the Depositor is a party (unless the assumption happens by operation of Law), (ii) deliver to the Issuer, the Owner Trustee and the Indenture Trustee an Officer's Certificate and an Opinion of Counsel each stating that the merger, consolidation, succession or assignment and the assumption agreement comply with this Section 5.3, (iii) deliver to the Issuer, the Owner Trustee and the Indenture Trustee an Opinion of Counsel stating that the security interest in favor of the Issuer in the Depositor Transferred Property and the Indenture Trustee in the Collateral is or will be perfected and (iv) notify the Rating Agencies of the merger, consolidation, succession or assignment.",Yes,VerizonAbsLlc_20200123_8-K_EX-10.4_11952335_EX-10.4_Service Agreement.pdf,test
45,"If there is a change in Control of the first party, the second party may, entirely at their own option and without thereby becoming liable for any costs or losses which the first party or its holding company or any company in which it may hold shares may suffer as a result terminate the Agreement by notice in writing to first party.",Yes,HEALTHGATEDATACORP_11_24_1999-EX-10.1-HOSTING AND MANAGEMENT AGREEMENT (1).pdf,test
46,"In the event that a majority of Application Provider's assets are merged, acquired or sold to an Excite@Home Named Competitor, or to an entity controlling or controlled by an Excite@Home Named Competitor, then Excite@Home may terminate this Agreement by providing thirty (30) days written notice.",Yes,InvendaCorp_20000828_S-1A_EX-10.2_2588206_EX-10.2_Co-Branding Agreement.pdf,test
47,"For purposes of this Agreement, ""Change in Control"" means a merger or consolidation of the party with, or any sale of all or substantially all of the assets of such party to, any other person, corporation or entity, unless as a result of such merger, consolidation or sale of assets the holders of such party's voting securities prior thereto hold at least fifty percent (50%) of the total voting power represented by the voting securities of the surviving or successor corporation after such transaction.",Yes,EdietsComInc_20001030_10QSB_EX-10.4_2606646_EX-10.4_Co-Branding Agreement.pdf,test
48,"If as a result of the Change of Control Event such party is merged into the Buyer (other than if the Buyer is formed or created for the purpose of the Change of Control Event) or another Person (other than if such Person is formed or created for the purpose of the Change of Control Event or if such Person is a then-<omitted>current Affiliate of such party) or otherwise does not remain a separate, independent legal entity (except if such party is merged into another Person, where such Person was formed or created for the purpose of the Change of Control Event or where such Person is a then-current Affiliate of such party), then (i) the license rights granted to such party under Article II shall be limited to the operation of the business and the products, systems, and services (including Smart Sensing Network Equipment and Public Safety LTE Smartphone Devices, as applicable) of such party existing as of the effective date of the Change of Control Event and Derivative Works and natural evolutions thereof (but, in all cases, with respect to such license rights, subject to Section 2.1(e) or Section 2.2(e), as applicable), and (ii) no rights or licenses granted to such party under Article II may be extended to the Buyer or any of its Affiliates existing immediately prior to the Change of Control Event in connection with any of its or their past, current, or future products, systems or services.",Yes,ZEBRATECHNOLOGIESCORP_04_16_2014-EX-10.1-INTELLECTUAL PROPERTY AGREEMENT.PDF,test
49,Harpoon (or its successor) shall provide AbbVie with written notice of any Change in Control of Harpoon or Acquisition by Harpoon within [***] following the closing date of such transaction.,Yes,HarpoonTherapeuticsInc_20200312_10-K_EX-10.18_12051356_EX-10.18_Development Agreement.PDF,test
50,"A Transfer shall also be deemed to include a merger or consolidation of Franchisee with any other entity, the issuance of additional securities representing, or convertible into, an Ownership Interest in Franchisee and any Transfer as a result of death (subject to this Section), divorce, insolvency, corporate or partnership dissolution proceedings or otherwise by operation of law.",Yes,MRSFIELDSORIGINALCOOKIESINC_01_29_1998-EX-10-FRANCHISE AGREEMENT.PDF,test
51,"Furthermore, Supplier shall notify Bank of America immediately In the event there is a change of control or material adverse change in Supplier's business or financial condition.",Yes,CardlyticsInc_20180112_S-1_EX-10.16_11002987_EX-10.16_Maintenance Agreement1.pdf,test
52,"Notice of Merger or Acquisition. Until the date that this Agreement terminates or is terminated in accordance with Section 15 hereof, ENERGOUS agrees that, [***].",Yes,ENERGOUSCORP_03_16_2017-EX-10.24-STRATEGIC ALLIANCE AGREEMENT.PDF,test
53,"The rights of Developer under this Agreement shall immediately cease and be terminated upon the sale or transfer of no less than a majority of, or a controlling interest in or over, the voting capital or ownership capital of Developer unless an assignment of such rights pursuant to such sale or transfer has been previously approved in writing by DSS.",Yes,HfEnterprisesInc_20191223_S-1_EX-10.22_11931299_EX-10.22_Development Agreement.pdf,test
54,"This Agreement and any rights or authority granted hereunder shall not be assigned or transferred by either Party, including by operation of law, merger or otherwise, without the express written consent of the other Party, provided that Licensor may assign this Agreement without consent to any of its Affiliates and Licensee may assign this Agreement without consent to SINA Leju or an Affiliate of Licensee that is controlled by SINA Leju.",Yes,ChinaRealEstateInformationCorp_20090929_F-1_EX-10.32_4771615_EX-10.32_Content License Agreement.pdf,test
55,"In the event of the merger or consolidation of Company with any other entity, Pey Dirt shall have the right to terminate the Contract Period by so notifying Company in writing on or before sixty (60) days after Pey Dirt has received notice of such merger or consolidation.",Yes,WARNINGMANAGEMENTSERVICESINC_12_10_1999-EX-10-ENDORSEMENT AGREEMENT.PDF,test
56,"Notwithstanding the provisions of Section 5.8, if, during the Term, (a) Harpoon or any of its Affiliates acquires, as the result of an Acquisition, rights to a Competing Product, such Acquisition, and the development, manufacture or commercialization of such Competing Product thereafter, shall not constitute a breach of Section 5.8 if Harpoon or such Affiliate, as applicable, [***]; or (b) Harpoon undergoes a Change in Control and the relevant acquirer is either then commercializing a Competing Product, or has in development any Competing Product, such Change in Control, and the commercialization (or development and subsequent commercialization, if such Competing Product receives Regulatory Approval) of such Competing Product by such relevant acquirer or any of its Affiliates, shall not constitute a breach of Section 5.8; provided that such (x) acquirer Segregates the Competing Product and (y) AbbVie shall have the right, in its sole and absolute discretion, by written notice delivered to Harpoon (or its successor) at any time during the [***] following the written notice contemplated by Section 13.2.1, to (i) terminate any or all provisions of this Agreement providing for any delivery by AbbVie to Harpoon of Confidential Information of AbbVie relating to activities contemplated by this Agreement, save only for (A) Article 6, (B) information regarding sublicenses pursuant to Section 5.3, (C) information regarding the prosecution, enforcement, defense, litigation, infringement and licensing of Patents pursuant to (1) Sections 7.2.1, 7.2.3, 7.3.1, 7.3.5, 7.4, and 7.5.2, (2) solely with respect to Joint Patents, Sections 7.2.2, 7.3.2, and 7.5.3, and (3) solely with respect to Joint Patents and Harpoon Patents, Sections 7.3.4 and 7.5.1, (D) notice of any license pursuant to Section 5.9.2, (E) safety data pursuant to Section 8.1, (F) proposed disclosures pursuant to Section 9.5, (G) communications under Section 11.4 and (H) notices pursuant to Sections 11.3 and 13.1; and (ii) disband the JGC and terminate its activities, in which case the provisions set forth in the last sentence of Section 2.3 shall apply.",Yes,HarpoonTherapeuticsInc_20200312_10-K_EX-10.18_12051356_EX-10.18_Development Agreement.PDF,test
57,"Any proposed Transfer that is not described in Subsection 13.2.1 or 13.2,2 is a Change of Ownership Transfer.",Yes,"HOSPITALITYINVESTORSTRUST,INC_04_07_2014-EX-10.26-FRANCHISE AGREEMENT.PDF",test
58,"In the event of a Change of Control of the Licensee, the Agreement may be terminated by Licensor with immediate effect without any compensation to Licensee or to any other parties.",Yes,NlsPharmaceuticsLtd_20200228_F-1_EX-10.14_12029046_EX-10.14_Development Agreement.pdf,test
59,"The provisions of Sections 1, 2, and 3 of this Agreement shall automatically terminate upon the occurrence of a Change of Control transaction (as defined below) involving the Company if the acquiring or counter-party to the Change of Control transaction has conditioned the closing of the transaction on the termination of such sections; provided, however, that the Company shall not directly or indirectly, propose, seek, encourage or otherwise influence such acquiring or counter-party to the Change of Control transaction to condition the closing of such transaction on the termination of Sections 1, 2, and 3 of this Agreement; and<omitted>(ii) For purposes of this Agreement, a ""Change of Control"" transaction shall be deemed to have taken place if (1) any person is or becomes a beneficial owner, directly or indirectly, of securities of the Company representing more than 50% of the equity interests and voting power of the Company's then outstanding equity securities or (2) the Company enters into a stock-for-stock transaction whereby immediately after the consummation of the transaction the Company's stockholders retain less than 50% of the equity interests and voting power of the surviving entity's then outstanding equity securities.",Yes,"MEETGROUP,INC_06_29_2017-EX-10.1-COOPERATION AGREEMENT.PDF",test
60,"In connection with any Change in Circumstances (as defined below), and without limiting Seller's other rights under this Agreement or applicable law, Seller shall have the right: (i) to terminate this Agreement and accelerate all amounts due from Buyer hereunder, making them immediately payable; (ii) to modify the payment terms hereunder; and/or (iii) to require Buyer to pay in advance for shipments hereunder.",Yes,WestPharmaceuticalServicesInc_20200116_8-K_EX-10.1_11947529_EX-10.1_Supply Agreement.pdf,test
61,"In the event a party undergoes a Change of Control Event as defined in Section 14.5, the other party may terminate the Agreement upon thirty (30) days written notice to the party undergoing the Change of Control.",Yes,BIOCEPTINC_08_19_2013-EX-10-COLLABORATION AGREEMENT.PDF,test
62,"If a Change in Control occurs with respect to Customer, Metavante agrees to continue to provide Services under this Agreement; provided that (a) Metavante's obligation to provide Services shall be limited to the Entities comprising the Customer prior to such Change in Control and (b) Metavante's obligation to provide Services shall be limited in any and all circumstances to the number of accounts processed in the three (3) -month period prior to such Change in Control occurring, plus twenty-five percent (25%).",Yes,OFGBANCORP_03_28_2007-EX-10.23-OUTSOURCING AGREEMENT.PDF,test
63,"SERVICERS may terminate this Agreement prior to its expiration for cause upon prior written notice to ISO as follows:<omitted>(l) Upon a Change of Control of ISO with one hundred eighty (180) days prior written notice to ISO, unless the SERVICERS had previously consented to such change in control.",Yes,"IPAYMENT,INC_05_14_2007-EX-10.1-SPONSORSHIP AGREEMENT.PDF",test
64,"As used above, ""Change of Control"" means any of the following: (i) any transaction, or series of transactions, that would result in the transfer of at least fifty percent (50%) of the equity interest in a party (or of at least fifty percent (50%) of the equity interest in any business entity that owns or controls, directly or indirectly, at least fifty percent (50%) of the equity interest in a party (""Party's Parent"")) to a single transferee or multiple transferees under common control; (ii) any transaction that would result in a Party's (or Party's Parent's) merging with one or more other entities.",Yes,WestPharmaceuticalServicesInc_20200116_8-K_EX-10.1_11947529_EX-10.1_Supply Agreement.pdf,test
65,This Agreement shall terminate in the event of a significant change in the management or ownership of mPhase or in the event mPhase is the subject of any bankruptcy proceedings.,Yes,MphaseTechnologiesInc_20030911_10-K_EX-10.15_1560667_EX-10.15_Co-Branding Agreement.pdf,test
66,"A Change of Control shall occur with respect to the Manufacturer, unless Subcontractor shall have expressly consented to such Change of Control in writing.",Yes,"Zounds Hearing, Inc. - MANUFACTURING DESIGN MARKETING AGREEMENT.PDF",test
67,"Nothwithstanding the foregoing, this Agreement may be assigned without the AS Parties' consent by MusclePharm in connection with a change of control transaction; provided that the acquirer of MusclePharm shall have financial resources substantially similar or greater than MusclePharm and shall specifically assume the obligations of MusclePharm under this Agreement in writing prior to the consummation of the change of control transaction.",Yes,MusclepharmCorp_20170208_10-KA_EX-10.38_9893581_EX-10.38_Co-Branding Agreement.pdf,test
68,"This Agreement may be terminated as follows:<omitted>(b) Immediately upon the occurrence of any of the following events and effective upon delivery of notice:<omitted>(8) by either Party, if Hydraspin undergoes a Change of Control<omitted>",Yes,WaterNowInc_20191120_10-Q_EX-10.12_11900227_EX-10.12_Distributor Agreement.pdf,test
69,If control of either party shall pass from the present shareholders or owners or controllers to other persons whom the other party shall in their absolute discretion regard as unsuitable.,Yes,AgapeAtpCorp_20191202_10-KA_EX-10.1_11911128_EX-10.1_Supply Agreement.pdf,test
70,"BKC may impose reasonable conditions on its consent to the transfers contemplated in Subparagraphs 15.1 and 15.2 above. BKC is under no obligation to consent to the encumbrances contemplated in Subparagraphs 15.1 and 15.2 above, and may deny its consent to such encumbrances in its sole discretion.",Yes,INTERNATIONALFASTFOODCORP_04_04_1997-EX-99-FRANCHISE AGREEMENT.PDF,test
71,"This Agreement shall terminate automatically without notice and immediately (a) if MS Capital Partners Adviser Inc. or another affiliate of Licensor is no longer acting as the investment adviser (any such entity, the ""Advisor"") to Licensee under the Investment Advisory Agreement, dated as of [·], 201[9] (as the same may<omitted>be amended, modified or otherwise restated, the ""Investment Advisory Agreement""), or a similar agreement, or (b) the Advisor is no longer an affiliate of Licensor.",Yes,MorganStanleyDirectLendingFund_20191119_10-12GA_EX-10.5_11898508_EX-10.5_Trademark License Agreement.pdf,test
72,"The parties acknowledge and agree that a ""Release Condition"" for purposes of the Escrow Agreement shall be deemed to mean any one or more of the following listed events (in addition to any other event specified as a release condition under the Escrow Agreement):<omitted>(vi) Ehave undergoes a change of control or is a party to a merger or amalgamation;",Yes,EhaveInc_20190515_20-F_EX-4.44_11678816_EX-4.44_License Agreement_ Reseller Agreement.pdf,test
73,"In the event that Vyera experiences a Change of Control with a Third Party that is actively engaged in the Development, Manufacture or Commercialization of a Competitive Product, then, Vyera shall either: (a) within ninety (90) days after the closing of such Change of Control, enter into a binding written agreement to sell, transfer, assign or divest all of Vyera's and/or its Affiliate's rights in and to such Competitive Product to a non-Affiliate Third Party and consummate such sale, transfer, assignment or divestiture of said rights not later than ninety (90) days following the date of the binding Agreement; or (b) within six (6) months after the closing of such Change of Control, terminate any and all Development, Manufacturing, Commercialization and/or other exploitation of such Competitive Product; or (c) terminate this Agreement in accordance with Section 11.2(c).",Yes,CytodynInc_20200109_10-Q_EX-10.5_11941634_EX-10.5_License Agreement.pdf,test
74,"In the event that Certegy, or another member of the Certegy Group, shall enter into a Divested Business transaction with respect to the Certegy Group, and the scope of permitted use or other terms applicable to the Licensed Equifax Materials (excluding the Utility Software Programs) under the license or sublicenses granted in this Section 4.1 are required to be modified to effect such transaction, Equifax will, or will cause the sublicensor under the applicable sublicense to, agree to such modifications to the extent (i) required for the transaction to be effected and (ii) not materially detrimental to the interests of the Equifax Group.",Yes,"FIDELITYNATIONALINFORMATIONSERVICES,INC_08_05_2009-EX-10.3-INTELLECTUAL PROPERTY AGREEMENT.PDF",test
75,"For the avoidance of doubt, a merger, change of control, reorganization or sale of all or substantially all of the stock of Licensee shall be deemed an ""assignment"" requiring the above consent, regardless of whether Licensee is the surviving entity or whether such transaction constitutes an assignment under applicable law.",Yes,MorganStanleyDirectLendingFund_20191119_10-12GA_EX-10.5_11898508_EX-10.5_Trademark License Agreement.pdf,test
76,"In the event of a Change of Control of the Licensor, the Agreement may be terminated by Licensee",Yes,NlsPharmaceuticsLtd_20200228_F-1_EX-10.14_12029046_EX-10.14_Development Agreement.pdf,test
77,"If a Change in Control occurs with respect to Customer, M&I agrees to continue to provide Services under this Agreement; provided that (a) M&I's obligation to provide Services shall be limited to the entities comprising the Customer prior to such Change in Control and (b) M&I's obligation to provide Services shall be limited in any and all circumstances to the number of accounts and items processed in the 3-month period prior to such Change in Control occurring plus 25%.",Yes,TRICITYBANKSHARESCORP_05_15_1998-EX-10-OUTSOURCING AGREEMENT.PDF,test
78,"ENERGOUS will have the right to terminate this Agreement immediately upon the issuance of written notice to DIALOG (A) if DIALOG undergoes a Change of Control involving a competitor of ENERGOUS (as reasonably determined by ENERGOUS), or (B) if DIALOG or any of its Affiliates acquires, whether directly or indirectly through a sale of assets or a Change of Control transaction or otherwise, any competitor of ENERGOUS. DIALOG will provide ENERGOUS with notice of any such Change of Control or acquisition within [***] after the closing thereof and ENERGOUS' right to terminate the Agreement will expire [***] after receipt of such notice.",Yes,ENERGOUSCORP_03_16_2017-EX-10.24-STRATEGIC ALLIANCE AGREEMENT.PDF,test
79,In the event of a Change of Control (as defined below) this Agreement shall immediately terminate.,Yes,"Zounds Hearing, Inc. - MANUFACTURING DESIGN MARKETING AGREEMENT.PDF",test
80,Either party may terminate this Agreement upon 30 days written notice if either Party's corporate structure has undergone a material ownership change such that its corporate interests are then in conflict with the corporate interests of the other Party;,Yes,HealthcentralCom_19991108_S-1A_EX-10.27_6623292_EX-10.27_Co-Branding Agreement.pdf,test
81,Owner may terminate this Agreement at any time upon the occurrence of any of the following:<omitted>(b) an Operator Change of Control;,Yes,SANDRIDGEENERGYINC_08_06_2009-EX-10.6-OPERATIONS AND MAINTENANCE AGREEMENT.PDF,test
82,"By providing written notice, theglobe may terminate this Agreement in its sole discretion if one of the following companies (or their subsidiaries) does an ""Ownership Change Event"": Lycos, Yahoo (including GeoCities, which shall be included even if their proposed merger does not occur), Xoom, Fortune City, Excite, Go Network (including Disney and Infoseek), Snap! (including NBC) and AOL.",Yes,TheglobeComInc_19990503_S-1A_EX-10.20_5416126_EX-10.20_Co-Branding Agreement.pdf,test
83,"FJ may, in its sole discretion, terminate this Agreement in its entirety at any time following a Change of Control of PB that occurs prior to the date of payment by PB of the final Approval Payment.",Yes,PhasebioPharmaceuticalsInc_20200330_10-K_EX-10.21_12086810_EX-10.21_Development Agreement.pdf,test
84,"In addition to and without limiting any other provision of this Agreement, if a Change of Control occurs at any time during the Term, PFHOF shall have the right to terminate this Agreement immediately upon giving notice of such termination to the Village Media Company.",Yes,GpaqAcquisitionHoldingsInc_20200123_S-4A_EX-10.6_11951677_EX-10.6_License Agreement.pdf,test
85,"Subject to Section 3.5(b), in the event that Vendor, prior to Location Acceptance at all Cell Sites and without the prior written consent of AT&T, consummates (i) any sale, assignment, transfer, license, lease or conveyance of any interest in any Cell Site or any of the Material or Services contemplated in this Agreement or (ii) any Change of Control of Vendor to a Restricted Entity or to any other Person who, in AT&T's reasonable discretion, lacks the financial or operational resources, skill or expertise to fulfill the obligations of Vendor contemplated by this Agreement, then AT&T may terminate this Agreement and exercise any other remedies available to AT&T under this Agreement or at law or equity, including any of its Termination Remedies set forth in the Build Addendum.",Yes,AtnInternationalInc_20191108_10-Q_EX-10.1_11878541_EX-10.1_Maintenance Agreement.pdf,test
86,"In the event there is a change of Control of an Affiliate which terminates its status as an Affiliate of the party to this Agreement, and this Agreement has been assigned to such an Affiliate, this Agreement must be assigned back to the party within 6 months of the effective date of the change of Control.",Yes,RandWorldwideInc_20010402_8-KA_EX-10.2_2102464_EX-10.2_Co-Branding Agreement.pdf,test
87,"You represent and warrant to us, and agree, that your owners are accurately set forth on Exhibit C to this Agreement, and you also agree not to permit the identity of those owners, or their respective interests in you, to change without complying with this Agreement.",Yes,"GOOSEHEADINSURANCE,INC_04_02_2018-EX-10.6-Franchise Agreement.PDF",test
88,"Subject to the foregoing, this Agreement shall be binding upon and inure to the benefit of the Parties hereto and their respective permitted successors and assigns; provided, however, Calm may, without the prior written consent of XSPA, assign or otherwise transfer its rights and obligations to an affiliate of Calm or the acquirer of all or substantially all of the assets of Calm; provided, however, that the prior written consent of XSPA shall be required in connection with the assignment to an acquirer of all or substantially all of the assets of Calm if such acquirer's primary business is an airport-based provider of spa services.",Yes,XpresspaGroupInc_20190401_10-K_EX-10.28_11599457_EX-10.28_Marketing Agreement.pdf,test
89,MBRK may terminate this Agreement upon 60 days notice for a Change of Control subject to the Fees outlined in paragraph (f) of this Section 18.,Yes,"MIDDLEBROOKPHARMACEUTICALS,INC_03_18_2010-EX-10.1-PROMOTION AGREEMENT.PDF",test
90,A Change of Control shall be deemed an assignment for purposes of this Agreement.,Yes,CytodynInc_20200109_10-Q_EX-10.5_11941634_EX-10.5_License Agreement.pdf,test
91,"Together with such notification, the Affected Party will supply the other party with sufficient information to allow that other party to reasonably assess the impact that such Change of Control may have on it and/or its Affiliates, on the Affected Party's creditworthiness, and on the Affected Party's ability to perform its obligations under this Agreement.",Yes,WestPharmaceuticalServicesInc_20200116_8-K_EX-10.1_11947529_EX-10.1_Supply Agreement.pdf,test
92,Either Party shall be entitled forthwith to terminate this Agreement by notice to the other if:<omitted>(i) the other Party ceases or threatens to cease to carry on the whole or any material part of its business;,Yes,"PACIRA PHARMACEUTICALS, INC. - A&R STRATEGIC LICENSING, DISTRIBUTION AND MARKETING AGREEMENT .PDF",test
93,"So long as the Option shall be in existence (whether or not exercisable), Skunkware and Licensor agree that Licensor will conduct its business in the ordinary course and will not, without the prior written consent of Licensee, merge or consolidated with any other entity, sell all or substantially all of its assets, grant or permit to exist any lien or encumbrance on any material portion of its assets, issue any securities to any person other than Skunkware or engage in any other transaction or enter into any other agreement other than in the ordinary course of business.",Yes,NEONSYSTEMSINC_03_01_1999-EX-10.5-DISTRIBUTOR AGREEMENT_Amendment.pdf,test
94,"nothing in this Agreement shall in any way restrict any change in shareholding or control of the Parties or its Affiliates or the Repairer's rights to delegate obligations of it hereunder to a Subcontractor. provided that, in such case, the Repairer will remain responsible for the provision of the Services in accordance with the terms of this Agreement. provided such assignment or transfer, change in shareholding or control has no material adverse effect on any of the Company's rights and obligations under this Agreement.",Yes,AzulSa_20170303_F-1A_EX-10.3_9943903_EX-10.3_Maintenance Agreement1.pdf,test
95,"In the event of the merger or consolidation of Company with any other entity, Licensor shall have the right to terminate the Contract Period by so notifying Company in writing within sixty (60) days following Licensor's receipt of notice of such merger or consolidation.",Yes,MOSSIMOINC_04_14_2000-EX-10.14-ENDORSEMENT AGREEMENT.PDF,test
96,"The Owners may not enter into any shareholders' agreement, management agreement, voting trust or other arrangement that gives a third party the power to direct and control your affairs without our prior written consent.",Yes,PfHospitalityGroupInc_20150923_10-12G_EX-10.1_9266710_EX-10.1_Franchise Agreement1.pdf,test
97,"Notwithstanding anything else in this Agreement, in the event of termination under this Paragraph 12.04 ExxonMobil may terminate any licenses granted to FCE under this Agreement that would otherwise survive termination, taking into account the circumstances surrounding the Change in Control.",Yes,FuelcellEnergyInc_20191106_8-K_EX-10.1_11868007_EX-10.1_Development Agreement.pdf,test
98,"For purposes of the preceding sentence, and without limiting its generality, any merger, consolidation or reorganization involving Licensee (regardless of whether Licensee is a surviving or disappearing entity) will be deemed to be a transfer of rights, obligations or performance under this Agreement for which Licensor's prior written consent is required.",Yes,GopageCorp_20140221_10-K_EX-10.1_8432966_EX-10.1_Content License Agreement.pdf,test
99,"Bioeq may terminate this Agreement immediately upon written notice to Licensee, if Licensee conducts any clinical development of, markets, sells or distributes any Competitive Product in the Territory, whether directly or indirectly through the intermediary of a Third Party or its Affiliates (Restricted Activities); provided, that in the event that Restricted Activities are being or would be deemed to be conducted by Licensee solely in connection with a Competitor Change of Control, Bioeq may not terminate this Agreement in accordance with this Section 15.2.2 and instead may terminate this Agreement in accordance with Section 15.2.9.",Yes,CoherusBiosciencesInc_20200227_10-K_EX-10.29_12021376_EX-10.29_Development Agreement.pdf,test
100,"No Party shall assign this Agreement or any rights or obligations hereunder or, except as expressly set forth in the Agreement with respect to the PHL Services and Investors Capital Services, delegate any of their respective duties and obligations hereunder, without the prior written consent of the other Parties, which, in view of the unique and specialized nature of each Party's obligations hereunder, may be declined by any Investors Capital Party on the one hand or any PHL Party, on the other hand, as the case may be, for any reason. Any attempted assignment or delegation in violation of this Section shall be void. A Change of Control, as defined below, shall be considered an assignment under this Section 16.01 and Sections 16.02.1(c) (4) and 16.02.1(e)(4).",Yes,PHLVARIABLEINSURANCECOCT_08_17_2009-EX-10.1-STRATEGIC ALLIANCE AGREEMENT.PDF,test
101,"Upon the consummation of such definitive agreement, if Licensee has not then divested all such Competitive Products such that a Competitor Change of Control has occurred, Bioeq may, upon sending written notice to Licensee within sixty (60) days thereafter, terminate this Agreement.",Yes,CoherusBiosciencesInc_20200227_10-K_EX-10.29_12021376_EX-10.29_Development Agreement.pdf,test
102,"GSK may sublicense or subcontract its rights to Develop, Manufacture or Commercialize the Collaboration Products in whole or in part to one or more of its Affiliates, provided that the rights sublicensed or subcontracted to such Affiliate shall automatically terminate upon a change of control of such Affiliate in connection with which such Affiliate ceases to be an Affiliate of GSK.",Yes,"INNOVIVA,INC_08_07_2014-EX-10.1-COLLABORATION AGREEMENT.PDF",test
103,"During the Term, Supplier will promptly notify Customer in writing if at any time a Change of Control shall occur as to Supplier, such notification to be given no later than fifteen (15) days following such Change of Control. [* * *]",Yes,ParatekPharmaceuticalsInc_20170505_10-KA_EX-10.29_10323872_EX-10.29_Outsourcing Agreement.pdf,test
104,"In the event of your death or incapacity, or the death or incapacity of any partner, any shareholder owning fifty percent (50%) or more of your capital stock, or any Member who owns a majority interest in a limited liability company, the heirs, beneficiaries, devisees, or legal representatives of said individual, partner or shareholders shall, within one hundred eighty (180) days of such event: 1. Apply to us for the right to continue to operate the franchise for the duration of the term of this Agreement and any renewals hereof, which right shall be granted upon the fulfillment of all of the conditions set forth in Paragraph XVIII. of this Agreement (except that no transfer fee shall be required); or 2. Sell, assign, transfer, or convey your interest in compliance with the provisions of Paragraphs XVIII and XX of this Agreement; provided, however, in the event a proper and timely application for the right to continue to operate has been made and rejected, the one hundred eighty (180) days to sell, assign, transfer or convey shall be computed from the date of said rejection. For purposes of this Paragraph, our silence on an application made pursuant to Paragraph XIX.A.1. through the one hundred and eighty (180) days following the event of death or incapacity shall be deemed a rejection made on the last day of such period.",Yes,BUFFALOWILDWINGSINC_06_05_1998-EX-10.3-FRANCHISE AGREEMENT.PDF,test
105,"If termination is the result of a Change of Control, Distributor shall be entitled to receive a onetime payment, within three (3) business days of the effective date of the Change of Control, equal to the greater of the following 1) the aggregate amount of the Distributor Share received during the 18 months prior to the effective date of such Change of Control or 2) the aggregate amount of the Distributor Share received on the 30 days prior to the effective date of such Change of Control multiplied by 18.",Yes,WaterNowInc_20191120_10-Q_EX-10.12_11900227_EX-10.12_Distributor Agreement.pdf,test
106,"If ENERGOUS is acquired by a third party, ENERGOUS' acquirer will have the right, for a period of [***] following closing of such acquisition, to terminate this Agreement upon written notice to DIALOG.",Yes,ENERGOUSCORP_03_16_2017-EX-10.24-STRATEGIC ALLIANCE AGREEMENT.PDF,test
107,"Upon the occurrence of any of the following, WGT may terminate the Term by giving Distributor written notice of such termination for:<omitted>(b) any material change in the general management, ownership or control of Distributor, including without limitation the sale, transfer or relinquishment by Distributor of any substantial interest in the ownership of the business to be carried on by Distributor under this Agreement, unless such change is approved in advance and in writing by an officer of WGT;",Yes,EUROPEANMICROHOLDINGSINC_03_06_1998-EX-10.6-DISTRIBUTOR AGREEMENT.PDF,test
108,"Notwithstanding the foregoing, no such consent of Licensor is required under this Agreement in the event of a Change of Control of Licensee so long as: (a) the resulting, surviving or transferee Person assumes all the obligations of the Licensee by operation of Law or pursuant to an agreement in form and substance reasonably satisfactory to the Licensor; and (b) the licenses granted herein shall not be transferrable or sublicensable to Affiliates of such Person unless such Affiliates were Affiliates of Licensee prior to such Change of Control.",Yes,ArconicRolledProductsCorp_20191217_10-12B_EX-2.7_11923804_EX-2.7_Trademark License Agreement.pdf,test
109,Franchisor reserves the right to approve or disapprove any Transfer as its sole and absolute right.,Yes,ElPolloLocoHoldingsInc_20200306_10-K_EX-10.16_12041700_EX-10.16_Development Agreement.pdf,test
110,"Subject to the terms and conditions of this Agreement commencing as of the Effective Date and for the duration of the Term and any Transition-out Period, Ehave hereby grants to CHT a non-transferable (except as permitted under Section 20(f)), right to: (i) sub-license the use of the Ehave Companion Solution within the Field of Use in the Territory to End Users and their respective Authorized Users, including in operation or by interfacing with other software, hardware, systems, networks and services, in accordance with and subject to the provisions of CHT's Subscription Agreement; and (ii) use the Ehave Companion Solution to support its licensed End Users.",Yes,EhaveInc_20190515_20-F_EX-4.44_11678816_EX-4.44_License Agreement_ Reseller Agreement.pdf,test
111,Licensor may terminate this Agreement by providing prior written notice to Licensee upon the occurrence of a Change of Control.,Yes,ChinaRealEstateInformationCorp_20090929_F-1_EX-10.32_4771615_EX-10.32_Content License Agreement.pdf,test
112,"The term ""Transfer"" shall mean any sale, assignment, gift, pledge, mortgage or any other encumbrance, transfer by bankruptcy, transfer by judicial order, merger, consolidation, share exchange, transfer by operation of law or otherwise, whether direct or indirect, voluntary or involuntary, of this Agreement or any interest in it, or any rights or obligations arising under it, or of any material portion of your assets, or of any interest in you. You (and your shareholders, partners and members) will not directly or indirectly make a Transfer without our prior written consent. We will not withhold our consent to a Transfer, subject to all of the following conditions being satisfied: 1. You are in full compliance with this Agreement, you have no uncured defaults, all your fees, debts and financial obligations to us, our affiliates and the Fund are current, and you are current in your required local advertising expenditures; 2. You execute a written agreement in a form satisfactory to us in which you and your owners covenant to observe all applicable post-term obligations and covenants contained in this Agreement; 3. The proposed transferee enters into a written agreement in a form satisfactory to us assuming and agreeing to discharge all of your obligations and covenants under this Agreement for the remainder of its term or, at our option, execute our then-current standard form of franchise agreement (which<omitted>may provide for different fees, advertising requirements, duration, and other rights and obligations from those provided in this Agreement); 4. The proposed transferee agrees in writing to perform such maintenance, remodeling and re-equipping of the Restaurant that we determine necessary to bring the Restaurant in compliance with our then-current standards; 5. Prior to the date of the proposed Transfer, the proposed transferee's management team successfully completes such training and instruction as we deem necessary; 6. We are satisfied that the proposed transferee (and if the proposed transferee is an entity, all holders of any interest in such entity) meets all of the requirements for our new franchisees applicable on the date we receive notice of the proposed transfer and including, but not limited to, good reputation and character, business experience, restaurant management experience, and financial strength and liquidity; 7. You and all holders of an interest in you execute a general release, in the form prescribed by us, releasing, to the fullest extent permitted by law, all claims that you or any of your investors may have against us and our affiliates, including our and their respective shareholders, officers, directors and employees, in both their individual and corporate capacities; 8. You pay us a transfer fee equal to one-half (1/2) of the then-current Initial Franchise Fee; and 9. We waive our right of first refusal under Paragraph XX.",Yes,BUFFALOWILDWINGSINC_06_05_1998-EX-10.3-FRANCHISE AGREEMENT.PDF,test
113,"Our consent to the Change of Ownership Transfer is subject to the following conditions, all of which must be satisfied at or before the date of closing the Change of Ownership Transfer (""Closing""): 13.2.3.1 the Transferee submits a Change of Ownership Application, pays our then current franchise application fee and any PIP Fee, executes our then-current form of new franchise agreement and all ancillary forms, including a guaranty from a third-party acceptable to us, if required; 13.2.3.2 you are not in default of this Agreement or any other agreements with us or our Affiliates; 13.2.3.3 you or the Transferee pay all amounts due to us and the Entities through the date of the Closing; 13.2.3.4 you execute our then-current form of voluntary termination agreement, which may include a general release, covering termination of this Agreement; 13.2.3.5 you conclude to our satisfaction, or provide adequate security for, any suit, action, or proceeding pending or threatened against you, us or any Entity with respect to the Hotel, which may result in liability on the part of us or any Entity;<omitted>13.2.3.6 you, the Transferee and/or transferee Equity Owner(s) submit to us all information related to the Transfer that we require, including applications; and 13.2.3.7 the Transferee meets our then-current business requirements for new franchisees and is neither a Sanctioned Person nor a Competitor.",Yes,"HOSPITALITYINVESTORSTRUST,INC_04_07_2014-EX-10.26-FRANCHISE AGREEMENT.PDF",test
114,"This Agreement may be terminated:<omitted>in the event of a Change of Control, the Party which was not subject to the Change of Control may terminate this Agreement upon six (6) months advance written notification.",Yes,KitovPharmaLtd_20190326_20-F_EX-4.15_11584449_EX-4.15_Manufacturing Agreement.pdf,test
115,"A Party may assign the whole of its rights under this Agreement to a successor by law, Subsidiary or Affiliate of such Party, or a corporation or an entity jointly controlling or under the same common control as such Party, provided that the assigning Party shall remain jointly and severally liable with the assignee for the performance of this Agreement for the duration of the Agreement.",Yes,STARTECGLOBALCOMMUNICATIONSCORP_11_16_1998-EX-10.30-CONSTRUCTION AND MAINTENANCE AGREEMENT.PDF,test
116,We will have sixty (60) days from our receipt of the completed and signed franchise application to consent or withhold our consent to any proposed Change of Ownership Transfer.,Yes,"HOSPITALITYINVESTORSTRUST,INC_04_07_2014-EX-10.26-FRANCHISE AGREEMENT.PDF",test
117,"PPD shall further be permitted to terminate this Agreement or a relevant Work Order, immediately, for cause, upon the occurrence of any of the following:<omitted>(c) a change of ownership equal to fifty percent (50%) or more in the outstanding voting securities of VS; (d) the acquisition of a number of VS's outstanding voting securities by a PPD Competitor that would require disclosure by such PPD Competitor pursuant to Rule 13d-1 of the Securities Exchange Act of 1934 (a ""Significant Ownership Position""); (e) a change in any VS Key Leadership Position.",Yes,"VIRTUALSCOPICS,INC_11_12_2010-EX-10.1-STRATEGIC ALLIANCE AGREEMENT.PDF",test
118,Neither party shall voluntarily or by operation of law assign or otherwise transfer the rights and/or obligations incurred pursuant to the terms of this Agreement without the prior written consent of the other party.,Yes,MusclepharmCorp_20170208_10-KA_EX-10.38_9893581_EX-10.38_Co-Branding Agreement.pdf,test
119,"Notwithstanding the foregoing, any assignment of the rights or obligations under this Agreement by a Party (i) to an Affiliate shall require such Party to guarantee the performance of such Affiliate's financial and performance obligations hereunder or (ii) in connection with the sale or other transfer of all or substantially all of such Party's business or assets to which this Agreement relates shall require the ultimate Affiliate controlling the other party in such transaction to guarantee such Party's financial and performance obligations hereunder and such Party shall remain liable for such financial and performance obligations notwithstanding such sale or other transfer of all or substantially all of such Party's business or assets to which this Agreement relates.",Yes,PhasebioPharmaceuticalsInc_20200330_10-K_EX-10.21_12086810_EX-10.21_Development Agreement.pdf,test
120,"Except as otherwise provided herein, a Party shall not have the right to assign any of its rights or obligations under this Agreement (whether through a merger, sale of stock, or otherwise) without the prior written consent of the other Party; except that, either Party shall be permitted, without any need for the other Party's consent, to assign this Agreement (a) in whole or in part to an Affiliate (provided, however, that once such Person is no longer an Affiliate of the assigning Party, such former Affiliate shall assign this Agreement back to the assigning Party), provided that the assigning Party provides the other Party notice of any such assignment provided further that failure to provide such notice of such assignment shall not render such assignment void; or (b) to a Third Party in connection with sale or transfer of all or substantially all of the assigning Party's business or assets relating to the subject matter of this Agreement, whether by Change of Control, merger, sale of assets or otherwise; provided, however, that, with respect to clause (b), (i) any assignment of this Agreement shall be void and have no effect unless and until the assignee assumes the<omitted>obligations of the assigning Party in a written instrument, a copy of which is provided to the other Party; and (ii) any assignment of this Agreement must be accompanied by a simultaneous assignment of the Other Agreements to the same assignee, and the assigning Party's interest in the Purchased Assets to the same assignee unless otherwise agreed by Conformis in advance, which agreement shall not be unreasonably withheld.",Yes,ConformisInc_20191101_10-Q_EX-10.6_11861402_EX-10.6_Development Agreement.pdf,test
121,"In addition, Lucid may terminate this agreement by giving the Distributor Written Notice if there is any change of control, ownership or management of the Distributor.",Yes,LUCIDINC_04_15_2011-EX-10.9-DISTRIBUTOR AGREEMENT.PDF,test
122,"Before expiration of the Term, either Party may terminate this Agreement upon: (i) any material breach of the Agreement by the other Party, if such breach is not remedied to the reasonable satisfaction of the non-breaching Party within ten (10) business days after written notice; (ii) ten (10) business days written notice to the other Party whenever the notifying Party in its sole discretion determines that the continuation of the Agreement will damage its reputation or good will; or (iii) written notice in the event one Party (a) becomes or is declared insolvent or bankrupt or is subject to the appointment of a trustee or receiver or any equivalent thereof, (b) is the subject of any proceeding related to its liquidation or insolvency (whether voluntary or involuntary) which is not dismissed within ninety (90) days, (c) makes an assignment for the benefit of creditors, or (d) is subject to any sale, lease or other transfer of all or substantially all of its assets to any entity; or (e) is subject to a change of control (whether by merger, stock transfer or otherwise), except in the case of an initial public offering.",Yes,FreezeTagInc_20180411_8-K_EX-10.1_11139603_EX-10.1_Sponsorship Agreement.pdf,test
123,The affected Party is obligated to notify the other Party of its decision to terminate within thirty (30) days following notice of the Change of Control.,Yes,KitovPharmaLtd_20190326_20-F_EX-4.15_11584449_EX-4.15_Manufacturing Agreement.pdf,test
124,"Upon a merger or change of control of a party (including, for purposes of this Section 6.3, with respect to Purchaser any Purchaser Licensee and with respect to Seller any Seller Party) (a ""Change of Control Event"") with or to a Person (other than a Person that is a then-current Affiliate of such party) (the ""Buyer""), the license rights granted under Article II to such party shall not extend to the Buyer or any of its Affiliates existing immediately prior to the Change of Control Event or any of its or their past, current, or future products, systems or services.",Yes,ZEBRATECHNOLOGIESCORP_04_16_2014-EX-10.1-INTELLECTUAL PROPERTY AGREEMENT.PDF,test
125,"For a Liquidity Event, the fee required under Section 4.1 of this Exhibit A above shall be payable to JHU by COMPANY in the same form as the proceeds paid or payable to either COMPANY or its security holders, whether in cash, securities or other property, and in the same proportion as such form of consideration is paid or payable to COMPANY or its security holders.",Yes,VirtuosoSurgicalInc_20191227_1-A_EX1A-6 MAT CTRCT_11933379_EX1A-6 MAT CTRCT_License Agreement.pdf,test
126,"uch fee shall be paid after only the first to occur of either a Liquidation Event or an Initial Public Offering. The respective fees, when and if payable, shall be paid upon closing; except that if there are additional contingent amounts (""Trailing Consideration"") payable upon the occurrence of subsequent events, then the Trailing Consideration shall be due and payable to JHU within thirty (30) days after receipt thereof by COMPANY.",Yes,VirtuosoSurgicalInc_20191227_1-A_EX1A-6 MAT CTRCT_11933379_EX1A-6 MAT CTRCT_License Agreement.pdf,test
127,"This Agreement may be terminated subject to the following clauses:<omitted>Subject to Section 1.6, by Vendor (or successor to Vendor), upon written notice to Distributor of a change of control of Vendor and the election by Vendor (or successor to Vendor) to terminate this Agreement, where a ""change of control"" shall mean a change in ownership of the Vendor such that an unaffiliated third party acquires a majority of the voting power of Vendor;",Yes,ENTERTAINMENTGAMINGASIAINC_02_15_2005-EX-10.5-DISTRIBUTOR AGREEMENT.PDF,test
128,"For the avoidance of doubt, a Change of Control shall be deemed an assignment hereunder unless [ * ] does not exercise its [ * ].",Yes,"WHITESMOKE,INC_11_08_2011-EX-10.26-PROMOTION AND DISTRIBUTION AGREEMENT.PDF",test
129,"In the event that, after the Effective Date, a Third Party (an ""Acquirer"") either (a) merges with Company, (b) acquires ""control"" (as defined in Section 1.4) of Company or (c) acquires substantially all the assets of the Company (each of (a), (b) and (c), an ""Acquisition""), and such Acquirer or any of its Affiliates immediately prior to such Acquisition is commercializing a Competing Product in the Territory, then either Party shall have the right to terminate this Agreement on [***] ([***]) days written notice delivered within [***] ([***]) days of the closing of such Acquisition, and Company shall not be deemed to be marketing, promoting, selling, distributing or commercializing a Competing Product in breach of this Section for so long as it is conducting such activities solely through personnel who are not involved in any activities under this Agreement and do not have access to Janssen's Confidential Information hereunder.",Yes,IMMUNOMEDICSINC_08_07_2019-EX-10.1-PROMOTION AGREEMENT.PDF,test
130,"During the term hereof, any division, merger, dissolution, liquidation, bankruptcy or other events that lead to changes of Party B in the company nature, qualification and capacity for civil acts shall be notified to Party A in time, and subject to the provisions hereunder about the exit grace period.",Yes,IDREAMSKYTECHNOLOGYLTD_07_03_2014-EX-10.39-Cooperation Agreement on Mobile Game Business.PDF,test
131,"If as a result of the Change of Control Event such party remains a separate, independent legal entity (or is merged into another Person, where such Person was formed or created for the purpose of the Change of Control Event or where such Person is a then-current Affiliate of such party), then the license rights granted to such party under Article II shall continue in full force and effect.",Yes,ZEBRATECHNOLOGIESCORP_04_16_2014-EX-10.1-INTELLECTUAL PROPERTY AGREEMENT.PDF,test
132,"Promptly after any public announcement regarding any proposed transaction that would result in a Change in Circumstances, Buyer shall notify Seller, in writing, of the nature of such transaction, the parties thereto and the proposed date of consummation.",Yes,WestPharmaceuticalServicesInc_20200116_8-K_EX-10.1_11947529_EX-10.1_Supply Agreement.pdf,test
133,"In addition to its right to terminate this Agreement pursuant to Section 10.9, Monsanto shall have the right to terminate this Agreement by giving the Agent a termination notice specified for each termination event upon the occurrence and continuance of either of the following: (1) An Event of Default occurring at any time; or<omitted>(2) A Change of Control with respect to Monsanto or a Roundup Sale, in each case, by giving the Agent a notice of termination, such termination to be effective at the end of the fifth (5th) full Program Year after such notice is provided.",Yes,Monsanto Company - SECOND A&R EXCLUSIVE AGENCY AND MARKETING AGREEMENT .PDF,test
134,"For the avoidance of doubt, in no event shall this Agreement be transferred, delegated, or assigned by a party (by operation of law, Change of Control, or otherwise) to a third party unless the applicable portions of the License Agreement are also transferred to such third party.",Yes,Monsanto Company - SECOND A&R EXCLUSIVE AGENCY AND MARKETING AGREEMENT .PDF,test
135,"In the event that the Agreement is terminated pursuant to Section 16.a.v. due to e-centives' acquisition by an Excite@Home Named Competitor, or by an entity controlling or controlled by an Excite@Home Named Competitor, e-centives or its assigns or designates may not contact any Users for whom User Data has been provided pursuant to this Agreement, excluding those that have opted out in accordance with Section 5(a) of Exhibit D.",Yes,InvendaCorp_20000828_S-1A_EX-10.2_2588206_EX-10.2_Co-Branding Agreement.pdf,test
136,"ExxonMobil may terminate this Agreement upon fifteen (15) days written notice, without penalty, payment or prejudice to claims and obligations then accrued, if FCE undergoes a Change in Control.",Yes,FuelcellEnergyInc_20191106_8-K_EX-10.1_11868007_EX-10.1_Development Agreement.pdf,test
137,"DIALOG will have the right to terminate this Agreement immediately upon the issuance of written notice to ENERGOUS (A) if ENERGOUS undergoes a Change of Control involving a competitor of DIALOG, or (B) if ENERGOUS acquires, whether directly through a sale of assets or through a Change of Control transaction, any competitor of DIALOG (as reasonably determined by DIALOG). ENERGOUS will provide DIALOG with notice of any such Change of Control or acquisition within [***] after the closing thereof and DIALOG's right to terminate the Agreement will expire [***] after receipt of such notice.",Yes,ENERGOUSCORP_03_16_2017-EX-10.24-STRATEGIC ALLIANCE AGREEMENT.PDF,test
138,"Notwithstanding anything to the contrary in this Agreement, Medica shall neither enter into an agreement to nor shall consummate (a) any Change of Control or (b) any sale of all or substantially all of its assets relating to the manufacture of the Cartridges unless (a) it provides Vapotherm written notice of any such proposed transaction, which notice shall include the specific terms and conditions of the proposed transaction, including the identify of the proposed acquirer, (b) Medica offers to enter into such transaction with Vapotherm on substantially the same terms and conditions, and (c) with [* * *] days of such notice, Vapotherm declines to accept such offer.",Yes,"VAPOTHERM, INC. - Manufacturing and Supply Agreement.PDF",test
139,"If a substantial portion of the assets or controlling stock in Licensee's business is sold or transferred, or if there is a substantial change in Licensee's management, or if Licensee's property is expropriated, confiscated or nationalized by any government or if any government assumes de facto control of Licensee's business, in whole or in part, Fox may terminate this Agreement upon 30 days' notice to Licensee.",Yes,GluMobileInc_20070319_S-1A_EX-10.09_436630_EX-10.09_Content License Agreement1.pdf,test
140,"Promptly after any public announcement regarding any proposed transaction that would result in a Change in Circumstances, Buyer/Buyer Affiliates shall notify Seller/ExxonMobil Selling Affiliates, in writing, of the nature of such transaction, the parties thereto and the proposed date of consummation",Yes,WestPharmaceuticalServicesInc_20200116_8-K_EX-10.1_11947529_EX-10.1_Supply Agreement.pdf,test
141,"The term of this Agreement shall be effective as of the date first stated above and shall continue for a term of three (3) years, unless terminated earlier in accordance with the provisions of this Agreement (the ""Term""); provided, however, that PrimeCall may elect to terminate this Agreement, upon thirty (30) days' written notice, at any time from and after the time that collectively RSL Communications, Ltd. and/or its Affiliates holds less than fifty percent (50%) of the voting control of DeltaThree's outstanding shares.",Yes,DeltathreeInc_19991102_S-1A_EX-10.19_6227850_EX-10.19_Co-Branding Agreement_ Service Agreement.pdf,test
142,"Network Affiliate may not assign or transfer, by operation of law or otherwise, any of its rights under this Agreement or delegate any of its duties under this Agreement to any third party without NCM's prior written consent, which consent shall not be unreasonably withheld, conditioned or delayed",Yes,DigitalCinemaDestinationsCorp_20111220_S-1_EX-10.10_7346719_EX-10.10_Affiliate Agreement.pdf,test
143,"Either party may terminate immediately upon written notice if the other party (i) ceases to function as a going concern or to conduct operations in the normal course of business; (ii) has a petition filed against it under any state or federal bankruptcy law which petition has not been dismissed or set aside within ninety (90) days of its filing, or if (a) About sells all or substantially all of the assets of such party or any event or series of event whereby any entity acquires beneficial ownership of the capital stock of such party representing fifty percent (50%) of the voting stock of such party provided however, that the acquisition of About by Primedia shall not be grounds for the termination of this Agreement; or (b) ebix becomes acquired by, merged into or is under the control of any of the following parties, About may terminate this Agreement immediately upon by providing ebix written notice: AOL; Yahoo; Lycos/Terra; NBC; CBS; Looksmart; InfoSpace; CMGI; AltaVista; Disney; Microsoft; CNET; Excite@Home; AskJeeves; GOTO; Doubleclick; or Lifeminders.",Yes,EbixInc_20010515_10-Q_EX-10.3_4049767_EX-10.3_Co-Branding Agreement.pdf,test
144,"A Termination Event shall have occurred if:<omitted>(c) Supplier either: (i) merges with another entity, (ii) suffers a transfer involving fifty (50%) percent or more of any class of its voting securities or (iii) transfers all, or substantially all, of its assets;",Yes,CardlyticsInc_20180112_S-1_EX-10.16_11002987_EX-10.16_Maintenance Agreement1.pdf,test
145,"This Agreement can be terminated at any time prior to the expiry of the Term, as follows:<omitted>(c) by the Consultant electing to give the Company notice, in the event that there occurs a Change of Control (as defined below) within six (6) months of the effective date of such Change of Control, and if the Consultant so elects to terminate this Agreement, then the Consultant will be immediately entitled to a termination payment equal to CDN$750,000;",Yes,"CORALGOLDRESOURCES,LTD_05_28_2020-EX-4.1-CONSULTING AGREEMENT.PDF",test
146,"During the term of this Agreement, if MSL decides to sell a substantial portion of its assets or operations outside the ordinary course of its business, or to merge or transfer ownership of MSL to a third Party, MSL will immediately notify IBM.",Yes,MANUFACTURERSSERVICESLTD_06_05_2000-EX-10.14-OUTSOURCING AGREEMENT.PDF,test
147,"Licensee may not assign, transfer, pledge, mortgage or otherwise encumber this Agreement or its right to use the Brand (or assume this Agreement in bankruptcy), in whole or in part, without the prior written consent of Licensor in its sole discretion, except for an assignment outside of bankruptcy to a successor organization that is solely the result of a name change by Licensee.",Yes,MorganStanleyDirectLendingFund_20191119_10-12GA_EX-10.5_11898508_EX-10.5_Trademark License Agreement.pdf,test
148,"For clarity, nothing in this Agreement shall prohibit Vyera from undergoing any Change of Control, but if Vyera undergoes a Change of Control, it will be subject to Section 2.6.",Yes,CytodynInc_20200109_10-Q_EX-10.5_11941634_EX-10.5_License Agreement.pdf,test
149,"If SpinCo enters an agreement to transfer the license granted to it under this Section 3.2 in connection with any sale or transfer of a SpinCo business, then Parent and members of the Parent Group shall be made third party beneficiaries under such transfer agreement to enforce breaches of the license.",Yes,INGEVITYCORP_05_16_2016-EX-10.5-INTELLECTUAL PROPERTY AGREEMENT.PDF,test
150,"In the event Agent changes its legal structure or undergoes a substantial change in ownership of its stock or other ownership interest, Kallo shall have the option of immediate termination of this Agreement.",Yes,KALLOINC_11_03_2011-EX-10.1-STRATEGIC ALLIANCE AGREEMENT.PDF',test
151,"We will permit you or any Equity Owner named in the Addendum as of the Effective Date (or any transferee Equity Owner we subsequently approve) to engage in the Permitted Transfers set forth below if any such Permitted Transfer does not result in a change of Control of the Franchisee, the Hotel or the Hotel Site and: (a) the proposed transferee is not a Sanctioned Person or a Competitor; (b) you give us at least sixty (60) days' advance written notice of the proposed Permitted Transfer (including the identity and contact information for any proposed transferee and any other information we may require in order to review the proposed Permitted Transfer); (c) you pay to us a nonrefundable processing fee of Five Thousand Dollars ($5,000) with the Permitted Transfer request; (d) you follow our then-current procedure for processing Permitted Transfers; and (e) you execute any documents required by us for processing Permitted Transfers.",Yes,"HOSPITALITYINVESTORSTRUST,INC_04_07_2014-EX-10.26-FRANCHISE AGREEMENT.PDF",test
152,"In the case that either company is acquired by, or merges with, another company which has reason to not wish to continue the relationship, that company may make a contract buyout payment [*] for the [*], with a [*] buyout payment amount of [*].",Yes,"INTERSECTENT,INC_05_11_2020-EX-10.1-SUPPLY AGREEMENT.PDF",test
153,"Notwithstanding the foregoing, in the event Sutro undergoes a Change of Control or Sutro permits any third party to acquire Extract directly from an Alternate Supplier established under the Transfer Addendum, then SutroVax shall thereafter have the right to establish a supply agreement with and obtain supply of Extract directly from such Alternate Supplier.",Yes,"VAXCYTE,INC_05_22_2020-EX-10.19-SUPPLY AGREEMENT.PDF",test
154,"You may not permit the Franchised Business to be operated, managed, directed, or controlled by any other person without our prior written consent.",Yes,PfHospitalityGroupInc_20150923_10-12G_EX-10.1_9266710_EX-10.1_Franchise Agreement1.pdf,test
155,"RevMed will notify Sanofi in writing as soon as possible after RevMed announces publicly any information regarding any proposed Change of Control of RevMed (or if the Change of Control will not be publicly announced, then no later than [***] after the signing of the Change of Control).",Yes,RevolutionMedicinesInc_20200117_S-1_EX-10.1_11948417_EX-10.1_Development Agreement.pdf,test
156,"In the event this Agreement is terminated pursuant to the provisions of paragraph 19.2, then the Party whose control has changed shall not enter into an agreement with any other Party to provide services similar to those provided herein or to provide its services similar to those provided for herein without an agreement, for a period of twelve (12) months from the effective date of termination.",Yes,DYNAMEXINC_06_06_1996-EX-10.4-TRANSPORTATION SERVICES AGREEMENT.PDF,test
157,"Within one hundred and twenty (120) days following the closing of a Change of Control, PB or its successor shall have the right to make a one-time payment (the ""Change of Control Buy-Out Payment"") in lieu of all (but not less than all) remaining Approval Payments for the applicable country(ies) in which Regulatory Approval has been received as of the date of closing of such Change of Control, provided that SFJ has not previously assigned the right to receive the Approval Payments to a Third Party, in which event PB or its successor shall not have such right.",Yes,PhasebioPharmaceuticalsInc_20200330_10-K_EX-10.21_12086810_EX-10.21_Development Agreement.pdf,test
158,"Except as expressly provided in this Section 14.3, neither this Agreement nor any rights or obligations hereunder may be assigned or otherwise transferred by either Party without the prior written consent of the other Party, which consent shall not be unreasonably withheld; provided, however, that either Party may assign this Agreement and its rights and obligations hereunder without the other Party's consent: (a) in connection with the transfer or sale of all or substantially all of the business of the assigning Party to a Third Party, whether by merger, sale of stock, sale of assets or otherwise; provided that in the event of a transaction (whether this Agreement is actually assigned or is assumed by the acquiring party by operation of law (e.g., in the context of a reverse triangular merger)), unless otherwise agreed with the acquiring party in writing, intellectual property of the acquiring party shall not be included in the intellectual property to which the other Party has access under this Agreement; or (b) to an Affiliate, provided that the assigning Party shall remain liable and responsible to the non‑assigning Party hereto for the performance and observance of all such duties and obligations by such Affiliate.",Yes,ZogenixInc_20190509_10-Q_EX-10.2_11663313_EX-10.2_Distributor Agreement.pdf,test
159,"This Agreement may be terminated as follows:<omitted>(d) by any party if the SMBC Unit-Holders cease to hold any Partnership Interests as a result of sale or transfer pursuant to Section 12.4 of this Agreement or Section 8.4 of the Moelis Holdings Agreement, such termination to be effective six (6) months following the date on which the other parties receive written notice of such party's election to terminate this Agreement;",Yes,MOELIS&CO_03_24_2014-EX-10.19-STRATEGIC ALLIANCE AGREEMENT.PDF,test
160,RevMed shall pay Sanofi such royalties until the earlier of (x) expiration of the Post-Termination Royalty Term therefor and (y) a Change of Control of Sanofi.,Yes,RevolutionMedicinesInc_20200117_S-1_EX-10.1_11948417_EX-10.1_Development Agreement.pdf,test
161,"The Company may, at its option, terminate the exclusivity provisions set forth in this Section 3(d) [Exclusivity] upon the occurrence of any of the following events:<omitted>(B) MBE ceases to own at least [***]* shares of<omitted>common stock of the Company (calculated on an as-converted basis and as adjusted for any stock split, stock dividend, recapitalization or similar transaction).",Yes,StampscomInc_20001114_10-Q_EX-10.47_2631630_EX-10.47_Co-Branding Agreement.pdf,test
162,"If BKC does not exercise its option under Subparagraph 15.4.1, Franchisee may conclude the sale to the purchaser who made the offer provided BKC's consent to the assignment or sale be first obtained as provided below.",Yes,INTERNATIONALFASTFOODCORP_04_04_1997-EX-99-FRANCHISE AGREEMENT.PDF,test
163,"Subject to Article 22.2, this Agreement shall remain in force for an Initial Period of 1 year, which may be renewed by mutual consent for such period as the Parties may agree (""Term""), unless it is terminated earlier in accordance with this Agreement or for any of the following reasons:<omitted>or in case of a change of control of one of the Parties;",Yes,LECLANCHÉ S.A. - JOINT DEVELOPMENT AND MARKETING AGREEMENT.PDF,test
164,"Notwithstanding anything to the contrary in Attachments A, G or H, in connection with any Change in Circumstances (as defined below), and without limiting Seller's/ExxonMobil Selling Affiliate's other rights under this Agreement or applicable law, Seller/ExxonMobil Selling Affiliates shall have the right: (i) only if required to enable Seller/ExxonMobil Selling Affiliate to comply with applicable laws and regulations, to terminate this Agreement and accelerate all amounts due from Buyer hereunder, making them immediately payable (ii) to modify the payment terms hereunder; and/or (iii) to require that Buyer/Buyer Affiliates pay in advance for shipments hereunder.",Yes,WestPharmaceuticalServicesInc_20200116_8-K_EX-10.1_11947529_EX-10.1_Supply Agreement.pdf,test
165,"The foregoing right of first refusal shall cease in the event of a Change of Control of either RemainCo or SpinCo, provided, however, that the Parties will discuss the feasibility of future collaboration, specifically related to the contribution of nuclear related subject matter by RemainCo, in good faith in the event of a Change of Control.",Yes,"BABCOCK_WILCOXENTERPRISES,INC_08_04_2015-EX-10.17-INTELLECTUAL PROPERTY AGREEMENT between THE BABCOCK _ WILCOX COMPANY and BABCOCK _ WILCOX ENTERPRISES, INC..PDF",test
166,"Within fifteen (15) Business Days after the merger, consolidation, succession or assignment, such Person will (i) execute an agreement to assume the Servicer's obligations under this Agreement and each Transaction Document to which the Servicer is a party (unless the assumption happens by operation of Law), (ii) deliver to the Issuer, the Owner Trustee and the Indenture Trustee an Officer's Certificate and an Opinion of Counsel each stating that the merger, consolidation, succession or assignment and the assumption agreement comply with this Section 7.6 and (iii) notify the Rating Agencies of the merger, consolidation, succession or assignment.",Yes,VerizonAbsLlc_20200123_8-K_EX-10.4_11952335_EX-10.4_Service Agreement.pdf,test
167,"In the event more that there is a change in ownership representing fifty percent (50%) or more of the equity ownership of either party, the other party may, at its option, terminate this Agreement upon written notice.",Yes,RaeSystemsInc_20001114_10-Q_EX-10.57_2631790_EX-10.57_Co-Branding Agreement.pdf,test
168,"Accordingly, neither this Agreement nor any part of your interest in it, nor any Interest (as defined in Paragraph 14.2) of Franchise Owner or a Principal Owner, may be transferred (see definition below) without our advance written approval if such transfer will result in the Principal Owner(s) set forth in Exhibit 4 holding less than a seventy-five percent (75%) Interest in Franchise Owner.<omitted>As used in this Agreement the term ""Transfer"" means any voluntary, involuntary, direct or indirect assignment, sale, gift, exchange, grant of a security interest, or occurrence of any other event which would or might change the ownership of any Interest, and includes, without limitation: (1) the Transfer of ownership of capital stock, partnership interest or other ownership interest (including the granting of options (such as stock options or any option which give anyone ownership rights now or in the future); (2) merger or consolidation, or issuance of additional securities representing an ownership interest in Franchise Owner; (3) sale of common stock of Franchise Owner sold pursuant to a private placement or registered public offering; (4) Transfer of an Interest in a divorce proceeding or otherwise by operation of law; or (5) Transfer of an Interest by will, declaration of or transfer in trust, or under the laws of intestate succession.",Yes,JOINTCORP_09_19_2014-EX-10.15-FRANCHISE AGREEMENT.PDF,test
169,"Notwithstanding the foregoing, if any Party to this Agreement (or any of its successors or permitted assigns) (a) shall enter into a consolidation or merger transaction in which such Party is not the surviving entity and the surviving entity acquires or assumes all or substantially all of such Party's assets, (b) shall transfer all or substantially all of such Party's assets to any Person or (c) shall assign this Agreement to such Party's Affiliates, then, in each such case, the assigning Party (or its successors or permitted assigns, as applicable) shall ensure that the assignee or successor- in-interest expressly assumes in writing all of the obligations of the assigning Party under this Agreement, and the assigning Party shall not be required to seek consent, but shall provide written notice and evidence of such assignment, assumption or succession to the non-assigning Party.",Yes,GarrettMotionInc_20181001_8-K_EX-2.4_11364532_EX-2.4_Intellectual Property Agreement.pdf,test
170,"Notwithstanding the foregoing, either party shall have the right to assign this Agreement in connection with the merger or acquisition of such party or the sale of all or substantially all of its assets related to this Agreement without such consent, except in the case where such transaction involves a direct competitor of the other party where consent of the other party will be required.",Yes,CORIOINC_07_20_2000-EX-10.5-LICENSE AND HOSTING AGREEMENT.PDF,test
171,"Should there be a Change of Control of either Party resulting in the control of such Party by a Third Party which markets or sells a Competing Product in any part of the Territory, then the rights under this Agreement may not be assigned without the express consent of the other Party which consent shall not be unreasonably withheld. ""Change of Control"" shall mean (a) the sale, lease, exchange, license or disposition of all or substantially all of the Party's assets in one transaction or series of related transactions or (b) a merger or consolidation with an unaffiliated Third Party as a result of which the holders of the Party's issued and outstanding voting securities immediately before such transaction own or control less than a majority of the voting securities of the continuing or surviving entity immediately after such transaction.",Yes,"PACIRA PHARMACEUTICALS, INC. - A&R STRATEGIC LICENSING, DISTRIBUTION AND MARKETING AGREEMENT .PDF",test
172,"Upon the occurrence of any Change of Control (as defined below) this Agreement and all Licensee's rights and licenses hereunder shall automatically terminate unless, prior to the occurrence of such Change of Control, Licensor has consented to such Change of Control in a writing executed by an officer of Licensor; provided that Licensor will not unreasonably withhold its consent to the consummation of a Change of Control.",Yes,SFGFINANCIALCORP_05_12_2009-EX-10.1-SOFTWARE LICENSE AND MAINTENANCE AGREEMENT.PDF,test
173,"Tadeo will have the right (but not the obligation) to terminate this Agreement and the rights granted to Diplomat hereunder, upon 60 days written notice to Diplomat, following the acquisition of all or substantially all of the assets of Diplomat by any Permitted Assignee (as defined in Section 9(a) of this Agreement), or the acquisition of the beneficial ownership of at least 20% (the ""Threshold"") of the voting power represented by the voting securities of Diplomat, any successor thereto or any Permitted Assignee by any person or<omitted>""group"" within the meaning of Sections 13(d)(3) and 14(d)(2) of the Securities Exchange Act of 1934, as amended (the ""Exchange Act""), or any successor provision to either of the foregoing, including any group acting for the purpose of acquiring, holding or disposing of securities within the meaning of Rule 13d-5(b)(1) under the Exchange Act or any successor provision thereof (a ""group"") other than The Rubin Family Irrevocable Stock Trust U/A dated April 30, 1997, organized under the laws of the State of New York (the ""Trust""), Robert M. Rubin (""Rubin""), or any affiliate of Rubin or the Trust.",Yes,DYNTEKINC_07_30_1999-EX-10-ONLINE HOSTING AGREEMENT.PDF,test
174,"Notwithstanding the foregoing provisions of this Section 3.2, in no event shall any of the members of the RemainCo Group continue to use the SpinCo House Marks (whether in any of the materials referenced in the immediately preceding sentence or otherwise) following a Change of Control of RemainCo.",Yes,"BABCOCK_WILCOXENTERPRISES,INC_08_04_2015-EX-10.17-INTELLECTUAL PROPERTY AGREEMENT between THE BABCOCK _ WILCOX COMPANY and BABCOCK _ WILCOX ENTERPRISES, INC..PDF",test
175,"Accordingly, neither you nor any immediate or remote successor to any part of your interest in this Agreement, nor any individual, partnership, corporation, or other legal entity which directly or indirectly owns any interest in you shall not sell, encumber, assign, transfer, convey, pledge, merge, or give away any direct or indirect interest in this Agreement, in you, or in all or substantially all of the assets of the Franchised Business.",Yes,SoupmanInc_20150814_8-K_EX-10.1_9230148_EX-10.1_Franchise Agreement1.pdf,test
176,"In the event of a 'Change of Control' of Company, then if CONSULTANT's services are terminated without cause at any time within a twelve (12) month period following such Change of Control, CONSULTANT shall receive a termination fee equal to twelve (12) months compensation hereunder at the then current monthly rate, including any stock compensation.",Yes,"MEDALISTDIVERSIFIEDREIT,INC_05_18_2020-EX-10.1-CONSULTING AGREEMENT.PDF",test
177,"In the event that the other party concludes in its sole discretion that such Change of Control, if it is implemented: (a) may result in it and/or its Affiliates being subjected to any fact, matter, event, circumstance, condition or change which materially and adversely affects, or could reasonably be expected to materially and adversely affect, individually or in aggregate, the business, operations, assets, liabilities, condition (whether financial, trading or otherwise), prospects or operating results of it and/or its Affiliates; (b) that the Affected Party's creditworthiness may be reduced; and/or (c) that the Affected Party's ability to perform its obligations under the Agreement may be negatively affected; then the other party may (but is not obliged to) terminate this Agreement forthwith upon notice to the Affected Party. Such termination is without prejudice to the rights and obligations of the parties that have accrued up to and including the date of termination.",Yes,WestPharmaceuticalServicesInc_20200116_8-K_EX-10.1_11947529_EX-10.1_Supply Agreement.pdf,test
178,"For purposes of this Section, a sale of stock, or any membership or partnership interest in Developer, or a merger or other combination of Developer shall be considered a transfer of Developer's interest prohibited hereunder.",Yes,ElPolloLocoHoldingsInc_20200306_10-K_EX-10.16_12041700_EX-10.16_Development Agreement.pdf,test
179,"If Seller/ExxonMobil Selling Affiliates elects to exercise any of its rights under the preceding paragraph, Seller/ExxonMobil Selling Affiliates shall so notify Buyer/Buyer Affiliates, in writing, within forty-five (45) days after receipt of Buyer's/Buyer Affiliates' notice.",Yes,WestPharmaceuticalServicesInc_20200116_8-K_EX-10.1_11947529_EX-10.1_Supply Agreement.pdf,test
180,"In addition, ISO shall provide written notice to SERVICERS within three (3) Business Days of any Change of Control of ISO.",Yes,"IPAYMENT,INC_05_14_2007-EX-10.1-SPONSORSHIP AGREEMENT.PDF",test
181,Licensee shall notify Bioeq in writing within [***] ([***]) days after entry by Licensee into a definitive agreement which would result in a Competitor Change of Control.,Yes,CoherusBiosciencesInc_20200227_10-K_EX-10.29_12021376_EX-10.29_Development Agreement.pdf,test
182,"This Agreement may be terminated by either Party upon [***] written notice to the other Party in the event that the other Party undergoes a Change of Control; provided, however, that such termination notice shall only be effective if delivered within [***] after the later of the occurrence of such Change of Control or the date the Party undergoing the Change of Control delivers written notice thereof to the other Party.",Yes,ZogenixInc_20190509_10-Q_EX-10.2_11663313_EX-10.2_Distributor Agreement.pdf,test
183,"Franchisee shall furnish Pretzel Time at the time of the execution of this Agreement or of assignment to the corporation or partners of Franchisee, a written agreement stating that no stockholder or partner will sell, assign or transfer voluntarily or by operation of law any securities of Franchisee, or other ownership interest in Franchisee, to any person or entity other than existing shareholders or partnership, to the extent permitted hereunder, without the prior written consent of Pretzel Time.",Yes,MRSFIELDSORIGINALCOOKIESINC_01_29_1998-EX-10-FRANCHISE AGREEMENT.PDF,test
184,"In the case of reorganization, merger, consolidation, or sale of all or substantially all of its assets, any attempt to assign this Agreement other than as permitted above will be null and void.",Yes,BerkshireHillsBancorpInc_20120809_10-Q_EX-10.16_7708169_EX-10.16_Endorsement Agreement.pdf,test
185,"If a majority of the equity securities of either 2TheMart or i-Escrow, Inc. (except that i-Escrow may sell all or a majority of its equity securities or voting interests to i-Escrow.com, and i-Escrow.com may sell all or a majority of its equity securities or voting interests to i-Escrow's existing shareholders, without triggering the foregoing) are acquired by another company during the term of this Agreement either company may terminate this Agreement, without liability, by giving a thirty (30) days written notice to the other party.",Yes,2ThemartComInc_19990826_10-12G_EX-10.10_6700288_EX-10.10_Co-Branding Agreement_ Agency Agreement.pdf,test
186,"If the BSP gives such a notice of termination, then: (a) if the change of control: (i) results in a competitor of the BSP controlling Datec or (ii) is reasonably likely in the BSP's opinion, to have a detrimental effect on Datec's ability to provide the Services in accordance with the agreement, then the BSP will pay Datec according to Section 14 - ""Termination"" of this agreement and the Termination Table in Schedule C.",Yes,ELANDIAINTERNATIONALINC_04_25_2007-EX-10.21-Outsourcing Agreement.PDF,test
187,"An Event of Default shall mean any of the following occurrences:<omitted>the occurrence of a Change of Control of an SMG Target without the prior written consent of Monsanto, unless the Agent has determined in its reasonable commercial opinion that such acquiror can and will fully perform the duties and obligations of the Agent under this Agreement;",Yes,Monsanto Company - SECOND A&R EXCLUSIVE AGENCY AND MARKETING AGREEMENT .PDF,test
188,"Offsets and/or repayment of the Advanced Royalty Payment shall commence on [**] and shall continue, unless sooner paid, through [**] (the ""Royalty Offset Period"") and such offsets will be taken by EKR (and such repayment will be made by PPI) as follows:<omitted>(iii) upon any Change of Control (as defined in Section 20.4) of PPI, by repayment to EKR in full of the balance of the Advanced Royalty Payment not previously used for offsets, which payment shall be made to EKR by PPI within ten (10) days after the closing date (without any conditions) of any such Change of Control.",Yes,"PACIRA PHARMACEUTICALS, INC. - A&R STRATEGIC LICENSING, DISTRIBUTION AND MARKETING AGREEMENT .PDF",test
189,"Notwithstanding the foregoing, in the event the form of consideration paid or payable includes securities for which there is not an active public market, in lieu of paying that portion of the fee with such securities COMPANY will make a cash payment to JHU equal to the fair market value of such securities.",Yes,VirtuosoSurgicalInc_20191227_1-A_EX1A-6 MAT CTRCT_11933379_EX1A-6 MAT CTRCT_License Agreement.pdf,test
190,"If you are a partnership or limited liability partnership, then the partners of that partnership will not, without our prior written consent, admit additional general partners, remove a general partner, or otherwise materially alter the powers of any general partner.",Yes,"GOOSEHEADINSURANCE,INC_04_02_2018-EX-10.6-Franchise Agreement.PDF",test
191,"Notwithstanding the foregoing, either Party may, without consent of the other Party, assign this Agreement and its rights and obligations hereunder in whole or in part to an Affiliate of such Party, or in whole to its successor in interest in connection with the sale of all or substantially all of its stock or its assets to which this Agreement relates, or in connection with a merger, acquisition or similar transaction.",Yes,ExactSciencesCorp_20180822_8-K_EX-10.1_11331629_EX-10.1_Promotion Agreement.pdf,test
192,"If Seller elects to exercise any of its rights under the preceding paragraph, Seller shall so notify Buyer, in writing, within forty-five (45) days after receipt of Buyer's notice.",Yes,WestPharmaceuticalServicesInc_20200116_8-K_EX-10.1_11947529_EX-10.1_Supply Agreement.pdf,test
193,This Agreement may be terminated only:<omitted>By the Company if: there is an unacceptable change in the control or management of the Distributor;,Yes,BLACKBOXSTOCKSINC_08_05_2014-EX-10.1-DISTRIBUTOR AGREEMENT.PDF,test
194,"Notwithstanding the foregoing, if any Party to this Agreement (or any of its successors or permitted assigns) (a) shall enter into a consolidation or merger transaction in which such Party is not the surviving entity and the surviving entity acquires or assumes all or substantially all of such Party's assets, (b) shall transfer all or substantially all of such Party's assets to any Person or (c) shall assign this Agreement to such Party's Affiliates, then, in each such case, the assigning Party (or its successors or permitted assigns, as applicable) shall ensure that the assignee or successor-in-interest expressly assumes in writing all of the obligations of the assigning Party under this Agreement, and the assigning Party shall not be required to seek consent, but shall provide written notice and evidence of such assignment, assumption or succession to the non-assigning Party.",Yes,CerenceInc_20191002_8-K_EX-10.4_11827494_EX-10.4_Intellectual Property Agreement.pdf,test
195,"Except as expressly permitted hereunder or in Exhibit F hereto, neither party may transfer, assign or sublicense this Agreement, or any rights or obligations hereunder, whether by contract or by operation of law, except with the express written consent of the other party, and any attempted transfer, assignment or sublicense by a party in violation of this Section shall be void. For purposes of this Agreement, an ""transfer"" under this Section shall be deemed to include, without limitation, the following: (a) a merger or any other combination of an entity with another party (other than a reincorporation of Inktomi from the State of California to the State of Delaware), whether or not the entity is the surviving entity; (b) any transaction or series of transactions whereby a third party acquires direct or indirect power to control the management and policies of an entity, whether through the acquisition of voting securities, by contract, or otherwise; (c) in the case of Inktomi, the sale or other transfer of Inktomi's search engine business or any other substantial portion of Inktomi's assets (whether in a single transaction or series of transactions), or (d) the transfer of any rights or obligations in the course of a liquidation or other similar reorganization of an entity (other than a reincorporation of Inktomi from the State of California to the State of Delaware).",Yes,INKTOMICORP_06_08_1998-EX-10.14-SOFTWARE HOSTING AGREEMENT.PDF,test
196,"You agree not to make a transfer (and not to permit any other party to make a transfer) without our prior written consent. 16.4.1.1 As used in this Agreement, the term ""transfer"" is agreed to mean any sale, assignment, conveyance, pledge, encumbrance, merger, creation of a security interest in, and/or giving away of any direct or indirect interest in: (a) this Agreement; (b) you; (c) any or all of your rights and/or obligations under this Agreement; and/or (d) all or substantially all of the assets of the Franchised Business.",Yes,"GOOSEHEADINSURANCE,INC_04_02_2018-EX-10.6-Franchise Agreement.PDF",test
197,"For the avoidance of doubt, if following [ * ] there is a transfer of shareholding or interests in Distributor to any existing or new shareholder(s) which results in any person or persons subsequently gaining Control of Distributor, then Google may exercise its right to terminate in accordance with this clause 5.4.",Yes,"WHITESMOKE,INC_11_08_2011-EX-10.26-PROMOTION AND DISTRIBUTION AGREEMENT.PDF",test
198,"For purposes of the preceding sentence, Licensor will be deemed to have reasonably withheld its consent to a Change of Control if any person or entity who would acquire direct or indirect control (as defined below) of Licensee pursuant to such Change of Control then conducts a business that is directly or indirectly competitive with a business then conducted by Licensor or any of its Affiliates and/or Licensor reasonably believes that Licensor's interests will be adversely effected by the continuing of this Agreement upon such a Change in Control.",Yes,SFGFINANCIALCORP_05_12_2009-EX-10.1-SOFTWARE LICENSE AND MAINTENANCE AGREEMENT.PDF,test
199,"Notwithstanding Section 7.1 above, this Agreement may be terminated upon the occurrence of any of the following events: (a) At the election of either party, in writing, if: (i) all or substantially all of the assets of the non-terminating party are transferred, sold or liquidated;<omitted>or (v) the ownership or operations of the non-terminating party have materially changed;",Yes,AURASYSTEMSINC_06_16_2010-EX-10.25-STRATEGIC ALLIANCE AGREEMENT.PDF,test
200,"If Parent enters an agreement to transfer the license granted to it under this Section 3.1 in connection with any sale or transfer of a Parent business, then SpinCo and members of the SpinCo Group shall be made third party beneficiaries under such transfer agreement to enforce breaches of the license",Yes,INGEVITYCORP_05_16_2016-EX-10.5-INTELLECTUAL PROPERTY AGREEMENT.PDF,test
201,"Notwithstanding the foregoing, each Party may assign the rights and obligations under this Agreement in whole, without consent of the other Party, to a Third Party or Affiliate in connection with the transfer or sale of all or substantially all of its business or in the event of a merger, consolidation or change in control provided that the assignee assumes in writing and becomes directly obligated to the other Party to perform all of the obligations of assignor under this Agreement.",Yes,EtonPharmaceuticalsInc_20191114_10-Q_EX-10.1_11893941_EX-10.1_Development Agreement.pdf,test
202,"Consequently either this Agreement or any of the respective rights or obligations of the Parties hereunder may be assigned or otherwise transferred, in whole or in part, in any form whatsoever (including by way of change of Control), by either Party subject to the prior written consent of the other Party, which consent shall not be unreasonably withheld or delayed, and any attempt to do so without such consent shall be null and void.",Yes,AzulSa_20170303_F-1A_EX-10.3_9943903_EX-10.3_Maintenance Agreement1.pdf,test
203,"The COMPANY and CELEBRITY may terminate this Agreement under the following conditions:<omitted>(B) By CELEBRITY<omitted>(ii) If the COMPANY ceases business or, other than in an Initial Merger, sells a controlling interest to a third party, or agrees to a consolidation or merger of itself with or into another corporation, or enters into such a transaction outside of the scope of this Agreement, or sells substantially all of its assets to another corporation, entity or individual outside of the scope of this Agreement;",Yes,"MARSHALLHOLDINGSINTERNATIONAL,INC_04_14_2004-EX-10.15-ENDORSEMENT AGREEMENT.PDF",test
204,"Notwithstanding the foregoing, Skype or Skype Holding may assign this Agreement to a third party without such consent in the event of a merger, reorganization or sale of all or substantially all of Skype's or Skype Holding's assets or voting securities, provided that written notice of such assignment is delivered to Online BVI and the Company and the assignee assumes all the responsibilities and obligations provided herein.",Yes,TomOnlineInc_20060501_20-F_EX-4.46_749700_EX-4.46_Co-Branding Agreement.pdf,test
205,"Any proposed transfer by you (regardless of the form of transfer) shall be subject to the same terms and conditions contained in the Franchise Agreement. As used herein, the term ""Transfer"" shall mean any sale, assignment, gift, pledge, mortgage or any other encumbrance, transfer by bankruptcy, transfer by judicial order, merger, consolidation, share exchange, transfer by operation of law or otherwise, whether direct or indirect, voluntary or involuntary, of the Agreements or any interest in any of them or any rights or obligations arising under them, or of any material portion of the business assets, or of any interest in the Franchisee. Each of you agree and covenant that you will not at any time during which Franchisee is a Buffalo Wild Wings/bw-3 franchisee and/or developer, directly or indirectly, voluntarily or involuntarily, make any Transfer, unless you first obtain our written approval in compliance with the same provisions applicable to a transfer by you as set forth in the Agreements.",Yes,BUFFALOWILDWINGSINC_06_05_1998-EX-10.3-FRANCHISE AGREEMENT.PDF,test
206,"Notwithstanding the foregoing, a Party may transfer or assign its rights under this IP Agreement in connection with a merger, acquisition or sale of all or substantially all of its assets, on condition that it provides the<omitted>other Party with notice of the transfer or assignment.",Yes,"GSITECHNOLOGYINC_11_16_2009-EX-10.2-INTELLECTUAL PROPERTY AGREEMENT between SONY ELECTRONICS INC. and GSI TECHNOLOGY, INC..PDF",test
207,PB will notify SFJ in writing promptly (and in any event within [***]) following the entering into of a definitive agreement with respect to a Change of Control of PB.,Yes,PhasebioPharmaceuticalsInc_20200330_10-K_EX-10.21_12086810_EX-10.21_Development Agreement.pdf,test
208,"This contract shall not be assigned in whole or in part by either party without the prior written consent of the other, except that a party may assign this contract to a successor entity as a result of a merger or consolidation or to another entity which acquires substantially all of the assets of that party.",No,ENTERPRISEPRODUCTSPARTNERSLP_07_08_1998-EX-10.3-TRANSPORTATION CONTRACT.PDF,test
209,"Upon termination or expiration of this Agreement in whole or in part or any Facility Addendum, if requested by Customer within ninety (90) days immediately following the effective date of such expiration or termination of this Agreement and pursuant to Customer's reasonable request and instructions, Manufacturer shall use commercially reasonable efforts to, as applicable, make assignments or partial assignments of such material contracts, licenses, permits, and other material documents, as applicable, in each case subject to any restrictions on assignment, or as may otherwise be set forth in any Contract relating thereto.",No,UpjohnInc_20200121_10-12G_EX-2.6_11948692_EX-2.6_Manufacturing Agreement_ Supply Agreement.pdf,test
210,"Notwithstanding the foregoing, Schoolpop shall fund from AEIS a minimum of $52,000,000 of Cards (the ""Guaranteed Minimum"") in each Contract Year in order to maintain the exclusive right to sell Cards in the NPO Marketplace.",No,LOYALTYPOINTINC_11_16_2004-EX-10.2-RESELLER AGREEMENT.PDF,test
211,"ln addition, the Franchisee shall furnish an annual financial statement for the Franchisee and not merely the Franchised Restaurant, which statement shall be certified by a Certified Public Accountant or equivalent.",No,INTERNATIONALFASTFOODCORP_04_04_1997-EX-99-FRANCHISE AGREEMENT.PDF,test
212,"Save the event of gross negligence or willful misconduct, if any claims arise by the SENDER such as the loss of profit, this shall not exceed twenty five percent (25%) of the value that ECOPETROL is obliged to indemnify the SENDER under this numeral 11.2(d) of the Contract hereof.",No,GRANTIERRAENERGYINC_05_07_2012-EX-10.6-TRANSPORTATION CONTRACT.PDF,test
213,Dynamex agrees not to provide sameday delivery services for any other provider of next day or multiple day courier services.,No,DYNAMEXINC_06_06_1996-EX-10.4-TRANSPORTATION SERVICES AGREEMENT.PDF,test
214,"Each of Astellas and FG shall retain its records for the minimum period of time required by applicable law in all cases, and for not less than [ * ] following the expiration or termination of this Agreement.",No,FIBROGENINC_10_01_2014-EX-10.11-COLLABORATION AGREEMENT.PDF,test
215,"WYZZ shall maintain replacement cost casualty and liability insurance and property insurance on all of its assets and properties used and useful in the operation of WYZZ-TV, general liability insurance and workers compensation insurance in such amounts and on such terms and conditions that are ordinary and customary in the broadcast industry and that are reasonably acceptable to Nexstar.",No,NEXSTARFINANCEHOLDINGSINC_03_27_2002-EX-10.26-OUTSOURCING AGREEMENT.PDF,test
216,"However, the Company will have the right to dispose of its inventory of Products existing at the time of termination or expiration of this Agreement and the right to use the name, likeness, image and personal identification of the Professional in connection with the disposition of such inventory.",No,WOMENSGOLFUNLIMITEDINC_03_29_2000-EX-10.13-ENDORSEMENT AGREEMENT.PDF,test
217,"EXCEPT IN CONNECTION WITH A BREACH OF ARTICLE XIII OF THIS AGREEMENT AND WITH THE EXCEPTION OF THE INDEMNIFICATION OBLIGATIONS OF THE PARTIES UNDER ARTICLE X, IN NO EVENT SHALL EITHER PARTY BE LIABLE TO THE OTHER PARTY OR ANY OTHER PERSON OR ENTITY FOR ANY INDIRECT, INCIDENTAL, CONSEQUENTIAL, SPECIAL, PUNITIVE, EXEMPLARY, OR EXTRA-CONTRACTUAL DAMAGES OF ANY KIND WHATSOEVER ARISING FROM OR CONNECTED WITH THIS AGREEMENT, INCLUDING, BUT NOT LIMITED TO, LOST PROFITS, LOST REVENUES, OR LOSS OF BUSINESS, REGARDLESS OF LEGAL THEORY, WHETHER OR NOT FORESEEABLE, EVEN IF EITHER PARTY HERETO HAS BEEN ADVISED OF THE POSSIBILITY OR PROBABILITY OF SUCH DAMAGES AND EVEN IF THE REMEDIES OTHERWISE PROVIDED BY THIS AGREEMENT FAIL OF THEIR ESSENTIAL PURPOSE.",No,DigitalCinemaDestinationsCorp_20111220_S-1_EX-10.10_7346719_EX-10.10_Affiliate Agreement.pdf,test
218,"It is understood that Company may not use the Duval Identification in connection with any items for sale or resale, other than Company Products as specified herein.",No,MOSSIMOINC_04_14_2000-EX-10.14-ENDORSEMENT AGREEMENT.PDF,test
219,"Each party acknowledges and agrees that (i) all copyrights and trademarks used in connection herewith that are owned by a party shall be and remain the sole and complete property of such party; (ii) the other party shall not at any time acquire or claim any right, title or interest of any nature whatsoever in any such copyright or trademark by virtue of this Agreement; (iii) the other party shall not contest or assist others to contest the validity of all such copyrights and trademarks; and (iv) it will not incur or create any expenses chargeable to the other party.",No,PapaJohnsInternationalInc_20190617_8-K_EX-10.1_11707365_EX-10.1_Endorsement Agreement.pdf,test
220,"No party to this Agreement may assign its rights or delegate its obligations under this Agreement, whether by operation of law or otherwise, and any assignment in contravention hereof shall be null and void.",No,ALLISONTRANSMISSIONHOLDINGSINC_12_15_2014-EX-99.1-COOPERATION AGREEMENT.PDF,test
221,"In consideration for the licenses granted to Corio pursuant to Section 2 (except Section 2.5) of this Agreement, Corio shall pay the revenue sharing fees specified in EXHIBIT B hereto.",No,CHANGEPOINTCORP_03_08_2000-EX-10.6-LICENSE AND HOSTING AGREEMENT.PDF,test
222,"In each and every calendar year of this Agreement, CONSULTANT shall achieve a satisfactory record of play in a minimum of [* ****] professional golf association events on the SPGA and/or PGA tour (which shall include both the PGA and SPGA Tour Skins Games).",No,ADAMSGOLFINC_03_21_2005-EX-10.17-ENDORSEMENT AGREEMENT.PDF,test
223,"Either party may, at its election, assign this Agreement or any of its rights or delegate any of its obligations hereunder, in whole or in part, to any person, firm or corporation owning or acquiring all or a substantial portion of its assets, to any person, firm or corporation that is related to it as an affiliate,<omitted>subsidiary or otherwise, or to any person, firm or corporation into which or with it might merge or consolidate.",No,IntegrityMediaInc_20010329_10-K405_EX-10.17_2373875_EX-10.17_Co-Branding Agreement.pdf,test
224,"Except as otherwise detailed in this Agreement, the Parties acknowledge and agree that the Subject Program including without limitation the Deliverables and Documentation (collectively, the Works) are ""work made for hire"" in accordance with the U.S. Copyright Act, 17 U.S.C. § 101 et seq.",No,PelicanDeliversInc_20200211_S-1_EX-10.3_11975895_EX-10.3_Development Agreement2.pdf,test
225,"Within ninety (90) days of our receipt of your notice to renew, we will furnish you with written notice of: (i) reasons which could cause us not to grant a renewal to you including but not limited to any deficiencies which require correction and a schedule for correction by you; and (ii) our then-current requirements relating to the image, appearance, decoration, furnishing, equipping and stocking of Buffalo Wild Wings businesses, and a schedule for effecting upgrading or modifications in order to bring the Franchised Restaurant in compliance, as a condition of renewal. Renewal of the franchise shall be conditioned upon your compliance with such requirements and continued compliance with all the terms and conditions of this Agreement up to the date of termination of the initial term.",No,BUFFALOWILDWINGSINC_06_05_1998-EX-10.3-FRANCHISE AGREEMENT.PDF,test
226,"From time to time during the Term of this Agreement, upon reasonable advance notice, Contractor shall permit the Company and its agents, representatives, auditors and designees to visit, inspect and have full access, during normal business hours, to properties, assets, books, records, agreements, documents, data, files and personnel of Contractor.",No,CCAINDUSTRIESINC_04_14_2014-EX-10.1-OUTSOURCING AGREEMENT.PDF,test
227,The Parties shall provide civil liability insurance cover to their own personnel with respect to accidents and damages charged to them.,No,"KIROMICBIOPHARMA,INC_04_08_2020-EX-10.28-JOINT VENTURE AGREEMENT.PDF",test
228,"As reimbursement and payment for FG's historical and ongoing research and development expenditures with respect to pre-clinical and clinical development of Lead Compounds and as payment for the successful marketing and sales of the Lead Compound(s), Astellas agrees to make the following non-refundable, non-creditable (except as set forth in Section 14.3 below) reimbursement payments to FG upon the first occurrence of the Event specified below. EVENT AMOUNT Upon receipt of [ * ] aggregate annual Net Sales achieved for the first time in the Astellas Territory for all indications and Lead Compounds by Astellas and its Affiliates and Sublicensees. U.S. [ * ]",No,FIBROGENINC_10_01_2014-EX-10.11-COLLABORATION AGREEMENT.PDF,test
229,"Upon TPH-A's or TPH's exercise of the Call Option, AFSL/FSL shall be obliged to sell, or cause the holder of the Call Shares to sell, the Call Shares to TPH-A or its designee in accordance with this Section 9.2. For the avoidance of doubt, the Call Option is the right of TPH-A and TPH-A is not obliged to exercise the Call Option.",No,"TRANSPHORM,INC_02_14_2020-EX-10.12(1)-JOINT VENTURE AGREEMENT.PDF",test
230,"The initial term of the Services, unless terminated as set out herein, shall continue up to and including 28 February 2000 (""the Initial Term"").",No,HEALTHGATEDATACORP_11_24_1999-EX-10.1-HOSTING AND MANAGEMENT AGREEMENT (1).pdf,test
231,"Subject to the other provisions contained herein, this AGREEMENT shall be for a term of thirty (30) years from the Effective Date, which shall automatically renew from year-to-year thereafter unless terminated by a Party upon sixty (60) days' written notice after the end of the term.",No,STWRESOURCESHOLDINGCORP_08_06_2014-EX-10.1-COOPERATION AGREEMENT.PDF,test
232,The Company shall have the right at its sole discretion to alter the cover provided or any term of any insurance scheme or to cease to provide (without replacement) any insurance scheme or cover at any time.,No,WPPPLC_04_30_2020-EX-4.28-SERVICE AGREEMENT.PDF,test
233,A minimum of: 12-D Java Game in connection with the initial theatrical release 1 3-D Java Game in connection with the DVD release 5 Java Applications ('Screensavers') (2 3-D Screensavers and 3 2-D Screensavers) in connection with the initial theatrical release 5 MMS 10 Wallpapers 5 Voicetones,No,GluMobileInc_20070319_S-1A_EX-10.09_436630_EX-10.09_Content License Agreement1.pdf,test
234,"NEITHER PARTY WILL BE LIABLE TO THE OTHER FOR DAMAGES OF ANY KIND, INCLUDING WITHOUT LIMITATION INCIDENTAL OR CONSEQUENTIAL DAMAGES, DAMAGES FOR THE LOSS OF GOODWILL, PROSPECTIVE PROFITS OR ANTICIPATED INCOME, OR DAMAGES RESULTING FROM ANY EXPENDITURES, INVESTMENTS, LEASES OR COMMITMENTS MADE BY EITHER PARTY ON ACCOUNT OF THE TERMINATION OR EXPIRATION OF THIS AGREEMENT IN ACCORDANCE WITH ITS TERMS.",No,SFGFINANCIALCORP_05_12_2009-EX-10.1-SOFTWARE LICENSE AND MAINTENANCE AGREEMENT.PDF,test
235,"The cost of storage, monitoring (including any on-going analytical analysis), and insurance before shipment shall be borne by [* * *].",No,ParatekPharmaceuticalsInc_20170505_10-KA_EX-10.29_10323872_EX-10.29_Outsourcing Agreement.pdf,test
236,"During the period ending on the fifth anniversary of the expiration of the fiscal year during which the closing of the transactions contemplated hereby occurs, the Company will furnish to the Agent (i) as soon as publicly available, a copy of each report or other document of the Company furnished generally to stockholders of the Company or furnished to or filed with the Commission under the Exchange Act or any national securities exchange or system on which any class of securities of the Company is listed, and (ii) from time to time, such other information concerning the Company as the Agent may reasonably request.",No,ALLIANCEBANCORPINCOFPENNSYLVANIA_10_18_2006-EX-1.2-AGENCY AGREEMENT.PDF,test
237,"This Agreement shall be governed and construed in accordance with the internal laws of the State of Texas, without giving effect to principles of conflict of laws.",No,GAINSCOINC_01_21_2010-EX-10.41-SPONSORSHIP AGREEMENT.PDF,test
238,"The right of first refusal granted hereunder may not be assigned or transferred, except that such right is assignable by SMBC to any of its respective Wholly-Owned Subsidiaries.",No,MOELIS&CO_03_24_2014-EX-10.19-STRATEGIC ALLIANCE AGREEMENT.PDF,test
239,Bank of America reserves the right to expand the scope of the controls to be covered in any SAS70-Type II audit report prepared during the Term.,No,CardlyticsInc_20180112_S-1_EX-10.16_11002987_EX-10.16_Maintenance Agreement1.pdf,test
240,This Agreement shall take effect on the date of signature of the Agreement by both parties and shall terminate when all obligations required of both parties hereunder are performed unless either terminated earlier or extended by the parties pursuant to the terms of this Agreement subject to clause 4.0.<omitted>25/05/2008,No,"PAXMEDICA,INC_07_02_2020-EX-10.12-Master Service Agreement.PDF",test
241,"NOTWITHSTANDING ANYTHING IN THIS AGREEMENT TO THE CONTRARY, NEITHER PARTY SHALL BE LIABLE TO THE OTHER PARTY FOR SPECIAL, INDIRECT, CONSEQUENTIAL, PUNITIVE, OR EXEMPLARY DAMAGES SUFFERED BY SUCH PARTY RESULTING FROM OR ARISING OUT OF THIS AGREEMENT OR THE BREACH THEREOF OR UNDER ANY OTHER THEORY OF LIABILITY, WHETHER TORT, NEGLIGENCE, STRICT LIABILITY, BREACH OF CONTRACT, WARRANTY, INDEMNITY, OR OTHERWISE, INCLUDING, WITHOUT LIMITATION, LOSS OF USE, INCREASED COST OF OPERATIONS, LOSS OF PROFIT OR REVENUE, OR BUSINESS INTERRUPTIONS.",No,SANDRIDGEENERGYINC_08_06_2009-EX-10.6-OPERATIONS AND MAINTENANCE AGREEMENT.PDF,test
242,"During the term of this Agreement and for a period of two years after the expiration date of this Agreement, HDI shall not participate in any project similar to the Site on the Internet from which products substantially similar to Deerskin Products (including, without limitation, the products of Wilson's House of Leather, Excelled and and companies similar to Wilson's House of Leather and Excelled) are offered for sale to consumers on the Internet.",No,AMERICASSHOPPINGMALLINC_12_10_1999-EX-10.2-SITE DEVELOPMENT AND HOSTING AGREEMENT.PDF,test
243,"Subject to Clause 11.6. SEV will indemnify and keep DCL indemnified in full against all Liabilities arising directly or indirectly in connection with: 11.5.1 any Employment Costs arising in relation to the Contracted Period in relation to the Employees;<omitted>11.5.2 the employment or termination of employment by SEV of any of the Employees (whether or not terminated by notice and, if so terminated, whenever that notice expires); and 11.5.3 any act, omission or default of SEV in respect of the employment by SEV of the Employees.",No,SMITHELECTRICVEHICLESCORP_04_04_2012-EX-10.26-FLEET MAINTENANCE AGREEMENT.PDF,test
244,"Further, subject to Section 17(c), neither Party shall not be liable to the other Party for any lost revenue, lost profit or lost savings.",No,EhaveInc_20190515_20-F_EX-4.44_11678816_EX-4.44_License Agreement_ Reseller Agreement.pdf,test
245,"EXCEPT FOR INDEMNIFICATION OBLIGATIONS DUE TO LIABILITIES TO THIRD PARTIES, NOTWITHSTANDING ANY PROVISION CONTAINED IN THIS AGREEMENT TO THE CONTRARY, NO PARTY TO THIS AGREEMENT WILL BE LIABLE TO ANY OTHER PARTY TO THIS AGREEMENT FOR ANY INCIDENTAL, INDIRECT, SPECIAL, CONSEQUENTIAL OR PUNITIVE DAMAGES (INCLUDING DAMAGES FOR LOSS OF USE, POWER, BUSINESS GOOD WILL, REVENUE OR PROFIT, NOR FOR INCREASED EXPENSES, OR BUSINESS INTERRUPTION) ARISING OUT OF OR RELATED TO THE PERFORMANCE OR NON PERFORMANCE OF THIS AGREEMENT UNLESS THE DAMAGES AROSE DUE TO A PARTY'S GROSS NEGLIGENCE OR WILLFUL BREACH OF THIS AGREEMENT.",No,"VNUE,INC_07_10_2015-EX-10.1-SPONSORSHIP AGREEMENT.PDF",test
246,"After the bad debt provisions and the part allocated to the fee collection agent are deducted from the total revenue, Party B will obtain 70% of the remaining revenue (total revenue * (1 - bad debt rate) * (1 - sharing percentage for fee collection channel) * 70%).",No,IDREAMSKYTECHNOLOGYLTD_07_03_2014-EX-10.39-Cooperation Agreement on Mobile Game Business.PDF,test
247,Certificates of Insurance evidencing all coverages described in this Section shall be furnished to Customer upon request.,No,OFGBANCORP_03_28_2007-EX-10.23-OUTSOURCING AGREEMENT.PDF,test
248,"During the term of this Agreement, Detto shall have the right to use and reproduce the Trademarks in connection with Detto's marketing, advertising, promotion and distribution of Qwik-Fix Pro.",No,"ADIANUTRITION,INC_04_01_2005-EX-10.D2-RESELLER AGREEMENT.PDF",test
249,"The term of this Agreement shall commence on the Services Commencement Date and remain effective for ten (10) years (the ""Initial Term"") unless terminated in accordance with its terms.",No,"SPIENERGYCO,LTD_03_09_2011-EX-99.5-OPERATIONS AND MAINTENANCE AGREEMENT.PDF",test
250,"Without limiting the foregoing, Consultant agrees to use his or her best efforts (A) to segregate Consultant's<omitted>Services performed under this Agreement from Consultant's work done for any other companies for whom Consultant is providing services so as to minimize any questions of disclosure of, or rights under, any inventions, (B) to notify the Company if at any time the Consultant believes that such questions may result from his or her performance under this Agreement and (C) to assist the Company in fairly resolving any questions in this regard which may arise.",No,"KIROMICBIOPHARMA,INC_05_11_2020-EX-10.23-CONSULTING AGREEMENT.PDF",test
251,Such certificate shall state that said policy or policies will not be canceled or altered without at least thirty (30) days prior written notice to Pretzel Time and shall reflect proof of payment of premiums.,No,MRSFIELDSORIGINALCOOKIESINC_01_29_1998-EX-10-FRANCHISE AGREEMENT.PDF,test
252,"Except as otherwise expressly provided under this Agreement, neither Party may assign or otherwise transfer this Agreement or any right or obligation hereunder (whether voluntarily, by operation of law or otherwise), without the prior express written consent of the other Party; except however, that either Party shall be permitted to effect such an assignment or transfer without the consent of the other Party to (a) any of its Affiliates or (b) in connection with a sale of all or substantially all of its assets to which this Agreement relates, whether by merger, acquisition, asset sale, stock purchase, or otherwise, but in any event subject to Bioeq's ability to terminate this Agreement in accordance with Section 15.2.9 (for the avoidance of doubt, such termination right pursuant to Section 15.2.9 shall apply mutatis mutandis in case of assignment of the Agreement to a Competitor in all cases listed under subsection (b) above)",No,CoherusBiosciencesInc_20200227_10-K_EX-10.29_12021376_EX-10.29_Development Agreement.pdf,test
253,"DIALOG may sublicense the foregoing license rights to Manufacturing Subcontractors solely to the extent necessary and appropriate for them to manufacture, assemble, test and provide support for the Products.",No,ENERGOUSCORP_03_16_2017-EX-10.24-STRATEGIC ALLIANCE AGREEMENT.PDF,test
254,"During the Term and subject to the terms, conditions and limitations of this Agreement, Client hereby grants EFS, a limited, non-transferable, non-assignable (without any right to sublicense) world-wide license to use the Internet location or resource designators (URLs, domain names, etc.) set forth in Part B of Exhibit 1 hereto, and/or to the extent approved in advance in writing by Client, as the case may be, modifications thereof (the ""Licensed Domain Names""), as the domain name(s) and Internet locators/designators for the Websites during the Term.",No,PlayboyEnterprisesInc_20090220_10-QA_EX-10.2_4091580_EX-10.2_Content License Agreement_ Marketing Agreement_ Sales-Purchase Agreement1.pdf,test
255,The frequency of such audits as well as the response time with respect to audit findings shall be governed by the Quality Agreement.,No,ParatekPharmaceuticalsInc_20170505_10-KA_EX-10.29_10323872_EX-10.29_Outsourcing Agreement.pdf,test
256,"Each of us waives any right to or claim of punitive, exemplary, multiple, or consequential damages against the other in litigation and agrees to be limited to the recovery of actual damages sustained.",No,PfHospitalityGroupInc_20150923_10-12G_EX-10.1_9266710_EX-10.1_Franchise Agreement1.pdf,test
257,FIIOC may terminate this Agreement at any time upon ninety (90) days' written notice to Company.,No,NYLIACVARIABLEANNUITYSEPARATEACCOUNTIII_04_10_2020-EX-99.8.KK-SERVICE AGREEMENT.PDF,test
258,Neither this Agreement nor any right hereunder or interest herein may be assigned or transferred by Consultant without the express written consent of Company.,No,"KIROMICBIOPHARMA,INC_05_11_2020-EX-10.23-CONSULTING AGREEMENT.PDF",test
259,"Subject to the terms and conditions of this Agreement, as of the Distribution Date, Nuance hereby grants to SpinCo and the members of the SpinCo Group a worldwide, non-exclusive, fully paid-up, perpetual and irrevocable, transferable (subject to ARTICLE VIII), sublicensable (subject to Section 3.01(g)) license under the Nuance Patents, solely to the extent that claims of the Nuance Patents cover products or services of the SpinCo Business in the SpinCo Field of Use, together with natural extensions and evolutions thereof, in each case to make, have made, use, sell, offer for sale, import and otherwise exploit such products and services, together with natural extensions and evolutions thereof.",No,CerenceInc_20191002_8-K_EX-10.4_11827494_EX-10.4_Intellectual Property Agreement.pdf,test
260,The audits shall be conducted upon reasonable advance notice during regular business hours at HEMISPHERX's principal office and in such a manner as not to unduly interfere with HEMISPHERX's operations.,No,"HEMISPHERX - Sales, Marketing, Distribution, and Supply Agreement.PDF",test
261,"Recipient hereby assigns and agrees to assign all Recipient's rights in any Intellectual Property to the Company. Recipient hereby grants to the Company power of attorney for the purpose of assigning all Recipient's rights in Intellectual Property to the Company for the purposes of filings, registrations and other formalities deemed necessary by the Company to prosecute, protect, perfect or exploit its ownership and interests in Intellectual Property. Recipient further agrees to execute, acknowledge and deliver any documentation, instruments, specifications or disclosures necessary to assign, prosecute, protect, perfect or exploit the Company ownership of Intellectual Property.",No,WOMENSGOLFUNLIMITEDINC_03_29_2000-EX-10.13-ENDORSEMENT AGREEMENT.PDF,test
262,"Upon the death of the Employee, proceeds shall be paid in one sum to the Owner, its successors or assigns, to the extent of its interest in the Policy as described in the Agreement.",No,PrudentialBancorpInc_20170606_8-K_EX-10.4_10474434_EX-10.4_Endorsement Agreement.pdf,test
263,Reseller must have a minimum of five (5) of its sales staff participate in the sales and marketing training in the first 6 months of this agreement.,No,"OASYSMOBILE,INC_07_05_2001-EX-10.17-OUTSOURCING AGREEMENT.PDF",test
264,"This IP Agreement will be binding upon and inure to the benefit of the Parties hereto and their respective successors and permitted assigns, but will not be assignable or delegable by any Party without the prior written consent of the other Party.",No,"GSITECHNOLOGYINC_11_16_2009-EX-10.2-INTELLECTUAL PROPERTY AGREEMENT between SONY ELECTRONICS INC. and GSI TECHNOLOGY, INC..PDF",test
265,This Agreement is governed by and construed in accordance with the laws of the State of Virginia.,No,SteelVaultCorp_20081224_10-K_EX-10.16_3074935_EX-10.16_Affiliate Agreement.pdf,test
266,"In the event that (i) TouchStar elects not to enter into a new agreement with Reseller pursuant to Section 8.2 or (ii) Reseller terminates this Agreement in accordance with the provisions of Section 8.3, Reseller shall retain all Customer Agreements with Customers and TouchStar shall continue to provide Support Services under such Customer Agreements for the remaining term of such Customer Agreements.",No,WORLDWIDESTRATEGIESINC_11_02_2005-EX-10-RESELLER AGREEMENT.PDF,test
267,Neither this Agreement nor any of the rights of any of the parties under this Agreement shall be assigned without thewritten consent of all the parties.,No,"CORALGOLDRESOURCES,LTD_05_28_2020-EX-4.1-CONSULTING AGREEMENT.PDF",test
268,"THE VALIDITY, CONSTRUCTION AND ENFORCEABILITY OF THIS AGREEMENT SHALL BE GOVERNED BY THE LAWS OF THE STATE OF MINNESOTA, WITHOUT GIVING EFFECT TO CONFLICT OF LAWS PRINCIPLES THEREOF.",No,SUNTRONCORP_05_17_2006-EX-10.22-MAINTENANCE AGREEMENT.PDF,test
269,"Upon the expiry of this Agreement, this Agreement may be renewed automatically for one year (but can only be renewed once) if neither Party raises objection.",No,IDREAMSKYTECHNOLOGYLTD_07_03_2014-EX-10.39-Cooperation Agreement on Mobile Game Business.PDF,test
270,"With respect to Exhibit 1, the Individual Study Budget shall be the one associated with the Minimum Enrollment Target (as defined in Exhibit 1), and in the event that the Parties move to the Maximum Enrollment Target (as defined in Exhibit 1) then this table shall be applied to the incremental additional patients as if the incremental additional patients constitute their own protocol/budget.",No,"IOVANCEBIOTHERAPEUTICS,INC_08_03_2017-EX-10.1-STRATEGIC ALLIANCE AGREEMENT.PDF",test
271,"In the event the Licensor declines or fails to exercise in full the Right of First Refusal before the expiration of the Exercise Period, the Licensee shall have the right to consummate the transaction with the third party.",No,SFGFINANCIALCORP_05_12_2009-EX-10.1-SOFTWARE LICENSE AND MAINTENANCE AGREEMENT.PDF,test
272,"This Agreement, which is in English, shall be governed by and construed in accordance with the laws of the State of California without regard to the conflicts of laws principles thereof.",No,StaarSurgicalCompany_20180801_10-Q_EX-10.37_11289449_EX-10.37_Distributor Agreement.pdf,test
273,"SpinCo agrees that it will not (i) oppose, challenge, petition to cancel, contest or threaten in any way, or assist another party in opposing, challenging, petitioning to cancel, contesting or threatening in any way, any application or registration by Nuance or its Affiliates or their respective licensees for any Nuance IP, (ii) engage in any act, or purposefully omit to perform any act, that impairs or adversely affects the rights of Nuance or any member of the Nuance Group in and to any Nuance IP or (iii) apply for any registration (including federal, state and national registrations) with respect to the Nuance IP.",No,CerenceInc_20191002_8-K_EX-10.4_11827494_EX-10.4_Intellectual Property Agreement.pdf,test
274,"D2 may audit such records by engaging an independent public audit firm, approved in advance by Licensee, upon thirty days written notice, provided that (i) no more than one such audit may be made in any twelve month period, (ii) D2 may only audit LICENSEE's records for a particular time period once, and (iii) D2 shall be responsible for ensuring that the auditor executes and abides by LICENSEE's confidentiality agreement.",No,SUMMAFOURINC_06_19_1998-EX-10.3-SOFTWARE LICENSE AND MAINTENANCE AGREEMENT.PDF,test
275,"In order to operate your Franchised Business under this Agreement, we hereby license use of such data back to you, at no additional cost, solely for the term of this Agreement and for your use in connection with operating the Franchised Business.",No,"GOOSEHEADINSURANCE,INC_04_02_2018-EX-10.6-Franchise Agreement.PDF",test
276,"The term (the ""Term"") shall commence on November 1, 2007 and end on October 31, 2008 (unless terminated earlier in accordance with the General Provisions).",No,RUBIOSRESTAURANTSINC_03_31_2008-EX-10.75-SPONSORSHIP AGREEMENT.PDF,test
277,"This Agreement takes effect upon its acceptance and execution by AIRSOPURE in the State of Texas, and shall be interpreted and construed under the laws of the State of Texas.",No,AIRTECHINTERNATIONALGROUPINC_05_08_2000-EX-10.4-FRANCHISE AGREEMENT.PDF,test
278,"Neither party may<omitted>assign or otherwise transfer this Agreement to any person or entity without the other's written consent, such consent not to be unreasonably withheld or delayed; provided that the withholding of consent of assignment to a competitor of the other party shall be deemed reasonable.",No,"OASYSMOBILE,INC_07_05_2001-EX-10.17-OUTSOURCING AGREEMENT.PDF",test
279,"In the event that the Agreement expires or is terminated for any<omitted>reason other than termination pursuant to Section 16.a.v, the parties shall continue to jointly own Payment-Eligible User Data in accordance with Section 6.a.",No,InvendaCorp_20000828_S-1A_EX-10.2_2588206_EX-10.2_Co-Branding Agreement.pdf,test
280,"At no time during or after the term of this Agreement will the Distributor challenge or assist others to challenge JRVS Trademarks or the registration thereof or attempt to register any trademarks, marks or trade names confusingly similar to those of JRVS. T",No,ImineCorp_20180725_S-1_EX-10.5_11275970_EX-10.5_Distributor Agreement.pdf,test
281,"IN NO EVENT SHALL DELTATHREE BE LIABLE TO PRIMECALL FOR ANY SPECIAL, INCIDENTIAL OR CONSEQUENTIAL DAMAGES, INCLUDING, WITHOUT LIMITATION, LOSS OF PROFITS, REVENUES OR DATA WHETHER BASED ON BREACH OF CONTRACT, TORT OR OTHERWISE, WHETHER OR NOT PRIMECALL HAS BEEN ADVISED OF THE POSSIBILITY OF SUCH DAMAGE.",No,DeltathreeInc_19991102_S-1A_EX-10.19_6227850_EX-10.19_Co-Branding Agreement_ Service Agreement.pdf,test
282,"This Agreement shall continue in force for a term of twelve (12) months from the Effective Date, unless terminated earlier under the provisions of this Article 8 (the ""Term""); PROVIDED that TouchStar shall have the right to terminate this Agreement at any time after the Effective Date upon not less than fifteen (15) days' prior written notice to Reseller.",No,WORLDWIDESTRATEGIESINC_11_02_2005-EX-10-RESELLER AGREEMENT.PDF,test
283,"During the Term, neither Nantz Communications nor Nantz shall enter into any activity, employment, independent contract, or other business arrangement which conflicts with Nantz Communications' or Nantz's obligations under this Agreement or perform any service which reasonably appears to be an endorsement of the sportswear apparel, hats and shoes of a third party without the Company's prior written approval.",No,"ASHWORTHINC_01_29_1999-EX-10.(D)-PROMOTION AGREEMENT AND NANTZ COMMUNICATIONS, INC..PDF",test
284,"At the request of Medica from time to time, Vapotherm shall famish Medica with certification of insurance evidencing that insurance and shall endeavour to provide at least [* * *] Business Days prior written notice to Medica of any cancellation of or decrease in the amount of coverage provided by any such policy.",No,"VAPOTHERM, INC. - Manufacturing and Supply Agreement.PDF",test
285,"SFJ acknowledges and agrees that, as required by the AZ License, MedImmune shall own and retain all right, title and interest in and to any and all AstraZeneca Product Improvements, AstraZeneca Product Know-How and AstraZeneca Product Patents.",No,PhasebioPharmaceuticalsInc_20200330_10-K_EX-10.21_12086810_EX-10.21_Development Agreement.pdf,test
286,"Except as expressly provided in Section 3(a), Affiliate shall not have the right (i) to subdistribute or otherwise sublicense the Service, or (ii) to transmit or otherwise distribute the Service by any technology (other than Broadcast Television), or on an interactive, time- delayed, ""video-on-demand"" or similar basis.",No,TubeMediaCorp_20060310_8-K_EX-10.1_513921_EX-10.1_Affiliate Agreement.pdf,test
287,"If Company does not give Annual Notice pursuant to Section 3.1 hereof, Distributor may, within 90 days of modification, improvement or alteration, return the Products to the Company.",No,LIMEENERGYCO_09_09_1999-EX-10-DISTRIBUTOR AGREEMENT.PDF,test
288,"The Investor agrees to deliver to the Agent, from time to time, promptly following Agent's request therefor, a sworn affidavit or other evidence reasonably acceptable to the Agent substantiating that the Investor has committed capital in an aggregate minimum amount equal to $5,000,000 less the sum of all Required Capital Contributions (if any) actually made by the Investor during the term of this Agreement.",No,SUNTRONCORP_05_17_2006-EX-10.22-MAINTENANCE AGREEMENT.PDF,test
289,"To ensure that a backup facility will be available in<omitted>case of such a failure, VIP will maintain disaster and/or business interruption insurance adequate to establish alternate site processing, as provided for in paragraph 12(A) of this Agreement.",No,BNLFINANCIALCORP_03_30_2007-EX-10.8-OUTSOURCING AGREEMENT.PDF,test
290,"AJR shall not take any action or suffer any action to occur, whether taken by the Team or others, which could result in an adverse impact on XC, its Licensed Materials and the goodwill associated therewith as a result of this Agreement.",No,XYBERNAUTCORP_07_12_2002-EX-4-SPONSORSHIP AGREEMENT.PDF,test
291,"If either Party has received a Third Party Offer that it intends to accept (the ""Offer""), such Party (the ""Selling Party"") shall notify the other Party (the ""Offeree"") of the Offer, which notice shall include a copy of the Offer and any other information necessary to enable the Offeree to evaluate reasonably the Offer and the potential purchaser.",No,IGENEBIOTECHNOLOGYINC_05_13_2003-EX-1-JOINT VENTURE AGREEMENT.PDF,test
292,Customer acknowledges that the Termination for Convenience Fee and the Termination for Cause Fee are each a reasonable approximation of such damages and shall be deemed to be liquidated damages and not a penalty.,No,TRICITYBANKSHARESCORP_05_15_1998-EX-10-OUTSOURCING AGREEMENT.PDF,test
293,"Licensee shall, within [***] ([***]) days of the effective date of termination of the Agreement at the latest (and at no cost to Bioeq if this Agreement is terminated by Bioeq pursuant to Sections 15.2.1, 15.2.2, 15.2.3, 15.2.4, 15.2.8 or 15.2.9, or by Licensee pursuant to Section 15.2.5, or at Bioeq's cost and expense if this Agreement is terminated by Licensee pursuant to Sections 15.2.1, 15.2.6, 15.2.7 or 15.2.8, as applicable) transfer and assign to Bioeq or its designee all of Licensee's right, title and interest in and to any and all Biologics License Applications and Biologics License Application Approvals controlled by Licensee for the Licensed Products in the Field in the Territory as of the effective date of such termination, including any and all documentation pertaining to such filings and Biologics License Application Approvals (provided that the physical or electronic transfer of files and documentation in connection with such transfer and assignment of rights may occur after such [***] ([***]) day period without being deemed a breach of this Section 15.3.2 by Licensee)",No,CoherusBiosciencesInc_20200227_10-K_EX-10.29_12021376_EX-10.29_Development Agreement.pdf,test
294,Vendor shall maintain commercial general liability (CGL) insurance with a limit of not less than $1 million each occurrence.,No,"CURAEGISTECHNOLOGIES,INC_05_26_2010-EX-1-CORPORATE SPONSORSHIP AGREEMENT.PDF",test
295,Each party shall keep accurate and complete books and records as they relate hereto for the greater of three years from the Effective Date or two years from the termination or expiration of the Term.,No,GluMobileInc_20070319_S-1A_EX-10.09_436630_EX-10.09_Content License Agreement1.pdf,test
296,Such license shall also include Zogenix's agreement to use Commercially Reasonable Efforts to enable Distributor to establish manufacturing capability for the Product in or for the Territory at Distributor's cost.,No,ZogenixInc_20190509_10-Q_EX-10.2_11663313_EX-10.2_Distributor Agreement.pdf,test
297,Owner shall engage an auditor for this purpose no later than 45 days after the end of each fiscal year.,No,SANDRIDGEENERGYINC_08_06_2009-EX-10.6-OPERATIONS AND MAINTENANCE AGREEMENT.PDF,test
298,"With each delivery of Software to Bank of America hereunder, Supplier shall deliver to Bank of America the Source Code for all Software and for all Updates, Upgrades and new releases of the Software.",No,CardlyticsInc_20180112_S-1_EX-10.16_11002987_EX-10.16_Maintenance Agreement1.pdf,test
299,"This Agreement may be terminated by Honeywell at any time, in its sole discretion, prior to the Distribution; provided, however, that this Agreement shall automatically terminate upon the termination of the Separation Agreement in accordance with its terms.",No,GarrettMotionInc_20181001_8-K_EX-2.4_11364532_EX-2.4_Intellectual Property Agreement.pdf,test
300,"Thereafter, the Maintenance Term shall automatically renew for successive period, 12 months, on the terms and conditions of this Agreement unless Bank of America terminates Maintenance Services pursuant to this Agreement.",No,CardlyticsInc_20180112_S-1_EX-10.16_11002987_EX-10.16_Maintenance Agreement4.pdf,test
301,"Any assignment or attempted assignment by either Party in violation of the terms of this Section 13.5 is null, void and of no legal effect.",No,SigaTechnologiesInc_20190603_8-K_EX-10.1_11695818_EX-10.1_Promotion Agreement.pdf,test
302,"If the Publishers exercise their right to renew, the term of the Services shall be extended by one further year, up to and including 28 February 2001.",No,HEALTHGATEDATACORP_11_24_1999-EX-10.1-HOSTING AND MANAGEMENT AGREEMENT (1).pdf,test
303,"In addition, if any such inspection reveals an underpayment of more than five percent (5%) for the period under audit, Corio shall reimburse Changepoint for the reasonable cost of the examination.",No,CHANGEPOINTCORP_03_08_2000-EX-10.6-LICENSE AND HOSTING AGREEMENT.PDF,test
304,Charterer shall not be permitted to sublet the use of any vessels to any third party.,No,MARTINMIDSTREAMPARTNERSLP_01_23_2004-EX-10.3-TRANSPORTATION SERVICES AGREEMENT.PDF,test
305,"Distributor will give Airspan thirty (30) days' prior, written notice of each new potential representation role being considered by Distributor, and Distributor will not undertake such representation without Airspan's prior, written consent, such consent not to be unreasonably withheld.",No,AIRSPANNETWORKSINC_04_11_2000-EX-10.5-Distributor Agreement.PDF,test
306,"In reliance upon the application and information furnished by the Franchisee, and subject to the terms and conditions contained in this Agreement, BKC grants to the Franchisee a license to use the Burger King System and the Burger King Marks in the operation of a Burger King Restaurant at that Location.",No,INTERNATIONALFASTFOODCORP_04_04_1997-EX-99-FRANCHISE AGREEMENT.PDF,test
307,"In addition, upon Bioeq's request, Licensee shall notify the competent Regulatory Authority of such transfer, supply Bioeq with all documents already prepared by Licensee or its Affiliates for the filing of applications in relation to the Licensed Products with any Regulatory Authority and/or apply for the closing of any such application.",No,CoherusBiosciencesInc_20200227_10-K_EX-10.29_12021376_EX-10.29_Development Agreement.pdf,test
308,"Each Party will have the right, upon reasonable notice to the other Party, to visit any location where RESEARCH PROJECT activities are conducted for the purposes of evaluating RESEARCH PROJECT progress and outcomes, and particularly to make observations of any plants in growth chambers, greenhouses or fields that are a part of a RESEARCH<omitted>PROJECT.",No,"CERES,INC_01_25_2012-EX-10.20-Collaboration Agreement.PDF",test
309,"For each Day during the Term, (i) Transporter agrees to provide Firm Service on the Transportation System for Customer Gas delivered to the Transportation System in a quantity not to exceed Customer's Firm Service Gas for such Day, and Interruptible Service for all quantities in excess of Customer's Firm Service Gas for such Day, and deliver to Customer, or for the account of Customer, at the applicable Points of Delivery, Equivalent Quantities of Customer Gas received at the Points of Receipt, and (ii) Customer, or its designee, shall accept such Equivalent Quantities of Customer Gas at the Points of Delivery.",No,PenntexMidstreamPartnersLp_20150416_S-1A_EX-10.4_9042833_EX-10.4_Transportation Agreement.pdf,test
310,"Notwithstanding Section 4.6.2 and any obligations according to law, for a period of 10 years following Installation of a System, Accuray will provide to Customer, without charge, Safety Updates with respect to any hardware or software included in the System.",No,ACCURAYINC_09_01_2010-EX-10.31-DISTRIBUTOR AGREEMENT.PDF,test
311,"No party may assign its rights or delegate its obligations hereunder, either in whole or in part, without the prior written consent of the other party, other than an assignment by Sonos or IAC of its rights and obligations hereunder to a wholly-owned subsidiary.",No,"Sonos, Inc. - Manufacturing Agreement .PDF",test
312,"THE PROVISIONS OF SECTION 10.1 (""E.PIPHANY INTELLECTUAL PROPERTY INDEMNITY"") STATE THE ENTIRE LIABILITY AND OBLIGATION OF E.PIPHANY, AND THE EXCLUSIVE REMEDY OF HSNS, WITH RESPECT TO ANY ACTUAL OR ALLEGED INFRINGEMENT OF ANY PATENT, COPYRIGHT, TRADE SECRET, TRADEMARK OR OTHER INTELLECTUAL PROPERTY RIGHT BY THE APPLICATION OR ANY PART THEREOF. THIS LIMITATION OF LIABILITY APPLIES NOTWITHSTANDING ANY FAILURE OF THE ESSENTIAL PURPOSE OF THE EXCLUSIVE REMEDIES.",No,"OASYSMOBILE,INC_07_05_2001-EX-10.17-OUTSOURCING AGREEMENT.PDF",test
313,"SEV shall be liable for any damage caused to the Premises by its employees, agents, sub-contractors and invitees.",No,SMITHELECTRICVEHICLESCORP_04_04_2012-EX-10.26-FLEET MAINTENANCE AGREEMENT.PDF,test
314,"Each Party shall maintain (a) comprehensive general liability insurance (including without limitation, coverage for bodily injury, personal injury, property damage, casualty loss and contractual and trademark liability); and (b) product liability insurance, providing full indemnification and defense against claims, liabilities, damages, demands and causes of action, alleged or actual, arising out of any defects in or use of the Product under this Agreement (including manufacturing, design, warning, or instruction claims), in such amounts as it customarily maintains for similar products and activities, but in no event less than $5,000,000 per individual claim and $10,000,000 in the aggregate",No,KitovPharmaLtd_20190326_20-F_EX-4.15_11584449_EX-4.15_Manufacturing Agreement.pdf,test
315,Neither party shall assign any of its rights or obligations hereunder without the prior written consent of the other party.,No,GAINSCOINC_01_21_2010-EX-10.41-SPONSORSHIP AGREEMENT.PDF,test
316,"If you fail to improve your performance under such standards by at least ten percent (10%), and fail to meet or exceed the performance of the lowest twenty-five percent (25%) of all franchised Goosehead Businesses operating under the System in each subsequent fiscal quarter we may, in our discretion, place your agency in default status, which may result in termination pursuant to Section 17.3 below.",No,"GOOSEHEADINSURANCE,INC_04_02_2018-EX-10.6-Franchise Agreement.PDF",test
317,"All such photographs shall be deemed Playboy Content for purposes of this Agreement, for which EFS shall have a license to use during the Term solely in connection with the Playboy Commerce Business and as is necessary to promote the Websites.",No,PlayboyEnterprisesInc_20090220_10-QA_EX-10.2_4091580_EX-10.2_Content License Agreement_ Marketing Agreement_ Sales-Purchase Agreement1.pdf,test
318,This agreement will be governed by and must be construed in accordance with the laws of the State of Israel,No,REWALKROBOTICSLTD_07_10_2014-EX-10.2-STRATEGIC ALLIANCE AGREEMENT.PDF,test
319,"No party may assign any of its rights, obligations or privileges (except by operation of law or other corporate reorganization) hereunder without the prior written consent of the other party, which shall not be unreasonable withheld, provided, that any party shall have the right to assign its rights, obligations and privileges hereunder to a successor in business or an acquirer of all or substantially all of its business or assets to which this Agreement pertains without obtaining the consent of the other party.",No,SUMMAFOURINC_06_19_1998-EX-10.3-SOFTWARE LICENSE AND MAINTENANCE AGREEMENT.PDF,test
320,"Merchant shall deliver to Purchaser certificates evidencing such insurance setting forth the duration thereof and naming Purchaser as an additional named insured, in form reasonably satisfactory to Purchaser.",No,BONTONSTORESINC_04_20_2018-EX-99.3-AGENCY AGREEMENT.PDF,test
321,"Subject to this Section 4.8 and to applicable Legal Requirements, Depomed shall have the right to use Depomed Trademarks, and include the name ""Depomed,"" ""AcuForm,"" or any variation thereof on the Promotional Materials developed by Depomed in accordance with this Agreement.",No,KINGPHARMACEUTICALSINC_08_09_2006-EX-10.1-PROMOTION AGREEMENT.PDF,test
322,The Software Publisher and element 5 are authorized to revoke the license granted to the Affiliate at any time by written notice.,No,SouthernStarEnergyInc_20051202_SB-2A_EX-9_801890_EX-9_Affiliate Agreement.pdf,test
323,"HERC may not assign, transfer, sublicense or delegate any of its rights hereunder or delegate its obligations hereunder without the prior written consent of HSI, and any such purported assignment, transfer, sublicense or delegation, in the absence of such consent, shall be void and without effect.",No,"HERTZGLOBALHOLDINGS,INC_07_07_2016-EX-10.4-INTELLECTUAL PROPERTY AGREEMENT.PDF",test
324,"An insuring Party must deliver the following written evidence of the required insurance coverage to the other Party (Attention: Risk Management), or its designated insurance monitoring service, within ten (10) of written request and at least thirty (30) days in advance of the expiration of a then current policy term (if a declaration or endorsement is not available from an insurer at the time requested or required, an insuring Party will provide them as soon as the declaration or endorsement is available from the insurer): i. Certificate of insurance confirming that the required insurance coverage and minimal limits are met for the extended, renewed or replacement policy term. ii. Declaration pages of insurance policy (or a copy of the binder until the declaration pages are available) confirming that the required insurance coverage and minimal limits are met for the extended, renewed or replacement policy term. iii. Copies of additional insured endorsements required for applicable policies in the name and for the benefit of: ""[NAME OF OTHER PARTY], its parent, subsidiaries and affiliates; any lessors of the foregoing and any mortgagees, deed of trust beneficiaries and secured creditors of such lessors; and any successors and assignees of all of the foregoing."" iv. Copies of alternate employer endorsements and waiver of subrogation endorsements required for applicable policies in the name and for the benefit of: """"[NAME OF OTHER PARTY], its parent, subsidiaries and affiliates; any lessors of the foregoing and any mortgagees, deed of trust beneficiaries and secured creditors of such lessors; and any successors and assignees of all of the foregoing.""",No,ReynoldsConsumerProductsInc_20191115_S-1_EX-10.18_11896469_EX-10.18_Supply Agreement.pdf,test
325,This Agreement shall be terminable (a) by the Licensor<omitted>(ii) upon sixty (60) days' written notice by the Licensor to the Licensee or (b) by the Licensee<omitted>(ii) upon sixty (60) days' written notice by the Licensee to the Licensor.,No,NmfSlfIInc_20200115_10-12GA_EX-10.5_11946987_EX-10.5_Trademark License Agreement.pdf,test
326,"Any purported assignment or transfer shall be null and void and shall constitute a material breach of this Agreement, for which we may immediately terminate without opportunity to cure pursuant to Section 10.2.3 of this Agreement.",No,SoupmanInc_20150814_8-K_EX-10.1_9230148_EX-10.1_Franchise Agreement1.pdf,test
327,"At the request of Recipient, Provider shall provide to Recipient and its Affiliates reasonable access to Provider's applicable Personnel and records with respect to the amount charged in connection with any Service so that Recipient may confirm that the pass through costs incurred by Provider or, to the extent such Service is provided on an hourly basis, information related to hours worked in connection with such Service, are commensurate with the amount charged to Recipient for such Service.",No,ReynoldsConsumerProductsInc_20200121_S-1A_EX-10.22_11948918_EX-10.22_Service Agreement.pdf,test
328,"This Agreement will be governed by and interpreted in accordance with the local laws of the State of Washington, U.S.A., without regard to its conflicts of law provisions and not including the provisions of the 1980 U.N. Convention in Contracts for the International Sale of Goods.",No,EUROPEANMICROHOLDINGSINC_03_06_1998-EX-10.6-DISTRIBUTOR AGREEMENT.PDF,test
329,STW shall administer and provide all necessary and reasonable insurance to insure its activities on the Property in relation to the AGREEMENT and shall list COFS as additional insured.,No,STWRESOURCESHOLDINGCORP_08_06_2014-EX-10.1-COOPERATION AGREEMENT.PDF,test
330,"Distributor shall not do anything which is contrary to or which in Erchonia's reasonable business judgment is harmful to its honor, goodwill or reputation.",No,InnerscopeHearingTechnologiesInc_20181109_8-K_EX-10.6_11419704_EX-10.6_Distributor Agreement.pdf,test
331,"Upon request from Bank of America, Supplier shall provide to Bank of America (or a Representative designated by Bank of America) access to such Records for the purpose of auditing such Records during normal business hours.",No,CardlyticsInc_20180112_S-1_EX-10.16_11002987_EX-10.16_Maintenance Agreement1.pdf,test
332,"Except as otherwise set forth herein, neither Party shall transfer, assign or cede any rights or delegate any obligations hereunder, in whole or in part, whether voluntarily or by operation of law, without the prior written consent of the other Party,<omitted>which consent may be withheld at the other Party's reasonable business discretion; provided, however, that VerticalNet may transfer this Agreement without the prior written consent of LeadersOnline to an Affiliate of VerticalNet, or to the surviving Party in a merger or consolidation, or to a purchaser of all or substantially all of its assets.",No,LeadersonlineInc_20000427_S-1A_EX-10.8_4991089_EX-10.8_Co-Branding Agreement.pdf,test
333,Performance Insurance Policy Four thousand forty seven millions of Colombian pesos ($4.047.000.000),No,GRANTIERRAENERGYINC_05_07_2012-EX-10.6-TRANSPORTATION CONTRACT.PDF,test
334,"This Agreement shall commence on the Commencement Date and shall continue for a term of ten (10) years, unless previously terminated in accordance with Clause 15 (Termination).",No,"WASTE2ENERGYHOLDINGS,INC_06_03_2010-EX-10.2-STRATEGIC ALLIANCE AGREEMENT.PDF",test
335,"In the event that the Minimum Royalty is met in any applicable Year, (i) EFS shall not be permitted to carry over any overages into the next Year and (ii) EFS will not be eligible for any refund from any Minimum Royalty or Royalty previously owed or paid to Client.",No,PlayboyEnterprisesInc_20090220_10-QA_EX-10.2_4091580_EX-10.2_Content License Agreement_ Marketing Agreement_ Sales-Purchase Agreement1.pdf,test
336,"This Agreement shall automatically renew beyond the Initial Term for successive one (I) year terms (each, a ""Renewal Term""), unless a Party provides the other with written notice of termination at least one hundred eighty (180) days prior to the expiration of the Initial Term or the then-current Renewal Term.",No,VitalibisInc_20180316_8-K_EX-10.2_11100168_EX-10.2_Hosting Agreement.pdf,test
337,"In addition, Co-Host agrees to allow NAI's independent auditors to audit and analyze appropriate accounting records of Co-Host from time to time (but not more than one every six (6) months) to ensure compliance with all terms of this Agreement.",No,BEYONDCOMCORP_08_03_2000-EX-10.2-CO-HOSTING AGREEMENT.PDF,test
338,"use of controlled substances, except as prescribed by a licensed medical professional in the treatment of illness or disease;",No,WOMENSGOLFUNLIMITEDINC_03_29_2000-EX-10.13-ENDORSEMENT AGREEMENT.PDF,test
339,"Neither party may assign this Agreement, in whole or in part, without the other party's written consent (which will not be unreasonably delayed or withheld), except that no such consent will be required in connection with an assignment or transfer of this Agreement to (a) a party's successor in connection with a Change in Control of such party, provided that such successor is not a competitor of the other party, or (b) to any entity that is<omitted>controlled by, under common control with, or controls a party.",No,EdietsComInc_20001030_10QSB_EX-10.4_2606646_EX-10.4_Co-Branding Agreement.pdf,test
340,"Garman hereby grants to Sparkling, a perpetual, fully paid, non-exclusive license entitling Sparkling to use and reproduce the Codes deposited with it pursuant to Section (a) to change, update, add to, or substitute the Codes, the Software or any part thereof, limited to Sparkling's needs for the use and improvement of the Software or Sparkling's operations, provided that Sparkling shall only be entitled to utilize such license if Sparkling terminates this Agreement pursuant to Section 17(c) due to Garman's default, or if Garman ceases to support the Software as required pursuant to this Agreement.",No,SPARKLINGSPRINGWATERHOLDINGSLTD_07_03_2002-EX-10.13-SOFTWARE LICENSE AND MAINTENANCE AGREEMENT.PDF,test
341,"Within thirty (30) days following the conclusion of each Contract Year Quarter, Company shall deliver to Pey Dirt an itemized statement setting forth the total shipments of Endorsed Products during said Contract Year Quarter and, at the same time, shall pay to Pey Dirt a royalty with respect to such shipments as hereinafter provided.",No,WARNINGMANAGEMENTSERVICESINC_12_10_1999-EX-10-ENDORSEMENT AGREEMENT.PDF,test
342,"If MBE notifies the Company of its intent to so renew prior to the end of such initial term or such Renewal Period, the term of this Agreement shall automatically be extended for the Renewal Period and, other than the Fee Schedule, all of the terms and conditions of this Agreement shall remain in full force and effect.",No,StampscomInc_20001114_10-Q_EX-10.47_2631630_EX-10.47_Co-Branding Agreement.pdf,test
343,This Agreement shall be governed by and construed in accordance with the internal laws of the State of Ohio.,No,TALCOTTRESOLUTIONLIFEINSURANCECO-SEPARATEACCOUNTTWELVE_04_30_2020-EX-99.8(L)-SERVICE AGREEMENT.PDF,test
344,"If there are less than sixty (60) months remaining in the Term on the date of termination, you will pay us Liquidated Damages in an amount calculated by dividing the sum of the Monthly Royalty Fees due to us under this Agreement for the prior twenty-four (24) month period by twenty-four (24) and then multiplying the resulting sum by the number of months remaining in the Term.",No,"HOSPITALITYINVESTORSTRUST,INC_04_07_2014-EX-10.26-FRANCHISE AGREEMENT.PDF",test
345,"NEITHER PARTY SHALL HAVE ANY LIABILITY TO THE OTHER PARTY FOR ANY LOST PROFITS OR SPECIAL, INCIDENTAL, INDIRECT OR CONSEQUENTIAL DAMAGES, EVEN IF SUCH PARTY HAS BEEN ADVISED OF THE POSSIBILITY OF SUCH DAMAGES.",No,MERITLIFEINSURANCECO_06_19_2020-EX-10.(XIV)-MASTER SERVICES AGREEMENT.PDF,test
346,The Auditing Party agrees that any information learned or disclosed by its auditor in connection with such audit is Confidential Information of the Audited Party.,No,AudibleInc_20001113_10-Q_EX-10.32_2599586_EX-10.32_Co-Branding Agreement_ Marketing Agreement_ Investment Distribution Agreement.pdf,test
347,"The term of this JSMA shall commence on May 1, 2020 (the ""Commencement Date"") and ends at April 30, 2029 (the ""Term""), with automatic renewals each for a period of five (5) years (a ""Renewal Term"") unless notice is given pursuant to 5.2.",No,VertexEnergyInc_20200113_8-K_EX-10.1_11943624_EX-10.1_Marketing Agreement.pdf,test
348,"You covenant and agree that during the term of this Agreement, and subject to the post-termination provisions contained herein, You shall not, except as otherwise approved in writing by AIRSOPURE, either directly or indirectly: A. Divert or attempt to divert any business or customer of the Franchise to any competitor, or competing business, by direct or indirect inducement or otherwise, or do or perform, directly or indirectly, any other act injurious or prejudicial to AIRSOPURE or the goodwill associated with the Licensed Marks and Products.",No,AIRTECHINTERNATIONALGROUPINC_05_08_2000-EX-10.4-FRANCHISE AGREEMENT.PDF,test
349,"TO THE MAXIMUM EXTENT PERMITTED BY APPLICABLE LAW, IN NO EVENT SHALL SUPPLIER BE LIABLE UNDER, OR OTHERWISE IN CONNECTION WITH, THIS AGREEMENT FOR: (A) ANY CONSEQUENTIAL, INDIRECT, SPECIAL, INCIDENTAL, OR PUNITIVE DAMAGES; (B) ANY LOSS OF PROFITS, LOSS OF BUSINESS, LOSS OF REVENUE, OR LOSS OF ANTICIPATED SAVINGS; (C) ANY LOSS OF, OR DAMAGE TO, DATA, REPUTATION, OR GOODWILL; AND/OR (D) THE COST OF PROCURING ANY SUBSTITUTE GOODS OR SERVICES.",No,HealthcareIntegratedTechnologiesInc_20190812_8-K_EX-10.1_11776966_EX-10.1_Reseller Agreement.pdf,test
350,"Subject to the terms and conditions of this Agreement, D2 hereby grants LICENSEE a perpetual non-exclusive, worldwide license, to use Licensed Technology in Object Code format only as an incorporated part of the Licensee Product.",No,SUMMAFOURINC_06_19_1998-EX-10.3-SOFTWARE LICENSE AND MAINTENANCE AGREEMENT.PDF,test
351,"During the term of this Agreement, and before any sponsorship or promotional activities are conducted under this Agreement, Company shall obtain and maintain at its expense, Commercial General Liability Insurance coverage with an insurance carrier with a Best's rating of A+.",No,FreezeTagInc_20180411_8-K_EX-10.1_11139603_EX-10.1_Sponsorship Agreement.pdf,test
352,"Subject to the terms and conditions of this Agreement, Changepoint hereby grants to Corio a nonexclusive, nontransferable (except in accordance with Section 14.1 of this Agreement) royalty-free, fully paid up right and license in the Territory, on Corio Servers, to make a reasonable number of copies of the Demonstration Software solely for demonstration purposes to potential Customers.",No,CHANGEPOINTCORP_03_08_2000-EX-10.6-LICENSE AND HOSTING AGREEMENT.PDF,test
353,"eBix represents, warrants and covenants that<omitted>(v)ebix shall not (a) hold itself out as having any proprietary rights with respect to the About Marks or (b) make any claim to ownership rights in the About Marks or challenge the About Marks or the registration thereof, or (c) attempt to register or cause to be registered the About Marks or create or use or attempt to register or cause to be registered any marks or trade names that are confusingly similar to the About Marks, or (d) use the About Marks hereunder without About's approval of such use.",No,EbixInc_20010515_10-Q_EX-10.3_4049767_EX-10.3_Co-Branding Agreement.pdf,test
354,"Net revenue from business operations created by Holding Company for the alliance will be distributed by Holding Company equally - 50/50 - to TKCI and SIC: SIC's original business concepts and plans, as well as opportunities brought to the table through its connections, and third-party contracts, are ways that we anticipate business could be generated, and revenues created; TKCI's advisory and management services and capital resources will provide the critical structure and business mechanism to carry concepts through to revenue.",No,"TURNKEYCAPITAL,INC_07_20_2017-EX-1.1-Strategic Alliance Agreement.PDF",test
355,"If MPL is in compliance with the terms and conditions of this Agreement, and Shipper decides to terminate this Agreement after the Effective Date but prior to the commencement of transportation service on the Pipeline, Shipper shall notify MPL of its decision to terminate within one hundred and eighty (180) days of the Project's in-service date to allow MPL the opportunity to provide Shipper's unwanted capacity to other interested shippers as Unsubscribed Capacity as set forth in Section 3.8.",No,MPLXLP_06_17_2015-EX-10.1-TRANSPORTATION SERVICES AGREEMENT.PDF,test
356,"DISTRIBUTOR acknowledges PPG SHANGHAI's exclusive right and interests in relation to the PPG Trademarks and further acknowledges that all copyrights, patent, utility model rights and all other industrial property rights of whatever kind used in or in connection with the Products are the sole and exclusive property of PPG SHANGHAI or PPG and that DISTRIBUTOR will not, whether during the Term of this appointment or after its expiry or termination, knowingly do or cause to be done any act or thing directly or indirectly, contest or in any way impair or attempting to impair PPG SHANGHAI or PPG's rights, titles or interests in the PPG Trademarks.",No,NEOMEDIATECHNOLOGIESINC_12_15_2005-EX-16.1-DISTRIBUTOR AGREEMENT.PDF,test
357,"PAPA JOHN'S shall not, during the Term or at any time thereafter, attack or challenge, or lend assistance to any third party in connection with an attack or challenge, of any right, title or interest of ABG in and to any Personality Rights (including, without limitation, copyrights, trademarks and/or patents), whether by way of: (i) an application for and/or an opposition against any intellectual property rights relating to the Personality Rights, (ii) adoption and/or application for and/or registration of any intellectual property rights (including, without limitation, domain names, business names, and social media accounts) that are confusingly similar to, that dilute, or that infringe, any of the Personality Rights, or (iii) any lawsuit, cancellation proceeding or action, or otherwise.",No,PapaJohnsInternationalInc_20190617_8-K_EX-10.1_11707365_EX-10.1_Endorsement Agreement.pdf,test
358,"Client and its nominees, employees, agents and representatives shall have the right to enter upon and inspect, at all reasonable hours of the day, any and all such location(s) and to take, without payment, individual samples of any of the EFS Produced Merchandise and the Materials as Client reasonably requires for the purposes of such inspection.",No,PlayboyEnterprisesInc_20090220_10-QA_EX-10.2_4091580_EX-10.2_Content License Agreement_ Marketing Agreement_ Sales-Purchase Agreement1.pdf,test
359,The occurrence of any one of the following events shall constitute a default under this Agreement requiring a 30 day notice period of termination by Pretzel Time to Franchisee:<omitted>(xi) Franchisee misuses Pretzel Time's Marks or asserts any interest in Pretzel Time's Marks; uses Pretzel Time's tradename or any part thereof as part to of its corporate name; does not cooperate in the enforcement of any Mark; or challenges or seeks to challenge the validity of the Marks;,No,MRSFIELDSORIGINALCOOKIESINC_01_29_1998-EX-10-FRANCHISE AGREEMENT.PDF,test
360,"Agent shall supply to Kallo the full business data of each customer as a qualified prospect and at the time of sale and shall, during this Agreement and while it is still responsible for its<omitted>Book of Business, and for a period of one year after the termination of this Agreement maintain records sufficient for Kallo to verify amounts due under this Agreement relating to the contracts, invoices, accounts, complaints, and other transactions relating to the placement and licensing of the Kallo Mobile care suite of products.",No,KALLOINC_11_03_2011-EX-10.1-STRATEGIC ALLIANCE AGREEMENT.PDF',test
361,"If we establish an Ad Fund, you agree to contribute to the Ad Fund a percentage of gross revenues of the Franchise in an amount we designate from time to time by notice to you, up to a maximum of two percent (2%) of the gross revenues of the Franchise",No,JOINTCORP_09_19_2014-EX-10.15-FRANCHISE AGREEMENT.PDF,test
362,"To the extent necessary to effect the foregoing in a country other than the United States, each Party grants to the other Party a nonexclusive, irrevocable, perpetual, fully-paid, worldwide license, with the right to grant sublicenses, under the granting Party's interest in Joint Program Technology, for any and all purposes, provided that RevMed's interest therein shall be subject to the other terms and conditions of this Agreement, including the exclusive licenses granted herein (during the Term) and all payment obligations.",No,RevolutionMedicinesInc_20200117_S-1_EX-10.1_11948417_EX-10.1_Development Agreement.pdf,test
363,"Upon termination of this Agreement for reasons other than a default by Shipper, pursuant to any provisions of this Agreement or any other termination of this Agreement initiated by Shipper pursuant to Section 5, Shipper shall have the right to require MPL to enter into a new transportation service agreement with Shipper that (a) is consistent with the terms and objectives set forth in this Agreement and (b) has commercial terms that are, in the aggregate, equal to or more favorable to Shipper than fair market value terms as would be agreed by similarly-situated parties negotiating at arm's length provided.",No,MPLXLP_06_17_2015-EX-10.1-TRANSPORTATION SERVICES AGREEMENT.PDF,test
364,"Prior to the IPO and during the term of the Strategic Alliance, Moelis General Partner shall not consent to a sale or transfer by a Partner of its Partnership Interests to an SMBC Competitor unless the Moelis General Partner caused the Partner proposing to sell or transfer its Partnership Interests to provide SMBC with a right to purchase, on the same terms and conditions, including price, all (but not less than all) of the Partnership Interests that such Partner proposes to sell or transfer to an SMBC Competitor.",No,MOELIS&CO_03_24_2014-EX-10.19-STRATEGIC ALLIANCE AGREEMENT.PDF,test
365,The Distributor will not challenge any intellectual property rights claimed by JRVS in such trademarks.,No,ImineCorp_20180725_S-1_EX-10.5_11275970_EX-10.5_Distributor Agreement.pdf,test
366,"In no way expanding the foregoing license, said license in no manner permits Vendor to (and Vendor hereby promises not to without the explicit prior written and signed consent of AT&T Intellectual Property, LLC (""ATTIP Consent"")) make use of any AT&T Provided Items, Paid- For Development or AT&T Intellectual Property Rights either for the benefit of any third party or other than as instructed in writing by AT&T (AT&T may be willing, in its sole discretion, to grant ATTIP Consent in exchange for appropriate additional compensation).",No,AtnInternationalInc_20191108_10-Q_EX-10.1_11878541_EX-10.1_Maintenance Agreement.pdf,test
367,"if the agreement is terminated during the Initial Term by PaperExchange pursuant to Section 8.2 [Termination for Cause], VerticalNet shall pay to PaperExchange, as liquidated damages, an amount equal to the product determined by multiplying (1) a fraction, the numerator of which shall be the number of days between the effective date of termination and the scheduled expiration date of the Initial Term, and the denominator of which shall be the number of days<omitted>between the Effective Date and the scheduled expiration date of the Initial Term, by (2) *****",No,PaperexchangeComInc_20000322_S-1A_EX-10.4_5202103_EX-10.4_Co-Branding Agreement.pdf,test
368,"Upon the License Option Exercise Closing Date, Harpoon (on behalf of itself and its Affiliates) hereby grants to AbbVie: (a) an exclusive (including with regard to Harpoon and its Affiliates, except as provided in Section 5.6) license (or sublicense), with the right to grant sublicenses in accordance with Section 5.3, under the Harpoon Patents, the Harpoon Know-How, and Harpoon's interests in the Joint Patents and the Joint Know-How, to Exploit the Licensed Compounds and Licensed Products in the Field in the Territory; (b) an exclusive (including with regard to Harpoon and its Affiliates, except as provided in Section 5.6) license and right of reference, with the right to grant sublicenses and further rights of reference in accordance with Section 5.3, under the Regulatory Approvals and any other Regulatory Documentation that Harpoon or its Affiliates may Control with respect to the Licensed Compounds or Licensed Products solely for purposes of Exploiting the Licensed Compounds and Licensed Products in the Field in the Territory.",No,HarpoonTherapeuticsInc_20200312_10-K_EX-10.18_12051356_EX-10.18_Development Agreement.PDF,test
369,"EXCEPT UNDER SECTIONS 15 AND 16, IN NO EVENT WILL EITHER PARTY BE LIABLE TO THE OTHER FOR ANY SPECIAL, INCIDENTAL OR CONSEQUENTIAL DAMAGES, WHETHER<omitted>BASED ON BREACH OF CONTRACT, TORT (INCLUDING NEGLIGENCE) OR OTHERWISE, WHETHER OR NOT THAT PARTY HAS BEEN ADVISED OF THE POSSIBILITY OF SUCH DAMAGE.",No,STAMPSCOMINC_06_24_1999-EX-10.18-SPONSORSHIP AGREEMENT.PDF,test
370,"This Agreement shall be construed and its provisions interpreted under and in accordance with the internal Laws of the State of Connecticut, without giving effect to principles of conflict or choice of laws of that or any other jurisdiction.",No,PHLVARIABLEINSURANCECOCT_08_17_2009-EX-10.1-STRATEGIC ALLIANCE AGREEMENT.PDF,test
371,"Subject to Fox's compliance with the terms and conditions of this Agreement, including its payment obligations in accordance with Section 7, Licensee hereby grants to Fox a limited, non-exclusive, non-transferable (except as permitted in Section 17(d)), right to distribute Licensee Materials (as defined in Paragraph 11 (c)) to VGSL and T-Mobile, solely as incorporated into Wireless Products, and to authorize VGSL and T-Mobile to distribute such Wireless Products to end users outside of the United States",No,GluMobileInc_20070319_S-1A_EX-10.09_436630_EX-10.09_Content License Agreement1.pdf,test
372,"Notwithstanding anything contained herein to the contrary, in the event that EKR is entitled to exercise its right to terminate this Agreement pursuant to Section 16.1(a), in addition to the right to terminate as provided therein and any other remedies EKR may have hereunder, PPI shall assist EKR in the transfer of the manufacture of the Products, including the Specifications from PPI to EKR or EKR's designee.",No,"PACIRA PHARMACEUTICALS, INC. - A&R STRATEGIC LICENSING, DISTRIBUTION AND MARKETING AGREEMENT .PDF",test
373,"Xencor shall have the right, upon [***] ([***]) days' prior written notice to Aimmune, to cause an independent, certified international public accounting firm reasonably acceptable to Aimmune or reasonably acceptable to its Affiliates or Sublicensees, as applicable, to audit such records during Aimmune's, or its Affiliate's or Sublicensees', as applicable, normal business hours to confirm the number of Product units sold, the gross sales and Net Sales of Product, the royalties payable, the method used to calculate the royalties payable, and the exchange rates used in accordance with Section 8.2",No,AimmuneTherapeuticsInc_20200205_8-K_EX-10.3_11967170_EX-10.3_Development Agreement.pdf,test
374,The initial term of the contracted agreement is 5 years from the commencement date.,No,ELANDIAINTERNATIONALINC_04_25_2007-EX-10.21-Outsourcing Agreement.PDF,test
375,"Changepoint grants to Corio a nonexclusive, nontransferable (except in accordance with Section 14.1 of this Agreement), royalty-free, fully paid-up license to install and use the Software, Documentation, and Software tools and utilities if any, for an unlimited number of Corio users, subject to any restrictions placed on the Changepoint by third party software providers and payment of any applicable fees required by such third parties, in machine executable object code for Corio's internal business purposes.",No,CHANGEPOINTCORP_03_08_2000-EX-10.6-LICENSE AND HOSTING AGREEMENT.PDF,test
376,"Constellation grants to the HOF Entities a nonexclusive, nontransferable, royalty-free license to use the marks set forth on Exhibit G (""Constellation's Marks"") in the United States or online throughout the Term solely in connection with the Sponsorship Rights, the advertising and promotion of the Village, including any musical, athletic or other live performance events at the Village, in connection with the name of the Center for Excellence and/or any Co-Branded Center for Excellence Logos and otherwise as expressly contemplated by this Agreement.",No,GpaqAcquisitionHoldingsInc_20200123_S-4A_EX-10.8_11951679_EX-10.8_Service Agreement.pdf,test
377,"NetGrocer may, upon no less than thirty (30) days prior written notice to Excite cause an independent Certified Public Accountant to inspect the records of Excite reasonably",No,NETGROCERINC_07_31_1998-EX-10.15-SPONSORSHIP AGREEMENT.PDF,test
378,The present maximum operating pressure at all reception points is 1440 psig.,No,ENERGYXXILTD_05_08_2015-EX-10.13-Transportation AGREEMENT.PDF,test
379,"Subject to the terms and conditions of this Agreement, Cisco Systems, Inc. or its subsidiary licensing the Software instead of Cisco Systems, Inc. (""Cisco""), grants to Customer a nonexclusive and nontransferable license to use for Customer's internal business purposes the Software and the Documentation for which Customer has paid the required license fees.",No,ScansourceInc_20190822_10-K_EX-10.38_11793958_EX-10.38_Distributor Agreement2.pdf,test
380,"TELKOM hereby grants SAP AFRICA the right of first refusal to any licence to, or assignment of, such TELKOM extension or TELKOM modification and TELKOM agrees not to dispose<omitted>of or license, its rights thereto to any third party for a consideration not less than, and upon other terms not less favourable than those initially offered to SAP AFRICA.",No,TELKOMSALTD_01_30_2003-EX-10-LICENCE AND MAINTENANCE AGREEMENT.PDF,test
381,"Licensed Technology incorporated in LICENSEE Product, together with Updates and New Versions thereof, are provided to LICENSEE's Customer under a non-exclusive worldwide license subject to the following terms:",No,SUMMAFOURINC_06_19_1998-EX-10.3-SOFTWARE LICENSE AND MAINTENANCE AGREEMENT.PDF,test
382,"Each Party agrees that in the event it violates the provisions of this Section 15.9, it will pay to the other Party as liquidated damages, and not as a penalty, an amount equal to one hundred times (100 X) of any such employee's then-current base annual salary.",No,"Zounds Hearing, Inc. - MANUFACTURING DESIGN MARKETING AGREEMENT.PDF",test
383,"The term of this Agreement commences on the Effective Date and continues in perpetuity, unless termination occurs pursuant to Sections 4.2 through 4.4.",No,MorganStanleyDirectLendingFund_20191119_10-12GA_EX-10.5_11898508_EX-10.5_Trademark License Agreement.pdf,test
384,"At the request of the other Party, each Party will, and will cause its Affiliates to, permit an independent public accounting firm of nationally recognized standing designated by the other Party and reasonably acceptable to the audited Party, at reasonable times during normal business hours and upon reasonable notice, to audit the books and records maintained pursuant to Section 7.7 (Financial and Other Records) solely to confirm the accuracy of all financial reports, invoices and payments made hereunder or Budget spending under an approved Workflow Development Plan.",No,"BERKELEYLIGHTS,INC_06_26_2020-EX-10.12-COLLABORATION AGREEMENT.PDF",test
385,Sekisui shall notify Qualigen at least one month in advance of a planned audit and Qualigen shall make reasonable efforts to accommodate the desired schedule.,No,RitterPharmaceuticalsInc_20200313_S-4A_EX-10.54_12055220_EX-10.54_Development Agreement.pdf,test
386,"The maximum liability of one Party to the other Party and its affiliates in relation to this Agreement will be [***] (""Liability Cap""), provided however that:<omitted>9.1.1 The Liability Cap will not apply to any (1) material confidentiality breach under Section 5, and/or (2) indemnification obligations under Section 7.1. 9.1.2 The Liability Cap will not apply to intentional misconduct and/or gross negligence.",No,"BELLRINGBRANDS,INC_02_07_2020-EX-10.18-MASTER SUPPLY AGREEMENT.PDF",test
387,"The Company agrees to provide and maintain, at its own expense, advertising and product liability insurance each with limits no less than $5,000,000 and within thirty (30) days from the date hereof, the Company will submit to Nantz Communications a fully paid policy or certificate of insurance naming Nantz Communications and Nantz as insured parties, requiring that the insurer shall not terminate or materially modify such without written notice to Nantz Communications at least twenty (20) days in advance thereof.",No,"ASHWORTHINC_01_29_1999-EX-10.(D)-PROMOTION AGREEMENT AND NANTZ COMMUNICATIONS, INC..PDF",test
388,"During the term of this Agreement, VIP shall provide BNL such access as necessary to the VIP System to allow BNL to attach one data communication line and up to seventy (70) addressable data communications devices to said VIP System.",No,BNLFINANCIALCORP_03_30_2007-EX-10.8-OUTSOURCING AGREEMENT.PDF,test
389,An entity may transfer its right to use a certain piece of Software to its Affiliate.,No,ScansourceInc_20190822_10-K_EX-10.38_11793958_EX-10.38_Distributor Agreement1.pdf,test
390,"Until the earlier of (i) termination of ENERGOUS' exclusivity obligations to the Key Customer set forth in Exhibit F (the ""Key Customer"") existing as of the Effective Date with respect to the following applications, or (ii) [***] that incorporates ENERGOUS wireless charging technology, or (iii) [***] and subject to the exceptions set out in Section 2.3, DIALOG will not be permitted to Sell Licensed Products for use in the following applications (the ""Excluded Applications""): (a) [***];<omitted>(b) [***]; (c) [***]; (d) [***]; and (e) [***] designed for use with any of the applications in paragraphs (a) to (d) of this Section 2.2.",No,ENERGOUSCORP_03_16_2017-EX-10.24-STRATEGIC ALLIANCE AGREEMENT.PDF,test
391,"Should MMI not supply the Services as agreed or should the Services become defective within 6 months from their delivery to Dragon Systems, Dragon Systems may at its option require MMI to complete or re-perform the Services within a reasonable period of time, rescind the contract or refuse payment of the compensation in part or in total, notwithstanding any damage claims.",No,DRAGONSYSTEMSINC_01_08_1999-EX-10.17-OUTSOURCING AGREEMENT.PDF,test
392,The auditing Party will furnish the audited Party with written notice at least [***] prior to the date that it desires to commence such audit.,No,"PHREESIA,INC_05_28_2019-EX-10.18-STRATEGIC ALLIANCE AGREEMENT.PDF",test
393,"Notwithstanding the MDDO at each Point of Delivery, Shipper shall not nominate a total quantity of natural gas at all Points of Delivery that exceeds the MDQ set forth in this Agreement.",No,ATMOSENERGYCORP_11_22_2002-EX-10.17-TRANSPORTATION SERVICE AGREEMENT.PDF,test
394,"This Agreement may be executed in one or more counterparts, all of which counterparts shall be considered one and the same agreement, and shall become effective when one or more counterparts have been signed by each Party and delivered to the other Party.",No,CerenceInc_20191002_8-K_EX-10.4_11827494_EX-10.4_Intellectual Property Agreement.pdf,test
395,"Columbia QA, any other person appointed by Columbia, Columbia's customer, and/or any Regulatory Authority may conduct inspections and audits of Fleet's manufacturing facility, Columbia Equipment, quality control laboratories, and other quality systems relating to the manufacture and storage of the Product according to Columbia's reasonable procedures upon reasonable prior written notice, during normal business hours, provided, however, that Columbia QA, any other person appointed by Columbia and/or any Regulatory Authority may conduct a ""For Cause"" audit during normal business hours upon three (3) business days prior written notice to Fleet.",No,"Columbia Laboratories, (Bermuda) Ltd. - AMEND NO. 2 TO MANUFACTURING AND SUPPLY AGREEMENT.PDF",test
396,"SCIEN agrees that it will not during the term of this Agreement, or thereafter, attack the title or any rights of HEMISPHERX in and to Interferon alfa-n3 (human leukocyte derived) or attack the validity of the license granted herein by HEMISPHERX and solely owned by HEMISPHERX.",No,"HEMISPHERX - Sales, Marketing, Distribution, and Supply Agreement.PDF",test
397,IBM shall have the right at all reasonable times to audit and inspect the consigned Products.,No,MANUFACTURERSSERVICESLTD_06_05_2000-EX-10.14-OUTSOURCING AGREEMENT.PDF,test
398,"If the Term is renewed as described in Section 2(b), Network and Affiliate will negotiate exclusively and in good faith concerning further renewal of this Agreement upon mutually-agreed terms and conditions; provided, that unless Network and Affiliate otherwise agree in writing, the exclusive negotiation period will end six (6) months before the expiration of the Term.",No,TubeMediaCorp_20060310_8-K_EX-10.1_513921_EX-10.1_Affiliate Agreement.pdf,test
399,"This Agreement is not assignable or transferable by either Party, in whole or in part, without the prior written consent of the other Party; provided, however that Premier may assign this Agreement in the event that Premier is sold, merged into or with another entity, or undergoes a ""change in control"".",No,BellringBrandsInc_20190920_S-1_EX-10.12_11817081_EX-10.12_Manufacturing Agreement1.pdf,test
400,The foregoing insurance policies shall name XSPA as the insured and Calm as additional insured (except for Workers' Compensation Insurance).,No,XpresspaGroupInc_20190401_10-K_EX-10.28_11599457_EX-10.28_Marketing Agreement.pdf,test
401,"For so long as the appointment set out in Section 2(a) is exclusive, CHT shall not enter into an agreement (a ""Competitive Transaction"") with any other Person related to the license, sub-license, sale, resale or provide service, solutions, goods or products, that are substantially similar to or competitive with the Ehave Companion Solution.",No,EhaveInc_20190515_20-F_EX-4.44_11678816_EX-4.44_License Agreement_ Reseller Agreement.pdf,test
402,A certificate of insurance evidencing such coverage shall be furnished to Duval within thirty (30) days of the full execution of this Agreement.,No,MOSSIMOINC_04_14_2000-EX-10.14-ENDORSEMENT AGREEMENT.PDF,test
403,"g) User Data will be owned by Client, and subject to the limitations contained herein, Client grants to Excite a non-exclusive license to use the User Data for the purposes of this Agreement.",No,VITAMINSHOPPECOMINC_09_13_1999-EX-10.26-SPONSORSHIP AGREEMENT.PDF,test
404,"All information, data documents and abstracts herein referred to shall be used only for the purpose of verifying payment obligations, shall be treated as the audited Party's Confidential Information subject to the obligations of this Agreement and need neither be retained more than [… ***…] after completion of an audit hereof, if an audit has been requested; nor more than […***…] from the end of the […***…] to which each shall pertain; nor more than […***…] after the date of termination of this Agreement.",No,"FOUNDATIONMEDICINE,INC_02_02_2015-EX-10.2-Collaboration Agreement.PDF",test
405,In the event of a termination in accordance to clause 5.2 it is agreed that both parties agree to unwind and minimize costs and exit the JSMA as soon as practicably possible not exceeding 120 days.,No,VertexEnergyInc_20200113_8-K_EX-10.1_11943624_EX-10.1_Marketing Agreement.pdf,test
406,Each party shall be responsible for maintaining Worker's Compensation insurance in the statutory amounts required by the applicable state laws.,No,ScansourceInc_20190822_10-K_EX-10.38_11793958_EX-10.38_Distributor Agreement1.pdf,test
407,The Agreement may be terminated by both Parties with a notification period of *** before the end of the Initial Term of the Agreement.,No,PareteumCorp_20081001_8-K_EX-99.1_2654808_EX-99.1_Hosting Agreement.pdf,test
408,The payments called for in Section 16.4 [Liquidated Damages] above constitute liquidated damages for causing the premature termination of this Agreement and not a penalty.,No,PfHospitalityGroupInc_20150923_10-12G_EX-10.1_9266710_EX-10.1_Franchise Agreement1.pdf,test
409,"Customer hereby grants to IBM, its Affiliates and Subcontractors all rights and licenses to, or agrees to promptly obtain and keep in effect Required Consents for all Customer Components, necessary for IBM to perform all of its obligations as set forth in this Agreement.",No,QuantumGroupIncFl_20090120_8-K_EX-99.2_3672910_EX-99.2_Hosting Agreement.pdf,test
410,This Agreement shall be construed in accordance with the laws of the District of Columbia.,No,AFSALABANCORPINC_08_01_1996-EX-1.1-AGENCY AGREEMENT.PDF,test
411,"Each Party shall purchase and maintain, at its own expense, the following insurance coverages: (a) cargo liability insurance, subject to a combined single limit of not less than One Hundred Thousand dollars ($100,000.00) inclusive per occurrence. The other Party shall be named as an additional insured and the policy shall contain a cross liability clause; (b) automobile, non-owned automobile, fleet, comprehensive general, public and property liability insurance with a limit of not less than Two Million dollars ($2,000,000.00) inclusive of bodily injury and property damage for any one occurrence arising out of one (1) cause. The policy shall cover all non-air operations, non-owned automobile, contractual liability and liability specifically assumed under this Agreement. The other party shall be named as an additional insured and the policy shall contain a cross liability clause;",No,DYNAMEXINC_06_06_1996-EX-10.4-TRANSPORTATION SERVICES AGREEMENT.PDF,test
412,"Except with regard to the foregoing joint Inventions or methods, each party hereby assigns to the other, by way of present and future assignment, all of the right, title and interest (including all Intellectual Property Rights therein) that it has or may have in any such Invention that is jointly Derived and that is subject to ownership by the other party.",No,SEASPINEHOLDINGSCORP_10_10_2018-EX-10.1-SUPPLY AGREEMENT.PDF,test
413,The following products are eligible for return and reimbursement: · Outdated Product: Product within two (2) months prior or six (6) months past expiration date and noted on product; AND · Product in its original container and bearing its original label.,No,"HEMISPHERX - Sales, Marketing, Distribution, and Supply Agreement.PDF",test
414,"The Dolphins and Hydron agree that they shall not, either during the term of this Agreement or thereafter, directly or indirectly, contest the validity of the other's Marks or any of the registrations pertaining thereto, in the United States or elsewhere, nor adopt the other's Marks or any term, word, mark or designation which is in any aspect confusingly similar to the other's Marks.",No,HYDRONTECHNOLOGIESINC_03_31_1997-EX-10.47-SPONSORSHIP AGREEMENT.PDF,test
415,"Without limiting the generality of the foregoing, such policy shall provide protection against any and all claims, demands, and causes of action arising out of any defects or failure to perform, alleged or otherwise, of the Products and Licensed Products or any material used in connection therewith or any use thereof.",No,MusclepharmCorp_20170208_10-KA_EX-10.38_9893581_EX-10.38_Co-Branding Agreement.pdf,test
