index,answer,text,document_name,split
0,Yes,"The Parties agree to use the Confidential Information solely in connection with the Transaction and not for any purpose other than as authorized by this Agreement without the prior written consent of an authorized representative of the Parties.  The Parties agree to ensure that all copyright products, such as source codes, system design data/architecture, and other proprietary information, disclosed during the engagement is protected from any misuse, alteration, modification, sharing, or transfer to any party without express permission of the Discloser.  Such data is provided for the sole use of the Parties, and limited for the use under this agreement. The Receiving Party agrees not to use the Confidential Information in any way, or to manufacture or test any product embodying Confidential Information, except for the purpose set forth above. ", 064-19 Non Disclosure Agreement 2019.pdf,train
1,Yes,"2. The Recipient undertakes not to use the Confidential Information for any purpose except the Purpose, without first obtaining the written agreement of the Discloser. ",118.3-Non-disclosure-agreement.pdf,train
2,Yes,3. The Receiving Party agrees that Confidential Information shall be used only for the purposes of facilitating the business relationship between the Parties.  ,130806ca141.pdf,train
3,Yes,"2.1  No Use: Recipient agrees not to use the Confidential Information in any way or under any circumstances share the same, in writing or through any other means, with any Third Party. ",1588052992CCTV%20Non%20Disclosure%20Agreement.pdf,train
4,No,"4. Recipient may use the Confidential Information solely for evaluation purposes in connection with Recipient business discussions with Discloser.  6. Freedom of Use. Notwithstanding anything to the contrary, Recipient shall be free to use for any purposes the Residuals resulting from access to or work with Discloser's Confidential Information.  However, the foregoing does not give Recipient the right to disclose (except as set forth in Section 3) the financial, statistical, or personnel information or the business plans of Discloser, and the foregoing shall not be deemed to grant to either party a license under the other party's copyright or patents.  The term ""Residuals"" means information which may be retained in non-tangible form by person who have had access to the Confidential Information, including without limitation general ideas, concepts, know-how or techniques contained therein.  Recipient certifies that the Confidential Information will only be used for the purposes expressly stated herein and will not be rented, leased, sold, sublicensed, assigned, or otherwise transferred.  ",1042282_0000893220-02-000791_e61414toexv99wxdywx1y.txt,train
5,No,"Further, the Receiving Party shall be free to use for any purpose the residuals resulting from access to or work with the Confidential Information of the Disclosing Party, provided that the Receiving Party shall not disclose the Confidential Information except as expressly permitted pursuant to the terms of this Agreement.  The term ""residuals"" means information in intangible form, which is retained in memory by persons who have had access to the Confidential Information, including ideas, concepts, know-how or techniques contained therein.  Furthermore, except as otherwise provided herein or in a separate subsequent written agreement between the parties, the receiver of the Feedback shall be free to use, disclose, reproduce, license or otherwise distribute, and exploit the Feedback provided to it as it sees fit, entirely without obligation or restriction of any kind on account of intellectual property rights or otherwise. ",1125892_0000950133-00-004441_w41075a1ex10-7.txt,train
6,No,(iii) either Party will be free to use for any purpose the residuals resulting from access to or work with Confidential Information disclosed hereunder.  ,802724_0001193125-15-331613_d96542dex99d5.htm,train
7,No,"Nothing in this Agreement shall be construed to limit either party’s ability to use “residuals” relating to the Evaluation Material of the other party.  The term “residuals” shall mean information included in the Evaluation Material in nontangible form (i.e., not written or other documentary form, including tape or disk), which is incidentally retained in the memories of employees of either party who have had access to the Evaluation Material, including ideas, know-how, or techniques contained therein, and where the source of the Evaluation Material has become remote (e.g., as a result of the passage of time or the employee’s subsequent exposure to information of a similar nature from other sources) that the employee in good faith believes that it is not Evaluation Material.  ",1001113_0000950134-07-005231_f27921orexv99wxdyx3y.htm,train
0,Yes,Receiver shall:  (ii) use the Confidential Information only for the purposes as expressly directed by VIDAR; and  ,18268-001%20Rev%20B%20Form%20Version%20in%20PDF.pdf,test
1,Yes,Treat it as confidential and make no copies thereof not disclose it to any third party without the prior written consent of The Business Partnership and use it solely for the purpose as agreed between parties ,41629_1.pdf,test
2,Yes,"3.1. In consideration of the Disclosing Party disclosing Confidential Information to the Receiving Party, the Receiving Party undertakes that it shall: b) not use or exploit the Confidential Information in any way except for the Purpose; ",5-NSK-Confidentiality-Agreement-for-Suppliers.pdf,test
3,Yes,"Subject to the terms of the NDA the Receiving Party hereby undertakes to the Disclosing Party: b) that it shall not make use of any part of the Confidential Information disclosed to it by the Disclosing Party, except for LOA purposes; ",54c808c1b20e4490b1300ad2ce3b9649.pdf,test
4,Yes,5.1. Recipient shall: 5.1.2. use Confidential Information only for the Project; ,59b1148ff6952b0001bdbedc_20170907_non%20disclosure%20agreement_expert.pdf,test
5,Yes,"In consideration of each Party agreeing to supply the other Party with Conﬁdential Information for the Purpose, and in consideration of the mutual undertakings set out herein the Parties each hereby separately agree and irrevocably undertake to each other that they will only use Conﬁdential Information for the Purpose and otherwise to act in accordance with the terms and conditions hereinafter contained. ",5bfbcabf0627e70bdcfc5b32_nda-ready4s.pdf,test
6,Yes,2. Both Parties shall III. use the Information only for the Business Purpose unless the Disclosing Party gives its prior written consent to such Information being used for some other agreed purpose; ,ADVANIDE-NON-DISCLOSURE-AGREEMENT.pdf,test
7,Yes,The CONFIDENTIAL INFORMATION  shall be used by the RECEIVING PARTY solely for the purpose of discussing AG Projects’ services and products. ,AGProjects-NDA.pdf,test
8,Yes,"The Receiving Party agrees – 3.5.1 not to utilise, exploit or in any other manner whatsoever use the Confidential Information for any purpose whatsoever whether for its own benefit or for that of others without the prior written consent of the Disclosing Party; The Receiving Party undertakes not to use the Confidential Information for any purpose other than – 5.1 that for which it is disclosed; ",AfriGIS_Client-NDA_Template_2019.pdf,test
9,Yes,"2. Borrower shall use the Information solely in its credit, risk management and net capital processes, including, without limitation, functions such as concentration limit monitoring, compliance or legal review, or senior management oversight as Borrower may reasonably deem necessary to comply with regulatory requirements including, without limitation, regulatory capital computation, regulatory reporting and concentration limit monitoring. ",Agency-Lending-Disclosure_A-Z-Guide_Appendix_Sample-Confidentiality-Agreements.pdf,test
10,Yes,"In consideration of the mutual disclosure of Confidential Information the Recipient Party undertakes:- (b) to use or apply the Confidential Information of the Disclosing Party solely for the Purpose and so as to determine whether or not and on what terms the Parties might wish to proceed; (c) not to use, copy, adapt, alter, disclose or part with possession of or apply the Confidential Information of the Disclosing Party for any other purpose or its own purposes other than as described in paragraph  ",Aspiegel_NDA_template.pdf,test
11,Yes,"All Confidential Information  (a) supplied by any employee, agent, consultant, or independent contractor of State (""State Representatives"") to the Recipient or any employee, agent, officer, director, shareholder, independent contractor or representative of the Recipient (collectively, the ""Recipient Representatives""),  (b) obtained by the Recipient or any Recipient Representatives from any documents, meetings or telephone conversations with any State Representatives or from books or records of State,  (c) obtained by the Recipient or any Recipient Representatives or in any other manner including through hosting the software evaluation on Recipient's website, or  (d) jointly or individually developed by State and/or Recipient shall be protected and maintained by the Recipient on a confidential basis and the Recipient shall not use any of the Confidential Information for any purposes (other than as permitted by this Agreement).  In addition to the foregoing, Recipient agrees to use reasonable and appropriate administrative, physical and technological safeguards to:  (i) prevent use or disclosure of the Confidential Information other than as provided for by this Agreement; and  ",Attachment B - Intent to Propose and Non-Disclosure Agreement.pdf,test
12,Yes,"The Contractor agrees that hereafter it shall  (ii) use the Confidential Information solely for the purpose of evaluating the possible procurement of Technology Services (and, if such procurement is made, for the purpose of performing such Technology Services).  ",Attachment%20J.2%20-%20Non-Disclosure%20Agreement%20-Technology%20Services.pdf,test
13,Yes,"2. The Contractor shall not, without the State’s prior written consent, copy, disclose, publish, release, transfer, disseminate, use, or allow access for any purpose or in any form, any Confidential Information except for the sole and exclusive purpose of performing under the Contract.  ",Attachment-I-Non-DisclosureAgreementContractor.pdf,test
14,Yes,"Subject to the other terms of this agreement, each of us agrees:  We will use and disclose the other's confidential information only for purposes of our business relationship with each other. ",BCG-Mutual-NDA.pdf,test
15,Yes,"In view thereof, the parties undertake that - 3.2 they will not, without the prior written consent of the disclosing party: 3.2.1 during the course of the negotiations and discussions referred to in 1 or at any time thereafter, directly or indirectly, use any of the confidential information, otherwise than for the purpose of such negotiations and discussions or for the implementation of any agreement resulting there from; ",BO115-07-non-disclosure-agreement.pdf,test
16,Yes,The Receiving Party may use the Confidential Information solely for the purposes of assessing the Target for purposes of the Proposed Transaction.  ,BT_NDA.pdf,test
17,Yes,"Receiving Party shall not, without the prior written approval of Disclosing Party, use for Receiving Party's benefit, publish, copy, or otherwise disclose to others, or permit the use by others for their benefit or to the detriment of Disclosing Party, any Confidential Information.  ",Basic-Non-Disclosure-Agreement.pdf,test
18,Yes,"2. The Receiving Party shall with regard to any Information disclosed pursuant to this Agreement by or on behalf of a Disclosing Party on or after the Effective Date: a. hold the Information in confidence and, except as is otherwise stated herein or agreed in writing by the Disclosing Party, shall not disclose or make available the Information by publication or otherwise to any third party (including for the avoidance of doubt, disclosure in any patent application or to any patent office) and shall use any Information disclosed to it pursuant to this Agreement only for carrying out the Purpose; ",Bio-FIP-EOI-NDA.pdf,test
19,Yes,"YOU AGREE WITH US: C) not to use the Confidential Information in whole or in part, either during or after the discussions relating to the Proposed Transaction, for any purpose apart from in connection with our discussions relating to the Proposed Transaction. ",Business-Sale-Non-Disclosure-Agreement.pdf,test
20,Yes,a. The receiving Party undertakes not to use the Information disclosed to it for any purpose except the Purpose.  ,CA-Nov14-Doc.5.14%20-%20Template%20Confidentiality%20Agreement.pdf,test
21,Yes,(a) Confidential Information of each party (“Disclosing Party”) may be used by the other party (“Receiving Party”) solely for the purpose of fulfilling obligatons and activities within the scope of the Parties mutual cooperation and must not be used for any other purpose (“Purpose”).  ,amc-general-mutual-non-disclosure-agreement-en-gb.pdf,test
22,Yes,The receiving party agrees: (b) not to use the disclosing party’s confidential information except in connection with the purpose; and ,annex-iii---nda-agreement..pdf,test
23,Yes,"Scope of Use. Recipient and each of its Representatives shall use Information disclosed by or on behalf of Disclosing Party solely in connection with the Purpose and shall not use, directly or indirectly, any Information for any other purpose without Disclosing Party’s prior written consent. ",appendix-g-nda-form.pdf,test
24,Yes,"The Seller/s and/or the Business/es shall retain ownership of all their Confidential Information and/or Confidential Materials, which shall be deemed to be lent to the Buyer for the Purpose only. ",buyer_profile.pdf,test
25,Yes,"Receiving Party agrees not to use, divulge, reproduce or otherwise make available the Confidential Information other than for the purposes of the Project and to disclose it only to its officers, agents, employees, partners, and professional advisors as necessary, who shall also be bound to comply with this Agreement. ",casino-nondisclosure-agmt.pdf,test
26,Yes,"The Receiving Party shall use the Confidential Information solely for the purpose of its internal evaluation.  The Receiving Party shall not make any other use, in whole or in part, of any such Confidential Information without the prior written consent of the respective Disclosing Party. The Receiving Party shall not use CEII, in whole or in part, for any purpose other than that for which the CEII was specifically provided, without the prior written consent of the respective Disclosing Party.  ",ceii-and-nda.pdf,test
27,Yes,"The Receiving Party shall not use the Confidential Information of the Disclosing Party for any purpose other than the Permitted Purpose and, subject to section 3.3, shall limit the disclosure of the Confidential Information of the Disclosing Party to Permitted Recipients. ",CON-NDA-PTL-01-2012-v1%20Non-Disclosure%20Agreement%20and%20Checklist.pdf,test
28,Yes,"4. The receiving Party hereby covenants that, during the validity period of this Agreement and for a period of five (5) years after its end or its termination, the Proprietary Information received from the disclosing Party shall: (c) not be used in whole or in part for any purpose other than the purpose of this Agreement as specified in the preamble and for the Project above without the prior written consent of the disclosing Party, ",Clause-de-non-divulgation.pdf,test
29,Yes,The Receiving Party agrees to: (f) Not use or utilize the Confidential Information without the express written consent of Disclosing Party; ,ConfidNonDisclosureAgree.pdf,test
30,Yes,"Accordingly, the Recipient hereby agrees that the Confidential Information will be used solely for the Permitted Purpose and not any other purpose. ",Confidentiality%20Agreement.pdf,test
31,Yes,"VENDOR, its employees, agents, contractors, and subcontractors shall use the Confidential Information solely in connection with performance by VENDOR of the services provided to UNIVERSITY and for no other purpose.  ",Confidentiality-and-Nondisclosure-Agreement-Template.pdf,test
32,Yes,"Recipient warrants that it will take all necessary cautions to prevent the unauthorized use, disclosure, publication or dissemination of Confidential Information.  ",ConfidentialityAgreement.pdf,test
33,Yes,"The Confidential Information (as defined in Section 2), whether transmitted orally, in writing or in any other form, and whether prepared by a Party or its employees, agents, advisors or other representatives, shall be preserved in strict confidence by the receiving Party, shall not be disclosed, disseminated or distributed by the receiving Party other than as expressly authorized herein, and shall be used exclusively for the purposes or transactions contemplated by this Agreement.  ",Confidentiality_Non-Disclosure_Agreement.pdf,test
34,Yes,"Additionally, Authorized Person agrees that the Authorized Person will use confidential information or reports generated from such confidential information only for the purpose stated in the first paragraph of this agreement. ",Confidentiality_and_Non-Disclosure_Agreement_Rev_10-20-16.pdf,test
35,Yes,3. It is agreed that the Information will be used by Customer only for the limited purpose of interconnecting a distributed generation system with Minnesota Power.  ,confidentiality-agreement.pdf,test
36,Yes,The Parties undertake: iv) to use the Confidential Information solely for the purpose set out in Section 1; ,confidentiality_agreement.pdf,test
37,Yes,3. The Receiving Party agrees not to use the Information in any other way than set forth in this Agreement. ,confidentialityandnondisclosureagreement.pdf,test
38,Yes,"The data provided to MDHHS will be used only for purposes of the Michigan Trauma Registry, consistent with Part 209 of the Public Health Code and the Michigan Administrative Code R 325.125 through 325.138. 1. Use and disclose the data only in accordance with this Agreement, or as otherwise authorized by law; 4. Use appropriate safeguards to prevent the use or disclosure of the information other than as provided by this Agreement; ",Data_Use_and_Non_Disclosure_Data_Disclosed_to_MDCH_Trauma_Registry_Final_465518_7.pdf,test
39,Yes,"2. The Receiving Party shall limit the possession and use of the Information to a “need-to-know” basis among its Representatives. 4. The Receiving Party agrees that the Information will be used solely for giving effect to the Business Under Discussion and further that it will not disclose to any person  (i) the Information and  (ii) the fact that the Information has been made available to the Receiving Party or that the Receiving Party have inspected any portion of the Information, for any reason or purpose whatsoever, unless the Providing Party has consented in writing to such disclosure or except as stated otherwise herein or as required by law, order, decree, regulation, or governmental agency request.  No modification, amendment or waiver of this Agreement shall be binding unless it is in writing and signed by each of the Parties.  ",eHandshake_Non_Disclosure_Agreement.pdf,test
40,Yes,2. All Confidential Information disclosed to the Recipient will be used solely for the Business Purpose and for no other purpose whatsoever.  This Agreement may not be amended except in writing signed by a duly authorized representative of the respective Parties.  ,Generic-NDA-Pitch-Deck-Fire.pdf,test
41,Yes,"In consideration of each party disclosing its Confidential Information to the other party for the Purpose, the Recipient must ensure that Confidential Information is:  only used for the Purpose; and ",ICTSC-NDA-General-MandA-signed.pdf,test
42,Yes,The Receiving Party agrees to retain the Material in confidence and not to use the Material for any purpose other than in accordance with the terms of this Agreement and of the Consortium Agreement. Any disclosure of the Data and/or Studies for the purposes of compliance with non-EU regulatory requirements that could result in public disclosure of the Data and/or Studies shall only be permissible after prior approval from the Steering Committee or the IMOA Executive Committee. ,"IMOA%20Molybdenum%20Consortium%20NDA%20Agreement%20amended%20Jan%2008,%20valid%20March%2009%20onwards.pdf",test
43,Yes,"1. In consideration of the disclosure of Proprietary Information by the Disclosing Party, the Receiving Party hereby agrees:  (iii) not to make any use whatsoever at any time of such Proprietary Information except to evaluate internally its relationship with the Disclosing Party, and ",LMS_Non_Disclosure_Agreement.pdf,test
44,Yes,"The Receiving Party shall not, without the prior written approval of the Disclosing Party in each instance or unless otherwise expressly permitted in this Agreement, use for its own benefit, publish or otherwise disclose to others, or permit the use by others for their benefit or to the detriment of the Disclosing Party, any of the Confidential Information.  This Agreement constitutes the sole understanding of the parties with respect to the subject matter hereof and may not be amended or modified except in writing signed by each of the parties hereto. ",MUTUAL_NDA.pdf,test
45,Yes,Each party shall not use the Confidential Information of the other party for any purpose except to evaluate and engage in discussions concerning a potential business relationship between the parties.  ,Mutual-Non-Disclosure-Agreement-Inventor-Product-Development-Experts-Inc..pdf,test
46,Yes,"2.1. A Receiving Party agrees: 2.1.2. to use the Confidential Information of the other solely in, and to the extent necessary for the Purpose and not to copy or use any Confidential Information of the other save to the extent necessary for the Purpose; ",mutual-non-disclosure-agreement.pdf,test
47,Yes,Each party may use the information received from the other party hereunder and may provide such information to its parent corporation or any other subsidiaries thereof and their respective employees as applicable for their use only in connection with the Business Purpose. This Agreement and any attachments hereto: i) are the complete and exclusive statement between the parties with respect to the protection of the confidentiality of the Information; and ii) supersede all related discussions and other communications between the parties; and iii) may only be modified in writing by authorised representatives of the parties. ,nda_9.pdf,test
48,Yes,"3. Recipient shall not, and shall cause its Representatives not to,  (b) use or permit any Confidential Information to be accessed or used for any purpose other than for the evaluation of the Purpose.  The disclosure or receipt of information pursuant hereto in no way obligates either Party to agree to any business transaction, whether or not relating to the Purpose. 10. Neither Party may assign, transfer or sell any of its rights under this Agreement, or delegate any of its obligations hereunder without the prior written consent of the other Party.  ",NDA-Template-Media-News-Group-inc.pdf,test
49,Yes,"The Recipient agrees and undertakes: [(c) that it will act in good faith at all times in relation to the Confidential Information, and will not use any of the Confidential Information for any purpose other than the Permitted Purpose.] ",NDA-Urban_Wind_Turbines.pdf,test
50,Yes,All disclosures of Confidential Information (whether written or oral) by Party One and Party Two shall  (c) be reproduced or used by Party Two only to the extent necessary to fulfill it’s obligations hereunder.  4. Use. Party One and Party  Two each agrees not to use the other party's Confidential Information for its own use or for any purpose except for the purpose described in Section 1.  ,NDAMutualTemplateClientFill.pdf,test
51,Yes,"2.1. Either party agrees that it shall ensure that it and its associated companies and their respective officers and employees shall keep confidential, both during and after the duration of the agreement, all information which: And undertakes not to disclose any of such information to any third party without the prior written permission of the other party except as required by any applicable law or government regulation, and provided that each party may disclose the agreement on a confidential basis to its public accountants, attorneys and financial advisors and/or funders.  ",NDA_ResConnect.pdf,test
52,Yes,"The Disclosers may (but are not obliged to) disclose during the term of this Agreement, and/or may have already disclosed, Confidential Information to the Recipient for the Purpose and, in consideration of the Disclosers disclosing any Confidential Information to the Recipient and the payment to the Recipient of £1 (one pound) the receipt of which is acknowledged by the Recipient), the Recipient undertakes to the Disclosers that it shall, and shall procure that its Authorised Persons shall: 2.1.2 not  Use any Confidential Information in any way except to the extent reasonably necessary for the Purpose, and not Use or benefit from any Confidential Information to procure any commercial advantage over the Disclosers; and ",NDA_Street_Stream_Franchise.pdf,test
53,Yes,"Recipient shall use the Confidential Information exclusively for HySafe purposes, especially to advice the Governing Board of HySafe. ",NDA_V3.pdf,test
54,Yes,5. Neither party may use the other's Conﬁdential Information for any purpose but the Business Purpose stated above. ,Non-Disclosure-Agreement-NDA.pdf,test
55,Yes,Concerning the  (d) (Insert brief description of invention) and we will not use it for our own benefit or disclose it to any other party without the written approval of: (b) (Inventor’s name) ,Non-Disclosure-Secrecy-Agreement.pdf,test
56,Yes,Any use of Confidential Information shall be solely for the purpose authorized above.  ,Non-Disclosure-form_1.pdf,test
57,Yes,The Recipient undertakes to the Discloser to: Use the Confidential Information only for the Permitted Purpose; and ,NonDisclosureAgreementNDASAMITT20190002v2.pdf,test
58,Yes,"The Receiving Party acknowledges that the technical specifications as well as all documents to be disclosed are not subject to appropriation, remain the property of Disclosing Party or any third party, as applicable. 4.3 Each Party agrees to use Confidential Information only for the purposes of this Agreement.  10. Neither the execution of this Agreement nor the furnishing of any information under this Agreement shall be construed as granting any Party or any of its representatives, either expressly or by implication, any license or right to use any Confidential Information for its own benefit or the benefit of any other person, firm or entity, and each party expressly agrees not to so use any such information.  ",non-disclosure-agreement-en.pdf,test
59,Yes,"Receiving Party shall not, without prior written approval of Disclosing Party, use for Receiving Party's own benefit, publish, copy, or otherwise disclose to others, or permit the use by others for their benefit or to the detriment of Disclosing Party, any Sensitive Information.  ",non-disclosure-agreement-template.pdf,test
60,Yes,"2. All Confidential Information disclosed to the Recipient will be used solely for the Business Purpose and for no other purpose whatsoever.  Pitch Deck  Fire agrees that if a Participant delivers to Pitch Deck Fire any information or data marked or identified as confidential or proprietary (""confidential information""), then Pitch Deck Fire shall not, except as otherwise permitted or instructed by the applicable Participant in writing  (a) disclose or otherwise make available the confidential information to any third party except to the extent otherwise expressly permitted by this Agreement,  ",Pitch-Deck-Fire-Workshop-NDA-2.2017.pdf,test
61,Yes,Recipient may only use the Confidential Information for the purpose of type of purpose/or a research collaboration and not for any commercial purpose (‘Permitted Purpose’).  Recipient must not use the Confidential Information for any other purpose without the prior written approval of Discloser. ,Template-NDA-2-way-final-1.pdf,test
62,Yes,"4. Recipient and each of its Representatives shall use all Classified Information disclosed by VELCO solely in connection with the work referenced in the Whereas clauses and shall not use, directly or indirectly, any information for any other purpose without VELCO’s prior written consent.  A Recipient will not use or allow a Representative to use Classified Information directly or indirectly for any illegal purpose, non-legitimate purpose, or any purpose other than the work referenced in the Whereas clause. ",VELCO%20NDA%20rev0%20Dec%2014%202015.pdf,test
63,Yes,GSEnergy agrees that it will safeguard such Information maintaining it confidential and not using it except for the purposes of such review and analysis. ,71297_0000071297-97-000059_document_6.txt,test
64,Yes,"3. Recipients shall use Confidential Information solely for the purpose (the ""Permitted Purpose"") specified at the end of this Agreement. ",768384_0000912057-00-018619_document_8.txt,test
65,Yes,We will not use any to the Evaluation Materials for any purpose other than the exclusive purpose of evaluating a Possible Transaction.  ,96238_0000950116-97-001823_document_13.txt,test
66,Yes,"The Receiving Party agrees  (iii) not to make any use whatsoever at any time of such Proprietary Information except to evaluate internally whether to enter into a proposed business transaction with the Disclosing Party without the prior written permission of the disclosing party,  ",1002276_0001036050-99-002047_document_13.txt,test
67,Yes,"During the Restricted Period and at all times thereafter, Seller Parties will keep and hold all Confidential Information (as hereinafter defined) in strict confidence, and will not use or disclose in any way any of such Confidential Information without the prior express written consent of the Buyer Parties.  ",817516_0001014909-05-000102_exh99_4sept2005.txt,test
68,Yes,"From and after the Closing, Covenantor shall not (nor will Covenantor assist any other person to do so) directly or indirectly reveal, report, publish or disclose the Confidential Information to any person, firm or corporation not expressly authorized by Buyer to receive such Confidential Information, or use (or assist any person to use) such Confidential Information except for the benefit of Buyer. ",880458_0001021408-01-510269_dex1087.txt,test
69,Yes,The receiving party shall not disclose Confidential Information to any third party without the prior written approval of the disclosing party.  ,883905_0001095811-01-000469_f68556ex99-d12.txt,test
70,Yes,"(b) Samples agrees that, except for such disclosure as may be required by applicable law, he shall not, directly or indirectly, for himself or through or on behalf of any other person or entity, at any time after the date hereof, without the prior written consent of the Acquiror, reveal, divulge, disclose or communicate to any person, firm, association, corporation or other entity, or use, in any manner whatsoever any know-how, trade secrets, intellectual property rights, marketing and operating techniques, business contacts, client or customer lists, suppliers, technology, contracts or other confidential or proprietary information of the Target Company, any Related Entity or any of their respective affiliates (except Innco Hospitality, Inc. and any entity controlled by Innco Hospitality, Inc. and Transamerican Properties, Inc. and T.I.P.  Realty Partners, and any entity controlled by either of them and the Broadway Plaza Suites in Kansas City, Missouri); provided, however, that for purposes hereof, information shall not be considered to be confidential or proprietary if  ",1010471_0000950134-97-006281_document_5.txt,test
71,Yes,"2. Each party agrees that at all times until termination or expiration of this Agreement it will hold in strict confidence and not disclose to any third party Confidential Information of the other, except as approved in writing by the other party to this Agreement, and will use the Confidential Information for no purpose other than evaluating or pursuing a business relationship with the other party to this Agreement.  ",1011671_0000936392-99-000246_document_46.txt,test
72,Yes,"Further, ___________________ , agrees not to use, either directly or indirectly any of the material, ideas, objects or portions thereof of said trade secret or property disclosed by Navidec, Incorporated in any manner whatsoever without the prior written consent of Navidec, Incorporated. ",1023734_0000912057-96-023266_document_16.txt,test
73,Yes,1. Independent Contractor shall use the Confidential Information solely for the purpose of performing the Services specified in the applicable SOW and not for any other purpose.  ,1043003_0000950170-98-000097_document_12.txt,test
74,Yes,ANUBIS agrees  (2) not to use the Confidential Information disclosed pursuant to this agreement for any purpose other than (to the extent necessary) to further the sale of and promotion of Products and  5.4 Each party agrees  (iii) not to use any Confidential Information for any purpose except for the Business Purpose.  ,1073090_0001356564-06-000012_sorell10ksbamend2x102.txt,test
75,Yes,"The Parties are willing to disclose to each other such necessary CONFIDENTIAL INFORMATION provided each Party preserves the confidential nature of the other Party's INFORMATION and uses it solely for purposes of this Agreement. 3. In consideration of each and every disclosure of CONFIDENTIAL INFORMATION, the Parties agree to: (b) use any and all CONFIDENTIAL INFORMATION solely in connection with the performance of the IRA and for no other purpose;  ",1084000_0001144204-06-046785_v056501_ex10-16.txt,test
76,Yes,The Parties further agree that the Receiving Party and its Representatives will not use any of the Confidential Information for any reason or purpose other than in connection with a possible or actual Transaction. ,1095558_0000944209-00-000518_document_3.txt,test
77,Yes,2. Each Recipient Party with respect to Confidential Information received by it hereunder shall: B. Not use such Confidential Information for any purpose except as is necessary for the Evaluation referenced above or as otherwise authorized in writing by the Disclosing Party of such information in advance. ,1120792_0001019687-05-002206_morgan_10qex5-2.txt,test
78,Yes,"b. Except in connection with any joint project between Cyberlux and ICT, the receiving party shall not make any use of the disclosing party's Proprietary Information for is own benefit or for the benefit of any other individual, corporation or entity. ",1138169_0001050234-02-000002_ex10h.txt,test
79,Yes,"Except as expressly authorized by prior written consent of the Disclosing Party, the Receiving Party shall: (e) use all Confidential Information received by it for the purposes described in subsection  (a) of this Section 2 and for no other purpose whatsoever. ",1173495_0001047469-03-033872_a2118144zex-10_12.txt,test
80,Yes,"You will not use any of the Evaluation Materials for any purpose other than the exclusive purpose of evaluating a Possible Transaction.  Without limiting the generality of the foregoing, in the event that a Possible Transaction is not consummated, neither you nor your representatives shall use any of the Evaluation Materials for any purpose.  Accordingly, unless required by applicable law or regulatory authority, you agree that prior to the closing of a Possible Transaction, without the prior written consent of the Company, you will not, and you will direct your representatives not to, disclose to any person (including, but not limited to, any customer, employee, supplier, creditor or competitor of the Company) the fact that discussions or negotiations are taking place concerning a possible transaction between you and the Company or any of the terms, conditions or other facts with respect to any such Possible Transaction, including the status thereof, nor will you or any of your representatives make inquiry about the Company’s business to any customer, employee, supplier, creditor or competitor of the Company.  You also agree not to discuss with or offer to any third party an equity participation in a Possible Transaction or any other form of joint acquisition by you and such third parry without the prior written consent of the Company. ",814457_0000950137-04-009790_c89545exv99wxdyx6y.htm,test
81,Yes,"2. The Receiving Party agrees that; (a) it will use Information disclosed by the Disclosing Party solely for the purpose of discussing and evaluating the Transaction, and for no other purpose; ",850313_0000950149-07-000090_f28028toexv99wxdyx2y.htm,test
82,Yes,"(a) The Receiving Party shall, and shall cause its Representatives to, use the Confidential Information solely for the purpose of evaluating a possible Transaction.  ",912263_0001047469-12-006662_a2209873zex-99_d2.htm,test
83,Yes,(a) Each of PictureTel and Polycom shall  (i) use the Confidential Information obtained from the other solely for the purpose of evaluating a possible Transaction and for no competitive or other purpose;  ,1010552_0000912057-01-520246_a2051644zex-99_20.htm,test
84,Yes,"The parties shall use the Confidential Information only for the limited purpose of the parties discussing the possibility of offering the services jointly to the carriers/operators in the American region and for no other purpose whatsoever. 3. Each party agrees and undertakes that it shall not, without first obtaining the written consent of the other, disclose or make available to any person, reproduce or transmit in arty manner, or use (directly or indirectly) for its own benefit or the benefit of others, any Confidential Information save and except both parties may disclose any Confidential Information to their Affiliates, directors, officers, employees or advisors of their own or of Affiliates on a “need to know” basis to enable them to evaluate such Confidential Information in connection with the negotiation of the possible business relationship; provided that such persons have been informed of, and agree to be bound by obligations which are at least as strict as the recipient’s obligations hereunder.  Accordingly neither party shall use the Confidential Information in a manner that will jeopardise or adversely affect in any manner such future strategies, plans, business activities, methods, processes, information, and/or competitive and strategic advantage of the disclosing party. ",1012887_0001193125-07-165503_dex99d6.htm,test
85,Yes,1. You and your Representatives will  (i) use the Evaluation Material solely for the purpose of evaluating a possible Transaction with the Company involving you and  ,1020416_0001193125-16-701566_d250247dex99d2.htm,test
86,Yes,"Employee shall not, directly or indirectly, use any Confidential Information for any purpose other than the benefit of a Banking Organization, and shall not directly or indirectly, disclose, communicate, deliver, exhibit or provide any Confidential Information to any Person, except other Employees or Agents of a Banking Organization who have a need to know such Confidential Information for a proper corporate or business purpose, as required in the normal course of Employee’s service as an employee.  ",1041550_0001193125-19-004977_d663808dex106.htm,test
87,Yes,"2. Subject to the provisions of paragraphs 3 and 4 of this Agreement,  (i) Company, as recipient of Confidential Information from or on behalf of Verenium, shall use such Confidential Information solely for the Purpose and for no other purpose or use, and  ",1049210_0001047469-13-009461_a2216846zex-99_d3.htm,test
88,Yes,"2. The Receiving Party agrees  (c) not to make any use whatsoever at any time of such Proprietary Information except to evaluate internally whether to enter into the contemplated business relationship with the Disclosing Party, and  ",1062478_0001193125-14-442753_d838170dex3.htm,test
89,Yes,"Except as otherwise provided in this Agreement, the Evaluation Material shall only be used by a party and its Representatives to evaluate, negotiate, facilitate or pursue a Transaction. ",1084817_0001193125-14-004957_d648340dex99e2.htm,test
90,Yes,"The Evaluation Material will be used by Investor solely in connection with its evaluation of a possible Transaction, and not for any other purpose whatsoever.  Neither Investor nor any of its Representatives shall, directly or indirectly,  (x) market or use (other than as permitted by the Agreement) any Evaluation Material,  Notwithstanding the return or destruction of Evaluation Material, Investor will continue to be bound by its obligations of confidentiality hereunder respecting Evaluation Material, including without limitation, with respect to oral Evaluation Material and their obligation not to use any Evaluation Material for any purpose other than as specifically permitted in this Agreement. ",1096147_0001193125-08-206038_dex4.htm,test
91,Yes,"(b) Except as otherwise permitted under this Agreement or as required by applicable law, regulation, stock exchange rule or by legal, judicial, regulatory or administrative process (by oral questions, interrogatories, requests for information or documents in legal proceedings, subpoena, civil investigative demand or other similar process) (“Legally Required”),  (b) the Receiving Party shall not, and shall cause its Representatives not to, use any Proprietary Information for any purpose other than in connection with evaluating, negotiating, advising or financing with respect to the Possible Transaction or the consummation of the Possible Transaction, and  ",915191_0001047469-17-003155_a2231967zex-99_8.htm,test
92,Yes,"a. The Receiving Party shall hold confidential and not disclose to any Person, without the prior written consent of the Disclosing Party, all Confidential Information and any information about the Proposed Transaction, or the terms or conditions or any other facts relating thereto, including, without limitation, the fact that discussions are taking place with respect thereto or the status thereof, or the fact that Confidential Information has been made available to the Receiving Party or its Representatives; provided, however, that the Receiving Party may disclose such Confidential Information to its Representatives who are actively and directly participating in its evaluation of the Proposed Transaction or who otherwise need to know the Confidential Information for the purpose of evaluating the Proposed Transaction; In addition to the foregoing, the Receiving Party will not use the Confidential Information  (a) in any way detrimental to the Disclosing Party’s shareholders or  (b) for any purpose other than in connection with the Proposed Transaction between the Parties. ",916457_0000916457-14-000028_exhibit104-confidentiality.htm,test
93,Yes,"Each Recipient shall, and shall cause its Representatives to,  (i) use the Evaluation Material solely for the purpose of evaluating a Possible Transaction and  ",1316898_0001047469-18-005618_a2236490zex-99_d2.htm,test
94,Yes,"c. Seller, Key Personnel and Shareholder covenant and agree that each shall not for a period of one (1) year, communicate or divulge to, or use for the benefit of itself or any other person, firm, association or corporation, any information in any way relating to the Proprietary Property, in competition with the business of the Company. ",1335239_0001019687-14-003760_epazz_ex1034.htm,test
95,Yes,2. ListFusion agrees that this Agreement grants only limited rights to use the List for the sole purpose of loading the List into ListFusion's proprietary database system.  Any and all such information shall be kept confidential and shall not in any manner be revealed to anyone except as expressly provided herein. ,1367408_0001367408-06-000002_risb2ex106.htm,test
96,Yes,"The Recipient agrees that all Confidential Information will be held and maintained by it in the strictest confidence, will be used by it solely and exclusively for the purpose of evaluating, negotiating and implementing a Restructuring, and will not, directly or indirectly, be used or disclosed by it for any other purpose whatsoever.  ",1457829_0000898822-13-000086_exhibit-ndaexecutionversion.htm,test
97,No,"Subject to Recipient’s obligations of non-disclosure, Recipient shall be free to use the residuals resulting from the use or access to the Confidential Information of Discloser.  ",1011344_0001193125-08-097987_dex99d5.htm,test
98,No,"Notwithstanding any other provision of this Agreement, neither Party will be restricted from using the information contained in the Evaluation Material that is retained in the minds of Representatives who have had access to the other Party's Evaluation Material, unless such use shall infringe on any of such Party's patent rights, trademark rights or copyright rights. ",1109551_0000912057-02-024714_a2082535zex-99_d3.htm,test
99,No,"Further, either party shall be free to use for any purpose the residuals (defined below) resulting from access to or work with Confidential Information disclosed hereunder.  ",1402305_0001193125-11-343865_d268167dex99d2.htm,test
100,No,"(b) ""Confidential Information"" means: (iii) the existence and terms of this Agreement and any other agreements related to a possible Transaction; ",Confidentiality%20Agreement.pdf,test
101,No,"3.8. ""Representatives"" means, in relation to a Party to the extent involved in the Project,  (a) its Affiliates;  (b) its contractors / suppliers of any tier and  (c) all of the aforementioned entities' employees, directors, senior executives, professional advisors and consultants. 5.1. Recipient shall: 5.1.3. not copy or reproduce (or permit to be copied or reproduced) any Confidential Information, or directly or indirectly disclose or distribute any of it to any person other than those of its Representatives who are strictly required to perform Recipient's work in relation to the Project. ",59b1148ff6952b0001bdbedc_20170907_non%20disclosure%20agreement_expert.pdf,test
102,No,"(1) Upon the completion of my engagement as an employee, consultant, or subcontractor under the contract, or the completion of my work on the PCII Program, whichever occurs first, I will surrender promptly to the PCII Program Manager or his designee, or to the appropriate PCII officer, PCII of any type whatsoever that is in my possession. I agree that I shall return all information to which I have had access or which is in my possession  2) upon the conclusion of my duties, association, or support to DHS; and/or  ",CBP%20Non-Disclosure%20Form_October2018.pdf,test
103,No,"However, all obligations of confidentiality shall survive the termination of this Agreement.  ",883905_0001095811-01-000469_f68556ex99-d12.txt,test
104,No,"1. ""Confidential Information"" shall mean all non-public proprietary information provided by the Furnishing Party to the Receiving Party, whether or not marked or otherwise specifically designated as confidential.  ",1095558_0000944209-00-000518_document_3.txt,test
105,No,"The confidentiality undertakings at clauses 2 and 3 above shall not apply to any Confidential Information which the Recipient Party can prove: (c) was obtained legally from any third party, and is not the subject of any restriction as to its use or disclosure imposed by or on that third party at the time of provision; or ",Aspiegel_NDA_template.pdf,test
106,No,"c. The receiving party shall not disclose all or any part of the disclosing party's Proprietary Information to any affiliates, agents, officers, directors, employees or representatives (collectively, ""Representatives"") of the receiving party except on a need-to-know basis.  ",1138169_0001050234-02-000002_ex10h.txt,test
107,No,"Nothing contained herein shall require the destruction or purging of Confidential Information maintained on routine computer system backup tapes, disks or similar storage devices. ",amc-general-mutual-non-disclosure-agreement-en-gb.pdf,test
108,No,"Without the prior written consent of the Company or except as may be required by applicable law or regulation, the Receiving Party and its Representatives shall not disclose to any person that any discussions or negotiations are taking place between the parties concerning a possible Transaction, including the content, timing and status of such discussions or negotiations (the “Discussion Information”). ",912263_0001047469-12-006662_a2209873zex-99_d2.htm,test
109,No,"6. Except as aforementioned, the receiving Party shall have no obligations or restrictions with respect to any Proprietary Information which that receiving Party can prove: (e) is independently developed in good faith by an employee or employees of that receiving Party who did not have access to the Proprietary Information, or ",Clause-de-non-divulgation.pdf,test
110,No,"Promptly upon the written request of the Company, the Receiving Party will return all copies of the Confidential Information to the Company, and all notes, studies, reports, memoranda and other documents or materials prepared by the Receiving Party or its Representatives that contain or reflect any Confidential Information shall be destroyed.  Notwithstanding the foregoing,  (a) the Receiving Party’s legal department and/or outside counsel may keep one copy of the Confidential Information (in electronic or paper form) and, with respect to the Receiving Party’s Representatives who are accounting firms, such firms may keep one copy of the Confidential Information, in each case, if required to comply with applicable law or regulation and  (b) the Receiving Party and its Representatives may retain Confidential Information to the extent it is “backed-up” on its or their (as the case may be) electronic information management and communications systems or servers, is not available to an end user and cannot be expunged without considerable effort; provided, that any such information so retained pursuant to clauses  (a) and  (b) of this Section 7 shall be held in compliance with the terms of this Agreement for a period of eighteen months from the date hereof. ",912263_0001047469-12-006662_a2209873zex-99_d2.htm,test
111,No,"1.2 Notwithstanding anything herein to the contrary, Confidential Information shall not include any information that  (d) is made available to the Recipient or its Representatives by any person other than a member of the CEDC Group without any known breach of any obligation of confidentiality of such other person, or  ",1457829_0000898822-13-000086_exhibit-ndaexecutionversion.htm,test
112,No,"Without granting any right or license, the Disclosing Party agrees that the foregoing clauses  (a),  (b) and  (c) shall not apply with respect to any information that  (iii) was or is rightfully disclosed to Receiving Party or any of its Representatives by a third party provided the Receiving Party complies with restrictions imposed by the third party, or  ",1062478_0001193125-14-442753_d838170dex3.htm,test
113,No,"3. Notwithstanding any other provisions of the Agreement, each party acknowledges that Confidential Information shall not include any information which: d. has been independently developed by an employee of the Receiving Party that has not had access directly or indirectly to Confidential Information, and Receiving Party can substantiate any claim of independent development by written evidence; or ",UALR-Standard-Non-disclosure-AgreementTemplate.pdf,test
114,No,"1. For purposes of this Agreement, “Confidential Information” means, with respect to either party, any and all information in written, representational, electronic, verbal or other form relating directly or indirectly to the present or potential business, operation or financial condition of or relating to the disclosing party (including, but not limited to, information identified as being proprietary and/or confidential or pertaining to, pricing, marketing plans or strategy, volumes, services rendered, customers and suppliers lists, financial or technical or service matters or data, employee/agent/ consultant/officer/director related personal or sensitive data and any information which might reasonably be presumed to be proprietary or confidential in nature) excluding any such information which  (i) is known to the public (through no act or omission of the receiving party in violation of this Agreement);  (ii) is lawfully acquired by the receiving party from an independent source having no obligation to maintain the confidentiality of such information;  ",1012887_0001193125-07-165503_dex99d6.htm,test
115,No,"7. In the event that the Receiving Party or any of its Representatives are requested pursuant to, or required by, applicable law or regulation or by legal process to disclose any Confidential Information or any other information concerning the Disclosing Party or the Evaluation, unless prohibited by law, the Receiving Party shall provide the Disclosing Party with prompt notice of such request or requirement in order to enable the Disclosing Party  ",1402305_0001193125-11-343865_d268167dex99d2.htm,test
116,No,"6. If any of the Parties determine that they do not wish to proceed or continue with the Business Under Discussion, it will promptly advise the other Party of that decision in writing or by email.  Upon receipt of such communication the Receiving Party shall destroy promptly all documents furnished and will not retain any copies, extracts or other reproductions in whole or in part of such Information.  ",eHandshake_Non_Disclosure_Agreement.pdf,test
117,No,"Company shall only disseminate Confidential Information to such of its Representatives with a special need to know for carrying out the Purpose of this Agreement.  “Representative” means any employee, consultant, contractor, officer, agent, advisor, and/or director of a Party.  ",1049210_0001047469-13-009461_a2216846zex-99_d3.htm,test
118,No,"6. The confidentiality agreement does not apply to statements of the company Helukabel in its catalogues, datasheets and on the homepage and also not to information which a) the receiving party was already aware of or which was developed by the disclosing party itself independent of the disclosure, ",Confidentiality_Agreement_1.pdf,test
119,No,"2.1. Confidential Information means all confidential information relating to the Purpose which the Disclosing Party or any of its Affiliates, discloses or makes available, to the Receiving Party or any of its Affiliates, before, on or after the Effective Date.  This includes: c) all confidential or proprietary information relating to: the business, affairs, customers, clients, suppliers, plans, business opportunities, finances, pricing, operations, processes, product information, techniques, know-how, technical information, design, trade secrets and findings or analysis derived from Confidential Information, whether in tangible or intangible form. ",5-NSK-Confidentiality-Agreement-for-Suppliers.pdf,test
120,No,"Nothing in this Agreement is intended to grant any rights to the Receiving Party under any patent, copyright or any other intellectual property right, nor shall this Agreement grant the Receiving Party any rights in or to the material except as expressly set forth herein and in the Consortium Agreement. ","IMOA%20Molybdenum%20Consortium%20NDA%20Agreement%20amended%20Jan%2008,%20valid%20March%2009%20onwards.pdf",test
121,No,"This Section shall survive any termination, expiration or cancellation of this Non-Disclosure Agreement.  The Parties shall, and shall cause their respective Representatives to, continue to comply with this Section notwithstanding expiration of the Term (as such term is defined below) or any earlier termination of this Non-Disclosure Agreement. Except with respect to any Information that is Customer Information, CEII or Personal Information, Recipient’s obligations and duties under this Non-Disclosure Agreement shall have a term of [ ] [()] years from the Effective Date (the “Term”), but in no event will the confidentiality obligations herein terminate less than one (1) year from the date of the last disclosure.  Notwithstanding any such termination, all rights and obligations hereunder shall survive  (i) for the Special Information Term for all Customer Information, CEII or Personal Information disclosed prior to such termination, and  (ii) for the Term for all other Information disclosed prior to such termination. ",appendix-g-nda-form.pdf,test
122,No,"Each party shall, upon the completion of the purpose of this Agreement or request by the other party, return all materials received or obtained under this Agreement, including Confidential Information, and all copies and all documents containing any portion of any Confidential Information. ",NDAMutualTemplateClientFill.pdf,test
123,No,"Confidential Information means all information relating to the Project or the Contractor’s proposal for the Project and all information relating to the nature of either Party’s business, affairs or trade secrets, which either Party directly or indirectly receives or acquires from the other Party, or the other Party’s representative, either in writing or verbally (but in the case of verbal information, only that which is reduced to writing by the Disclosing Party and delivered to the Receiving Party within 10 days of the verbal disclosure), or through observation of the Project, except information falling into any one or more of the following categories: ",CON-NDA-PTL-01-2012-v1%20Non-Disclosure%20Agreement%20and%20Checklist.pdf,test
124,No,"(a) any data or information that is supplied by either Party (which will be deemed to include, in the case of the Company, any data or information with respect to any Member of the Company supplied by the Company or such Member to the Investor in connection with the operation of the Company or the performance of any obligation, or the exercise of any rights, under the LLC Agreement or any Related Agreement), including by its Affiliates (the ""DISCLOSING PARTY""), or the agents, employees, authorized representatives or nominees thereof (such persons being referred to collectively as the REPRESENTATIVES"") to the other Party including its Affiliates (the ""RECEIVING PARTY"") (or the Representatives of the Receiving Party) including, but not limited to, information regarding: products and services planning, marketing strategies, strategic and business plans, finance, operations, customer relationships, customer profiles, sales estimates and internal performance results relating to the past, present or future business activities of the Disclosing Party and its owners, customers, clients and suppliers; Except as expressly authorized by prior written consent of the Disclosing Party, the Receiving Party shall: (a) limit access to any Confidential Information received by it solely to its Representatives who have a need to know such in connection with any current or future negotiations or arrangements between the Receiving Party and the Disclosing Party, including, without limitation in connection with the membership of the Investor in the Company and any commercial arrangements between the Investor and the Company and only for use in connection therewith.  ",1173495_0001047469-03-033872_a2118144zex-10_12.txt,test
125,No,"1. The Receiving Party agrees to treat all information provided by the Providing Party in connection with the Business Under Discussion to the Receiving Partner and/or any of its partners, directors, officers, employees, affiliates, insurers, agents, advisors or auditors (the “Representatives”), regardless of the manner in which it is so furnished, together with any analyses, compilations, data, studies or other documents or records, whether of an oral, written or electronically retrievable nature (collectively the “Information”), as strictly confidential. 2. The Receiving Party shall limit the possession and use of the Information to a “need-to-know” basis among its Representatives. ",eHandshake_Non_Disclosure_Agreement.pdf,test
126,No,"Borrower shall not be required to keep the Information confidential to the extent that the Information  (c) is independently learned, obtained or developed by Borrower without violating the terms of this Agreement. ",Agency-Lending-Disclosure_A-Z-Guide_Appendix_Sample-Confidentiality-Agreements.pdf,test
127,No,"3. All right title and interest in and to the Confidential Information shall remain with Disclosing Party or its licensors.  Nothing in this Agreement is intended to grant any rights to Recipient under any patents, copyrights, trademarks, or trade secrets of Disclosing Party.  ",Generic-NDA-Pitch-Deck-Fire.pdf,test
128,No,"The Recipient’s confidentiality obligations under this Agreement shall survive and subsist indefinitely in relation to any Confidential Information (notwithstanding the prior termination or expiry of this Agreement). If any provision of this Agreement (or part of any provision) is or becomes illegal, invalid or unenforceable, the legality, validity and enforceability of any other provision of this Agreement shall not be affected. ",NDA_Street_Stream_Franchise.pdf,test
129,No,The receiving party shall not be liable for the disclosure of any Confidential Information which is: (d) independently developed by employees of the receiving party; or  ,883905_0001095811-01-000469_f68556ex99-d12.txt,test
130,No,"List Fusion understands and agrees that the List is a very valuable asset of Raphael and at all times the exclusive property of Raphael. Nothing contained in this Agreement shall, by express grant, implication, estoppel or otherwise, create in either party any right, title, interest or license in or to the inventions, patents, technical data, computer software or software documentation of the other party. ",1367408_0001367408-06-000002_risb2ex106.htm,test
131,No,"b. Seller, Key Personnel and Shareholder hereby acknowledge that the Proprietary Property is the sole and exclusive property of the Company that the Proprietary Property is a valuable, special and unique asset of the business of the Company, developed at considerable expense to the Company, and is not available to the public at large or other persons engaging in businesses which are the same as or similar to the business of the Company. ",1335239_0001019687-14-003760_epazz_ex1034.htm,test
132,No,7.1  These terms and conditions will not apply to any Conﬁdential Information which: (d) was otherwise independently acquired or developed by the Receiving Party without violating its obligations hereunder. ,5bfbcabf0627e70bdcfc5b32_nda-ready4s.pdf,test
133,No,"The Parties will: a. limit disclosure of any Confidential Information to its directors, officers, employees, agents or representatives (collectively ""Representatives"") who have a need to know such Confidential Information in connection with the Transaction, and only for that purpose; The Receiving Party agrees to use the same degree of protection it uses for its own trade secret information, and in no event less than reasonable efforts, to prevent and protect the Confidential Information, or any part thereof, from disclosure to any person other than the Receiving Party's employees having a need for disclosure in connection with the Receiving Party's authorized use of the Confidential Information. ", 064-19 Non Disclosure Agreement 2019.pdf,test
134,No,Recipient shall:  (d) not reproduce Confidential Information in any form except as required to accomplish the Purpose;  ,1011344_0001193125-08-097987_dex99d5.htm,test
135,No,"The Confidential Information shall not include information that the Receiving Party can demonstrate  (d) is disclosed to the Receiving Party by a third party, to the Receiving Party’s knowledge, not bound by any duty or obligation of confidentiality on a non-confidential basis. ",912263_0001047469-12-006662_a2209873zex-99_d2.htm,test
136,No,"c. “Representatives” shall mean as to any Person, its directors, officers, employees, agents and advisors (including, without limitation, financial advisors, attorneys and accountants). a. The Receiving Party shall hold confidential and not disclose to any Person, without the prior written consent of the Disclosing Party, all Confidential Information and any information about the Proposed Transaction, or the terms or conditions or any other facts relating thereto, including, without limitation, the fact that discussions are taking place with respect thereto or the status thereof, or the fact that Confidential Information has been made available to the Receiving Party or its Representatives; provided, however, that the Receiving Party may disclose such Confidential Information to its Representatives who are actively and directly participating in its evaluation of the Proposed Transaction or who otherwise need to know the Confidential Information for the purpose of evaluating the Proposed Transaction; ",916457_0000916457-14-000028_exhibit104-confidentiality.htm,test
137,No,"As a condition to the Confidential Information being furnished to the Receiving Party and the directors, officers, principals, partners, members, employees, agents, consultants, related investment funds, advisors, attorneys, accountants, affiliates, potential sources of capital and financing, and financial advisors (collectively, “Representatives”) of the Receiving Party, the Receiving Party agrees to treat the Confidential Information strictly in accordance with the provisions of this Agreement and to otherwise comply, and to cause its Representatives to comply, with all obligations hereinafter set forth. The Receiving Party shall, and shall cause its Representatives to, keep the Confidential Information in confidence and shall not disclose any of the Confidential Information in any manner whatsoever; provided, however, that  (iii) any information contained in the Confidential Information may be disclosed to the Receiving Party’s Representatives who reasonably require access to such information for the purpose of evaluating a possible Transaction and who agree to keep such information in confidence to the same extent as described herein; provided, further, that the Receiving Party shall not make any disclosure of any Confidential Information to any potential sources of equity financing without the Company’s prior written consent.  ",912263_0001047469-12-006662_a2209873zex-99_d2.htm,test
138,No,Recipient agrees to limit disclosure of Confidential Information to employees and employees of Affiliates having a specific need to know such Confidential Information for the Purpose and in the case of Affiliates only to the extent that such Affiliate is under obligation to hold such information in confidence and is made aware of these terms and conditions.  ,01_Bosch-Automotive-Service-Solutions-Mutual-Non-Disclosure-Agreement-7-12-17.pdf,test
139,No,"In Particular, the Receiving Party undertakes (in addition and without prejudice to any commitments under the Consortium Agreement), that: b. the Material shall neither be copied, nor otherwise reproduced nor duplicated in whole or in part where such copying, reproduction or duplication have not been specifically authorized by the Consortium Agreement or otherwise approved in writing by the Steering Committee; ","IMOA%20Molybdenum%20Consortium%20NDA%20Agreement%20amended%20Jan%2008,%20valid%20March%2009%20onwards.pdf",test
140,No,"1. As used in this Agreement the term ""Proprietary Information"" shall mean any information or data disclosed by any Party to the other, pursuant to this Agreement, either in writing or orally, subject to the conditions set forth hereafter, and including without limitation any written or printed documents (plans, drawings, photographs, etc…), samples prototypes, models, technology, know-how, specifications, software, commercial or financial information or any means of disclosing such Proprietary Information that each Party may elect to use during the life of this Agreement. ",Clause-de-non-divulgation.pdf,test
141,No,"The term ""Evaluation Materials"" does not include information which  (ii) was or becomes available to us on a non-confidential basis from a source other than the Company or its representatives, provided that such source is not prohibited from disclosing such information to us by a contractual, legal or fiduciary obligation to the Company or its representatives, or  ",96238_0000950116-97-001823_document_13.txt,test
142,No,5.5 Confidential Information will not include information which: (iv) is information which the receiving party can document was independently developed by the receiving party; ,1073090_0001356564-06-000012_sorell10ksbamend2x102.txt,test
143,No,"You and your representatives will keep the Evaluation Materials completely confidential; provided, however, that  (i) such information may only be disclosed to those of your directors, officers, employees, affiliates, agents, representatives (including attorneys, accountants and financial advisors), and lenders (collectively, “your representatives”) who need to know such information for the purpose of evaluating a Possible Transaction between you and the Company (it being understood that your representatives shall be informed by you of the confidential nature of such information and shall be directed by you, and shall each expressly agree (in writing, if requested by the Company or its advisors), to treat such information confidential in accordance with the agreement) and  ",814457_0000950137-04-009790_c89545exv99wxdyx6y.htm,test
144,No,"The Receiving Party agrees that it will, during or after the course of their relationship and/or the term of this Agreement as described in clause 9, keep the Confidential Information in the strictest confidence and will not disclose it to any third party for any reason or purpose whatsoever without the prior written consent of the Disclosing Party, save in accordance with the provisions of this Agreement, and the Parties undertake to each other that their holding and subsidiary companies or agents shall be bound by the provisions of this Agreement.  ",AfriGIS_Client-NDA_Template_2019.pdf,test
145,No,"(iii) the term ""Representatives"" means the directors, officers, employees, agents or advisors (including, without limitation, attorneys, accountants, investment bankers, financial advisors and other consultants and advisors engaged in connection with the review and evaluation of the Transaction) of the specified Party; and  All Evaluation Material  (iii) shall be provided by the Receiving Party solely to those of its Representatives to whom disclosure is reasonably required to facilitate the Receiving Party's evaluation or consideration of the Transaction, it being the intention of the Parties to restrict the dissemination of Evaluation Material to as small a working group as practicable.  ",1109551_0000912057-02-024714_a2082535zex-99_d3.htm,test
146,No,"If Confidential Information is disclosed in oral form, the Discloser shall identify it as confidential at the time of disclosure and thereafter summarize it in writing and transmit such summary to the Recipient within thirty (30) days of the oral disclosure. ",1011344_0001193125-08-097987_dex99d5.htm,test
147,No,"For the purposes of this Agreement, the term ""Confidential Information"" shall mean all trade secrets and confidential or proprietary information (and any tangible representation thereof) owned, possessed or used in connection with The Company Business or by the Buyer Parties and its Affiliates; provided, however, that ""Confidential Information"" does not include information which is or becomes generally available to the public other than as a result of a disclosure by a Seller Party.. ",817516_0001014909-05-000102_exh99_4sept2005.txt,test
148,No,"The List will not be reproduced, transferred, or conveyed to any 3rd party without prior written authorization by Raphael. Additionally, ListFusion.  agrees not to copy, reprint or disseminate the publications, or any information concerning the publication including the articles, graphics or contents without express written authorization from Raphael.  ",1367408_0001367408-06-000002_risb2ex106.htm,test
149,No,"The term Evaluation Material does not include information which  (iii) is or becomes available to Recipient or its Representatives (on behalf of Recipient) from a source other than the Provider or its Representatives, provided that the source of such information was not bound by a confidentiality agreement with, or other contractual, legal or fiduciary obligation of confidentiality to, Provider with respect to such information or  ",1316898_0001047469-18-005618_a2236490zex-99_d2.htm,test
150,No,"(b) Confidential Information shall not include any information, however designated, that:  (iv) is independently developed by Receiving Party; or  (d) The terms of confidentiality under this Agreement shall not be construed to limit either the Disclosing Party or the Receiving Party's right to independently develop or acquire products without use of the other party's Confidential Information.  ",1125892_0000950133-00-004441_w41075a1ex10-7.txt,test
151,No,"The Parties agree that if the negotiated transaction does not proceed within a reasonable time, or upon any request from either Party, each Party shall promptly deliver to the other Party all written Confidential Information and any other written material containing or reflecting Confidential Information and will not retain any copies, extracts or other reproductions in whole or in part of such written material.  All documents, memoranda, notes and other writings whatsoever prepared by each Party, or respective representatives, based on the information included in the Confidential Information shall be promptly destroyed, and such destruction shall be ce1tified in writing by an authorized officer supervising such destruction.  ",Confidentiality_Non-Disclosure_Agreement.pdf,test
152,No,"All such confidential information shall be referred to hereinafter as "" "". Information shall also include the identity of the Parties, the contents of this agreement and the fact that they have entered into this Agreement. ",CA-Nov14-Doc.5.14%20-%20Template%20Confidentiality%20Agreement.pdf,test
153,No,"Upon termination of this Agreement, or earlier upon Discloser's request, Recipient shall promptly return or destroy all documents and tangible items in its possession which contain any part of the Confidential Information of Discloser.  ",1042282_0000893220-02-000791_e61414toexv99wxdywx1y.txt,test
154,No,"6.4 Neither party may without the prior written consent of the other party assign, transfer, charge, license or otherwise dispose of or deal in this Agreement or any rights or obligations under this Agreement. ",NDA-Urban_Wind_Turbines.pdf,test
155,No,This Agreement shall survive the termination of the services to be provided by VENDOR or any other agreement by and between the parties. ,Confidentiality-and-Nondisclosure-Agreement-Template.pdf,test
156,No,"All disclosures of Confidential Information (whether written or oral) by Party One and Party Two shall  (a) remain in confidence for a period of three (3) years from the date of disclosure, except that any trade secrets or information with respect to Party  One products or research and development will remain in confidence in perpetuity;  ",NDAMutualTemplateClientFill.pdf,test
157,No,"Upon the request of VIDAR or the termination or expiration of this Confidential Agreement, Receiver shall promptly return to VIDAR all copies of the Confidential Information and obtained by Receiver. ",18268-001%20Rev%20B%20Form%20Version%20in%20PDF.pdf,test
158,No,"(a) Recipient shall receive all Information in strict confidence, shall exercise reasonable care to maintain the confidentiality and secrecy of the Information, and, except to the extent expressly permitted by this Non-Disclosure Agreement, shall not divulge Information to any third party without the prior written consent of Disclosing Party.  ",appendix-g-nda-form.pdf,test
159,No,"The Receiving Party shall not make any copies, reproductions or abstracts of the Confidential Information of the Disclosing Party except as specifically may be required for the Permitted Purpose.  ",CON-NDA-PTL-01-2012-v1%20Non-Disclosure%20Agreement%20and%20Checklist.pdf,test
160,No,All disclosures of Confidential Information (whether written or oral) by Party One and Party Two shall  (b) be disclosed only to employees of Party Two who have executed written confidentiality agreements with the employer; and  ,NDAMutualTemplateClientFill.pdf,test
161,No,"5. Recipient may disclose the Confidential Information in the event and to the extent Recipient reasonably believes any Confidential Information is required to be disclosed by Recipient under the terms of:  (i) a valid and effective subpoena;  (ii) a statute or regulation binding upon Recipient;  (iii) an order issued by a court of competent jurisdiction; or  (iv) by a demand or information request from an executive, regulatory or administrative agency or other governmental authority.  Recipient shall endeavor to promptly notify the Disclosing Party of the existence, terms and circumstances surrounding such potential disclosure unless recipient reasonably believes that applicable law prohibits Recipient from informing the Disclosing Party of the potential disclosure. ",NDA-Template-Media-News-Group-inc.pdf,test
162,No,"For purposes of this Agreement, ""Proprietary Information"" shall mean written, documentary or oral information of any kind disclosed by Cyberlux or ICT to the other and designated as proprietary information, including, but not limited to,  (a) information of a business, planning, marketing or technical nature,  (b) models, tools, hardware and software, and  (c) any documents, reports, memoranda, notes, files or analyses prepared by or on behalf of the receiving party that contain, summarize or are based upon any Proprietary Information, provided that ""Proprietary Information"" shall not include information which: (vi) is obligated to be produced under order of a court of competent jurisdiction or a valid administrative or congressional subpoena, provided that the receiving party promptly notifies the disclosing party of such event so that the disclosing party may seek an appropriate protective order or waive compliance by the receiving party with the terns of this Agreement. ",1138169_0001050234-02-000002_ex10h.txt,test
163,No,"As a condition to each party furnishing the Evaluation Material to the other party and the directors, officers, employees, agents or advisors of such party or its subsidiaries or other affiliates (collectively, “Representatives”), each party agrees that the Evaluation Material furnished to it hereunder shall be treated in accordance with the terms of this Agreement. Each party agrees that, without the prior written consent of the other party, neither it nor its Representatives will disclose to any other person (other than to such party’s Representatives who agree, or are otherwise bound, not to disclose the following except as contemplated by this Agreement) any of the other party’s Evaluation Material, the fact that discussions between the parties are taking place concerning the Transaction, or any terms or other facts relating to the Transaction.  Except as otherwise provided in this Agreement, the Evaluation Material shall only be used by a party and its Representatives to evaluate, negotiate, facilitate or pursue a Transaction. ",1084817_0001193125-14-004957_d648340dex99e2.htm,test
164,No,"“Confidential Information” means: [(a) any information disclosed by [or on behalf of] the Discloser to the Recipient [during the Term / before the end of the Term] (whether disclosed in writing, orally or otherwise) that at the time of disclosure:  (i) was marked as “confidential”; or  (ii) should have been reasonably understood by the Recipient to be confidential;] ",NDA-Urban_Wind_Turbines.pdf,test
165,No,"5. Receiving Party shall have no obligations under this Agreement with respect to Confidential Information if it can demonstrate that the information:  (f) is required to be publicly disclosed pursuant to a properly executed subpoena or other regulatory or court order (“Order”), provided the receiving party  (i) gives reasonable written notice to the disclosing party,  ",casino-nondisclosure-agmt.pdf,test
166,No,"Confidential Information includes, but is not limited to, the following types of information and other information of a similar nature (whether or not reduced to writing): trade secrets, inventions, drawings, file data, documentation, diagrams, specifications, know how, processes, formulas, models, flow charts, software in various stages of development, source code, object code, research and development procedures, research or development and test results, marketing techniques and materials, marketing and development plans, price lists, pricing policies, business plans, information relating to customers and/or suppliers' identities, characteristics and agreements, financial information and projections, and employee files.  ",880458_0001021408-01-510269_dex1087.txt,test
167,No,2.3 A Receiving Party’s obligations in respect of Conﬁdential Information made available by the Disclosing Party pursuant to this Agreement shall continue notwithstanding the termination of the Purpose. 3.1 A Receiving Party shall treat and safeguard as private and conﬁdential all of the Conﬁdential Information and will take all reasonable precautions in dealing with any Conﬁdential Information so as to prevent any third party from having access to the Conﬁdential Information. ,5bfbcabf0627e70bdcfc5b32_nda-ready4s.pdf,test
168,No,2.2. Confidential Information does not include information which: d) which is independently developed by Receiving Party; or ,5-NSK-Confidentiality-Agreement-for-Suppliers.pdf,test
169,No,"No other right or license, whether expressed or implied, in the Confidential Information is granted to the Parties hereunder.  ", 064-19 Non Disclosure Agreement 2019.pdf,test
170,No,The foregoing shall not prevent either party from disclosing Information which is: iv) independently developed by the recipient party without use of the other party's Information; or x) independently developed by the recipient party without use of the other party's Information; or ,nda_9.pdf,test
171,No,"b. The Parties shall disclose the Information to their employees, Affiliates, external experts and/or consultants only on a need to know basis and only to the extent absolutely necessary for the Purpose.  ",CA-Nov14-Doc.5.14%20-%20Template%20Confidentiality%20Agreement.pdf,test
172,No,"WHEREAS, in order for the Contractor to perform the work required under the Contract, it will be necessary for the State at times to provide the Contractor and the Contractor’s employees, agents, and subcontractors (collectively the “Contractor’s Personnel”) with access to certain information the State deems confidential information (the “Confidential Information”). 3. If the Contractor intends to disseminate any portion of the Confidential Information to non-employee agents who are assisting in the Contractor’s performance of the Contract or will otherwise have a role in performing any aspect of the Contract, the Contractor shall first obtain the written consent of the State to any such dissemination.  ",Attachment-I-Non-DisclosureAgreementContractor.pdf,test
173,No,"The Receiving Party shall not be subject to the obligations of this Agreement with respect to Material which: d. is independently developed by an employee, agent, or consultant of the Receiving Party with no knowledge of disclosure hereunder; ","IMOA%20Molybdenum%20Consortium%20NDA%20Agreement%20amended%20Jan%2008,%20valid%20March%2009%20onwards.pdf",test
174,No,"9. Upon the Disclosing Party’s written request, the Receiving Party shall (at the Receiving Party’s election) promptly return or destroy (provided that any such destruction shall be certified by a duly authorized Representative of the Receiving Party) all Confidential Information of the Disclosing Party and all copies, reproductions, summaries, analyses or extracts thereof or based thereon (whether in hard-copy form or an intangible media, such as electronic mail or computer files) in the Receiving Party’s possession or in the possession of any Representative of the Receiving Party; provided, however:  (i) that if a legal proceeding has been instituted to seek disclosure of the Confidential Information, such material shall not be destroyed until the proceeding is settled or a final judgment with respect thereto has been rendered;  (ii) that the Receiving Party shall not, in connection with the foregoing obligations, be required to identify or delete Confidential Information held electronically in archive or back-up systems in accordance with general systems archiving or backup policies; and  (iii) that the Receiving Party shall not be obligated to return or destroy Confidential Information of the Disclosing Party to the extent the Receiving Party is required to retain a copy pursuant to applicable law, and further provided that the Receiving Party will not, and the Receiving Party will use reasonable measures to cause its employees not to, access such Confidential Information so archived or backed-up. ",1402305_0001193125-11-343865_d268167dex99d2.htm,test
175,No,"Neither Investor nor any of its Representatives shall, directly or indirectly,  (y) reproduce or otherwise copy any Evaluation Material except in connection with the Transaction, or  ",1096147_0001193125-08-206038_dex4.htm,test
176,No,"For avoidance of doubt, in this Agreement “third party” means any party other than Client and AfriGIS and their holding and subsidiary companies or agents. 3.4 Notwithstanding anything to the contrary contained in this Agreement the Parties agree that the Confidential Information may be disclosed by the Receiving Party to its professional advisors on a need-to-know basis; provided that that Party takes whatever steps are necessary to procure that such professional advisors agree to abide by the terms of this Agreement to prevent the unauthorised disclosure of the Confidential Information to third parties.  ",AfriGIS_Client-NDA_Template_2019.pdf,test
177,No,"2. The term Confidential Information shall not include information, which is: (b) rightfully received from a third party with no duty of confidentiality; or ",130806ca141.pdf,test
178,No,"6. In addition, each party agrees that it will not (and direct its employees and representatives not to) disclose  (i) to any person either the fact that discussions or negotiations are taking place concerning one or more possible transactions between the parties or  (ii) any of the terms, conditions or other facts with respect to any such possible transactions, including the status thereof. ",1011671_0000936392-99-000246_document_46.txt,test
179,No,"1.2 Notwithstanding anything herein to the contrary, Confidential Information shall not include any information that  (c) is independently conceived, developed or discovered by the Recipient or on its behalf,  ",1457829_0000898822-13-000086_exhibit-ndaexecutionversion.htm,test
180,No,"5. In the event that the Receiving Party is required by applicable law or regulation or by legal process to disclose any of the Information, the Receiving Party agrees that it will provide the Providing Party with prompt written notice of such request(s) prior to the required disclosure and the Providing Party shall use reasonable efforts, at its own expense, to seek a protective order or other appropriate remedy.  ",eHandshake_Non_Disclosure_Agreement.pdf,test
181,No,"Without limiting the aforesaid, the existence of discussions between the Parties regarding the Proposed Transaction shall constitute Confidential Information hereunder. a. The Receiving Party shall hold confidential and not disclose to any Person, without the prior written consent of the Disclosing Party, all Confidential Information and any information about the Proposed Transaction, or the terms or conditions or any other facts relating thereto, including, without limitation, the fact that discussions are taking place with respect thereto or the status thereof, or the fact that Confidential Information has been made available to the Receiving Party or its Representatives; provided, however, that the Receiving Party may disclose such Confidential Information to its Representatives who are actively and directly participating in its evaluation of the Proposed Transaction or who otherwise need to know the Confidential Information for the purpose of evaluating the Proposed Transaction; All media releases, public announcements and other disclosures by either Party relating to this Agreement or the subject matter hereof, including promotional or marketing material, but excluding announcements intended solely for internal distribution or to meet legal or regulatory requirements, shall be coordinated with and approved by the other Party prior to release.  ",916457_0000916457-14-000028_exhibit104-confidentiality.htm,test
182,No,"4. All CONFIDENTIAL INFORMATION  will remain the property of the disclosing Party and, upon request of the disclosing Party, the receiving Party shall promptly return to the disclosing Party all CONFIDENTIAL INFORMATION, or any part or reproduction thereof. ",1084000_0001144204-06-046785_v056501_ex10-16.txt,test
183,No,A copy of any such agreement shall be available for inspection upon request by the KDOL and will not be subject to disclosure to third parties by anyone other than KDOL. ,Confidentiality_and_Non-Disclosure_Agreement_Rev_10-20-16.pdf,test
184,No,"Notwithstanding the foregoing, the term ""Evaluation Material"" shall not include, and the Parties' obligations herein (other than their obligations under paragraph 6 of this Agreement) shall not extend to information which  (b) was or is independently developed by the Receiving Party without use of the Evaluation Material;  The terms of this Agreement shall not be construed to limit either Party's right to independently develop or acquire products without use of the other Party's Evaluation Material.  The Furnishing Party acknowledges that the Receiving Party may currently or in the future develop information internally, or receive information from other parties, that is similar to the Evaluation Material.  Accordingly, nothing in this Agreement will be construed as a representation or agreement that the Receiving Party will not develop or have developed for its products, concepts, systems, or techniques that are similar to or compete with the products, concepts, systems or techniques contemplated by or embodied in the Evaluation Material, provided that the Receiving Party does not violate any of its obligations under this Agreement in connection with such development. ",1109551_0000912057-02-024714_a2082535zex-99_d3.htm,test
185,No,"All information learned or developed pursuant to this Agreement shall be ""Confidential Information"" as defined in this Agreement and shall be the property of State. ",Attachment B - Intent to Propose and Non-Disclosure Agreement.pdf,test
186,No,11. No rights or obligations other than those expressly set out in this Agreement are to be implied and nothing contained in this Agreement: b. confers upon the Receiving Party a licence or other transfer of rights in respect of any Party’s interest in any Information or in any present or future patent or patent application; or ,Bio-FIP-EOI-NDA.pdf,test
187,No,"In consideration of the broker, (""Broker"") providing the information on businesses for sale, I/we understand and agree: (b) Not to disclose, for a period of three years from the date I/we sign this Non-Disclosure Agreement, any information regarding these businesses to any other person who has not also signed this Agreement, except to secure the advise and recommendations of my business advisors (accountants, attorneys, etc.)  ",BaconNon-Disclosure.pdf,test
188,No,"Permitted Recipients means those persons who have a need to know the Confidential Information for the Permitted Purpose and who are officers, directors, employees, agents or contractors (at any level) of the Receiving Party or its affiliates, or anyone else for whom the Receiving Party takes responsibility for under this Agreement. ",CON-NDA-PTL-01-2012-v1%20Non-Disclosure%20Agreement%20and%20Checklist.pdf,test
189,No,"Receiver may disclose Confidential Information if the same: (g) is hereafter independently developed by Receiver without the aid, application or use of any Confidential Information; ",18268-001%20Rev%20B%20Form%20Version%20in%20PDF.pdf,test
190,No,"Neither the execution of this Agreement nor the disclosure of any Confidential Information is construed as granting either expressly or by implication, estoppel or otherwise, any license or right to the Confidential Information or any intellectual property rights embodied therein. ",01_Bosch-Automotive-Service-Solutions-Mutual-Non-Disclosure-Agreement-7-12-17.pdf,test
191,No,"We will treat confidentially any information (whether written or oral) that either the Company or its financial advisor, J.P. Morgan & Co. Incorporated (""JPM""), or the Company's other representatives furnish to us in connection with a Possible Transaction involving the Company, together with analyses, compilations, studies or other documents prepared by us, or by our representatives (as defined below) which contain or otherwise reflect such information or our review of, or interest in, the Company (collectively, the ""Evaluation Materials"").  The term ""Evaluation Materials"" includes information furnished to us orally or in writing (whatever the form or storage medium) or gathered by inspection, and regardless of whether such information is specifically identified as ""confidential"".  ",96238_0000950116-97-001823_document_13.txt,test
192,No,"3.1. In consideration of the Disclosing Party disclosing Confidential Information to the Receiving Party, the Receiving Party undertakes that it shall: a) keep the Confidential Information secret and confidential, using at least the same degree of care as its uses to protect its own confidential information but no less than a reasonable degree of care; 10.2. The rights and obligations contained in this Agreement shall continue in full force and effect for [two (2)] years after expiration of the Term or termination of this Agreement. ",5-NSK-Confidentiality-Agreement-for-Suppliers.pdf,test
193,No,"Confidential Information shall only be disclosed to the Receiving Party’s employees and, even then, only to the extent that such employees have a specific need to know of the Confidential information, for the evaluation of the proposed transaction.  ",UALR-Standard-Non-disclosure-AgreementTemplate.pdf,test
194,No,"Confidential Information shall mean the following: c) the fact that the Disclosee (or any of their Representatives) are or have been involved in the analysis of, in meetings or negotiations related to the Sale, the contents, time and status of such negotiations, and generally any fact concerning the Sale. ",12032018_NDA_The%20Munt_EN.pdf,test
195,No,"2.2  The disclosure of Conﬁdential Information by the Disclosing Party to the Receiving Party shall in no way be construed to imply any transfer of rights connected with the Conﬁdential Information including, without limitation, any trade marks or business secrets. ",5bfbcabf0627e70bdcfc5b32_nda-ready4s.pdf,test
196,No,"3. Each party agrees and undertakes that it shall not, without first obtaining the written consent of the other, disclose or make available to any person, reproduce or transmit in arty manner, or use (directly or indirectly) for its own benefit or the benefit of others, any Confidential Information save and except both parties may disclose any Confidential Information to their Affiliates, directors, officers, employees or advisors of their own or of Affiliates on a “need to know” basis to enable them to evaluate such Confidential Information in connection with the negotiation of the possible business relationship; provided that such persons have been informed of, and agree to be bound by obligations which are at least as strict as the recipient’s obligations hereunder.  16. Nothing in this Agreement is intended to confer any rights/remedies under or by reason of this Agreement on any third party. ",1012887_0001193125-07-165503_dex99d6.htm,test
197,No,"3. In consideration of each and every disclosure of CONFIDENTIAL INFORMATION, the Parties agree to: (c) make no disclosures of any CONFIDENTIAL INFORMATION to any party other than officers and employees of a Party to this IRA; (d) limit access to CONFIDENTIAL INFORMATION to those officers and employees having a reasonable need for such INFORMATION and being boUnd by a written obligation to maintain the confidentiality of such INFORMATION; and ",1084000_0001144204-06-046785_v056501_ex10-16.txt,test
198,No,"Employee acknowledges that a Banking Organization is entitled to the full post-termination restrictions on the activities set forth in Sections 5 and 6, as applicable.  Except as set forth below, the covenants in Sections 4, 5, 6 and 23 shall survive the termination of Employee’s employment with a Financial Institution regardless of the reason for termination.  If the Merger is not consummated and the Merger Agreement is terminated, Sections 4, 5, 6 and 23 shall survive with respect to First Financial and the Bank, but shall not survive with respect to HopFed or Heritage. ",1041550_0001193125-19-004977_d663808dex106.htm,test
199,No,"Notwithstanding the return of the Confidential Information, the Receiving Party will continue to be bound by its obligations of confidentiality and other obligations hereunder. Notwithstanding whether or not the Proposed Transactions are concluded, the Receiving Party shall maintain the Confidential Information in confidence and in accordance with the terms of this Agreement for a period of five (5) years from the date of disclosure. ",BT_NDA.pdf,test
200,No,"""Unauthorised Persons"" means officers, employees or advisers of the Recipient who are not required to have access to the Confidential Information for the Purpose, and any other person who is not a party to this agreement. In consideration of each party disclosing its Confidential Information to the other party for the Purpose, the Recipient must ensure that Confidential Information is:  not disclosed to any Unauthorised Person; The Recipient must ensure that access to Confidential Information is only given to those of its officers, employees and advisers who require access for the Purpose, and that those officers, employees and advisers are informed of the confidential nature of the Confidential Information and keep that information confidential.  ",ICTSC-NDA-General-MandA-signed.pdf,test
201,No,"8.1 Each party to this agreement shall execute and deliver such other documents and do such other acts and things as may be necessary or desirable to give effect to the terms and provisions of this agreement.  This may include the return and/or distraction of documents, information, files, emails and the like that came to be in his/her possession during his/her tenure as a Board- and/or Committee member, upon resignation or removal from such a position. ",SAMED%20confidentiality%20non%20disclosure%20and%20conflict%20of%20interest%20agreement%20for%20board%20and%20committee%20members%20ver%201.pdf,test
202,No,"7. Customer agrees that, without the prior written consent of Minnesota Power, it will not make any statement to any competitor, customer or other third party with respect to the Information exchanged hereunder or regarding the Project itself. ",confidentiality-agreement.pdf,test
203,No,"4. Except to the extent required by law, neither party shall disclose the existence or subject matter of the negotiations or business relationship contemplated by this Agreement. ",1062478_0001193125-14-442753_d838170dex3.htm,test
204,No,"The obligation of confidentiality and restriction on use in Section 2 hereof shall not apply to any Confidential Information that the Receiving Party proves: (d) is requested to be disclosed in a judicial or administrative law, regulation or proceeding after all reasonable legal remedies for maintaining such information in confidence have been exhausted, including, but not limited to, giving the Disclosing Party reasonable advance notice of the potential for such disclosure and allowing the Disclosing Party to seek a protective order concerning such disclosure; or ",1173495_0001047469-03-033872_a2118144zex-10_12.txt,test
205,No,"Disclosure of the Confidential Information may be made only to employees, agents or independent contractors of a Party who are directly involved in consideration of the transaction, which is the subject of this Agreement and who are bound to maintain its confidence. ",Confidentiality_Non-Disclosure_Agreement.pdf,test
206,No,"9. This agreement does not cover: b. Information being communicated to the Receiving Party in a legitimate way, either directly or indirectly via other parties than the Inventor/Disclosing Party.  ",confidentialityandnondisclosureagreement.pdf,test
207,No,"3. In consideration of each and every disclosure of CONFIDENTIAL INFORMATION, the Parties agree to: (e) maintain in confidence any information regarding the nature or scope of any transaction between the Parties, except to the extent such information must be disclosed pursuant to law, and then only after notifying the other Party of such requirement. ",1084000_0001144204-06-046785_v056501_ex10-16.txt,test
